signalName,t,tWall,value,unit
serial:COM8/motor_angle,4992410,1786326464028,139.39,deg
serial:COM8/phase_u_v,4992410,1786326464028,8.001,V
serial:COM8/phase_v_v,4992410,1786326464028,8.006,V
serial:COM8/phase_w_v,4992410,1786326464028,8.033,V
serial:COM8/motor_angle,4992412,1786326464028,139.37,deg
serial:COM8/phase_u_v,4992412,1786326464028,7.499,V
serial:COM8/phase_v_v,4992412,1786326464028,7.509,V
serial:COM8/phase_w_v,4992412,1786326464028,7.536,V
serial:COM8/motor_angle,4992414,1786326464028,139.42,deg
serial:COM8/phase_u_v,4992414,1786326464028,7.639,V
serial:COM8/phase_v_v,4992414,1786326464028,7.655,V
serial:COM8/phase_w_v,4992414,1786326464028,7.682,V
serial:COM8/motor_angle,4992416,1786326464028,139.37,deg
serial:COM8/phase_u_v,4992416,1786326464028,7.806,V
serial:COM8/phase_v_v,4992416,1786326464028,7.812,V
serial:COM8/phase_w_v,4992416,1786326464028,7.828,V
serial:COM8/motor_angle,4992418,1786326464028,139.37,deg
serial:COM8/phase_u_v,4992418,1786326464028,7.957,V
serial:COM8/phase_v_v,4992418,1786326464028,7.963,V
serial:COM8/phase_w_v,4992418,1786326464028,7.990,V
serial:COM8/motor_angle,4992420,1786326464028,139.44,deg
serial:COM8/phase_u_v,4992420,1786326464028,8.114,V
serial:COM8/phase_v_v,4992420,1786326464028,8.130,V
serial:COM8/phase_w_v,4992420,1786326464028,8.146,V
serial:COM8/motor_angle,4992422,1786326464028,139.37,deg
serial:COM8/phase_u_v,4992422,1786326464028,7.612,V
serial:COM8/phase_v_v,4992422,1786326464028,7.617,V
serial:COM8/phase_w_v,4992422,1786326464028,7.650,V
serial:COM8/motor_angle,4992424,1786326464028,139.42,deg
serial:COM8/phase_u_v,4992424,1786326464028,7.758,V
serial:COM8/phase_v_v,4992424,1786326464028,7.768,V
serial:COM8/phase_w_v,4992424,1786326464028,7.801,V
serial:COM8/motor_angle,4992426,1786326464028,139.35,deg
serial:COM8/phase_u_v,4992426,1786326464028,7.909,V
serial:COM8/phase_v_v,4992426,1786326464028,7.925,V
serial:COM8/phase_w_v,4992426,1786326464028,7.947,V
serial:COM8/motor_angle,4992428,1786326464028,139.35,deg
serial:COM8/phase_u_v,4992428,1786326464028,8.065,V
serial:COM8/phase_v_v,4992428,1786326464028,8.082,V
serial:COM8/phase_w_v,4992428,1786326464028,8.098,V
serial:COM8/motor_angle,4992430,1786326464028,139.42,deg
serial:COM8/phase_u_v,4992430,1786326464028,7.569,V
serial:COM8/phase_v_v,4992430,1786326464028,7.574,V
serial:COM8/phase_w_v,4992430,1786326464028,7.601,V
serial:COM8/motor_angle,4992432,1786326464028,139.44,deg
serial:COM8/phase_u_v,4992432,1786326464028,7.720,V
serial:COM8/phase_v_v,4992432,1786326464028,7.731,V
serial:COM8/phase_w_v,4992432,1786326464028,7.752,V
serial:COM8/motor_angle,4992434,1786326464028,139.37,deg
serial:COM8/phase_u_v,4992434,1786326464028,7.876,V
serial:COM8/phase_v_v,4992434,1786326464028,7.882,V
serial:COM8/phase_w_v,4992434,1786326464028,7.903,V
serial:COM8/motor_angle,4992436,1786326464028,139.39,deg
serial:COM8/phase_u_v,4992436,1786326464028,8.028,V
serial:COM8/phase_v_v,4992436,1786326464028,8.044,V
serial:COM8/phase_w_v,4992436,1786326464028,8.060,V
serial:COM8/motor_angle,4992438,1786326464028,139.44,deg
serial:COM8/phase_u_v,4992438,1786326464028,7.520,V
serial:COM8/phase_v_v,4992438,1786326464028,7.531,V
serial:COM8/phase_w_v,4992438,1786326464028,7.558,V
serial:COM8/motor_angle,4992440,1786326464028,139.44,deg
serial:COM8/phase_u_v,4992440,1786326464028,7.671,V
serial:COM8/phase_v_v,4992440,1786326464028,7.688,V
serial:COM8/phase_w_v,4992440,1786326464028,7.709,V
serial:COM8/motor_angle,4992442,1786326464028,139.44,deg
serial:COM8/phase_u_v,4992442,1786326464028,7.833,V
serial:COM8/phase_v_v,4992442,1786326464028,7.833,V
serial:COM8/phase_w_v,4992442,1786326464028,7.866,V
serial:COM8/motor_angle,4992444,1786326464028,139.42,deg
serial:COM8/phase_u_v,4992444,1786326464028,7.984,V
serial:COM8/phase_v_v,4992444,1786326464028,7.990,V
serial:COM8/phase_w_v,4992444,1786326464028,8.017,V
serial:COM8/motor_angle,4992446,1786326464028,139.39,deg
serial:COM8/phase_u_v,4992446,1786326464028,7.488,V
serial:COM8/phase_v_v,4992446,1786326464028,7.493,V
serial:COM8/phase_w_v,4992446,1786326464028,7.520,V
serial:COM8/motor_angle,4992448,1786326464028,139.35,deg
serial:COM8/phase_u_v,4992448,1786326464028,7.634,V
serial:COM8/phase_v_v,4992448,1786326464028,7.644,V
serial:COM8/phase_w_v,4992448,1786326464028,7.671,V
serial:COM8/motor_angle,4992450,1786326464028,139.35,deg
serial:COM8/phase_u_v,4992450,1786326464028,7.785,V
serial:COM8/phase_v_v,4992450,1786326464028,7.795,V
serial:COM8/phase_w_v,4992450,1786326464028,7.817,V
serial:COM8/motor_angle,4992452,1786326464028,139.37,deg
serial:COM8/phase_u_v,4992452,1786326464028,7.941,V
serial:COM8/phase_v_v,4992452,1786326464028,7.952,V
serial:COM8/phase_w_v,4992452,1786326464028,7.979,V
serial:COM8/motor_angle,4992454,1786326464028,139.37,deg
serial:COM8/phase_u_v,4992454,1786326464028,8.103,V
serial:COM8/phase_v_v,4992454,1786326464028,8.103,V
serial:COM8/phase_w_v,4992454,1786326464028,8.130,V
serial:COM8/motor_angle,4992456,1786326464028,139.37,deg
serial:COM8/phase_u_v,4992456,1786326464028,7.590,V
serial:COM8/phase_v_v,4992456,1786326464028,7.596,V
serial:COM8/phase_w_v,4992456,1786326464028,7.623,V
serial:COM8/motor_angle,4992458,1786326464028,139.35,deg
serial:COM8/phase_u_v,4992458,1786326464028,7.747,V
serial:COM8/phase_v_v,4992458,1786326464028,7.758,V
serial:COM8/phase_w_v,4992458,1786326464028,7.785,V
serial:COM8/motor_angle,4992460,1786326464028,139.37,deg
serial:COM8/phase_u_v,4992460,1786326464028,7.893,V
serial:COM8/phase_v_v,4992460,1786326464028,7.903,V
serial:COM8/phase_w_v,4992460,1786326464028,7.930,V
serial:COM8/motor_angle,4992462,1786326464028,139.39,deg
serial:COM8/phase_u_v,4992462,1786326464028,8.055,V
serial:COM8/phase_v_v,4992462,1786326464028,8.060,V
serial:COM8/phase_w_v,4992462,1786326464028,8.092,V
serial:COM8/motor_angle,4992464,1786326464028,139.37,deg
serial:COM8/phase_u_v,4992464,1786326464028,7.553,V
serial:COM8/phase_v_v,4992464,1786326464028,7.563,V
serial:COM8/phase_w_v,4992464,1786326464028,7.596,V
serial:COM8/motor_angle,4992466,1786326464028,139.39,deg
serial:COM8/phase_u_v,4992466,1786326464028,7.704,V
serial:COM8/phase_v_v,4992466,1786326464028,7.715,V
serial:COM8/phase_w_v,4992466,1786326464028,7.731,V
serial:COM8/motor_angle,4992468,1786326464028,139.35,deg
serial:COM8/phase_u_v,4992468,1786326464028,7.855,V
serial:COM8/phase_v_v,4992468,1786326464028,7.871,V
serial:COM8/phase_w_v,4992468,1786326464028,7.887,V
serial:COM8/motor_angle,4992470,1786326464028,139.39,deg
serial:COM8/phase_u_v,4992470,1786326464028,8.001,V
serial:COM8/phase_v_v,4992470,1786326464028,8.017,V
serial:COM8/phase_w_v,4992470,1786326464028,8.033,V
serial:COM8/motor_angle,4992472,1786326464028,139.42,deg
serial:COM8/phase_u_v,4992472,1786326464028,7.509,V
serial:COM8/phase_v_v,4992472,1786326464028,7.515,V
serial:COM8/phase_w_v,4992472,1786326464028,7.542,V
serial:COM8/motor_angle,4992474,1786326464028,139.37,deg
serial:COM8/phase_u_v,4992474,1786326464028,7.661,V
serial:COM8/phase_v_v,4992474,1786326464028,7.671,V
serial:COM8/phase_w_v,4992474,1786326464028,7.693,V
serial:COM8/motor_angle,4992476,1786326464028,139.42,deg
serial:COM8/phase_u_v,4992476,1786326464028,7.812,V
serial:COM8/phase_v_v,4992476,1786326464028,7.822,V
serial:COM8/phase_w_v,4992476,1786326464028,7.839,V
serial:COM8/motor_angle,4992478,1786326464028,139.44,deg
serial:COM8/phase_u_v,4992478,1786326464028,7.963,V
serial:COM8/phase_v_v,4992478,1786326464028,7.974,V
serial:COM8/phase_w_v,4992478,1786326464028,7.995,V
serial:COM8/motor_angle,4992480,1786326464028,139.35,deg
serial:COM8/phase_u_v,4992480,1786326464028,8.125,V
serial:COM8/phase_v_v,4992480,1786326464028,8.136,V
serial:COM8/phase_w_v,4992480,1786326464028,8.157,V
serial:COM8/motor_angle,4992482,1786326464100,139.42,deg
serial:COM8/phase_u_v,4992482,1786326464100,7.617,V
serial:COM8/phase_v_v,4992482,1786326464100,7.634,V
serial:COM8/phase_w_v,4992482,1786326464100,7.655,V
serial:COM8/motor_angle,4992484,1786326464100,139.37,deg
serial:COM8/phase_u_v,4992484,1786326464100,7.774,V
serial:COM8/phase_v_v,4992484,1786326464100,7.779,V
serial:COM8/phase_w_v,4992484,1786326464100,7.801,V
serial:COM8/motor_angle,4992486,1786326464100,139.35,deg
serial:COM8/phase_u_v,4992486,1786326464100,7.930,V
serial:COM8/phase_v_v,4992486,1786326464100,7.936,V
serial:COM8/phase_w_v,4992486,1786326464100,7.957,V
serial:COM8/motor_angle,4992488,1786326464100,139.39,deg
serial:COM8/phase_u_v,4992488,1786326464100,8.082,V
serial:COM8/phase_v_v,4992488,1786326464100,8.082,V
serial:COM8/phase_w_v,4992488,1786326464100,8.114,V
serial:COM8/motor_angle,4992490,1786326464100,139.39,deg
serial:COM8/phase_u_v,4992490,1786326464100,7.580,V
serial:COM8/phase_v_v,4992490,1786326464100,7.585,V
serial:COM8/phase_w_v,4992490,1786326464100,7.612,V
serial:COM8/motor_angle,4992492,1786326464100,139.42,deg
serial:COM8/phase_u_v,4992492,1786326464100,7.731,V
serial:COM8/phase_v_v,4992492,1786326464100,7.736,V
serial:COM8/phase_w_v,4992492,1786326464100,7.763,V
serial:COM8/motor_angle,4992494,1786326464100,139.37,deg
serial:COM8/phase_u_v,4992494,1786326464100,7.887,V
serial:COM8/phase_v_v,4992494,1786326464100,7.893,V
serial:COM8/phase_w_v,4992494,1786326464100,7.909,V
serial:COM8/motor_angle,4992496,1786326464100,139.35,deg
serial:COM8/phase_u_v,4992496,1786326464100,8.038,V
serial:COM8/phase_v_v,4992496,1786326464100,8.049,V
serial:COM8/phase_w_v,4992496,1786326464100,8.076,V
serial:COM8/motor_angle,4992498,1786326464100,139.37,deg
serial:COM8/phase_u_v,4992498,1786326464100,7.531,V
serial:COM8/phase_v_v,4992498,1786326464100,7.542,V
serial:COM8/phase_w_v,4992498,1786326464100,7.574,V
serial:COM8/motor_angle,4992500,1786326464100,139.37,deg
serial:COM8/phase_u_v,4992500,1786326464100,7.693,V
serial:COM8/phase_v_v,4992500,1786326464100,7.698,V
serial:COM8/phase_w_v,4992500,1786326464100,7.720,V
serial:COM8/motor_angle,4992502,1786326464100,139.35,deg
serial:COM8/phase_u_v,4992502,1786326464100,7.839,V
serial:COM8/phase_v_v,4992502,1786326464100,7.849,V
serial:COM8/phase_w_v,4992502,1786326464100,7.876,V
serial:COM8/motor_angle,4992504,1786326464100,139.37,deg
serial:COM8/phase_u_v,4992504,1786326464100,8.001,V
serial:COM8/phase_v_v,4992504,1786326464100,8.006,V
serial:COM8/phase_w_v,4992504,1786326464100,8.033,V
serial:COM8/motor_angle,4992506,1786326464100,139.31,deg
serial:COM8/phase_u_v,4992506,1786326464100,7.509,V
serial:COM8/phase_v_v,4992506,1786326464100,7.509,V
serial:COM8/phase_w_v,4992506,1786326464100,7.531,V
serial:COM8/motor_angle,4992508,1786326464100,139.35,deg
serial:COM8/phase_u_v,4992508,1786326464100,7.655,V
serial:COM8/phase_v_v,4992508,1786326464100,7.661,V
serial:COM8/phase_w_v,4992508,1786326464100,7.682,V
serial:COM8/motor_angle,4992510,1786326464100,139.37,deg
serial:COM8/phase_u_v,4992510,1786326464100,7.812,V
serial:COM8/phase_v_v,4992510,1786326464100,7.806,V
serial:COM8/phase_w_v,4992510,1786326464100,7.844,V
serial:COM8/motor_angle,4992512,1786326464100,139.39,deg
serial:COM8/phase_u_v,4992512,1786326464100,7.968,V
serial:COM8/phase_v_v,4992512,1786326464100,7.968,V
serial:COM8/phase_w_v,4992512,1786326464100,7.995,V
serial:COM8/motor_angle,4992514,1786326464100,139.37,deg
serial:COM8/phase_u_v,4992514,1786326464100,8.119,V
serial:COM8/phase_v_v,4992514,1786326464100,8.136,V
serial:COM8/phase_w_v,4992514,1786326464100,8.157,V
serial:COM8/motor_angle,4992516,1786326464100,139.37,deg
serial:COM8/phase_u_v,4992516,1786326464100,7.623,V
serial:COM8/phase_v_v,4992516,1786326464100,7.623,V
serial:COM8/phase_w_v,4992516,1786326464100,7.655,V
serial:COM8/motor_angle,4992518,1786326464100,139.39,deg
serial:COM8/phase_u_v,4992518,1786326464100,7.768,V
serial:COM8/phase_v_v,4992518,1786326464100,7.779,V
serial:COM8/phase_w_v,4992518,1786326464100,7.790,V
serial:COM8/motor_angle,4992520,1786326464100,139.37,deg
serial:COM8/phase_u_v,4992520,1786326464100,7.920,V
serial:COM8/phase_v_v,4992520,1786326464100,7.930,V
serial:COM8/phase_w_v,4992520,1786326464100,7.957,V
serial:COM8/motor_angle,4992522,1786326464100,139.39,deg
serial:COM8/phase_u_v,4992522,1786326464100,8.076,V
serial:COM8/phase_v_v,4992522,1786326464100,8.092,V
serial:COM8/phase_w_v,4992522,1786326464100,8.114,V
serial:COM8/motor_angle,4992524,1786326464100,139.37,deg
serial:COM8/phase_u_v,4992524,1786326464100,7.569,V
serial:COM8/phase_v_v,4992524,1786326464100,7.585,V
serial:COM8/phase_w_v,4992524,1786326464100,7.612,V
serial:COM8/motor_angle,4992526,1786326464100,139.39,deg
serial:COM8/phase_u_v,4992526,1786326464100,7.725,V
serial:COM8/phase_v_v,4992526,1786326464100,7.736,V
serial:COM8/phase_w_v,4992526,1786326464100,7.758,V
serial:COM8/motor_angle,4992528,1786326464100,139.37,deg
serial:COM8/phase_u_v,4992528,1786326464100,7.882,V
serial:COM8/phase_v_v,4992528,1786326464100,7.887,V
serial:COM8/phase_w_v,4992528,1786326464100,7.914,V
serial:COM8/motor_angle,4992530,1786326464100,139.42,deg
serial:COM8/phase_u_v,4992530,1786326464100,8.033,V
serial:COM8/phase_v_v,4992530,1786326464100,8.044,V
serial:COM8/phase_w_v,4992530,1786326464100,8.071,V
serial:COM8/motor_angle,4992532,1786326464100,139.39,deg
serial:COM8/phase_u_v,4992532,1786326464100,7.542,V
serial:COM8/phase_v_v,4992532,1786326464100,7.547,V
serial:COM8/phase_w_v,4992532,1786326464100,7.569,V
serial:COM8/motor_angle,4992534,1786326464100,139.39,deg
serial:COM8/phase_u_v,4992534,1786326464100,7.677,V
serial:COM8/phase_v_v,4992534,1786326464100,7.693,V
serial:COM8/phase_w_v,4992534,1786326464100,7.725,V
serial:COM8/motor_angle,4992536,1786326464100,139.39,deg
serial:COM8/phase_u_v,4992536,1786326464100,7.839,V
serial:COM8/phase_v_v,4992536,1786326464100,7.844,V
serial:COM8/phase_w_v,4992536,1786326464100,7.876,V
serial:COM8/motor_angle,4992538,1786326464100,139.39,deg
serial:COM8/phase_u_v,4992538,1786326464100,8.001,V
serial:COM8/phase_v_v,4992538,1786326464100,8.006,V
serial:COM8/phase_w_v,4992538,1786326464100,8.028,V
serial:COM8/motor_angle,4992540,1786326464100,139.37,deg
serial:COM8/phase_u_v,4992540,1786326464100,7.499,V
serial:COM8/phase_v_v,4992540,1786326464100,7.504,V
serial:COM8/phase_w_v,4992540,1786326464100,7.526,V
serial:COM8/motor_angle,4992542,1786326464100,139.37,deg
serial:COM8/phase_u_v,4992542,1786326464100,7.644,V
serial:COM8/phase_v_v,4992542,1786326464100,7.655,V
serial:COM8/phase_w_v,4992542,1786326464100,7.682,V
serial:COM8/motor_angle,4992544,1786326464100,139.42,deg
serial:COM8/phase_u_v,4992544,1786326464100,7.801,V
serial:COM8/phase_v_v,4992544,1786326464100,7.812,V
serial:COM8/phase_w_v,4992544,1786326464100,7.828,V
serial:COM8/motor_angle,4992546,1786326464100,139.37,deg
serial:COM8/phase_u_v,4992546,1786326464100,7.957,V
serial:COM8/phase_v_v,4992546,1786326464100,7.968,V
serial:COM8/phase_w_v,4992546,1786326464100,7.990,V
serial:COM8/motor_angle,4992548,1786326464100,139.42,deg
serial:COM8/phase_u_v,4992548,1786326464100,8.114,V
serial:COM8/phase_v_v,4992548,1786326464100,8.130,V
serial:COM8/phase_w_v,4992548,1786326464100,8.152,V
serial:COM8/motor_angle,4992550,1786326464100,139.39,deg
serial:COM8/phase_u_v,4992550,1786326464100,7.607,V
serial:COM8/phase_v_v,4992550,1786326464100,7.623,V
serial:COM8/phase_w_v,4992550,1786326464100,7.650,V
serial:COM8/motor_angle,4992552,1786326464100,139.39,deg
serial:COM8/phase_u_v,4992552,1786326464100,7.768,V
serial:COM8/phase_v_v,4992552,1786326464100,7.774,V
serial:COM8/phase_w_v,4992552,1786326464100,7.790,V
serial:COM8/motor_angle,4992554,1786326464172,139.39,deg
serial:COM8/phase_u_v,4992554,1786326464172,7.920,V
serial:COM8/phase_v_v,4992554,1786326464172,7.930,V
serial:COM8/phase_w_v,4992554,1786326464172,7.952,V
serial:COM8/motor_angle,4992556,1786326464172,139.37,deg
serial:COM8/phase_u_v,4992556,1786326464172,8.082,V
serial:COM8/phase_v_v,4992556,1786326464172,8.087,V
serial:COM8/phase_w_v,4992556,1786326464172,8.109,V
serial:COM8/motor_angle,4992558,1786326464172,139.37,deg
serial:COM8/phase_u_v,4992558,1786326464172,7.563,V
serial:COM8/phase_v_v,4992558,1786326464172,7.585,V
serial:COM8/phase_w_v,4992558,1786326464172,7.607,V
serial:COM8/motor_angle,4992560,1786326464172,139.39,deg
serial:COM8/phase_u_v,4992560,1786326464172,7.720,V
serial:COM8/phase_v_v,4992560,1786326464172,7.736,V
serial:COM8/phase_w_v,4992560,1786326464172,7.758,V
serial:COM8/motor_angle,4992562,1786326464172,139.35,deg
serial:COM8/phase_u_v,4992562,1786326464172,7.882,V
serial:COM8/phase_v_v,4992562,1786326464172,7.882,V
serial:COM8/phase_w_v,4992562,1786326464172,7.903,V
serial:COM8/motor_angle,4992564,1786326464172,139.39,deg
serial:COM8/phase_u_v,4992564,1786326464172,8.033,V
serial:COM8/phase_v_v,4992564,1786326464172,8.049,V
serial:COM8/phase_w_v,4992564,1786326464172,8.071,V
serial:COM8/motor_angle,4992566,1786326464172,139.37,deg
serial:COM8/phase_u_v,4992566,1786326464172,7.536,V
serial:COM8/phase_v_v,4992566,1786326464172,7.542,V
serial:COM8/phase_w_v,4992566,1786326464172,7.569,V
serial:COM8/motor_angle,4992568,1786326464172,139.33,deg
serial:COM8/phase_u_v,4992568,1786326464172,7.682,V
serial:COM8/phase_v_v,4992568,1786326464172,7.693,V
serial:COM8/phase_w_v,4992568,1786326464172,7.715,V
serial:COM8/motor_angle,4992570,1786326464172,139.42,deg
serial:COM8/phase_u_v,4992570,1786326464172,7.828,V
serial:COM8/phase_v_v,4992570,1786326464172,7.849,V
serial:COM8/phase_w_v,4992570,1786326464172,7.871,V
serial:COM8/motor_angle,4992572,1786326464172,139.42,deg
serial:COM8/phase_u_v,4992572,1786326464172,7.984,V
serial:COM8/phase_v_v,4992572,1786326464172,8.006,V
serial:COM8/phase_w_v,4992572,1786326464172,8.028,V
serial:COM8/motor_angle,4992574,1786326464172,139.39,deg
serial:COM8/phase_u_v,4992574,1786326464172,7.493,V
serial:COM8/phase_v_v,4992574,1786326464172,7.504,V
serial:COM8/phase_w_v,4992574,1786326464172,7.526,V
serial:COM8/motor_angle,4992576,1786326464172,139.37,deg
serial:COM8/phase_u_v,4992576,1786326464172,7.650,V
serial:COM8/phase_v_v,4992576,1786326464172,7.655,V
serial:COM8/phase_w_v,4992576,1786326464172,7.677,V
serial:COM8/motor_angle,4992578,1786326464172,139.42,deg
serial:COM8/phase_u_v,4992578,1786326464172,7.790,V
serial:COM8/phase_v_v,4992578,1786326464172,7.806,V
serial:COM8/phase_w_v,4992578,1786326464172,7.828,V
serial:COM8/motor_angle,4992580,1786326464172,139.37,deg
serial:COM8/phase_u_v,4992580,1786326464172,7.952,V
serial:COM8/phase_v_v,4992580,1786326464172,7.963,V
serial:COM8/phase_w_v,4992580,1786326464172,7.984,V
serial:COM8/motor_angle,4992582,1786326464172,139.44,deg
serial:COM8/phase_u_v,4992582,1786326464172,8.114,V
serial:COM8/phase_v_v,4992582,1786326464172,8.114,V
serial:COM8/phase_w_v,4992582,1786326464172,8.146,V
serial:COM8/motor_angle,4992584,1786326464172,139.39,deg
serial:COM8/phase_u_v,4992584,1786326464172,7.607,V
serial:COM8/phase_v_v,4992584,1786326464172,7.617,V
serial:COM8/phase_w_v,4992584,1786326464172,7.639,V
serial:COM8/motor_angle,4992586,1786326464172,139.46,deg
serial:COM8/phase_u_v,4992586,1786326464172,7.752,V
serial:COM8/phase_v_v,4992586,1786326464172,7.768,V
serial:COM8/phase_w_v,4992586,1786326464172,7.785,V
serial:COM8/motor_angle,4992588,1786326464172,139.39,deg
serial:COM8/phase_u_v,4992588,1786326464172,7.903,V
serial:COM8/phase_v_v,4992588,1786326464172,7.925,V
serial:COM8/phase_w_v,4992588,1786326464172,7.941,V
serial:COM8/motor_angle,4992590,1786326464172,139.35,deg
serial:COM8/phase_u_v,4992590,1786326464172,8.071,V
serial:COM8/phase_v_v,4992590,1786326464172,8.082,V
serial:COM8/phase_w_v,4992590,1786326464172,8.109,V
serial:COM8/motor_angle,4992592,1786326464172,139.35,deg
serial:COM8/phase_u_v,4992592,1786326464172,7.569,V
serial:COM8/phase_v_v,4992592,1786326464172,7.569,V
serial:COM8/phase_w_v,4992592,1786326464172,7.596,V
serial:COM8/motor_angle,4992594,1786326464172,139.39,deg
serial:COM8/phase_u_v,4992594,1786326464172,7.725,V
serial:COM8/phase_v_v,4992594,1786326464172,7.725,V
serial:COM8/phase_w_v,4992594,1786326464172,7.747,V
serial:COM8/motor_angle,4992596,1786326464172,139.39,deg
serial:COM8/phase_u_v,4992596,1786326464172,7.866,V
serial:COM8/phase_v_v,4992596,1786326464172,7.876,V
serial:COM8/phase_w_v,4992596,1786326464172,7.903,V
serial:COM8/motor_angle,4992598,1786326464172,139.39,deg
serial:COM8/phase_u_v,4992598,1786326464172,8.028,V
serial:COM8/phase_v_v,4992598,1786326464172,8.028,V
serial:COM8/phase_w_v,4992598,1786326464172,8.065,V
serial:COM8/motor_angle,4992600,1786326464172,139.39,deg
serial:COM8/phase_u_v,4992600,1786326464172,7.526,V
serial:COM8/phase_v_v,4992600,1786326464172,7.531,V
serial:COM8/phase_w_v,4992600,1786326464172,7.558,V
serial:COM8/motor_angle,4992602,1786326464172,139.42,deg
serial:COM8/phase_u_v,4992602,1786326464172,7.677,V
serial:COM8/phase_v_v,4992602,1786326464172,7.682,V
serial:COM8/phase_w_v,4992602,1786326464172,7.704,V
serial:COM8/motor_angle,4992604,1786326464172,139.37,deg
serial:COM8/phase_u_v,4992604,1786326464172,7.833,V
serial:COM8/phase_v_v,4992604,1786326464172,7.839,V
serial:COM8/phase_w_v,4992604,1786326464172,7.860,V
serial:COM8/motor_angle,4992606,1786326464172,139.37,deg
serial:COM8/phase_u_v,4992606,1786326464172,7.979,V
serial:COM8/phase_v_v,4992606,1786326464172,7.995,V
serial:COM8/phase_w_v,4992606,1786326464172,8.022,V
serial:COM8/motor_angle,4992608,1786326464172,139.44,deg
serial:COM8/phase_u_v,4992608,1786326464172,7.482,V
serial:COM8/phase_v_v,4992608,1786326464172,7.499,V
serial:COM8/phase_w_v,4992608,1786326464172,7.515,V
serial:COM8/motor_angle,4992610,1786326464172,139.37,deg
serial:COM8/phase_u_v,4992610,1786326464172,7.639,V
serial:COM8/phase_v_v,4992610,1786326464172,7.639,V
serial:COM8/phase_w_v,4992610,1786326464172,7.671,V
serial:COM8/motor_angle,4992612,1786326464172,139.42,deg
serial:COM8/phase_u_v,4992612,1786326464172,7.795,V
serial:COM8/phase_v_v,4992612,1786326464172,7.785,V
serial:COM8/phase_w_v,4992612,1786326464172,7.822,V
serial:COM8/motor_angle,4992614,1786326464172,139.37,deg
serial:COM8/phase_u_v,4992614,1786326464172,7.947,V
serial:COM8/phase_v_v,4992614,1786326464172,7.952,V
serial:COM8/phase_w_v,4992614,1786326464172,7.979,V
serial:COM8/motor_angle,4992616,1786326464172,139.42,deg
serial:COM8/phase_u_v,4992616,1786326464172,8.103,V
serial:COM8/phase_v_v,4992616,1786326464172,8.109,V
serial:COM8/phase_w_v,4992616,1786326464172,8.136,V
serial:COM8/motor_angle,4992618,1786326464172,139.39,deg
serial:COM8/phase_u_v,4992618,1786326464172,7.596,V
serial:COM8/phase_v_v,4992618,1786326464172,7.607,V
serial:COM8/phase_w_v,4992618,1786326464172,7.634,V
serial:COM8/motor_angle,4992620,1786326464172,139.39,deg
serial:COM8/phase_u_v,4992620,1786326464172,7.742,V
serial:COM8/phase_v_v,4992620,1786326464172,7.758,V
serial:COM8/phase_w_v,4992620,1786326464172,7.785,V
serial:COM8/motor_angle,4992622,1786326464172,139.37,deg
serial:COM8/phase_u_v,4992622,1786326464172,7.903,V
serial:COM8/phase_v_v,4992622,1786326464172,7.909,V
serial:COM8/phase_w_v,4992622,1786326464172,7.941,V
serial:COM8/motor_angle,4992624,1786326464172,139.37,deg
serial:COM8/phase_u_v,4992624,1786326464172,8.060,V
serial:COM8/phase_v_v,4992624,1786326464172,8.071,V
serial:COM8/phase_w_v,4992624,1786326464172,8.103,V
serial:COM8/motor_angle,4992626,1786326464244,139.39,deg
serial:COM8/phase_u_v,4992626,1786326464244,7.569,V
serial:COM8/phase_v_v,4992626,1786326464244,7.563,V
serial:COM8/phase_w_v,4992626,1786326464244,7.590,V
serial:COM8/motor_angle,4992628,1786326464244,139.37,deg
serial:COM8/phase_u_v,4992628,1786326464244,7.704,V
serial:COM8/phase_v_v,4992628,1786326464244,7.720,V
serial:COM8/phase_w_v,4992628,1786326464244,7.742,V
serial:COM8/motor_angle,4992630,1786326464244,139.42,deg
serial:COM8/phase_u_v,4992630,1786326464244,7.871,V
serial:COM8/phase_v_v,4992630,1786326464244,7.871,V
serial:COM8/phase_w_v,4992630,1786326464244,7.898,V
serial:COM8/motor_angle,4992632,1786326464244,139.37,deg
serial:COM8/phase_u_v,4992632,1786326464244,8.022,V
serial:COM8/phase_v_v,4992632,1786326464244,8.028,V
serial:COM8/phase_w_v,4992632,1786326464244,8.060,V
serial:COM8/motor_angle,4992634,1786326464244,139.37,deg
serial:COM8/phase_u_v,4992634,1786326464244,7.526,V
serial:COM8/phase_v_v,4992634,1786326464244,7.526,V
serial:COM8/phase_w_v,4992634,1786326464244,7.553,V
serial:COM8/motor_angle,4992636,1786326464244,139.37,deg
serial:COM8/phase_u_v,4992636,1786326464244,7.671,V
serial:COM8/phase_v_v,4992636,1786326464244,7.682,V
serial:COM8/phase_w_v,4992636,1786326464244,7.698,V
serial:COM8/motor_angle,4992638,1786326464244,139.39,deg
serial:COM8/phase_u_v,4992638,1786326464244,7.817,V
serial:COM8/phase_v_v,4992638,1786326464244,7.839,V
serial:COM8/phase_w_v,4992638,1786326464244,7.855,V
serial:COM8/motor_angle,4992640,1786326464244,139.44,deg
serial:COM8/phase_u_v,4992640,1786326464244,7.984,V
serial:COM8/phase_v_v,4992640,1786326464244,7.990,V
serial:COM8/phase_w_v,4992640,1786326464244,8.017,V
serial:COM8/motor_angle,4992642,1786326464244,139.39,deg
serial:COM8/phase_u_v,4992642,1786326464244,7.482,V
serial:COM8/phase_v_v,4992642,1786326464244,8.146,V
serial:COM8/phase_w_v,4992642,1786326464244,8.173,V
serial:COM8/motor_angle,4992644,1786326464244,139.42,deg
serial:COM8/phase_u_v,4992644,1786326464244,7.628,V
serial:COM8/phase_v_v,4992644,1786326464244,7.644,V
serial:COM8/phase_w_v,4992644,1786326464244,7.661,V
serial:COM8/motor_angle,4992646,1786326464244,139.37,deg
serial:COM8/phase_u_v,4992646,1786326464244,7.785,V
serial:COM8/phase_v_v,4992646,1786326464244,7.795,V
serial:COM8/phase_w_v,4992646,1786326464244,7.822,V
serial:COM8/motor_angle,4992648,1786326464244,139.42,deg
serial:COM8/phase_u_v,4992648,1786326464244,7.941,V
serial:COM8/phase_v_v,4992648,1786326464244,7.952,V
serial:COM8/phase_w_v,4992648,1786326464244,7.968,V
serial:COM8/motor_angle,4992650,1786326464244,139.37,deg
serial:COM8/phase_u_v,4992650,1786326464244,8.098,V
serial:COM8/phase_v_v,4992650,1786326464244,8.103,V
serial:COM8/phase_w_v,4992650,1786326464244,8.136,V
serial:COM8/motor_angle,4992652,1786326464244,139.37,deg
serial:COM8/phase_u_v,4992652,1786326464244,7.585,V
serial:COM8/phase_v_v,4992652,1786326464244,7.596,V
serial:COM8/phase_w_v,4992652,1786326464244,7.623,V
serial:COM8/motor_angle,4992654,1786326464244,139.42,deg
serial:COM8/phase_u_v,4992654,1786326464244,7.742,V
serial:COM8/phase_v_v,4992654,1786326464244,7.747,V
serial:COM8/phase_w_v,4992654,1786326464244,7.779,V
serial:COM8/motor_angle,4992656,1786326464244,139.37,deg
serial:COM8/phase_u_v,4992656,1786326464244,7.887,V
serial:COM8/phase_v_v,4992656,1786326464244,7.903,V
serial:COM8/phase_w_v,4992656,1786326464244,7.925,V
serial:COM8/motor_angle,4992658,1786326464244,139.37,deg
serial:COM8/phase_u_v,4992658,1786326464244,8.055,V
serial:COM8/phase_v_v,4992658,1786326464244,8.060,V
serial:COM8/phase_w_v,4992658,1786326464244,8.087,V
serial:COM8/motor_angle,4992660,1786326464244,139.42,deg
serial:COM8/phase_u_v,4992660,1786326464244,7.547,V
serial:COM8/phase_v_v,4992660,1786326464244,7.563,V
serial:COM8/phase_w_v,4992660,1786326464244,7.574,V
serial:COM8/motor_angle,4992662,1786326464244,139.42,deg
serial:COM8/phase_u_v,4992662,1786326464244,7.698,V
serial:COM8/phase_v_v,4992662,1786326464244,7.709,V
serial:COM8/phase_w_v,4992662,1786326464244,7.731,V
serial:COM8/motor_angle,4992664,1786326464244,139.39,deg
serial:COM8/phase_u_v,4992664,1786326464244,7.866,V
serial:COM8/phase_v_v,4992664,1786326464244,7.866,V
serial:COM8/phase_w_v,4992664,1786326464244,7.887,V
serial:COM8/motor_angle,4992666,1786326464244,139.42,deg
serial:COM8/phase_u_v,4992666,1786326464244,8.011,V
serial:COM8/phase_v_v,4992666,1786326464244,8.017,V
serial:COM8/phase_w_v,4992666,1786326464244,8.044,V
serial:COM8/motor_angle,4992668,1786326464244,139.37,deg
serial:COM8/phase_u_v,4992668,1786326464244,7.509,V
serial:COM8/phase_v_v,4992668,1786326464244,7.520,V
serial:COM8/phase_w_v,4992668,1786326464244,7.547,V
serial:COM8/motor_angle,4992670,1786326464244,139.37,deg
serial:COM8/phase_u_v,4992670,1786326464244,7.666,V
serial:COM8/phase_v_v,4992670,1786326464244,7.671,V
serial:COM8/phase_w_v,4992670,1786326464244,7.693,V
serial:COM8/motor_angle,4992672,1786326464244,139.37,deg
serial:COM8/phase_u_v,4992672,1786326464244,7.817,V
serial:COM8/phase_v_v,4992672,1786326464244,7.817,V
serial:COM8/phase_w_v,4992672,1786326464244,7.849,V
serial:COM8/motor_angle,4992674,1786326464244,139.42,deg
serial:COM8/phase_u_v,4992674,1786326464244,7.968,V
serial:COM8/phase_v_v,4992674,1786326464244,7.984,V
serial:COM8/phase_w_v,4992674,1786326464244,8.006,V
serial:COM8/motor_angle,4992676,1786326464244,139.42,deg
serial:COM8/phase_u_v,4992676,1786326464244,8.136,V
serial:COM8/phase_v_v,4992676,1786326464244,8.130,V
serial:COM8/phase_w_v,4992676,1786326464244,8.168,V
serial:COM8/motor_angle,4992678,1786326464244,139.42,deg
serial:COM8/phase_u_v,4992678,1786326464244,7.628,V
serial:COM8/phase_v_v,4992678,1786326464244,7.623,V
serial:COM8/phase_w_v,4992678,1786326464244,7.655,V
serial:COM8/motor_angle,4992680,1786326464244,139.39,deg
serial:COM8/phase_u_v,4992680,1786326464244,7.779,V
serial:COM8/phase_v_v,4992680,1786326464244,7.779,V
serial:COM8/phase_w_v,4992680,1786326464244,7.806,V
serial:COM8/motor_angle,4992682,1786326464244,139.39,deg
serial:COM8/phase_u_v,4992682,1786326464244,7.936,V
serial:COM8/phase_v_v,4992682,1786326464244,7.936,V
serial:COM8/phase_w_v,4992682,1786326464244,7.963,V
serial:COM8/motor_angle,4992684,1786326464244,139.42,deg
serial:COM8/phase_u_v,4992684,1786326464244,8.087,V
serial:COM8/phase_v_v,4992684,1786326464244,8.092,V
serial:COM8/phase_w_v,4992684,1786326464244,8.114,V
serial:COM8/motor_angle,4992686,1786326464244,139.39,deg
serial:COM8/phase_u_v,4992686,1786326464244,7.585,V
serial:COM8/phase_v_v,4992686,1786326464244,7.590,V
serial:COM8/phase_w_v,4992686,1786326464244,7.617,V
serial:COM8/motor_angle,4992688,1786326464244,139.39,deg
serial:COM8/phase_u_v,4992688,1786326464244,7.725,V
serial:COM8/phase_v_v,4992688,1786326464244,7.747,V
serial:COM8/phase_w_v,4992688,1786326464244,7.763,V
serial:COM8/motor_angle,4992690,1786326464244,139.42,deg
serial:COM8/phase_u_v,4992690,1786326464244,7.887,V
serial:COM8/phase_v_v,4992690,1786326464244,7.893,V
serial:COM8/phase_w_v,4992690,1786326464244,7.925,V
serial:COM8/motor_angle,4992692,1786326464244,139.44,deg
serial:COM8/phase_u_v,4992692,1786326464244,8.044,V
serial:COM8/phase_v_v,4992692,1786326464244,8.055,V
serial:COM8/phase_w_v,4992692,1786326464244,8.076,V
serial:COM8/motor_angle,4992694,1786326464244,139.37,deg
serial:COM8/phase_u_v,4992694,1786326464244,7.542,V
serial:COM8/phase_v_v,4992694,1786326464244,7.553,V
serial:COM8/phase_w_v,4992694,1786326464244,7.569,V
serial:COM8/motor_angle,4992696,1786326464244,139.39,deg
serial:COM8/phase_u_v,4992696,1786326464244,7.688,V
serial:COM8/phase_v_v,4992696,1786326464244,7.698,V
serial:COM8/phase_w_v,4992696,1786326464244,7.725,V
serial:COM8/motor_angle,4992698,1786326464318,139.39,deg
serial:COM8/phase_u_v,4992698,1786326464318,7.844,V
serial:COM8/phase_v_v,4992698,1786326464318,7.849,V
serial:COM8/phase_w_v,4992698,1786326464318,7.876,V
serial:COM8/motor_angle,4992700,1786326464318,139.35,deg
serial:COM8/phase_u_v,4992700,1786326464318,7.995,V
serial:COM8/phase_v_v,4992700,1786326464318,8.001,V
serial:COM8/phase_w_v,4992700,1786326464318,8.028,V
serial:COM8/motor_angle,4992702,1786326464318,139.39,deg
serial:COM8/phase_u_v,4992702,1786326464318,7.499,V
serial:COM8/phase_v_v,4992702,1786326464318,7.509,V
serial:COM8/phase_w_v,4992702,1786326464318,7.531,V
serial:COM8/motor_angle,4992704,1786326464318,139.42,deg
serial:COM8/phase_u_v,4992704,1786326464318,7.650,V
serial:COM8/phase_v_v,4992704,1786326464318,7.655,V
serial:COM8/phase_w_v,4992704,1786326464318,7.682,V
serial:COM8/motor_angle,4992706,1786326464318,139.39,deg
serial:COM8/phase_u_v,4992706,1786326464318,7.806,V
serial:COM8/phase_v_v,4992706,1786326464318,7.812,V
serial:COM8/phase_w_v,4992706,1786326464318,7.833,V
serial:COM8/motor_angle,4992708,1786326464318,139.39,deg
serial:COM8/phase_u_v,4992708,1786326464318,7.957,V
serial:COM8/phase_v_v,4992708,1786326464318,7.963,V
serial:COM8/phase_w_v,4992708,1786326464318,7.995,V
serial:COM8/motor_angle,4992710,1786326464318,139.42,deg
serial:COM8/phase_u_v,4992710,1786326464318,8.114,V
serial:COM8/phase_v_v,4992710,1786326464318,8.125,V
serial:COM8/phase_w_v,4992710,1786326464318,8.146,V
serial:COM8/motor_angle,4992712,1786326464318,139.35,deg
serial:COM8/phase_u_v,4992712,1786326464318,7.607,V
serial:COM8/phase_v_v,4992712,1786326464318,7.612,V
serial:COM8/phase_w_v,4992712,1786326464318,7.644,V
serial:COM8/motor_angle,4992714,1786326464318,139.39,deg
serial:COM8/phase_u_v,4992714,1786326464318,7.758,V
serial:COM8/phase_v_v,4992714,1786326464318,7.768,V
serial:COM8/phase_w_v,4992714,1786326464318,7.795,V
serial:COM8/motor_angle,4992716,1786326464318,139.44,deg
serial:COM8/phase_u_v,4992716,1786326464318,7.920,V
serial:COM8/phase_v_v,4992716,1786326464318,7.925,V
serial:COM8/phase_w_v,4992716,1786326464318,7.957,V
serial:COM8/motor_angle,4992718,1786326464318,139.42,deg
serial:COM8/phase_u_v,4992718,1786326464318,8.076,V
serial:COM8/phase_v_v,4992718,1786326464318,8.082,V
serial:COM8/phase_w_v,4992718,1786326464318,8.109,V
serial:COM8/motor_angle,4992720,1786326464318,139.39,deg
serial:COM8/phase_u_v,4992720,1786326464318,7.569,V
serial:COM8/phase_v_v,4992720,1786326464318,7.580,V
serial:COM8/phase_w_v,4992720,1786326464318,7.601,V
serial:COM8/motor_angle,4992722,1786326464318,139.39,deg
serial:COM8/phase_u_v,4992722,1786326464318,7.725,V
serial:COM8/phase_v_v,4992722,1786326464318,7.731,V
serial:COM8/phase_w_v,4992722,1786326464318,7.758,V
serial:COM8/motor_angle,4992724,1786326464318,139.42,deg
serial:COM8/phase_u_v,4992724,1786326464318,7.871,V
serial:COM8/phase_v_v,4992724,1786326464318,7.882,V
serial:COM8/phase_w_v,4992724,1786326464318,7.920,V
serial:COM8/motor_angle,4992726,1786326464318,139.33,deg
serial:COM8/phase_u_v,4992726,1786326464318,8.028,V
serial:COM8/phase_v_v,4992726,1786326464318,8.044,V
serial:COM8/phase_w_v,4992726,1786326464318,8.071,V
serial:COM8/motor_angle,4992728,1786326464318,139.35,deg
serial:COM8/phase_u_v,4992728,1786326464318,7.536,V
serial:COM8/phase_v_v,4992728,1786326464318,7.536,V
serial:COM8/phase_w_v,4992728,1786326464318,7.563,V
serial:COM8/motor_angle,4992730,1786326464318,139.39,deg
serial:COM8/phase_u_v,4992730,1786326464318,7.682,V
serial:COM8/phase_v_v,4992730,1786326464318,7.682,V
serial:COM8/phase_w_v,4992730,1786326464318,7.715,V
serial:COM8/motor_angle,4992732,1786326464318,139.37,deg
serial:COM8/phase_u_v,4992732,1786326464318,7.839,V
serial:COM8/phase_v_v,4992732,1786326464318,7.839,V
serial:COM8/phase_w_v,4992732,1786326464318,7.866,V
serial:COM8/motor_angle,4992734,1786326464318,139.37,deg
serial:COM8/phase_u_v,4992734,1786326464318,7.995,V
serial:COM8/phase_v_v,4992734,1786326464318,8.006,V
serial:COM8/phase_w_v,4992734,1786326464318,8.028,V
serial:COM8/motor_angle,4992736,1786326464318,139.35,deg
serial:COM8/phase_u_v,4992736,1786326464318,7.493,V
serial:COM8/phase_v_v,4992736,1786326464318,7.509,V
serial:COM8/phase_w_v,4992736,1786326464318,7.531,V
serial:COM8/motor_angle,4992738,1786326464318,139.46,deg
serial:COM8/phase_u_v,4992738,1786326464318,7.644,V
serial:COM8/phase_v_v,4992738,1786326464318,7.655,V
serial:COM8/phase_w_v,4992738,1786326464318,7.682,V
serial:COM8/motor_angle,4992740,1786326464318,139.37,deg
serial:COM8/phase_u_v,4992740,1786326464318,7.801,V
serial:COM8/phase_v_v,4992740,1786326464318,7.806,V
serial:COM8/phase_w_v,4992740,1786326464318,7.833,V
serial:COM8/motor_angle,4992742,1786326464318,139.37,deg
serial:COM8/phase_u_v,4992742,1786326464318,7.947,V
serial:COM8/phase_v_v,4992742,1786326464318,7.963,V
serial:COM8/phase_w_v,4992742,1786326464318,7.979,V
serial:COM8/motor_angle,4992744,1786326464318,139.37,deg
serial:COM8/phase_u_v,4992744,1786326464318,8.109,V
serial:COM8/phase_v_v,4992744,1786326464318,8.114,V
serial:COM8/phase_w_v,4992744,1786326464318,8.141,V
serial:COM8/motor_angle,4992746,1786326464318,139.37,deg
serial:COM8/phase_u_v,4992746,1786326464318,7.601,V
serial:COM8/phase_v_v,4992746,1786326464318,7.617,V
serial:COM8/phase_w_v,4992746,1786326464318,7.634,V
serial:COM8/motor_angle,4992748,1786326464318,139.37,deg
serial:COM8/phase_u_v,4992748,1786326464318,7.758,V
serial:COM8/phase_v_v,4992748,1786326464318,7.763,V
serial:COM8/phase_w_v,4992748,1786326464318,7.785,V
serial:COM8/motor_angle,4992750,1786326464318,139.37,deg
serial:COM8/phase_u_v,4992750,1786326464318,7.909,V
serial:COM8/phase_v_v,4992750,1786326464318,7.914,V
serial:COM8/phase_w_v,4992750,1786326464318,7.941,V
serial:COM8/motor_angle,4992752,1786326464318,139.44,deg
serial:COM8/phase_u_v,4992752,1786326464318,8.065,V
serial:COM8/phase_v_v,4992752,1786326464318,8.071,V
serial:COM8/phase_w_v,4992752,1786326464318,8.098,V
serial:COM8/motor_angle,4992754,1786326464318,139.37,deg
serial:COM8/phase_u_v,4992754,1786326464318,7.569,V
serial:COM8/phase_v_v,4992754,1786326464318,7.569,V
serial:COM8/phase_w_v,4992754,1786326464318,7.596,V
serial:COM8/motor_angle,4992756,1786326464318,139.37,deg
serial:COM8/phase_u_v,4992756,1786326464318,7.709,V
serial:COM8/phase_v_v,4992756,1786326464318,7.725,V
serial:COM8/phase_w_v,4992756,1786326464318,7.742,V
serial:COM8/motor_angle,4992758,1786326464318,139.37,deg
serial:COM8/phase_u_v,4992758,1786326464318,7.866,V
serial:COM8/phase_v_v,4992758,1786326464318,7.871,V
serial:COM8/phase_w_v,4992758,1786326464318,7.898,V
serial:COM8/motor_angle,4992760,1786326464318,139.37,deg
serial:COM8/phase_u_v,4992760,1786326464318,8.017,V
serial:COM8/phase_v_v,4992760,1786326464318,8.033,V
serial:COM8/phase_w_v,4992760,1786326464318,8.055,V
serial:COM8/motor_angle,4992762,1786326464318,139.37,deg
serial:COM8/phase_u_v,4992762,1786326464318,7.520,V
serial:COM8/phase_v_v,4992762,1786326464318,7.531,V
serial:COM8/phase_w_v,4992762,1786326464318,7.558,V
serial:COM8/motor_angle,4992764,1786326464318,139.39,deg
serial:COM8/phase_u_v,4992764,1786326464318,7.677,V
serial:COM8/phase_v_v,4992764,1786326464318,7.682,V
serial:COM8/phase_w_v,4992764,1786326464318,7.709,V
serial:COM8/motor_angle,4992766,1786326464318,139.39,deg
serial:COM8/phase_u_v,4992766,1786326464318,7.817,V
serial:COM8/phase_v_v,4992766,1786326464318,7.839,V
serial:COM8/phase_w_v,4992766,1786326464318,7.855,V
serial:COM8/motor_angle,4992768,1786326464318,139.37,deg
serial:COM8/phase_u_v,4992768,1786326464318,7.974,V
serial:COM8/phase_v_v,4992768,1786326464318,7.990,V
serial:COM8/phase_w_v,4992768,1786326464318,8.017,V
serial:COM8/motor_angle,4992770,1786326464318,139.37,deg
serial:COM8/phase_u_v,4992770,1786326464318,7.488,V
serial:COM8/phase_v_v,4992770,1786326464318,8.152,V
serial:COM8/phase_w_v,4992770,1786326464318,8.179,V
serial:COM8/motor_angle,4992772,1786326464390,139.37,deg
serial:COM8/phase_u_v,4992772,1786326464390,7.634,V
serial:COM8/phase_v_v,4992772,1786326464390,7.644,V
serial:COM8/phase_w_v,4992772,1786326464390,7.671,V
serial:COM8/motor_angle,4992774,1786326464390,139.35,deg
serial:COM8/phase_u_v,4992774,1786326464390,7.785,V
serial:COM8/phase_v_v,4992774,1786326464390,7.790,V
serial:COM8/phase_w_v,4992774,1786326464390,7.817,V
serial:COM8/motor_angle,4992776,1786326464390,139.42,deg
serial:COM8/phase_u_v,4992776,1786326464390,7.930,V
serial:COM8/phase_v_v,4992776,1786326464390,7.941,V
serial:COM8/phase_w_v,4992776,1786326464390,7.974,V
serial:COM8/motor_angle,4992778,1786326464390,139.39,deg
serial:COM8/phase_u_v,4992778,1786326464390,8.092,V
serial:COM8/phase_v_v,4992778,1786326464390,8.103,V
serial:COM8/phase_w_v,4992778,1786326464390,8.130,V
serial:COM8/motor_angle,4992780,1786326464390,139.37,deg
serial:COM8/phase_u_v,4992780,1786326464390,7.585,V
serial:COM8/phase_v_v,4992780,1786326464390,7.596,V
serial:COM8/phase_w_v,4992780,1786326464390,7.628,V
serial:COM8/motor_angle,4992782,1786326464390,139.37,deg
serial:COM8/phase_u_v,4992782,1786326464390,7.736,V
serial:COM8/phase_v_v,4992782,1786326464390,7.752,V
serial:COM8/phase_w_v,4992782,1786326464390,7.779,V
serial:COM8/motor_angle,4992784,1786326464390,139.37,deg
serial:COM8/phase_u_v,4992784,1786326464390,7.903,V
serial:COM8/phase_v_v,4992784,1786326464390,7.903,V
serial:COM8/phase_w_v,4992784,1786326464390,7.930,V
serial:COM8/motor_angle,4992786,1786326464390,139.39,deg
serial:COM8/phase_u_v,4992786,1786326464390,8.049,V
serial:COM8/phase_v_v,4992786,1786326464390,8.060,V
serial:COM8/phase_w_v,4992786,1786326464390,8.087,V
serial:COM8/motor_angle,4992788,1786326464390,139.37,deg
serial:COM8/phase_u_v,4992788,1786326464390,7.547,V
serial:COM8/phase_v_v,4992788,1786326464390,7.558,V
serial:COM8/phase_w_v,4992788,1786326464390,7.585,V
serial:COM8/motor_angle,4992790,1786326464390,139.35,deg
serial:COM8/phase_u_v,4992790,1786326464390,7.704,V
serial:COM8/phase_v_v,4992790,1786326464390,7.715,V
serial:COM8/phase_w_v,4992790,1786326464390,7.736,V
serial:COM8/motor_angle,4992792,1786326464390,139.39,deg
serial:COM8/phase_u_v,4992792,1786326464390,7.855,V
serial:COM8/phase_v_v,4992792,1786326464390,7.860,V
serial:COM8/phase_w_v,4992792,1786326464390,7.887,V
serial:COM8/motor_angle,4992794,1786326464390,139.35,deg
serial:COM8/phase_u_v,4992794,1786326464390,8.001,V
serial:COM8/phase_v_v,4992794,1786326464390,8.022,V
serial:COM8/phase_w_v,4992794,1786326464390,8.055,V
serial:COM8/motor_angle,4992796,1786326464390,139.37,deg
serial:COM8/phase_u_v,4992796,1786326464390,7.509,V
serial:COM8/phase_v_v,4992796,1786326464390,7.520,V
serial:COM8/phase_w_v,4992796,1786326464390,7.547,V
serial:COM8/motor_angle,4992798,1786326464390,139.44,deg
serial:COM8/phase_u_v,4992798,1786326464390,7.661,V
serial:COM8/phase_v_v,4992798,1786326464390,7.671,V
serial:COM8/phase_w_v,4992798,1786326464390,7.698,V
serial:COM8/motor_angle,4992800,1786326464390,139.37,deg
serial:COM8/phase_u_v,4992800,1786326464390,7.812,V
serial:COM8/phase_v_v,4992800,1786326464390,7.817,V
serial:COM8/phase_w_v,4992800,1786326464390,7.849,V
serial:COM8/motor_angle,4992802,1786326464390,139.39,deg
serial:COM8/phase_u_v,4992802,1786326464390,7.963,V
serial:COM8/phase_v_v,4992802,1786326464390,7.979,V
serial:COM8/phase_w_v,4992802,1786326464390,7.995,V
serial:COM8/motor_angle,4992804,1786326464390,139.42,deg
serial:COM8/phase_u_v,4992804,1786326464390,8.125,V
serial:COM8/phase_v_v,4992804,1786326464390,8.136,V
serial:COM8/phase_w_v,4992804,1786326464390,8.168,V
serial:COM8/motor_angle,4992806,1786326464390,139.33,deg
serial:COM8/phase_u_v,4992806,1786326464390,7.617,V
serial:COM8/phase_v_v,4992806,1786326464390,7.634,V
serial:COM8/phase_w_v,4992806,1786326464390,7.655,V
serial:COM8/motor_angle,4992808,1786326464390,139.42,deg
serial:COM8/phase_u_v,4992808,1786326464390,7.768,V
serial:COM8/phase_v_v,4992808,1786326464390,7.779,V
serial:COM8/phase_w_v,4992808,1786326464390,7.801,V
serial:COM8/motor_angle,4992810,1786326464390,139.35,deg
serial:COM8/phase_u_v,4992810,1786326464390,7.920,V
serial:COM8/phase_v_v,4992810,1786326464390,7.936,V
serial:COM8/phase_w_v,4992810,1786326464390,7.957,V
serial:COM8/motor_angle,4992812,1786326464390,139.37,deg
serial:COM8/phase_u_v,4992812,1786326464390,8.076,V
serial:COM8/phase_v_v,4992812,1786326464390,8.098,V
serial:COM8/phase_w_v,4992812,1786326464390,8.114,V
serial:COM8/motor_angle,4992814,1786326464390,139.42,deg
serial:COM8/phase_u_v,4992814,1786326464390,7.580,V
serial:COM8/phase_v_v,4992814,1786326464390,7.590,V
serial:COM8/phase_w_v,4992814,1786326464390,7.617,V
serial:COM8/motor_angle,4992816,1786326464390,139.35,deg
serial:COM8/phase_u_v,4992816,1786326464390,7.725,V
serial:COM8/phase_v_v,4992816,1786326464390,7.742,V
serial:COM8/phase_w_v,4992816,1786326464390,7.768,V
serial:COM8/motor_angle,4992818,1786326464390,139.39,deg
serial:COM8/phase_u_v,4992818,1786326464390,7.876,V
serial:COM8/phase_v_v,4992818,1786326464390,7.882,V
serial:COM8/phase_w_v,4992818,1786326464390,7.914,V
serial:COM8/motor_angle,4992820,1786326464390,139.44,deg
serial:COM8/phase_u_v,4992820,1786326464390,8.033,V
serial:COM8/phase_v_v,4992820,1786326464390,8.060,V
serial:COM8/phase_w_v,4992820,1786326464390,8.065,V
serial:COM8/motor_angle,4992822,1786326464390,139.42,deg
serial:COM8/phase_u_v,4992822,1786326464390,7.542,V
serial:COM8/phase_v_v,4992822,1786326464390,7.542,V
serial:COM8/phase_w_v,4992822,1786326464390,7.574,V
serial:COM8/motor_angle,4992824,1786326464390,139.37,deg
serial:COM8/phase_u_v,4992824,1786326464390,7.682,V
serial:COM8/phase_v_v,4992824,1786326464390,7.693,V
serial:COM8/phase_w_v,4992824,1786326464390,7.720,V
serial:COM8/motor_angle,4992826,1786326464390,139.35,deg
serial:COM8/phase_u_v,4992826,1786326464390,7.839,V
serial:COM8/phase_v_v,4992826,1786326464390,7.849,V
serial:COM8/phase_w_v,4992826,1786326464390,7.876,V
serial:COM8/motor_angle,4992828,1786326464390,139.44,deg
serial:COM8/phase_u_v,4992828,1786326464390,7.995,V
serial:COM8/phase_v_v,4992828,1786326464390,8.001,V
serial:COM8/phase_w_v,4992828,1786326464390,8.022,V
serial:COM8/motor_angle,4992830,1786326464390,139.37,deg
serial:COM8/phase_u_v,4992830,1786326464390,7.493,V
serial:COM8/phase_v_v,4992830,1786326464390,7.509,V
serial:COM8/phase_w_v,4992830,1786326464390,7.531,V
serial:COM8/motor_angle,4992832,1786326464390,139.39,deg
serial:COM8/phase_u_v,4992832,1786326464390,7.639,V
serial:COM8/phase_v_v,4992832,1786326464390,7.655,V
serial:COM8/phase_w_v,4992832,1786326464390,7.677,V
serial:COM8/motor_angle,4992834,1786326464390,139.37,deg
serial:COM8/phase_u_v,4992834,1786326464390,7.801,V
serial:COM8/phase_v_v,4992834,1786326464390,7.812,V
serial:COM8/phase_w_v,4992834,1786326464390,7.833,V
serial:COM8/motor_angle,4992836,1786326464390,139.37,deg
serial:COM8/phase_u_v,4992836,1786326464390,7.952,V
serial:COM8/phase_v_v,4992836,1786326464390,7.963,V
serial:COM8/phase_w_v,4992836,1786326464390,8.001,V
serial:COM8/motor_angle,4992838,1786326464390,139.39,deg
serial:COM8/phase_u_v,4992838,1786326464390,8.114,V
serial:COM8/phase_v_v,4992838,1786326464390,8.119,V
serial:COM8/phase_w_v,4992838,1786326464390,8.146,V
serial:COM8/motor_angle,4992840,1786326464390,139.37,deg
serial:COM8/phase_u_v,4992840,1786326464390,7.607,V
serial:COM8/phase_v_v,4992840,1786326464390,7.617,V
serial:COM8/phase_w_v,4992840,1786326464390,7.639,V
serial:COM8/motor_angle,4992842,1786326464390,139.37,deg
serial:COM8/phase_u_v,4992842,1786326464390,7.758,V
serial:COM8/phase_v_v,4992842,1786326464390,7.763,V
serial:COM8/phase_w_v,4992842,1786326464390,7.790,V
serial:COM8/motor_angle,4992844,1786326464462,139.35,deg
serial:COM8/phase_u_v,4992844,1786326464462,7.903,V
serial:COM8/phase_v_v,4992844,1786326464462,7.920,V
serial:COM8/phase_w_v,4992844,1786326464462,7.947,V
serial:COM8/motor_angle,4992846,1786326464462,139.33,deg
serial:COM8/phase_u_v,4992846,1786326464462,8.065,V
serial:COM8/phase_v_v,4992846,1786326464462,8.076,V
serial:COM8/phase_w_v,4992846,1786326464462,8.109,V
serial:COM8/motor_angle,4992848,1786326464462,139.37,deg
serial:COM8/phase_u_v,4992848,1786326464462,7.558,V
serial:COM8/phase_v_v,4992848,1786326464462,7.574,V
serial:COM8/phase_w_v,4992848,1786326464462,7.601,V
serial:COM8/motor_angle,4992850,1786326464462,139.37,deg
serial:COM8/phase_u_v,4992850,1786326464462,7.720,V
serial:COM8/phase_v_v,4992850,1786326464462,7.720,V
serial:COM8/phase_w_v,4992850,1786326464462,7.742,V
serial:COM8/motor_angle,4992852,1786326464462,139.39,deg
serial:COM8/phase_u_v,4992852,1786326464462,7.871,V
serial:COM8/phase_v_v,4992852,1786326464462,7.876,V
serial:COM8/phase_w_v,4992852,1786326464462,7.903,V
serial:COM8/motor_angle,4992854,1786326464462,139.37,deg
serial:COM8/phase_u_v,4992854,1786326464462,8.028,V
serial:COM8/phase_v_v,4992854,1786326464462,8.033,V
serial:COM8/phase_w_v,4992854,1786326464462,8.071,V
serial:COM8/motor_angle,4992856,1786326464462,139.37,deg
serial:COM8/phase_u_v,4992856,1786326464462,7.526,V
serial:COM8/phase_v_v,4992856,1786326464462,7.536,V
serial:COM8/phase_w_v,4992856,1786326464462,7.569,V
serial:COM8/motor_angle,4992858,1786326464462,139.37,deg
serial:COM8/phase_u_v,4992858,1786326464462,7.671,V
serial:COM8/phase_v_v,4992858,1786326464462,7.682,V
serial:COM8/phase_w_v,4992858,1786326464462,7.715,V
serial:COM8/motor_angle,4992860,1786326464462,139.35,deg
serial:COM8/phase_u_v,4992860,1786326464462,7.822,V
serial:COM8/phase_v_v,4992860,1786326464462,7.839,V
serial:COM8/phase_w_v,4992860,1786326464462,7.860,V
serial:COM8/motor_angle,4992862,1786326464462,139.35,deg
serial:COM8/phase_u_v,4992862,1786326464462,7.979,V
serial:COM8/phase_v_v,4992862,1786326464462,8.001,V
serial:COM8/phase_w_v,4992862,1786326464462,8.017,V
serial:COM8/motor_angle,4992864,1786326464462,139.37,deg
serial:COM8/phase_u_v,4992864,1786326464462,7.482,V
serial:COM8/phase_v_v,4992864,1786326464462,7.499,V
serial:COM8/phase_w_v,4992864,1786326464462,7.520,V
serial:COM8/motor_angle,4992866,1786326464462,139.39,deg
serial:COM8/phase_u_v,4992866,1786326464462,7.628,V
serial:COM8/phase_v_v,4992866,1786326464462,7.644,V
serial:COM8/phase_w_v,4992866,1786326464462,7.677,V
serial:COM8/motor_angle,4992868,1786326464462,139.39,deg
serial:COM8/phase_u_v,4992868,1786326464462,7.779,V
serial:COM8/phase_v_v,4992868,1786326464462,7.806,V
serial:COM8/phase_w_v,4992868,1786326464462,7.822,V
serial:COM8/motor_angle,4992870,1786326464462,139.37,deg
serial:COM8/phase_u_v,4992870,1786326464462,7.941,V
serial:COM8/phase_v_v,4992870,1786326464462,7.952,V
serial:COM8/phase_w_v,4992870,1786326464462,7.979,V
serial:COM8/motor_angle,4992872,1786326464462,139.42,deg
serial:COM8/phase_u_v,4992872,1786326464462,8.103,V
serial:COM8/phase_v_v,4992872,1786326464462,8.109,V
serial:COM8/phase_w_v,4992872,1786326464462,8.136,V
serial:COM8/motor_angle,4992874,1786326464462,139.39,deg
serial:COM8/phase_u_v,4992874,1786326464462,7.596,V
serial:COM8/phase_v_v,4992874,1786326464462,7.601,V
serial:COM8/phase_w_v,4992874,1786326464462,7.628,V
serial:COM8/motor_angle,4992876,1786326464462,139.35,deg
serial:COM8/phase_u_v,4992876,1786326464462,7.747,V
serial:COM8/phase_v_v,4992876,1786326464462,7.758,V
serial:COM8/phase_w_v,4992876,1786326464462,7.785,V
serial:COM8/motor_angle,4992878,1786326464462,139.37,deg
serial:COM8/phase_u_v,4992878,1786326464462,7.893,V
serial:COM8/phase_v_v,4992878,1786326464462,7.920,V
serial:COM8/phase_w_v,4992878,1786326464462,7.952,V
serial:COM8/motor_angle,4992880,1786326464462,139.37,deg
serial:COM8/phase_u_v,4992880,1786326464462,8.055,V
serial:COM8/phase_v_v,4992880,1786326464462,8.071,V
serial:COM8/phase_w_v,4992880,1786326464462,8.098,V
serial:COM8/motor_angle,4992882,1786326464462,139.46,deg
serial:COM8/phase_u_v,4992882,1786326464462,7.563,V
serial:COM8/phase_v_v,4992882,1786326464462,7.558,V
serial:COM8/phase_w_v,4992882,1786326464462,7.590,V
serial:COM8/motor_angle,4992884,1786326464462,139.39,deg
serial:COM8/phase_u_v,4992884,1786326464462,7.715,V
serial:COM8/phase_v_v,4992884,1786326464462,7.715,V
serial:COM8/phase_w_v,4992884,1786326464462,7.742,V
serial:COM8/motor_angle,4992886,1786326464462,139.37,deg
serial:COM8/phase_u_v,4992886,1786326464462,7.866,V
serial:COM8/phase_v_v,4992886,1786326464462,7.876,V
serial:COM8/phase_w_v,4992886,1786326464462,7.898,V
serial:COM8/motor_angle,4992888,1786326464462,139.39,deg
serial:COM8/phase_u_v,4992888,1786326464462,8.022,V
serial:COM8/phase_v_v,4992888,1786326464462,8.038,V
serial:COM8/phase_w_v,4992888,1786326464462,8.055,V
serial:COM8/motor_angle,4992890,1786326464462,139.42,deg
serial:COM8/phase_u_v,4992890,1786326464462,7.520,V
serial:COM8/phase_v_v,4992890,1786326464462,7.536,V
serial:COM8/phase_w_v,4992890,1786326464462,7.558,V
serial:COM8/motor_angle,4992892,1786326464462,139.44,deg
serial:COM8/phase_u_v,4992892,1786326464462,7.677,V
serial:COM8/phase_v_v,4992892,1786326464462,7.677,V
serial:COM8/phase_w_v,4992892,1786326464462,7.698,V
serial:COM8/motor_angle,4992894,1786326464462,139.48,deg
serial:COM8/phase_u_v,4992894,1786326464462,7.828,V
serial:COM8/phase_v_v,4992894,1786326464462,7.833,V
serial:COM8/phase_w_v,4992894,1786326464462,7.855,V
serial:COM8/motor_angle,4992896,1786326464462,139.37,deg
serial:COM8/phase_u_v,4992896,1786326464462,7.974,V
serial:COM8/phase_v_v,4992896,1786326464462,7.979,V
serial:COM8/phase_w_v,4992896,1786326464462,8.006,V
serial:COM8/motor_angle,4992898,1786326464462,139.44,deg
serial:COM8/phase_u_v,4992898,1786326464462,8.130,V
serial:COM8/phase_v_v,4992898,1786326464462,8.146,V
serial:COM8/phase_w_v,4992898,1786326464462,8.179,V
serial:COM8/motor_angle,4992900,1786326464462,139.37,deg
serial:COM8/phase_u_v,4992900,1786326464462,7.623,V
serial:COM8/phase_v_v,4992900,1786326464462,7.639,V
serial:COM8/phase_w_v,4992900,1786326464462,7.661,V
serial:COM8/motor_angle,4992902,1786326464462,139.42,deg
serial:COM8/phase_u_v,4992902,1786326464462,7.779,V
serial:COM8/phase_v_v,4992902,1786326464462,7.785,V
serial:COM8/phase_w_v,4992902,1786326464462,7.812,V
serial:COM8/motor_angle,4992904,1786326464462,139.37,deg
serial:COM8/phase_u_v,4992904,1786326464462,7.930,V
serial:COM8/phase_v_v,4992904,1786326464462,7.941,V
serial:COM8/phase_w_v,4992904,1786326464462,7.979,V
serial:COM8/motor_angle,4992906,1786326464462,139.48,deg
serial:COM8/phase_u_v,4992906,1786326464462,8.098,V
serial:COM8/phase_v_v,4992906,1786326464462,8.103,V
serial:COM8/phase_w_v,4992906,1786326464462,8.130,V
serial:COM8/motor_angle,4992908,1786326464462,139.42,deg
serial:COM8/phase_u_v,4992908,1786326464462,7.585,V
serial:COM8/phase_v_v,4992908,1786326464462,7.596,V
serial:COM8/phase_w_v,4992908,1786326464462,7.628,V
serial:COM8/motor_angle,4992910,1786326464462,139.39,deg
serial:COM8/phase_u_v,4992910,1786326464462,7.742,V
serial:COM8/phase_v_v,4992910,1786326464462,7.747,V
serial:COM8/phase_w_v,4992910,1786326464462,7.774,V
serial:COM8/motor_angle,4992912,1786326464462,139.37,deg
serial:COM8/phase_u_v,4992912,1786326464462,7.898,V
serial:COM8/phase_v_v,4992912,1786326464462,7.909,V
serial:COM8/phase_w_v,4992912,1786326464462,7.936,V
serial:COM8/motor_angle,4992914,1786326464462,139.37,deg
serial:COM8/phase_u_v,4992914,1786326464462,8.055,V
serial:COM8/phase_v_v,4992914,1786326464462,8.065,V
serial:COM8/phase_w_v,4992914,1786326464462,8.092,V
serial:COM8/motor_angle,4992916,1786326464534,139.33,deg
serial:COM8/phase_u_v,4992916,1786326464534,7.547,V
serial:COM8/phase_v_v,4992916,1786326464534,7.569,V
serial:COM8/phase_w_v,4992916,1786326464534,7.585,V
serial:COM8/motor_angle,4992918,1786326464534,139.39,deg
serial:COM8/phase_u_v,4992918,1786326464534,7.698,V
serial:COM8/phase_v_v,4992918,1786326464534,7.709,V
serial:COM8/phase_w_v,4992918,1786326464534,7.731,V
serial:COM8/motor_angle,4992920,1786326464534,139.37,deg
serial:COM8/phase_u_v,4992920,1786326464534,7.855,V
serial:COM8/phase_v_v,4992920,1786326464534,7.866,V
serial:COM8/phase_w_v,4992920,1786326464534,7.887,V
serial:COM8/motor_angle,4992922,1786326464534,139.39,deg
serial:COM8/phase_u_v,4992922,1786326464534,8.006,V
serial:COM8/phase_v_v,4992922,1786326464534,8.017,V
serial:COM8/phase_w_v,4992922,1786326464534,8.044,V
serial:COM8/motor_angle,4992924,1786326464534,139.39,deg
serial:COM8/phase_u_v,4992924,1786326464534,7.509,V
serial:COM8/phase_v_v,4992924,1786326464534,7.520,V
serial:COM8/phase_w_v,4992924,1786326464534,7.542,V
serial:COM8/motor_angle,4992926,1786326464534,139.42,deg
serial:COM8/phase_u_v,4992926,1786326464534,7.661,V
serial:COM8/phase_v_v,4992926,1786326464534,7.671,V
serial:COM8/phase_w_v,4992926,1786326464534,7.698,V
serial:COM8/motor_angle,4992928,1786326464534,139.37,deg
serial:COM8/phase_u_v,4992928,1786326464534,7.806,V
serial:COM8/phase_v_v,4992928,1786326464534,7.817,V
serial:COM8/phase_w_v,4992928,1786326464534,7.849,V
serial:COM8/motor_angle,4992930,1786326464534,139.39,deg
serial:COM8/phase_u_v,4992930,1786326464534,7.968,V
serial:COM8/phase_v_v,4992930,1786326464534,7.974,V
serial:COM8/phase_w_v,4992930,1786326464534,8.006,V
serial:COM8/motor_angle,4992932,1786326464534,139.37,deg
serial:COM8/phase_u_v,4992932,1786326464534,8.130,V
serial:COM8/phase_v_v,4992932,1786326464534,8.136,V
serial:COM8/phase_w_v,4992932,1786326464534,8.168,V
serial:COM8/motor_angle,4992934,1786326464534,139.37,deg
serial:COM8/phase_u_v,4992934,1786326464534,7.617,V
serial:COM8/phase_v_v,4992934,1786326464534,7.634,V
serial:COM8/phase_w_v,4992934,1786326464534,7.655,V
serial:COM8/motor_angle,4992936,1786326464534,139.35,deg
serial:COM8/phase_u_v,4992936,1786326464534,7.768,V
serial:COM8/phase_v_v,4992936,1786326464534,7.790,V
serial:COM8/phase_w_v,4992936,1786326464534,7.806,V
serial:COM8/motor_angle,4992938,1786326464534,139.37,deg
serial:COM8/phase_u_v,4992938,1786326464534,7.925,V
serial:COM8/phase_v_v,4992938,1786326464534,7.936,V
serial:COM8/phase_w_v,4992938,1786326464534,7.963,V
serial:COM8/motor_angle,4992940,1786326464534,139.42,deg
serial:COM8/phase_u_v,4992940,1786326464534,8.082,V
serial:COM8/phase_v_v,4992940,1786326464534,8.092,V
serial:COM8/phase_w_v,4992940,1786326464534,8.114,V
serial:COM8/motor_angle,4992942,1786326464534,139.37,deg
serial:COM8/phase_u_v,4992942,1786326464534,7.574,V
serial:COM8/phase_v_v,4992942,1786326464534,7.590,V
serial:COM8/phase_w_v,4992942,1786326464534,7.617,V
serial:COM8/motor_angle,4992944,1786326464534,139.37,deg
serial:COM8/phase_u_v,4992944,1786326464534,7.725,V
serial:COM8/phase_v_v,4992944,1786326464534,7.747,V
serial:COM8/phase_w_v,4992944,1786326464534,7.763,V
serial:COM8/motor_angle,4992946,1786326464534,139.42,deg
serial:COM8/phase_u_v,4992946,1786326464534,7.876,V
serial:COM8/phase_v_v,4992946,1786326464534,7.887,V
serial:COM8/phase_w_v,4992946,1786326464534,7.920,V
serial:COM8/motor_angle,4992948,1786326464534,139.46,deg
serial:COM8/phase_u_v,4992948,1786326464534,8.033,V
serial:COM8/phase_v_v,4992948,1786326464534,8.049,V
serial:COM8/phase_w_v,4992948,1786326464534,8.076,V
serial:COM8/motor_angle,4992950,1786326464534,139.42,deg
serial:COM8/phase_u_v,4992950,1786326464534,7.542,V
serial:COM8/phase_v_v,4992950,1786326464534,7.542,V
serial:COM8/phase_w_v,4992950,1786326464534,7.569,V
serial:COM8/motor_angle,4992952,1786326464534,139.39,deg
serial:COM8/phase_u_v,4992952,1786326464534,7.688,V
serial:COM8/phase_v_v,4992952,1786326464534,7.693,V
serial:COM8/phase_w_v,4992952,1786326464534,7.720,V
serial:COM8/motor_angle,4992954,1786326464534,139.33,deg
serial:COM8/phase_u_v,4992954,1786326464534,7.839,V
serial:COM8/phase_v_v,4992954,1786326464534,7.855,V
serial:COM8/phase_w_v,4992954,1786326464534,7.876,V
serial:COM8/motor_angle,4992956,1786326464534,139.37,deg
serial:COM8/phase_u_v,4992956,1786326464534,8.001,V
serial:COM8/phase_v_v,4992956,1786326464534,8.006,V
serial:COM8/phase_w_v,4992956,1786326464534,8.028,V
serial:COM8/motor_angle,4992958,1786326464534,139.37,deg
serial:COM8/phase_u_v,4992958,1786326464534,7.499,V
serial:COM8/phase_v_v,4992958,1786326464534,7.504,V
serial:COM8/phase_w_v,4992958,1786326464534,7.536,V
serial:COM8/motor_angle,4992960,1786326464534,139.37,deg
serial:COM8/phase_u_v,4992960,1786326464534,7.650,V
serial:COM8/phase_v_v,4992960,1786326464534,7.655,V
serial:COM8/phase_w_v,4992960,1786326464534,7.682,V
serial:COM8/motor_angle,4992962,1786326464534,139.42,deg
serial:COM8/phase_u_v,4992962,1786326464534,7.806,V
serial:COM8/phase_v_v,4992962,1786326464534,7.817,V
serial:COM8/phase_w_v,4992962,1786326464534,7.839,V
serial:COM8/motor_angle,4992964,1786326464534,139.35,deg
serial:COM8/phase_u_v,4992964,1786326464534,7.963,V
serial:COM8/phase_v_v,4992964,1786326464534,7.963,V
serial:COM8/phase_w_v,4992964,1786326464534,7.990,V
serial:COM8/motor_angle,4992966,1786326464534,139.37,deg
serial:COM8/phase_u_v,4992966,1786326464534,8.109,V
serial:COM8/phase_v_v,4992966,1786326464534,8.130,V
serial:COM8/phase_w_v,4992966,1786326464534,8.152,V
serial:COM8/motor_angle,4992968,1786326464534,139.39,deg
serial:COM8/phase_u_v,4992968,1786326464534,7.607,V
serial:COM8/phase_v_v,4992968,1786326464534,7.617,V
serial:COM8/phase_w_v,4992968,1786326464534,7.639,V
serial:COM8/motor_angle,4992970,1786326464534,139.37,deg
serial:COM8/phase_u_v,4992970,1786326464534,7.758,V
serial:COM8/phase_v_v,4992970,1786326464534,7.763,V
serial:COM8/phase_w_v,4992970,1786326464534,7.801,V
serial:COM8/motor_angle,4992972,1786326464534,139.42,deg
serial:COM8/phase_u_v,4992972,1786326464534,7.914,V
serial:COM8/phase_v_v,4992972,1786326464534,7.925,V
serial:COM8/phase_w_v,4992972,1786326464534,7.941,V
serial:COM8/motor_angle,4992974,1786326464534,139.44,deg
serial:COM8/phase_u_v,4992974,1786326464534,8.071,V
serial:COM8/phase_v_v,4992974,1786326464534,8.082,V
serial:COM8/phase_w_v,4992974,1786326464534,8.109,V
serial:COM8/motor_angle,4992976,1786326464534,139.33,deg
serial:COM8/phase_u_v,4992976,1786326464534,7.574,V
serial:COM8/phase_v_v,4992976,1786326464534,7.574,V
serial:COM8/phase_w_v,4992976,1786326464534,7.601,V
serial:COM8/motor_angle,4992978,1786326464534,139.37,deg
serial:COM8/phase_u_v,4992978,1786326464534,7.725,V
serial:COM8/phase_v_v,4992978,1786326464534,7.725,V
serial:COM8/phase_w_v,4992978,1786326464534,7.747,V
serial:COM8/motor_angle,4992980,1786326464534,139.39,deg
serial:COM8/phase_u_v,4992980,1786326464534,7.876,V
serial:COM8/phase_v_v,4992980,1786326464534,7.882,V
serial:COM8/phase_w_v,4992980,1786326464534,7.903,V
serial:COM8/motor_angle,4992982,1786326464534,139.37,deg
serial:COM8/phase_u_v,4992982,1786326464534,8.028,V
serial:COM8/phase_v_v,4992982,1786326464534,8.038,V
serial:COM8/phase_w_v,4992982,1786326464534,8.065,V
serial:COM8/motor_angle,4992984,1786326464534,139.39,deg
serial:COM8/phase_u_v,4992984,1786326464534,7.531,V
serial:COM8/phase_v_v,4992984,1786326464534,7.536,V
serial:COM8/phase_w_v,4992984,1786326464534,7.563,V
serial:COM8/motor_angle,4992986,1786326464534,139.37,deg
serial:COM8/phase_u_v,4992986,1786326464534,7.682,V
serial:COM8/phase_v_v,4992986,1786326464534,7.682,V
serial:COM8/phase_w_v,4992986,1786326464534,7.715,V
serial:COM8/motor_angle,4992988,1786326464608,139.42,deg
serial:COM8/phase_u_v,4992988,1786326464608,7.828,V
serial:COM8/phase_v_v,4992988,1786326464608,7.833,V
serial:COM8/phase_w_v,4992988,1786326464608,7.860,V
serial:COM8/motor_angle,4992990,1786326464608,139.39,deg
serial:COM8/phase_u_v,4992990,1786326464608,7.990,V
serial:COM8/phase_v_v,4992990,1786326464608,8.001,V
serial:COM8/phase_w_v,4992990,1786326464608,8.017,V
serial:COM8/motor_angle,4992992,1786326464608,139.35,deg
serial:COM8/phase_u_v,4992992,1786326464608,7.488,V
serial:COM8/phase_v_v,4992992,1786326464608,7.493,V
serial:COM8/phase_w_v,4992992,1786326464608,7.520,V
serial:COM8/motor_angle,4992994,1786326464608,139.39,deg
serial:COM8/phase_u_v,4992994,1786326464608,7.634,V
serial:COM8/phase_v_v,4992994,1786326464608,7.639,V
serial:COM8/phase_w_v,4992994,1786326464608,7.671,V
serial:COM8/motor_angle,4992996,1786326464608,139.44,deg
serial:COM8/phase_u_v,4992996,1786326464608,7.790,V
serial:COM8/phase_v_v,4992996,1786326464608,7.790,V
serial:COM8/phase_w_v,4992996,1786326464608,7.822,V
serial:COM8/motor_angle,4992998,1786326464608,139.33,deg
serial:COM8/phase_u_v,4992998,1786326464608,7.941,V
serial:COM8/phase_v_v,4992998,1786326464608,7.941,V
serial:COM8/phase_w_v,4992998,1786326464608,7.974,V
serial:COM8/motor_angle,4993000,1786326464608,139.37,deg
serial:COM8/phase_u_v,4993000,1786326464608,8.092,V
serial:COM8/phase_v_v,4993000,1786326464608,8.103,V
serial:COM8/phase_w_v,4993000,1786326464608,8.130,V
serial:COM8/motor_angle,4993002,1786326464608,139.35,deg
serial:COM8/phase_u_v,4993002,1786326464608,7.590,V
serial:COM8/phase_v_v,4993002,1786326464608,7.601,V
serial:COM8/phase_w_v,4993002,1786326464608,7.628,V
serial:COM8/motor_angle,4993004,1786326464608,139.37,deg
serial:COM8/phase_u_v,4993004,1786326464608,7.747,V
serial:COM8/phase_v_v,4993004,1786326464608,7.752,V
serial:COM8/phase_w_v,4993004,1786326464608,7.774,V
serial:COM8/motor_angle,4993006,1786326464608,139.39,deg
serial:COM8/phase_u_v,4993006,1786326464608,7.903,V
serial:COM8/phase_v_v,4993006,1786326464608,7.898,V
serial:COM8/phase_w_v,4993006,1786326464608,7.920,V
serial:COM8/motor_angle,4993008,1786326464608,139.42,deg
serial:COM8/phase_u_v,4993008,1786326464608,8.055,V
serial:COM8/phase_v_v,4993008,1786326464608,8.065,V
serial:COM8/phase_w_v,4993008,1786326464608,8.087,V
serial:COM8/motor_angle,4993010,1786326464608,139.39,deg
serial:COM8/phase_u_v,4993010,1786326464608,7.553,V
serial:COM8/phase_v_v,4993010,1786326464608,7.558,V
serial:COM8/phase_w_v,4993010,1786326464608,7.585,V
serial:COM8/motor_angle,4993012,1786326464608,139.44,deg
serial:COM8/phase_u_v,4993012,1786326464608,7.704,V
serial:COM8/phase_v_v,4993012,1786326464608,7.704,V
serial:COM8/phase_w_v,4993012,1786326464608,7.736,V
serial:COM8/motor_angle,4993014,1786326464608,139.44,deg
serial:COM8/phase_u_v,4993014,1786326464608,7.849,V
serial:COM8/phase_v_v,4993014,1786326464608,7.866,V
serial:COM8/phase_w_v,4993014,1786326464608,7.893,V
serial:COM8/motor_angle,4993016,1786326464608,139.35,deg
serial:COM8/phase_u_v,4993016,1786326464608,8.006,V
serial:COM8/phase_v_v,4993016,1786326464608,8.017,V
serial:COM8/phase_w_v,4993016,1786326464608,8.038,V
serial:COM8/motor_angle,4993018,1786326464608,139.35,deg
serial:COM8/phase_u_v,4993018,1786326464608,7.509,V
serial:COM8/phase_v_v,4993018,1786326464608,7.526,V
serial:COM8/phase_w_v,4993018,1786326464608,7.536,V
serial:COM8/motor_angle,4993020,1786326464608,139.37,deg
serial:COM8/phase_u_v,4993020,1786326464608,7.661,V
serial:COM8/phase_v_v,4993020,1786326464608,7.666,V
serial:COM8/phase_w_v,4993020,1786326464608,7.698,V
serial:COM8/motor_angle,4993022,1786326464608,139.39,deg
serial:COM8/phase_u_v,4993022,1786326464608,7.812,V
serial:COM8/phase_v_v,4993022,1786326464608,7.817,V
serial:COM8/phase_w_v,4993022,1786326464608,7.839,V
serial:COM8/motor_angle,4993024,1786326464608,139.37,deg
serial:COM8/phase_u_v,4993024,1786326464608,7.963,V
serial:COM8/phase_v_v,4993024,1786326464608,7.979,V
serial:COM8/phase_w_v,4993024,1786326464608,8.001,V
serial:COM8/motor_angle,4993026,1786326464608,139.37,deg
serial:COM8/phase_u_v,4993026,1786326464608,8.130,V
serial:COM8/phase_v_v,4993026,1786326464608,8.136,V
serial:COM8/phase_w_v,4993026,1786326464608,8.163,V
serial:COM8/motor_angle,4993028,1786326464608,139.37,deg
serial:COM8/phase_u_v,4993028,1786326464608,7.617,V
serial:COM8/phase_v_v,4993028,1786326464608,7.628,V
serial:COM8/phase_w_v,4993028,1786326464608,7.650,V
serial:COM8/motor_angle,4993030,1786326464608,139.37,deg
serial:COM8/phase_u_v,4993030,1786326464608,7.768,V
serial:COM8/phase_v_v,4993030,1786326464608,7.785,V
serial:COM8/phase_w_v,4993030,1786326464608,7.812,V
serial:COM8/motor_angle,4993032,1786326464608,139.39,deg
serial:COM8/phase_u_v,4993032,1786326464608,7.930,V
serial:COM8/phase_v_v,4993032,1786326464608,7.930,V
serial:COM8/phase_w_v,4993032,1786326464608,7.957,V
serial:COM8/motor_angle,4993034,1786326464608,139.42,deg
serial:COM8/phase_u_v,4993034,1786326464608,8.087,V
serial:COM8/phase_v_v,4993034,1786326464608,8.098,V
serial:COM8/phase_w_v,4993034,1786326464608,8.119,V
serial:COM8/motor_angle,4993036,1786326464608,139.42,deg
serial:COM8/phase_u_v,4993036,1786326464608,7.580,V
serial:COM8/phase_v_v,4993036,1786326464608,7.596,V
serial:COM8/phase_w_v,4993036,1786326464608,7.617,V
serial:COM8/motor_angle,4993038,1786326464608,139.37,deg
serial:COM8/phase_u_v,4993038,1786326464608,7.731,V
serial:COM8/phase_v_v,4993038,1786326464608,7.742,V
serial:COM8/phase_w_v,4993038,1786326464608,7.763,V
serial:COM8/motor_angle,4993040,1786326464608,139.33,deg
serial:COM8/phase_u_v,4993040,1786326464608,7.882,V
serial:COM8/phase_v_v,4993040,1786326464608,7.893,V
serial:COM8/phase_w_v,4993040,1786326464608,7.920,V
serial:COM8/motor_angle,4993042,1786326464608,139.37,deg
serial:COM8/phase_u_v,4993042,1786326464608,8.044,V
serial:COM8/phase_v_v,4993042,1786326464608,8.049,V
serial:COM8/phase_w_v,4993042,1786326464608,8.076,V
serial:COM8/motor_angle,4993044,1786326464608,139.39,deg
serial:COM8/phase_u_v,4993044,1786326464608,7.542,V
serial:COM8/phase_v_v,4993044,1786326464608,7.547,V
serial:COM8/phase_w_v,4993044,1786326464608,7.574,V
serial:COM8/motor_angle,4993046,1786326464608,139.37,deg
serial:COM8/phase_u_v,4993046,1786326464608,7.688,V
serial:COM8/phase_v_v,4993046,1786326464608,7.693,V
serial:COM8/phase_w_v,4993046,1786326464608,7.715,V
serial:COM8/motor_angle,4993048,1786326464608,139.42,deg
serial:COM8/phase_u_v,4993048,1786326464608,7.839,V
serial:COM8/phase_v_v,4993048,1786326464608,7.855,V
serial:COM8/phase_w_v,4993048,1786326464608,7.876,V
serial:COM8/motor_angle,4993050,1786326464608,139.31,deg
serial:COM8/phase_u_v,4993050,1786326464608,7.995,V
serial:COM8/phase_v_v,4993050,1786326464608,8.006,V
serial:COM8/phase_w_v,4993050,1786326464608,8.033,V
serial:COM8/motor_angle,4993052,1786326464608,139.37,deg
serial:COM8/phase_u_v,4993052,1786326464608,7.499,V
serial:COM8/phase_v_v,4993052,1786326464608,7.504,V
serial:COM8/phase_w_v,4993052,1786326464608,7.531,V
serial:COM8/motor_angle,4993054,1786326464608,139.35,deg
serial:COM8/phase_u_v,4993054,1786326464608,7.650,V
serial:COM8/phase_v_v,4993054,1786326464608,7.655,V
serial:COM8/phase_w_v,4993054,1786326464608,7.682,V
serial:COM8/motor_angle,4993056,1786326464608,139.39,deg
serial:COM8/phase_u_v,4993056,1786326464608,7.795,V
serial:COM8/phase_v_v,4993056,1786326464608,7.806,V
serial:COM8/phase_w_v,4993056,1786326464608,7.828,V
serial:COM8/motor_angle,4993058,1786326464608,139.42,deg
serial:COM8/phase_u_v,4993058,1786326464608,7.957,V
serial:COM8/phase_v_v,4993058,1786326464608,7.963,V
serial:COM8/phase_w_v,4993058,1786326464608,8.001,V
serial:COM8/motor_angle,4993060,1786326464608,139.37,deg
serial:COM8/phase_u_v,4993060,1786326464608,8.125,V
serial:COM8/phase_v_v,4993060,1786326464608,8.125,V
serial:COM8/phase_w_v,4993060,1786326464608,8.152,V
serial:COM8/motor_angle,4993062,1786326464680,139.39,deg
serial:COM8/phase_u_v,4993062,1786326464680,7.607,V
serial:COM8/phase_v_v,4993062,1786326464680,7.623,V
serial:COM8/phase_w_v,4993062,1786326464680,7.639,V
serial:COM8/motor_angle,4993064,1786326464680,139.39,deg
serial:COM8/phase_u_v,4993064,1786326464680,7.763,V
serial:COM8/phase_v_v,4993064,1786326464680,7.768,V
serial:COM8/phase_w_v,4993064,1786326464680,7.801,V
serial:COM8/motor_angle,4993066,1786326464680,139.33,deg
serial:COM8/phase_u_v,4993066,1786326464680,7.920,V
serial:COM8/phase_v_v,4993066,1786326464680,7.925,V
serial:COM8/phase_w_v,4993066,1786326464680,7.952,V
serial:COM8/motor_angle,4993068,1786326464680,139.39,deg
serial:COM8/phase_u_v,4993068,1786326464680,8.076,V
serial:COM8/phase_v_v,4993068,1786326464680,8.087,V
serial:COM8/phase_w_v,4993068,1786326464680,8.114,V
serial:COM8/motor_angle,4993070,1786326464680,139.37,deg
serial:COM8/phase_u_v,4993070,1786326464680,7.574,V
serial:COM8/phase_v_v,4993070,1786326464680,7.580,V
serial:COM8/phase_w_v,4993070,1786326464680,7.612,V
serial:COM8/motor_angle,4993072,1786326464680,139.39,deg
serial:COM8/phase_u_v,4993072,1786326464680,7.725,V
serial:COM8/phase_v_v,4993072,1786326464680,7.725,V
serial:COM8/phase_w_v,4993072,1786326464680,7.763,V
serial:COM8/motor_angle,4993074,1786326464680,139.42,deg
serial:COM8/phase_u_v,4993074,1786326464680,7.887,V
serial:COM8/phase_v_v,4993074,1786326464680,7.887,V
serial:COM8/phase_w_v,4993074,1786326464680,7.909,V
serial:COM8/motor_angle,4993076,1786326464680,139.39,deg
serial:COM8/phase_u_v,4993076,1786326464680,8.033,V
serial:COM8/phase_v_v,4993076,1786326464680,8.049,V
serial:COM8/phase_w_v,4993076,1786326464680,8.071,V
serial:COM8/motor_angle,4993078,1786326464680,139.37,deg
serial:COM8/phase_u_v,4993078,1786326464680,7.536,V
serial:COM8/phase_v_v,4993078,1786326464680,7.547,V
serial:COM8/phase_w_v,4993078,1786326464680,7.558,V
serial:COM8/motor_angle,4993080,1786326464680,139.42,deg
serial:COM8/phase_u_v,4993080,1786326464680,7.693,V
serial:COM8/phase_v_v,4993080,1786326464680,7.693,V
serial:COM8/phase_w_v,4993080,1786326464680,7.715,V
serial:COM8/motor_angle,4993082,1786326464680,139.37,deg
serial:COM8/phase_u_v,4993082,1786326464680,7.844,V
serial:COM8/phase_v_v,4993082,1786326464680,7.855,V
serial:COM8/phase_w_v,4993082,1786326464680,7.871,V
serial:COM8/motor_angle,4993084,1786326464680,139.37,deg
serial:COM8/phase_u_v,4993084,1786326464680,8.006,V
serial:COM8/phase_v_v,4993084,1786326464680,8.001,V
serial:COM8/phase_w_v,4993084,1786326464680,8.033,V
serial:COM8/motor_angle,4993086,1786326464680,139.39,deg
serial:COM8/phase_u_v,4993086,1786326464680,7.499,V
serial:COM8/phase_v_v,4993086,1786326464680,7.504,V
serial:COM8/phase_w_v,4993086,1786326464680,7.531,V
serial:COM8/motor_angle,4993088,1786326464680,139.44,deg
serial:COM8/phase_u_v,4993088,1786326464680,7.650,V
serial:COM8/phase_v_v,4993088,1786326464680,7.655,V
serial:COM8/phase_w_v,4993088,1786326464680,7.682,V
serial:COM8/motor_angle,4993090,1786326464680,139.37,deg
serial:COM8/phase_u_v,4993090,1786326464680,7.801,V
serial:COM8/phase_v_v,4993090,1786326464680,7.801,V
serial:COM8/phase_w_v,4993090,1786326464680,7.833,V
serial:COM8/motor_angle,4993092,1786326464680,139.44,deg
serial:COM8/phase_u_v,4993092,1786326464680,7.952,V
serial:COM8/phase_v_v,4993092,1786326464680,7.968,V
serial:COM8/phase_w_v,4993092,1786326464680,7.995,V
serial:COM8/motor_angle,4993094,1786326464680,139.44,deg
serial:COM8/phase_u_v,4993094,1786326464680,8.114,V
serial:COM8/phase_v_v,4993094,1786326464680,8.130,V
serial:COM8/phase_w_v,4993094,1786326464680,8.152,V
serial:COM8/motor_angle,4993096,1786326464680,139.39,deg
serial:COM8/phase_u_v,4993096,1786326464680,7.612,V
serial:COM8/phase_v_v,4993096,1786326464680,7.617,V
serial:COM8/phase_w_v,4993096,1786326464680,7.639,V
serial:COM8/motor_angle,4993098,1786326464680,139.42,deg
serial:COM8/phase_u_v,4993098,1786326464680,7.758,V
serial:COM8/phase_v_v,4993098,1786326464680,7.774,V
serial:COM8/phase_w_v,4993098,1786326464680,7.801,V
serial:COM8/motor_angle,4993100,1786326464680,139.42,deg
serial:COM8/phase_u_v,4993100,1786326464680,7.925,V
serial:COM8/phase_v_v,4993100,1786326464680,7.930,V
serial:COM8/phase_w_v,4993100,1786326464680,7.957,V
serial:COM8/motor_angle,4993102,1786326464680,139.37,deg
serial:COM8/phase_u_v,4993102,1786326464680,8.076,V
serial:COM8/phase_v_v,4993102,1786326464680,8.087,V
serial:COM8/phase_w_v,4993102,1786326464680,8.109,V
serial:COM8/motor_angle,4993104,1786326464680,139.37,deg
serial:COM8/phase_u_v,4993104,1786326464680,7.574,V
serial:COM8/phase_v_v,4993104,1786326464680,7.580,V
serial:COM8/phase_w_v,4993104,1786326464680,7.607,V
serial:COM8/motor_angle,4993106,1786326464680,139.39,deg
serial:COM8/phase_u_v,4993106,1786326464680,7.720,V
serial:COM8/phase_v_v,4993106,1786326464680,7.736,V
serial:COM8/phase_w_v,4993106,1786326464680,7.763,V
serial:COM8/motor_angle,4993108,1786326464680,139.37,deg
serial:COM8/phase_u_v,4993108,1786326464680,7.882,V
serial:COM8/phase_v_v,4993108,1786326464680,7.882,V
serial:COM8/phase_w_v,4993108,1786326464680,7.914,V
serial:COM8/motor_angle,4993110,1786326464680,139.35,deg
serial:COM8/phase_u_v,4993110,1786326464680,8.038,V
serial:COM8/phase_v_v,4993110,1786326464680,8.055,V
serial:COM8/phase_w_v,4993110,1786326464680,8.071,V
serial:COM8/motor_angle,4993112,1786326464680,139.39,deg
serial:COM8/phase_u_v,4993112,1786326464680,7.536,V
serial:COM8/phase_v_v,4993112,1786326464680,7.542,V
serial:COM8/phase_w_v,4993112,1786326464680,7.563,V
serial:COM8/motor_angle,4993114,1786326464680,139.39,deg
serial:COM8/phase_u_v,4993114,1786326464680,7.682,V
serial:COM8/phase_v_v,4993114,1786326464680,7.693,V
serial:COM8/phase_w_v,4993114,1786326464680,7.715,V
serial:COM8/motor_angle,4993116,1786326464680,139.39,deg
serial:COM8/phase_u_v,4993116,1786326464680,7.839,V
serial:COM8/phase_v_v,4993116,1786326464680,7.844,V
serial:COM8/phase_w_v,4993116,1786326464680,7.871,V
serial:COM8/motor_angle,4993118,1786326464680,139.37,deg
serial:COM8/phase_u_v,4993118,1786326464680,7.995,V
serial:COM8/phase_v_v,4993118,1786326464680,8.006,V
serial:COM8/phase_w_v,4993118,1786326464680,8.028,V
serial:COM8/motor_angle,4993120,1786326464680,139.46,deg
serial:COM8/phase_u_v,4993120,1786326464680,7.488,V
serial:COM8/phase_v_v,4993120,1786326464680,7.504,V
serial:COM8/phase_w_v,4993120,1786326464680,7.531,V
serial:COM8/motor_angle,4993122,1786326464680,139.35,deg
serial:COM8/phase_u_v,4993122,1786326464680,7.644,V
serial:COM8/phase_v_v,4993122,1786326464680,7.650,V
serial:COM8/phase_w_v,4993122,1786326464680,7.677,V
serial:COM8/motor_angle,4993124,1786326464680,139.39,deg
serial:COM8/phase_u_v,4993124,1786326464680,7.801,V
serial:COM8/phase_v_v,4993124,1786326464680,7.801,V
serial:COM8/phase_w_v,4993124,1786326464680,7.828,V
serial:COM8/motor_angle,4993126,1786326464680,139.42,deg
serial:COM8/phase_u_v,4993126,1786326464680,7.947,V
serial:COM8/phase_v_v,4993126,1786326464680,7.957,V
serial:COM8/phase_w_v,4993126,1786326464680,7.990,V
serial:COM8/motor_angle,4993128,1786326464680,139.35,deg
serial:COM8/phase_u_v,4993128,1786326464680,8.103,V
serial:COM8/phase_v_v,4993128,1786326464680,8.125,V
serial:COM8/phase_w_v,4993128,1786326464680,8.146,V
serial:COM8/motor_angle,4993130,1786326464680,139.44,deg
serial:COM8/phase_u_v,4993130,1786326464680,7.601,V
serial:COM8/phase_v_v,4993130,1786326464680,7.607,V
serial:COM8/phase_w_v,4993130,1786326464680,7.644,V
serial:COM8/motor_angle,4993132,1786326464680,139.42,deg
serial:COM8/phase_u_v,4993132,1786326464680,7.752,V
serial:COM8/phase_v_v,4993132,1786326464680,7.763,V
serial:COM8/phase_w_v,4993132,1786326464680,7.785,V
serial:COM8/motor_angle,4993134,1786326464752,139.37,deg
serial:COM8/phase_u_v,4993134,1786326464752,7.914,V
serial:COM8/phase_v_v,4993134,1786326464752,7.920,V
serial:COM8/phase_w_v,4993134,1786326464752,7.947,V
serial:COM8/motor_angle,4993136,1786326464752,139.39,deg
serial:COM8/phase_u_v,4993136,1786326464752,8.071,V
serial:COM8/phase_v_v,4993136,1786326464752,8.071,V
serial:COM8/phase_w_v,4993136,1786326464752,8.098,V
serial:COM8/motor_angle,4993138,1786326464752,139.42,deg
serial:COM8/phase_u_v,4993138,1786326464752,7.563,V
serial:COM8/phase_v_v,4993138,1786326464752,7.574,V
serial:COM8/phase_w_v,4993138,1786326464752,7.596,V
serial:COM8/motor_angle,4993140,1786326464752,139.37,deg
serial:COM8/phase_u_v,4993140,1786326464752,7.709,V
serial:COM8/phase_v_v,4993140,1786326464752,7.725,V
serial:COM8/phase_w_v,4993140,1786326464752,7.747,V
serial:COM8/motor_angle,4993142,1786326464752,139.39,deg
serial:COM8/phase_u_v,4993142,1786326464752,7.860,V
serial:COM8/phase_v_v,4993142,1786326464752,7.876,V
serial:COM8/phase_w_v,4993142,1786326464752,7.898,V
serial:COM8/motor_angle,4993144,1786326464752,139.37,deg
serial:COM8/phase_u_v,4993144,1786326464752,8.017,V
serial:COM8/phase_v_v,4993144,1786326464752,8.028,V
serial:COM8/phase_w_v,4993144,1786326464752,8.060,V
serial:COM8/motor_angle,4993146,1786326464752,139.37,deg
serial:COM8/phase_u_v,4993146,1786326464752,7.531,V
serial:COM8/phase_v_v,4993146,1786326464752,7.536,V
serial:COM8/phase_w_v,4993146,1786326464752,7.558,V
serial:COM8/motor_angle,4993148,1786326464752,139.33,deg
serial:COM8/phase_u_v,4993148,1786326464752,7.677,V
serial:COM8/phase_v_v,4993148,1786326464752,7.688,V
serial:COM8/phase_w_v,4993148,1786326464752,7.709,V
serial:COM8/motor_angle,4993150,1786326464752,139.42,deg
serial:COM8/phase_u_v,4993150,1786326464752,7.822,V
serial:COM8/phase_v_v,4993150,1786326464752,7.839,V
serial:COM8/phase_w_v,4993150,1786326464752,7.866,V
serial:COM8/motor_angle,4993152,1786326464752,139.42,deg
serial:COM8/phase_u_v,4993152,1786326464752,7.984,V
serial:COM8/phase_v_v,4993152,1786326464752,7.990,V
serial:COM8/phase_w_v,4993152,1786326464752,8.028,V
serial:COM8/motor_angle,4993154,1786326464752,139.35,deg
serial:COM8/phase_u_v,4993154,1786326464752,7.488,V
serial:COM8/phase_v_v,4993154,1786326464752,7.499,V
serial:COM8/phase_w_v,4993154,1786326464752,7.515,V
serial:COM8/motor_angle,4993156,1786326464752,139.39,deg
serial:COM8/phase_u_v,4993156,1786326464752,7.634,V
serial:COM8/phase_v_v,4993156,1786326464752,7.644,V
serial:COM8/phase_w_v,4993156,1786326464752,7.666,V
serial:COM8/motor_angle,4993158,1786326464752,139.42,deg
serial:COM8/phase_u_v,4993158,1786326464752,7.779,V
serial:COM8/phase_v_v,4993158,1786326464752,7.795,V
serial:COM8/phase_w_v,4993158,1786326464752,7.822,V
serial:COM8/motor_angle,4993160,1786326464752,139.42,deg
serial:COM8/phase_u_v,4993160,1786326464752,7.941,V
serial:COM8/phase_v_v,4993160,1786326464752,7.952,V
serial:COM8/phase_w_v,4993160,1786326464752,7.979,V
serial:COM8/motor_angle,4993162,1786326464752,139.37,deg
serial:COM8/phase_u_v,4993162,1786326464752,8.092,V
serial:COM8/phase_v_v,4993162,1786326464752,8.119,V
serial:COM8/phase_w_v,4993162,1786326464752,8.141,V
serial:COM8/motor_angle,4993164,1786326464752,139.35,deg
serial:COM8/phase_u_v,4993164,1786326464752,7.596,V
serial:COM8/phase_v_v,4993164,1786326464752,7.607,V
serial:COM8/phase_w_v,4993164,1786326464752,7.628,V
serial:COM8/motor_angle,4993166,1786326464752,139.37,deg
serial:COM8/phase_u_v,4993166,1786326464752,7.742,V
serial:COM8/phase_v_v,4993166,1786326464752,7.758,V
serial:COM8/phase_w_v,4993166,1786326464752,7.785,V
serial:COM8/motor_angle,4993168,1786326464752,139.39,deg
serial:COM8/phase_u_v,4993168,1786326464752,7.898,V
serial:COM8/phase_v_v,4993168,1786326464752,7.914,V
serial:COM8/phase_w_v,4993168,1786326464752,7.930,V
serial:COM8/motor_angle,4993170,1786326464752,139.42,deg
serial:COM8/phase_u_v,4993170,1786326464752,8.055,V
serial:COM8/phase_v_v,4993170,1786326464752,8.071,V
serial:COM8/phase_w_v,4993170,1786326464752,8.087,V
serial:COM8/motor_angle,4993172,1786326464752,139.33,deg
serial:COM8/phase_u_v,4993172,1786326464752,7.553,V
serial:COM8/phase_v_v,4993172,1786326464752,7.563,V
serial:COM8/phase_w_v,4993172,1786326464752,7.585,V
serial:COM8/motor_angle,4993174,1786326464752,139.39,deg
serial:COM8/phase_u_v,4993174,1786326464752,7.704,V
serial:COM8/phase_v_v,4993174,1786326464752,7.715,V
serial:COM8/phase_w_v,4993174,1786326464752,7.736,V
serial:COM8/motor_angle,4993176,1786326464752,139.44,deg
serial:COM8/phase_u_v,4993176,1786326464752,7.855,V
serial:COM8/phase_v_v,4993176,1786326464752,7.866,V
serial:COM8/phase_w_v,4993176,1786326464752,7.893,V
serial:COM8/motor_angle,4993178,1786326464752,139.37,deg
serial:COM8/phase_u_v,4993178,1786326464752,8.011,V
serial:COM8/phase_v_v,4993178,1786326464752,8.022,V
serial:COM8/phase_w_v,4993178,1786326464752,8.049,V
serial:COM8/motor_angle,4993180,1786326464752,139.37,deg
serial:COM8/phase_u_v,4993180,1786326464752,7.515,V
serial:COM8/phase_v_v,4993180,1786326464752,7.520,V
serial:COM8/phase_w_v,4993180,1786326464752,7.547,V
serial:COM8/motor_angle,4993182,1786326464752,139.33,deg
serial:COM8/phase_u_v,4993182,1786326464752,7.666,V
serial:COM8/phase_v_v,4993182,1786326464752,7.671,V
serial:COM8/phase_w_v,4993182,1786326464752,7.704,V
serial:COM8/motor_angle,4993184,1786326464752,139.44,deg
serial:COM8/phase_u_v,4993184,1786326464752,7.822,V
serial:COM8/phase_v_v,4993184,1786326464752,7.822,V
serial:COM8/phase_w_v,4993184,1786326464752,7.860,V
serial:COM8/motor_angle,4993186,1786326464752,139.37,deg
serial:COM8/phase_u_v,4993186,1786326464752,7.974,V
serial:COM8/phase_v_v,4993186,1786326464752,7.984,V
serial:COM8/phase_w_v,4993186,1786326464752,8.006,V
serial:COM8/motor_angle,4993188,1786326464752,139.39,deg
serial:COM8/phase_u_v,4993188,1786326464752,8.130,V
serial:COM8/phase_v_v,4993188,1786326464752,8.141,V
serial:COM8/phase_w_v,4993188,1786326464752,8.168,V
serial:COM8/motor_angle,4993190,1786326464752,139.39,deg
serial:COM8/phase_u_v,4993190,1786326464752,7.634,V
serial:COM8/phase_v_v,4993190,1786326464752,7.628,V
serial:COM8/phase_w_v,4993190,1786326464752,7.661,V
serial:COM8/motor_angle,4993192,1786326464752,139.33,deg
serial:COM8/phase_u_v,4993192,1786326464752,7.779,V
serial:COM8/phase_v_v,4993192,1786326464752,7.779,V
serial:COM8/phase_w_v,4993192,1786326464752,7.806,V
serial:COM8/motor_angle,4993194,1786326464752,139.37,deg
serial:COM8/phase_u_v,4993194,1786326464752,7.925,V
serial:COM8/phase_v_v,4993194,1786326464752,7.936,V
serial:COM8/phase_w_v,4993194,1786326464752,7.968,V
serial:COM8/motor_angle,4993196,1786326464752,139.37,deg
serial:COM8/phase_u_v,4993196,1786326464752,8.082,V
serial:COM8/phase_v_v,4993196,1786326464752,8.098,V
serial:COM8/phase_w_v,4993196,1786326464752,8.125,V
serial:COM8/motor_angle,4993198,1786326464752,139.39,deg
serial:COM8/phase_u_v,4993198,1786326464752,7.585,V
serial:COM8/phase_v_v,4993198,1786326464752,7.590,V
serial:COM8/phase_w_v,4993198,1786326464752,7.617,V
serial:COM8/motor_angle,4993200,1786326464752,139.37,deg
serial:COM8/phase_u_v,4993200,1786326464752,7.731,V
serial:COM8/phase_v_v,4993200,1786326464752,7.752,V
serial:COM8/phase_w_v,4993200,1786326464752,7.763,V
serial:COM8/motor_angle,4993202,1786326464752,139.42,deg
serial:COM8/phase_u_v,4993202,1786326464752,7.887,V
serial:COM8/phase_v_v,4993202,1786326464752,7.903,V
serial:COM8/phase_w_v,4993202,1786326464752,7.920,V
serial:COM8/motor_angle,4993204,1786326464752,139.37,deg
serial:COM8/phase_u_v,4993204,1786326464752,8.044,V
serial:COM8/phase_v_v,4993204,1786326464752,8.049,V
serial:COM8/phase_w_v,4993204,1786326464752,8.071,V
serial:COM8/motor_angle,4993206,1786326464824,139.39,deg
serial:COM8/phase_u_v,4993206,1786326464824,7.542,V
serial:COM8/phase_v_v,4993206,1786326464824,7.558,V
serial:COM8/phase_w_v,4993206,1786326464824,7.574,V
serial:COM8/motor_angle,4993208,1786326464824,139.46,deg
serial:COM8/phase_u_v,4993208,1786326464824,7.698,V
serial:COM8/phase_v_v,4993208,1786326464824,7.704,V
serial:COM8/phase_w_v,4993208,1786326464824,7.736,V
serial:COM8/motor_angle,4993210,1786326464824,139.39,deg
serial:COM8/phase_u_v,4993210,1786326464824,7.849,V
serial:COM8/phase_v_v,4993210,1786326464824,7.860,V
serial:COM8/phase_w_v,4993210,1786326464824,7.882,V
serial:COM8/motor_angle,4993212,1786326464824,139.42,deg
serial:COM8/phase_u_v,4993212,1786326464824,8.001,V
serial:COM8/phase_v_v,4993212,1786326464824,8.017,V
serial:COM8/phase_w_v,4993212,1786326464824,8.038,V
serial:COM8/motor_angle,4993214,1786326464824,139.42,deg
serial:COM8/phase_u_v,4993214,1786326464824,7.504,V
serial:COM8/phase_v_v,4993214,1786326464824,7.509,V
serial:COM8/phase_w_v,4993214,1786326464824,7.531,V
serial:COM8/motor_angle,4993216,1786326464824,139.39,deg
serial:COM8/phase_u_v,4993216,1786326464824,7.644,V
serial:COM8/phase_v_v,4993216,1786326464824,7.661,V
serial:COM8/phase_w_v,4993216,1786326464824,7.688,V
serial:COM8/motor_angle,4993218,1786326464824,139.42,deg
serial:COM8/phase_u_v,4993218,1786326464824,7.801,V
serial:COM8/phase_v_v,4993218,1786326464824,7.817,V
serial:COM8/phase_w_v,4993218,1786326464824,7.844,V
serial:COM8/motor_angle,4993220,1786326464824,139.37,deg
serial:COM8/phase_u_v,4993220,1786326464824,7.957,V
serial:COM8/phase_v_v,4993220,1786326464824,7.963,V
serial:COM8/phase_w_v,4993220,1786326464824,8.001,V
serial:COM8/motor_angle,4993222,1786326464824,139.39,deg
serial:COM8/phase_u_v,4993222,1786326464824,8.114,V
serial:COM8/phase_v_v,4993222,1786326464824,8.130,V
serial:COM8/phase_w_v,4993222,1786326464824,8.157,V
serial:COM8/motor_angle,4993224,1786326464824,139.39,deg
serial:COM8/phase_u_v,4993224,1786326464824,7.612,V
serial:COM8/phase_v_v,4993224,1786326464824,7.623,V
serial:COM8/phase_w_v,4993224,1786326464824,7.644,V
serial:COM8/motor_angle,4993226,1786326464824,139.37,deg
serial:COM8/phase_u_v,4993226,1786326464824,7.768,V
serial:COM8/phase_v_v,4993226,1786326464824,7.779,V
serial:COM8/phase_w_v,4993226,1786326464824,7.801,V
serial:COM8/motor_angle,4993228,1786326464824,139.44,deg
serial:COM8/phase_u_v,4993228,1786326464824,7.920,V
serial:COM8/phase_v_v,4993228,1786326464824,7.941,V
serial:COM8/phase_w_v,4993228,1786326464824,7.957,V
serial:COM8/motor_angle,4993230,1786326464824,139.39,deg
serial:COM8/phase_u_v,4993230,1786326464824,8.071,V
serial:COM8/phase_v_v,4993230,1786326464824,8.092,V
serial:COM8/phase_w_v,4993230,1786326464824,8.114,V
serial:COM8/motor_angle,4993232,1786326464824,139.39,deg
serial:COM8/phase_u_v,4993232,1786326464824,7.574,V
serial:COM8/phase_v_v,4993232,1786326464824,7.590,V
serial:COM8/phase_w_v,4993232,1786326464824,7.617,V
serial:COM8/motor_angle,4993234,1786326464824,139.37,deg
serial:COM8/phase_u_v,4993234,1786326464824,7.731,V
serial:COM8/phase_v_v,4993234,1786326464824,7.742,V
serial:COM8/phase_w_v,4993234,1786326464824,7.763,V
serial:COM8/motor_angle,4993236,1786326464824,139.42,deg
serial:COM8/phase_u_v,4993236,1786326464824,7.887,V
serial:COM8/phase_v_v,4993236,1786326464824,7.893,V
serial:COM8/phase_w_v,4993236,1786326464824,7.914,V
serial:COM8/motor_angle,4993238,1786326464824,139.39,deg
serial:COM8/phase_u_v,4993238,1786326464824,8.033,V
serial:COM8/phase_v_v,4993238,1786326464824,8.055,V
serial:COM8/phase_w_v,4993238,1786326464824,8.071,V
serial:COM8/motor_angle,4993240,1786326464824,139.39,deg
serial:COM8/phase_u_v,4993240,1786326464824,7.542,V
serial:COM8/phase_v_v,4993240,1786326464824,7.547,V
serial:COM8/phase_w_v,4993240,1786326464824,7.574,V
serial:COM8/motor_angle,4993242,1786326464824,139.39,deg
serial:COM8/phase_u_v,4993242,1786326464824,7.693,V
serial:COM8/phase_v_v,4993242,1786326464824,7.704,V
serial:COM8/phase_w_v,4993242,1786326464824,7.725,V
serial:COM8/motor_angle,4993244,1786326464824,139.37,deg
serial:COM8/phase_u_v,4993244,1786326464824,7.844,V
serial:COM8/phase_v_v,4993244,1786326464824,7.855,V
serial:COM8/phase_w_v,4993244,1786326464824,7.876,V
serial:COM8/motor_angle,4993246,1786326464824,139.33,deg
serial:COM8/phase_u_v,4993246,1786326464824,7.995,V
serial:COM8/phase_v_v,4993246,1786326464824,8.011,V
serial:COM8/phase_w_v,4993246,1786326464824,8.038,V
serial:COM8/motor_angle,4993248,1786326464824,139.44,deg
serial:COM8/phase_u_v,4993248,1786326464824,7.504,V
serial:COM8/phase_v_v,4993248,1786326464824,7.504,V
serial:COM8/phase_w_v,4993248,1786326464824,7.536,V
serial:COM8/motor_angle,4993250,1786326464824,139.35,deg
serial:COM8/phase_u_v,4993250,1786326464824,7.650,V
serial:COM8/phase_v_v,4993250,1786326464824,7.661,V
serial:COM8/phase_w_v,4993250,1786326464824,7.682,V
serial:COM8/motor_angle,4993252,1786326464824,139.44,deg
serial:COM8/phase_u_v,4993252,1786326464824,7.801,V
serial:COM8/phase_v_v,4993252,1786326464824,7.806,V
serial:COM8/phase_w_v,4993252,1786326464824,7.833,V
serial:COM8/motor_angle,4993254,1786326464824,139.37,deg
serial:COM8/phase_u_v,4993254,1786326464824,7.947,V
serial:COM8/phase_v_v,4993254,1786326464824,7.963,V
serial:COM8/phase_w_v,4993254,1786326464824,7.990,V
serial:COM8/motor_angle,4993256,1786326464824,139.39,deg
serial:COM8/phase_u_v,4993256,1786326464824,8.109,V
serial:COM8/phase_v_v,4993256,1786326464824,8.125,V
serial:COM8/phase_w_v,4993256,1786326464824,8.152,V
serial:COM8/motor_angle,4993258,1786326464824,139.39,deg
serial:COM8/phase_u_v,4993258,1786326464824,7.612,V
serial:COM8/phase_v_v,4993258,1786326464824,7.617,V
serial:COM8/phase_w_v,4993258,1786326464824,7.639,V
serial:COM8/motor_angle,4993260,1786326464824,139.42,deg
serial:COM8/phase_u_v,4993260,1786326464824,7.758,V
serial:COM8/phase_v_v,4993260,1786326464824,7.768,V
serial:COM8/phase_w_v,4993260,1786326464824,7.795,V
serial:COM8/motor_angle,4993262,1786326464824,139.35,deg
serial:COM8/phase_u_v,4993262,1786326464824,7.909,V
serial:COM8/phase_v_v,4993262,1786326464824,7.920,V
serial:COM8/phase_w_v,4993262,1786326464824,7.947,V
serial:COM8/motor_angle,4993264,1786326464824,139.39,deg
serial:COM8/phase_u_v,4993264,1786326464824,8.071,V
serial:COM8/phase_v_v,4993264,1786326464824,8.076,V
serial:COM8/phase_w_v,4993264,1786326464824,8.109,V
serial:COM8/motor_angle,4993266,1786326464824,139.37,deg
serial:COM8/phase_u_v,4993266,1786326464824,7.563,V
serial:COM8/phase_v_v,4993266,1786326464824,7.580,V
serial:COM8/phase_w_v,4993266,1786326464824,7.601,V
serial:COM8/motor_angle,4993268,1786326464824,139.37,deg
serial:COM8/phase_u_v,4993268,1786326464824,7.720,V
serial:COM8/phase_v_v,4993268,1786326464824,7.736,V
serial:COM8/phase_w_v,4993268,1786326464824,7.752,V
serial:COM8/motor_angle,4993270,1786326464824,139.35,deg
serial:COM8/phase_u_v,4993270,1786326464824,7.876,V
serial:COM8/phase_v_v,4993270,1786326464824,7.882,V
serial:COM8/phase_w_v,4993270,1786326464824,7.914,V
serial:COM8/motor_angle,4993272,1786326464824,139.39,deg
serial:COM8/phase_u_v,4993272,1786326464824,8.033,V
serial:COM8/phase_v_v,4993272,1786326464824,8.044,V
serial:COM8/phase_w_v,4993272,1786326464824,8.071,V
serial:COM8/motor_angle,4993274,1786326464824,139.37,deg
serial:COM8/phase_u_v,4993274,1786326464824,7.531,V
serial:COM8/phase_v_v,4993274,1786326464824,7.542,V
serial:COM8/phase_w_v,4993274,1786326464824,7.563,V
serial:COM8/motor_angle,4993276,1786326464824,139.37,deg
serial:COM8/phase_u_v,4993276,1786326464824,7.682,V
serial:COM8/phase_v_v,4993276,1786326464824,7.688,V
serial:COM8/phase_w_v,4993276,1786326464824,7.715,V
serial:COM8/motor_angle,4993278,1786326464897,139.42,deg
serial:COM8/phase_u_v,4993278,1786326464897,7.839,V
serial:COM8/phase_v_v,4993278,1786326464897,7.849,V
serial:COM8/phase_w_v,4993278,1786326464897,7.871,V
serial:COM8/motor_angle,4993280,1786326464897,139.39,deg
serial:COM8/phase_u_v,4993280,1786326464897,7.995,V
serial:COM8/phase_v_v,4993280,1786326464897,8.006,V
serial:COM8/phase_w_v,4993280,1786326464897,8.028,V
serial:COM8/motor_angle,4993282,1786326464897,139.39,deg
serial:COM8/phase_u_v,4993282,1786326464897,7.488,V
serial:COM8/phase_v_v,4993282,1786326464897,7.504,V
serial:COM8/phase_w_v,4993282,1786326464897,7.531,V
serial:COM8/motor_angle,4993284,1786326464897,139.39,deg
serial:COM8/phase_u_v,4993284,1786326464897,7.639,V
serial:COM8/phase_v_v,4993284,1786326464897,7.661,V
serial:COM8/phase_w_v,4993284,1786326464897,7.677,V
serial:COM8/motor_angle,4993286,1786326464897,139.35,deg
serial:COM8/phase_u_v,4993286,1786326464897,7.795,V
serial:COM8/phase_v_v,4993286,1786326464897,7.806,V
serial:COM8/phase_w_v,4993286,1786326464897,7.833,V
serial:COM8/motor_angle,4993288,1786326464897,139.42,deg
serial:COM8/phase_u_v,4993288,1786326464897,7.952,V
serial:COM8/phase_v_v,4993288,1786326464897,7.963,V
serial:COM8/phase_w_v,4993288,1786326464897,7.984,V
serial:COM8/motor_angle,4993290,1786326464897,139.35,deg
serial:COM8/phase_u_v,4993290,1786326464897,8.109,V
serial:COM8/phase_v_v,4993290,1786326464897,8.114,V
serial:COM8/phase_w_v,4993290,1786326464897,8.136,V
serial:COM8/motor_angle,4993292,1786326464897,139.33,deg
serial:COM8/phase_u_v,4993292,1786326464897,7.601,V
serial:COM8/phase_v_v,4993292,1786326464897,7.612,V
serial:COM8/phase_w_v,4993292,1786326464897,7.639,V
serial:COM8/motor_angle,4993294,1786326464897,139.33,deg
serial:COM8/phase_u_v,4993294,1786326464897,7.747,V
serial:COM8/phase_v_v,4993294,1786326464897,7.763,V
serial:COM8/phase_w_v,4993294,1786326464897,7.785,V
serial:COM8/motor_angle,4993296,1786326464897,139.42,deg
serial:COM8/phase_u_v,4993296,1786326464897,7.903,V
serial:COM8/phase_v_v,4993296,1786326464897,7.920,V
serial:COM8/phase_w_v,4993296,1786326464897,7.947,V
serial:COM8/motor_angle,4993298,1786326464897,139.42,deg
serial:COM8/phase_u_v,4993298,1786326464897,8.065,V
serial:COM8/phase_v_v,4993298,1786326464897,8.076,V
serial:COM8/phase_w_v,4993298,1786326464897,8.098,V
serial:COM8/motor_angle,4993300,1786326464897,139.37,deg
serial:COM8/phase_u_v,4993300,1786326464897,7.563,V
serial:COM8/phase_v_v,4993300,1786326464897,7.569,V
serial:COM8/phase_w_v,4993300,1786326464897,7.596,V
serial:COM8/motor_angle,4993302,1786326464897,139.42,deg
serial:COM8/phase_u_v,4993302,1786326464897,7.715,V
serial:COM8/phase_v_v,4993302,1786326464897,7.720,V
serial:COM8/phase_w_v,4993302,1786326464897,7.747,V
serial:COM8/motor_angle,4993304,1786326464897,139.39,deg
serial:COM8/phase_u_v,4993304,1786326464897,7.866,V
serial:COM8/phase_v_v,4993304,1786326464897,7.876,V
serial:COM8/phase_w_v,4993304,1786326464897,7.898,V
serial:COM8/motor_angle,4993306,1786326464897,139.39,deg
serial:COM8/phase_u_v,4993306,1786326464897,8.028,V
serial:COM8/phase_v_v,4993306,1786326464897,8.028,V
serial:COM8/phase_w_v,4993306,1786326464897,8.060,V
serial:COM8/motor_angle,4993308,1786326464897,139.37,deg
serial:COM8/phase_u_v,4993308,1786326464897,7.520,V
serial:COM8/phase_v_v,4993308,1786326464897,7.531,V
serial:COM8/phase_w_v,4993308,1786326464897,7.553,V
serial:COM8/motor_angle,4993310,1786326464897,139.44,deg
serial:COM8/phase_u_v,4993310,1786326464897,7.671,V
serial:COM8/phase_v_v,4993310,1786326464897,7.688,V
serial:COM8/phase_w_v,4993310,1786326464897,7.704,V
serial:COM8/motor_angle,4993312,1786326464897,139.44,deg
serial:COM8/phase_u_v,4993312,1786326464897,7.828,V
serial:COM8/phase_v_v,4993312,1786326464897,7.833,V
serial:COM8/phase_w_v,4993312,1786326464897,7.860,V
serial:COM8/motor_angle,4993314,1786326464897,139.39,deg
serial:COM8/phase_u_v,4993314,1786326464897,7.974,V
serial:COM8/phase_v_v,4993314,1786326464897,7.984,V
serial:COM8/phase_w_v,4993314,1786326464897,8.011,V
serial:COM8/motor_angle,4993316,1786326464897,139.37,deg
serial:COM8/phase_u_v,4993316,1786326464897,8.044,V
serial:COM8/phase_v_v,4993316,1786326464897,8.146,V
serial:COM8/phase_w_v,4993316,1786326464897,8.163,V
serial:COM8/motor_angle,4993318,1786326464897,139.37,deg
serial:COM8/phase_u_v,4993318,1786326464897,7.628,V
serial:COM8/phase_v_v,4993318,1786326464897,7.639,V
serial:COM8/phase_w_v,4993318,1786326464897,7.655,V
serial:COM8/motor_angle,4993320,1786326464897,139.39,deg
serial:COM8/phase_u_v,4993320,1786326464897,7.785,V
serial:COM8/phase_v_v,4993320,1786326464897,7.790,V
serial:COM8/phase_w_v,4993320,1786326464897,7.817,V
serial:COM8/motor_angle,4993322,1786326464897,139.37,deg
serial:COM8/phase_u_v,4993322,1786326464897,7.930,V
serial:COM8/phase_v_v,4993322,1786326464897,7.941,V
serial:COM8/phase_w_v,4993322,1786326464897,7.974,V
serial:COM8/motor_angle,4993324,1786326464897,139.33,deg
serial:COM8/phase_u_v,4993324,1786326464897,8.092,V
serial:COM8/phase_v_v,4993324,1786326464897,8.103,V
serial:COM8/phase_w_v,4993324,1786326464897,8.125,V
serial:COM8/motor_angle,4993326,1786326464897,139.39,deg
serial:COM8/phase_u_v,4993326,1786326464897,7.590,V
serial:COM8/phase_v_v,4993326,1786326464897,7.590,V
serial:COM8/phase_w_v,4993326,1786326464897,7.617,V
serial:COM8/motor_angle,4993328,1786326464897,139.39,deg
serial:COM8/phase_u_v,4993328,1786326464897,7.742,V
serial:COM8/phase_v_v,4993328,1786326464897,7.747,V
serial:COM8/phase_w_v,4993328,1786326464897,7.774,V
serial:COM8/motor_angle,4993330,1786326464897,139.46,deg
serial:COM8/phase_u_v,4993330,1786326464897,7.887,V
serial:COM8/phase_v_v,4993330,1786326464897,7.898,V
serial:COM8/phase_w_v,4993330,1786326464897,7.920,V
serial:COM8/motor_angle,4993332,1786326464897,139.37,deg
serial:COM8/phase_u_v,4993332,1786326464897,8.049,V
serial:COM8/phase_v_v,4993332,1786326464897,8.060,V
serial:COM8/phase_w_v,4993332,1786326464897,8.082,V
serial:COM8/motor_angle,4993334,1786326464897,139.39,deg
serial:COM8/phase_u_v,4993334,1786326464897,7.547,V
serial:COM8/phase_v_v,4993334,1786326464897,7.558,V
serial:COM8/phase_w_v,4993334,1786326464897,7.574,V
serial:COM8/motor_angle,4993336,1786326464897,139.39,deg
serial:COM8/phase_u_v,4993336,1786326464897,7.693,V
serial:COM8/phase_v_v,4993336,1786326464897,7.698,V
serial:COM8/phase_w_v,4993336,1786326464897,7.725,V
serial:COM8/motor_angle,4993338,1786326464897,139.44,deg
serial:COM8/phase_u_v,4993338,1786326464897,7.844,V
serial:COM8/phase_v_v,4993338,1786326464897,7.855,V
serial:COM8/phase_w_v,4993338,1786326464897,7.887,V
serial:COM8/motor_angle,4993340,1786326464897,139.42,deg
serial:COM8/phase_u_v,4993340,1786326464897,8.006,V
serial:COM8/phase_v_v,4993340,1786326464897,8.017,V
serial:COM8/phase_w_v,4993340,1786326464897,8.038,V
serial:COM8/motor_angle,4993342,1786326464897,139.37,deg
serial:COM8/phase_u_v,4993342,1786326464897,7.509,V
serial:COM8/phase_v_v,4993342,1786326464897,7.515,V
serial:COM8/phase_w_v,4993342,1786326464897,7.542,V
serial:COM8/motor_angle,4993344,1786326464897,139.37,deg
serial:COM8/phase_u_v,4993344,1786326464897,7.661,V
serial:COM8/phase_v_v,4993344,1786326464897,7.671,V
serial:COM8/phase_w_v,4993344,1786326464897,7.693,V
serial:COM8/motor_angle,4993346,1786326464897,139.37,deg
serial:COM8/phase_u_v,4993346,1786326464897,7.812,V
serial:COM8/phase_v_v,4993346,1786326464897,7.822,V
serial:COM8/phase_w_v,4993346,1786326464897,7.844,V
serial:COM8/motor_angle,4993348,1786326464897,139.37,deg
serial:COM8/phase_u_v,4993348,1786326464897,7.963,V
serial:COM8/phase_v_v,4993348,1786326464897,7.974,V
serial:COM8/phase_w_v,4993348,1786326464897,8.006,V
serial:COM8/motor_angle,4993350,1786326464897,139.44,deg
serial:COM8/phase_u_v,4993350,1786326464897,8.130,V
serial:COM8/phase_v_v,4993350,1786326464897,8.141,V
serial:COM8/phase_w_v,4993350,1786326464897,8.163,V
serial:COM8/motor_angle,4993352,1786326464969,139.42,deg
serial:COM8/phase_u_v,4993352,1786326464969,7.628,V
serial:COM8/phase_v_v,4993352,1786326464969,7.623,V
serial:COM8/phase_w_v,4993352,1786326464969,7.655,V
serial:COM8/motor_angle,4993354,1786326464969,139.37,deg
serial:COM8/phase_u_v,4993354,1786326464969,7.785,V
serial:COM8/phase_v_v,4993354,1786326464969,7.779,V
serial:COM8/phase_w_v,4993354,1786326464969,7.806,V
serial:COM8/motor_angle,4993356,1786326464969,139.42,deg
serial:COM8/phase_u_v,4993356,1786326464969,7.930,V
serial:COM8/phase_v_v,4993356,1786326464969,7.941,V
serial:COM8/phase_w_v,4993356,1786326464969,7.957,V
serial:COM8/motor_angle,4993358,1786326464969,139.39,deg
serial:COM8/phase_u_v,4993358,1786326464969,8.087,V
serial:COM8/phase_v_v,4993358,1786326464969,8.098,V
serial:COM8/phase_w_v,4993358,1786326464969,8.119,V
serial:COM8/motor_angle,4993360,1786326464969,139.37,deg
serial:COM8/phase_u_v,4993360,1786326464969,7.585,V
serial:COM8/phase_v_v,4993360,1786326464969,7.590,V
serial:COM8/phase_w_v,4993360,1786326464969,7.617,V
serial:COM8/motor_angle,4993362,1786326464969,139.42,deg
serial:COM8/phase_u_v,4993362,1786326464969,7.736,V
serial:COM8/phase_v_v,4993362,1786326464969,7.747,V
serial:COM8/phase_w_v,4993362,1786326464969,7.768,V
serial:COM8/motor_angle,4993364,1786326464969,139.37,deg
serial:COM8/phase_u_v,4993364,1786326464969,7.882,V
serial:COM8/phase_v_v,4993364,1786326464969,7.898,V
serial:COM8/phase_w_v,4993364,1786326464969,7.920,V
serial:COM8/motor_angle,4993366,1786326464969,139.44,deg
serial:COM8/phase_u_v,4993366,1786326464969,8.049,V
serial:COM8/phase_v_v,4993366,1786326464969,8.049,V
serial:COM8/phase_w_v,4993366,1786326464969,8.076,V
serial:COM8/motor_angle,4993368,1786326464969,139.39,deg
serial:COM8/phase_u_v,4993368,1786326464969,7.542,V
serial:COM8/phase_v_v,4993368,1786326464969,7.553,V
serial:COM8/phase_w_v,4993368,1786326464969,7.574,V
serial:COM8/motor_angle,4993370,1786326464969,139.35,deg
serial:COM8/phase_u_v,4993370,1786326464969,7.698,V
serial:COM8/phase_v_v,4993370,1786326464969,7.709,V
serial:COM8/phase_w_v,4993370,1786326464969,7.725,V
serial:COM8/motor_angle,4993372,1786326464969,139.37,deg
serial:COM8/phase_u_v,4993372,1786326464969,7.844,V
serial:COM8/phase_v_v,4993372,1786326464969,7.849,V
serial:COM8/phase_w_v,4993372,1786326464969,7.887,V
serial:COM8/motor_angle,4993374,1786326464969,139.37,deg
serial:COM8/phase_u_v,4993374,1786326464969,8.001,V
serial:COM8/phase_v_v,4993374,1786326464969,8.011,V
serial:COM8/phase_w_v,4993374,1786326464969,8.038,V
serial:COM8/motor_angle,4993376,1786326464969,139.37,deg
serial:COM8/phase_u_v,4993376,1786326464969,7.504,V
serial:COM8/phase_v_v,4993376,1786326464969,7.509,V
serial:COM8/phase_w_v,4993376,1786326464969,7.536,V
serial:COM8/motor_angle,4993378,1786326464969,139.35,deg
serial:COM8/phase_u_v,4993378,1786326464969,7.655,V
serial:COM8/phase_v_v,4993378,1786326464969,7.666,V
serial:COM8/phase_w_v,4993378,1786326464969,7.693,V
serial:COM8/motor_angle,4993380,1786326464969,139.44,deg
serial:COM8/phase_u_v,4993380,1786326464969,7.801,V
serial:COM8/phase_v_v,4993380,1786326464969,7.812,V
serial:COM8/phase_w_v,4993380,1786326464969,7.833,V
serial:COM8/motor_angle,4993382,1786326464969,139.37,deg
serial:COM8/phase_u_v,4993382,1786326464969,7.963,V
serial:COM8/phase_v_v,4993382,1786326464969,7.963,V
serial:COM8/phase_w_v,4993382,1786326464969,7.995,V
serial:COM8/motor_angle,4993384,1786326464969,139.37,deg
serial:COM8/phase_u_v,4993384,1786326464969,8.114,V
serial:COM8/phase_v_v,4993384,1786326464969,8.125,V
serial:COM8/phase_w_v,4993384,1786326464969,8.157,V
serial:COM8/motor_angle,4993386,1786326464969,139.39,deg
serial:COM8/phase_u_v,4993386,1786326464969,7.607,V
serial:COM8/phase_v_v,4993386,1786326464969,7.623,V
serial:COM8/phase_w_v,4993386,1786326464969,7.644,V
serial:COM8/motor_angle,4993388,1786326464969,139.39,deg
serial:COM8/phase_u_v,4993388,1786326464969,7.763,V
serial:COM8/phase_v_v,4993388,1786326464969,7.774,V
serial:COM8/phase_w_v,4993388,1786326464969,7.795,V
serial:COM8/motor_angle,4993390,1786326464969,139.39,deg
serial:COM8/phase_u_v,4993390,1786326464969,7.920,V
serial:COM8/phase_v_v,4993390,1786326464969,7.925,V
serial:COM8/phase_w_v,4993390,1786326464969,7.952,V
serial:COM8/motor_angle,4993392,1786326464969,139.37,deg
serial:COM8/phase_u_v,4993392,1786326464969,8.076,V
serial:COM8/phase_v_v,4993392,1786326464969,8.076,V
serial:COM8/phase_w_v,4993392,1786326464969,8.114,V
serial:COM8/motor_angle,4993394,1786326464969,139.39,deg
serial:COM8/phase_u_v,4993394,1786326464969,7.574,V
serial:COM8/phase_v_v,4993394,1786326464969,7.580,V
serial:COM8/phase_w_v,4993394,1786326464969,7.601,V
serial:COM8/motor_angle,4993396,1786326464969,139.39,deg
serial:COM8/phase_u_v,4993396,1786326464969,7.720,V
serial:COM8/phase_v_v,4993396,1786326464969,7.731,V
serial:COM8/phase_w_v,4993396,1786326464969,7.763,V
serial:COM8/motor_angle,4993398,1786326464969,139.37,deg
serial:COM8/phase_u_v,4993398,1786326464969,7.876,V
serial:COM8/phase_v_v,4993398,1786326464969,7.887,V
serial:COM8/phase_w_v,4993398,1786326464969,7.909,V
serial:COM8/motor_angle,4993400,1786326464969,139.42,deg
serial:COM8/phase_u_v,4993400,1786326464969,8.033,V
serial:COM8/phase_v_v,4993400,1786326464969,8.044,V
serial:COM8/phase_w_v,4993400,1786326464969,8.060,V
serial:COM8/motor_angle,4993402,1786326464969,139.42,deg
serial:COM8/phase_u_v,4993402,1786326464969,7.536,V
serial:COM8/phase_v_v,4993402,1786326464969,7.531,V
serial:COM8/phase_w_v,4993402,1786326464969,7.558,V
serial:COM8/motor_angle,4993404,1786326464969,139.39,deg
serial:COM8/phase_u_v,4993404,1786326464969,7.688,V
serial:COM8/phase_v_v,4993404,1786326464969,7.682,V
serial:COM8/phase_w_v,4993404,1786326464969,7.715,V
serial:COM8/motor_angle,4993406,1786326464969,139.48,deg
serial:COM8/phase_u_v,4993406,1786326464969,7.828,V
serial:COM8/phase_v_v,4993406,1786326464969,7.844,V
serial:COM8/phase_w_v,4993406,1786326464969,7.871,V
serial:COM8/motor_angle,4993408,1786326464969,139.42,deg
serial:COM8/phase_u_v,4993408,1786326464969,7.984,V
serial:COM8/phase_v_v,4993408,1786326464969,8.001,V
serial:COM8/phase_w_v,4993408,1786326464969,8.022,V
serial:COM8/motor_angle,4993410,1786326464969,139.39,deg
serial:COM8/phase_u_v,4993410,1786326464969,7.493,V
serial:COM8/phase_v_v,4993410,1786326464969,7.504,V
serial:COM8/phase_w_v,4993410,1786326464969,7.531,V
serial:COM8/motor_angle,4993412,1786326464969,139.37,deg
serial:COM8/phase_u_v,4993412,1786326464969,7.644,V
serial:COM8/phase_v_v,4993412,1786326464969,7.644,V
serial:COM8/phase_w_v,4993412,1786326464969,7.671,V
serial:COM8/motor_angle,4993414,1786326464969,139.37,deg
serial:COM8/phase_u_v,4993414,1786326464969,7.785,V
serial:COM8/phase_v_v,4993414,1786326464969,7.801,V
serial:COM8/phase_w_v,4993414,1786326464969,7.817,V
serial:COM8/motor_angle,4993416,1786326464969,139.33,deg
serial:COM8/phase_u_v,4993416,1786326464969,7.941,V
serial:COM8/phase_v_v,4993416,1786326464969,7.957,V
serial:COM8/phase_w_v,4993416,1786326464969,7.979,V
serial:COM8/motor_angle,4993418,1786326464969,139.39,deg
serial:COM8/phase_u_v,4993418,1786326464969,8.098,V
serial:COM8/phase_v_v,4993418,1786326464969,8.109,V
serial:COM8/phase_w_v,4993418,1786326464969,8.141,V
serial:COM8/motor_angle,4993420,1786326464969,139.35,deg
serial:COM8/phase_u_v,4993420,1786326464969,7.596,V
serial:COM8/phase_v_v,4993420,1786326464969,7.596,V
serial:COM8/phase_w_v,4993420,1786326464969,7.617,V
serial:COM8/motor_angle,4993422,1786326464969,139.42,deg
serial:COM8/phase_u_v,4993422,1786326464969,7.747,V
serial:COM8/phase_v_v,4993422,1786326464969,7.758,V
serial:COM8/phase_w_v,4993422,1786326464969,7.779,V
serial:COM8/motor_angle,4993424,1786326465042,139.37,deg
serial:COM8/phase_u_v,4993424,1786326465042,7.898,V
serial:COM8/phase_v_v,4993424,1786326465042,7.903,V
serial:COM8/phase_w_v,4993424,1786326465042,7.930,V
serial:COM8/motor_angle,4993426,1786326465042,139.37,deg
serial:COM8/phase_u_v,4993426,1786326465042,8.049,V
serial:COM8/phase_v_v,4993426,1786326465042,8.065,V
serial:COM8/phase_w_v,4993426,1786326465042,8.087,V
serial:COM8/motor_angle,4993428,1786326465042,139.39,deg
serial:COM8/phase_u_v,4993428,1786326465042,7.547,V
serial:COM8/phase_v_v,4993428,1786326465042,7.563,V
serial:COM8/phase_w_v,4993428,1786326465042,7.585,V
serial:COM8/motor_angle,4993430,1786326465042,139.42,deg
serial:COM8/phase_u_v,4993430,1786326465042,7.704,V
serial:COM8/phase_v_v,4993430,1786326465042,7.715,V
serial:COM8/phase_w_v,4993430,1786326465042,7.742,V
serial:COM8/motor_angle,4993432,1786326465042,139.35,deg
serial:COM8/phase_u_v,4993432,1786326465042,7.866,V
serial:COM8/phase_v_v,4993432,1786326465042,7.855,V
serial:COM8/phase_w_v,4993432,1786326465042,7.882,V
serial:COM8/motor_angle,4993434,1786326465042,139.39,deg
serial:COM8/phase_u_v,4993434,1786326465042,8.006,V
serial:COM8/phase_v_v,4993434,1786326465042,8.017,V
serial:COM8/phase_w_v,4993434,1786326465042,8.049,V
serial:COM8/motor_angle,4993436,1786326465042,139.39,deg
serial:COM8/phase_u_v,4993436,1786326465042,7.515,V
serial:COM8/phase_v_v,4993436,1786326465042,7.520,V
serial:COM8/phase_w_v,4993436,1786326465042,7.542,V
serial:COM8/motor_angle,4993438,1786326465042,139.35,deg
serial:COM8/phase_u_v,4993438,1786326465042,7.661,V
serial:COM8/phase_v_v,4993438,1786326465042,7.666,V
serial:COM8/phase_w_v,4993438,1786326465042,7.693,V
serial:COM8/motor_angle,4993440,1786326465042,139.37,deg
serial:COM8/phase_u_v,4993440,1786326465042,7.817,V
serial:COM8/phase_v_v,4993440,1786326465042,7.822,V
serial:COM8/phase_w_v,4993440,1786326465042,7.849,V
serial:COM8/motor_angle,4993442,1786326465042,139.37,deg
serial:COM8/phase_u_v,4993442,1786326465042,7.968,V
serial:COM8/phase_v_v,4993442,1786326465042,7.979,V
serial:COM8/phase_w_v,4993442,1786326465042,8.001,V
serial:COM8/motor_angle,4993444,1786326465042,139.39,deg
serial:COM8/phase_u_v,4993444,1786326465042,8.130,V
serial:COM8/phase_v_v,4993444,1786326465042,8.130,V
serial:COM8/phase_w_v,4993444,1786326465042,8.157,V
serial:COM8/motor_angle,4993446,1786326465042,139.35,deg
serial:COM8/phase_u_v,4993446,1786326465042,7.623,V
serial:COM8/phase_v_v,4993446,1786326465042,7.628,V
serial:COM8/phase_w_v,4993446,1786326465042,7.661,V
serial:COM8/motor_angle,4993448,1786326465042,139.39,deg
serial:COM8/phase_u_v,4993448,1786326465042,7.768,V
serial:COM8/phase_v_v,4993448,1786326465042,7.785,V
serial:COM8/phase_w_v,4993448,1786326465042,7.806,V
serial:COM8/motor_angle,4993450,1786326465042,139.37,deg
serial:COM8/phase_u_v,4993450,1786326465042,7.930,V
serial:COM8/phase_v_v,4993450,1786326465042,7.930,V
serial:COM8/phase_w_v,4993450,1786326465042,7.957,V
serial:COM8/motor_angle,4993452,1786326465042,139.37,deg
serial:COM8/phase_u_v,4993452,1786326465042,8.082,V
serial:COM8/phase_v_v,4993452,1786326465042,8.087,V
serial:COM8/phase_w_v,4993452,1786326465042,8.114,V
serial:COM8/motor_angle,4993454,1786326465042,139.37,deg
serial:COM8/phase_u_v,4993454,1786326465042,7.574,V
serial:COM8/phase_v_v,4993454,1786326465042,7.585,V
serial:COM8/phase_w_v,4993454,1786326465042,7.617,V
serial:COM8/motor_angle,4993456,1786326465042,139.39,deg
serial:COM8/phase_u_v,4993456,1786326465042,7.725,V
serial:COM8/phase_v_v,4993456,1786326465042,7.731,V
serial:COM8/phase_w_v,4993456,1786326465042,7.758,V
serial:COM8/motor_angle,4993458,1786326465042,139.37,deg
serial:COM8/phase_u_v,4993458,1786326465042,7.876,V
serial:COM8/phase_v_v,4993458,1786326465042,7.887,V
serial:COM8/phase_w_v,4993458,1786326465042,7.920,V
serial:COM8/motor_angle,4993460,1786326465042,139.37,deg
serial:COM8/phase_u_v,4993460,1786326465042,8.038,V
serial:COM8/phase_v_v,4993460,1786326465042,8.044,V
serial:COM8/phase_w_v,4993460,1786326465042,8.082,V
serial:COM8/motor_angle,4993462,1786326465042,139.46,deg
serial:COM8/phase_u_v,4993462,1786326465042,7.531,V
serial:COM8/phase_v_v,4993462,1786326465042,7.547,V
serial:COM8/phase_w_v,4993462,1786326465042,7.574,V
serial:COM8/motor_angle,4993464,1786326465042,139.42,deg
serial:COM8/phase_u_v,4993464,1786326465042,7.688,V
serial:COM8/phase_v_v,4993464,1786326465042,7.693,V
serial:COM8/phase_w_v,4993464,1786326465042,7.725,V
serial:COM8/motor_angle,4993466,1786326465042,139.39,deg
serial:COM8/phase_u_v,4993466,1786326465042,7.839,V
serial:COM8/phase_v_v,4993466,1786326465042,7.844,V
serial:COM8/phase_w_v,4993466,1786326465042,7.882,V
serial:COM8/motor_angle,4993468,1786326465042,139.33,deg
serial:COM8/phase_u_v,4993468,1786326465042,8.001,V
serial:COM8/phase_v_v,4993468,1786326465042,8.001,V
serial:COM8/phase_w_v,4993468,1786326465042,8.028,V
serial:COM8/motor_angle,4993470,1786326465042,139.37,deg
serial:COM8/phase_u_v,4993470,1786326465042,7.499,V
serial:COM8/phase_v_v,4993470,1786326465042,7.504,V
serial:COM8/phase_w_v,4993470,1786326465042,7.536,V
serial:COM8/motor_angle,4993472,1786326465042,139.46,deg
serial:COM8/phase_u_v,4993472,1786326465042,7.644,V
serial:COM8/phase_v_v,4993472,1786326465042,7.650,V
serial:COM8/phase_w_v,4993472,1786326465042,7.677,V
serial:COM8/motor_angle,4993474,1786326465042,139.39,deg
serial:COM8/phase_u_v,4993474,1786326465042,7.801,V
serial:COM8/phase_v_v,4993474,1786326465042,7.801,V
serial:COM8/phase_w_v,4993474,1786326465042,7.828,V
serial:COM8/motor_angle,4993476,1786326465042,139.37,deg
serial:COM8/phase_u_v,4993476,1786326465042,7.952,V
serial:COM8/phase_v_v,4993476,1786326465042,7.963,V
serial:COM8/phase_w_v,4993476,1786326465042,7.984,V
serial:COM8/motor_angle,4993478,1786326465042,139.39,deg
serial:COM8/phase_u_v,4993478,1786326465042,8.103,V
serial:COM8/phase_v_v,4993478,1786326465042,8.114,V
serial:COM8/phase_w_v,4993478,1786326465042,8.146,V
serial:COM8/motor_angle,4993480,1786326465042,139.35,deg
serial:COM8/phase_u_v,4993480,1786326465042,7.596,V
serial:COM8/phase_v_v,4993480,1786326465042,7.612,V
serial:COM8/phase_w_v,4993480,1786326465042,7.634,V
serial:COM8/motor_angle,4993482,1786326465042,139.33,deg
serial:COM8/phase_u_v,4993482,1786326465042,7.758,V
serial:COM8/phase_v_v,4993482,1786326465042,7.763,V
serial:COM8/phase_w_v,4993482,1786326465042,7.790,V
serial:COM8/motor_angle,4993484,1786326465042,139.37,deg
serial:COM8/phase_u_v,4993484,1786326465042,7.909,V
serial:COM8/phase_v_v,4993484,1786326465042,7.914,V
serial:COM8/phase_w_v,4993484,1786326465042,7.947,V
serial:COM8/motor_angle,4993486,1786326465042,139.37,deg
serial:COM8/phase_u_v,4993486,1786326465042,8.065,V
serial:COM8/phase_v_v,4993486,1786326465042,8.071,V
serial:COM8/phase_w_v,4993486,1786326465042,8.103,V
serial:COM8/motor_angle,4993488,1786326465042,139.33,deg
serial:COM8/phase_u_v,4993488,1786326465042,7.558,V
serial:COM8/phase_v_v,4993488,1786326465042,7.574,V
serial:COM8/phase_w_v,4993488,1786326465042,7.596,V
serial:COM8/motor_angle,4993490,1786326465042,139.33,deg
serial:COM8/phase_u_v,4993490,1786326465042,7.715,V
serial:COM8/phase_v_v,4993490,1786326465042,7.720,V
serial:COM8/phase_w_v,4993490,1786326465042,7.747,V
serial:COM8/motor_angle,4993492,1786326465042,139.42,deg
serial:COM8/phase_u_v,4993492,1786326465042,7.876,V
serial:COM8/phase_v_v,4993492,1786326465042,7.876,V
serial:COM8/phase_w_v,4993492,1786326465042,7.898,V
serial:COM8/motor_angle,4993494,1786326465042,139.42,deg
serial:COM8/phase_u_v,4993494,1786326465042,8.028,V
serial:COM8/phase_v_v,4993494,1786326465042,8.038,V
serial:COM8/phase_w_v,4993494,1786326465042,8.060,V
serial:COM8/motor_angle,4993496,1786326465114,139.35,deg
serial:COM8/phase_u_v,4993496,1786326465114,7.520,V
serial:COM8/phase_v_v,4993496,1786326465114,7.536,V
serial:COM8/phase_w_v,4993496,1786326465114,7.558,V
serial:COM8/motor_angle,4993498,1786326465114,139.42,deg
serial:COM8/phase_u_v,4993498,1786326465114,7.671,V
serial:COM8/phase_v_v,4993498,1786326465114,7.688,V
serial:COM8/phase_w_v,4993498,1786326465114,7.704,V
serial:COM8/motor_angle,4993500,1786326465114,139.42,deg
serial:COM8/phase_u_v,4993500,1786326465114,7.828,V
serial:COM8/phase_v_v,4993500,1786326465114,7.833,V
serial:COM8/phase_w_v,4993500,1786326465114,7.860,V
serial:COM8/motor_angle,4993502,1786326465114,139.39,deg
serial:COM8/phase_u_v,4993502,1786326465114,7.979,V
serial:COM8/phase_v_v,4993502,1786326465114,7.990,V
serial:COM8/phase_w_v,4993502,1786326465114,8.017,V
serial:COM8/motor_angle,4993504,1786326465114,139.33,deg
serial:COM8/phase_u_v,4993504,1786326465114,7.482,V
serial:COM8/phase_v_v,4993504,1786326465114,8.157,V
serial:COM8/phase_w_v,4993504,1786326465114,8.173,V
serial:COM8/motor_angle,4993506,1786326465114,139.39,deg
serial:COM8/phase_u_v,4993506,1786326465114,7.628,V
serial:COM8/phase_v_v,4993506,1786326465114,7.634,V
serial:COM8/phase_w_v,4993506,1786326465114,7.666,V
serial:COM8/motor_angle,4993508,1786326465114,139.44,deg
serial:COM8/phase_u_v,4993508,1786326465114,7.785,V
serial:COM8/phase_v_v,4993508,1786326465114,7.790,V
serial:COM8/phase_w_v,4993508,1786326465114,7.817,V
serial:COM8/motor_angle,4993510,1786326465114,139.39,deg
serial:COM8/phase_u_v,4993510,1786326465114,7.930,V
serial:COM8/phase_v_v,4993510,1786326465114,7.941,V
serial:COM8/phase_w_v,4993510,1786326465114,7.974,V
serial:COM8/motor_angle,4993512,1786326465114,139.37,deg
serial:COM8/phase_u_v,4993512,1786326465114,8.098,V
serial:COM8/phase_v_v,4993512,1786326465114,8.109,V
serial:COM8/phase_w_v,4993512,1786326465114,8.130,V
serial:COM8/motor_angle,4993514,1786326465114,139.39,deg
serial:COM8/phase_u_v,4993514,1786326465114,7.590,V
serial:COM8/phase_v_v,4993514,1786326465114,7.601,V
serial:COM8/phase_w_v,4993514,1786326465114,7.623,V
serial:COM8/motor_angle,4993516,1786326465114,139.37,deg
serial:COM8/phase_u_v,4993516,1786326465114,7.742,V
serial:COM8/phase_v_v,4993516,1786326465114,7.758,V
serial:COM8/phase_w_v,4993516,1786326465114,7.774,V
serial:COM8/motor_angle,4993518,1786326465114,139.39,deg
serial:COM8/phase_u_v,4993518,1786326465114,7.898,V
serial:COM8/phase_v_v,4993518,1786326465114,7.909,V
serial:COM8/phase_w_v,4993518,1786326465114,7.936,V
serial:COM8/motor_angle,4993520,1786326465114,139.37,deg
serial:COM8/phase_u_v,4993520,1786326465114,8.060,V
serial:COM8/phase_v_v,4993520,1786326465114,8.060,V
serial:COM8/phase_w_v,4993520,1786326465114,8.082,V
serial:COM8/motor_angle,4993522,1786326465114,139.42,deg
serial:COM8/phase_u_v,4993522,1786326465114,7.558,V
serial:COM8/phase_v_v,4993522,1786326465114,7.553,V
serial:COM8/phase_w_v,4993522,1786326465114,7.585,V
serial:COM8/motor_angle,4993524,1786326465114,139.37,deg
serial:COM8/phase_u_v,4993524,1786326465114,7.698,V
serial:COM8/phase_v_v,4993524,1786326465114,7.715,V
serial:COM8/phase_w_v,4993524,1786326465114,7.742,V
serial:COM8/motor_angle,4993526,1786326465114,139.39,deg
serial:COM8/phase_u_v,4993526,1786326465114,7.855,V
serial:COM8/phase_v_v,4993526,1786326465114,7.871,V
serial:COM8/phase_w_v,4993526,1786326465114,7.887,V
serial:COM8/motor_angle,4993528,1786326465114,139.42,deg
serial:COM8/phase_u_v,4993528,1786326465114,8.017,V
serial:COM8/phase_v_v,4993528,1786326465114,8.017,V
serial:COM8/phase_w_v,4993528,1786326465114,8.049,V
serial:COM8/motor_angle,4993530,1786326465114,139.42,deg
serial:COM8/phase_u_v,4993530,1786326465114,7.504,V
serial:COM8/phase_v_v,4993530,1786326465114,7.526,V
serial:COM8/phase_w_v,4993530,1786326465114,7.547,V
serial:COM8/motor_angle,4993532,1786326465114,139.33,deg
serial:COM8/phase_u_v,4993532,1786326465114,7.661,V
serial:COM8/phase_v_v,4993532,1786326465114,7.677,V
serial:COM8/phase_w_v,4993532,1786326465114,7.698,V
serial:COM8/motor_angle,4993534,1786326465114,139.37,deg
serial:COM8/phase_u_v,4993534,1786326465114,7.817,V
serial:COM8/phase_v_v,4993534,1786326465114,7.822,V
serial:COM8/phase_w_v,4993534,1786326465114,7.855,V
serial:COM8/motor_angle,4993536,1786326465114,139.37,deg
serial:COM8/phase_u_v,4993536,1786326465114,7.968,V
serial:COM8/phase_v_v,4993536,1786326465114,7.984,V
serial:COM8/phase_w_v,4993536,1786326465114,8.006,V
serial:COM8/motor_angle,4993538,1786326465114,139.42,deg
serial:COM8/phase_u_v,4993538,1786326465114,8.130,V
serial:COM8/phase_v_v,4993538,1786326465114,8.141,V
serial:COM8/phase_w_v,4993538,1786326465114,8.168,V
serial:COM8/motor_angle,4993540,1786326465114,139.39,deg
serial:COM8/phase_u_v,4993540,1786326465114,7.617,V
serial:COM8/phase_v_v,4993540,1786326465114,7.634,V
serial:COM8/phase_w_v,4993540,1786326465114,7.661,V
serial:COM8/motor_angle,4993542,1786326465114,139.44,deg
serial:COM8/phase_u_v,4993542,1786326465114,7.779,V
serial:COM8/phase_v_v,4993542,1786326465114,7.785,V
serial:COM8/phase_w_v,4993542,1786326465114,7.812,V
serial:COM8/motor_angle,4993544,1786326465114,139.33,deg
serial:COM8/phase_u_v,4993544,1786326465114,7.936,V
serial:COM8/phase_v_v,4993544,1786326465114,7.936,V
serial:COM8/phase_w_v,4993544,1786326465114,7.963,V
serial:COM8/motor_angle,4993546,1786326465114,139.44,deg
serial:COM8/phase_u_v,4993546,1786326465114,8.076,V
serial:COM8/phase_v_v,4993546,1786326465114,8.098,V
serial:COM8/phase_w_v,4993546,1786326465114,8.125,V
serial:COM8/motor_angle,4993548,1786326465114,139.42,deg
serial:COM8/phase_u_v,4993548,1786326465114,7.585,V
serial:COM8/phase_v_v,4993548,1786326465114,7.590,V
serial:COM8/phase_w_v,4993548,1786326465114,7.617,V
serial:COM8/motor_angle,4993550,1786326465114,139.42,deg
serial:COM8/phase_u_v,4993550,1786326465114,7.731,V
serial:COM8/phase_v_v,4993550,1786326465114,7.742,V
serial:COM8/phase_w_v,4993550,1786326465114,7.768,V
serial:COM8/motor_angle,4993552,1786326465114,139.39,deg
serial:COM8/phase_u_v,4993552,1786326465114,7.893,V
serial:COM8/phase_v_v,4993552,1786326465114,7.893,V
serial:COM8/phase_w_v,4993552,1786326465114,7.925,V
serial:COM8/motor_angle,4993554,1786326465114,139.35,deg
serial:COM8/phase_u_v,4993554,1786326465114,8.044,V
serial:COM8/phase_v_v,4993554,1786326465114,8.044,V
serial:COM8/phase_w_v,4993554,1786326465114,8.082,V
serial:COM8/motor_angle,4993556,1786326465114,139.37,deg
serial:COM8/phase_u_v,4993556,1786326465114,7.542,V
serial:COM8/phase_v_v,4993556,1786326465114,7.547,V
serial:COM8/phase_w_v,4993556,1786326465114,7.574,V
serial:COM8/motor_angle,4993558,1786326465114,139.39,deg
serial:COM8/phase_u_v,4993558,1786326465114,7.693,V
serial:COM8/phase_v_v,4993558,1786326465114,7.698,V
serial:COM8/phase_w_v,4993558,1786326465114,7.731,V
serial:COM8/motor_angle,4993560,1786326465114,139.44,deg
serial:COM8/phase_u_v,4993560,1786326465114,7.844,V
serial:COM8/phase_v_v,4993560,1786326465114,7.849,V
serial:COM8/phase_w_v,4993560,1786326465114,7.882,V
serial:COM8/motor_angle,4993562,1786326465114,139.39,deg
serial:COM8/phase_u_v,4993562,1786326465114,8.001,V
serial:COM8/phase_v_v,4993562,1786326465114,8.006,V
serial:COM8/phase_w_v,4993562,1786326465114,8.044,V
serial:COM8/motor_angle,4993564,1786326465114,139.39,deg
serial:COM8/phase_u_v,4993564,1786326465114,7.504,V
serial:COM8/phase_v_v,4993564,1786326465114,7.509,V
serial:COM8/phase_w_v,4993564,1786326465114,7.536,V
serial:COM8/motor_angle,4993566,1786326465114,139.37,deg
serial:COM8/phase_u_v,4993566,1786326465114,7.650,V
serial:COM8/phase_v_v,4993566,1786326465114,7.661,V
serial:COM8/phase_w_v,4993566,1786326465114,7.688,V
serial:COM8/motor_angle,4993568,1786326465188,139.44,deg
serial:COM8/phase_u_v,4993568,1786326465188,7.806,V
serial:COM8/phase_v_v,4993568,1786326465188,7.806,V
serial:COM8/phase_w_v,4993568,1786326465188,7.833,V
serial:COM8/motor_angle,4993570,1786326465188,139.42,deg
serial:COM8/phase_u_v,4993570,1786326465188,7.957,V
serial:COM8/phase_v_v,4993570,1786326465188,7.963,V
serial:COM8/phase_w_v,4993570,1786326465188,7.990,V
serial:COM8/motor_angle,4993572,1786326465188,139.37,deg
serial:COM8/phase_u_v,4993572,1786326465188,8.119,V
serial:COM8/phase_v_v,4993572,1786326465188,8.119,V
serial:COM8/phase_w_v,4993572,1786326465188,8.146,V
serial:COM8/motor_angle,4993574,1786326465188,139.37,deg
serial:COM8/phase_u_v,4993574,1786326465188,7.607,V
serial:COM8/phase_v_v,4993574,1786326465188,7.623,V
serial:COM8/phase_w_v,4993574,1786326465188,7.644,V
serial:COM8/motor_angle,4993576,1786326465188,139.44,deg
serial:COM8/phase_u_v,4993576,1786326465188,7.758,V
serial:COM8/phase_v_v,4993576,1786326465188,7.768,V
serial:COM8/phase_w_v,4993576,1786326465188,7.795,V
serial:COM8/motor_angle,4993578,1786326465188,139.39,deg
serial:COM8/phase_u_v,4993578,1786326465188,7.914,V
serial:COM8/phase_v_v,4993578,1786326465188,7.925,V
serial:COM8/phase_w_v,4993578,1786326465188,7.947,V
serial:COM8/motor_angle,4993580,1786326465188,139.37,deg
serial:COM8/phase_u_v,4993580,1786326465188,8.071,V
serial:COM8/phase_v_v,4993580,1786326465188,8.082,V
serial:COM8/phase_w_v,4993580,1786326465188,8.109,V
serial:COM8/motor_angle,4993582,1786326465188,139.37,deg
serial:COM8/phase_u_v,4993582,1786326465188,7.574,V
serial:COM8/phase_v_v,4993582,1786326465188,7.585,V
serial:COM8/phase_w_v,4993582,1786326465188,7.607,V
serial:COM8/motor_angle,4993584,1786326465188,139.37,deg
serial:COM8/phase_u_v,4993584,1786326465188,7.720,V
serial:COM8/phase_v_v,4993584,1786326465188,7.731,V
serial:COM8/phase_w_v,4993584,1786326465188,7.747,V
serial:COM8/motor_angle,4993586,1786326465188,139.39,deg
serial:COM8/phase_u_v,4993586,1786326465188,7.876,V
serial:COM8/phase_v_v,4993586,1786326465188,7.882,V
serial:COM8/phase_w_v,4993586,1786326465188,7.909,V
serial:COM8/motor_angle,4993588,1786326465188,139.39,deg
serial:COM8/phase_u_v,4993588,1786326465188,8.033,V
serial:COM8/phase_v_v,4993588,1786326465188,8.038,V
serial:COM8/phase_w_v,4993588,1786326465188,8.060,V
serial:COM8/motor_angle,4993590,1786326465188,139.37,deg
serial:COM8/phase_u_v,4993590,1786326465188,7.520,V
serial:COM8/phase_v_v,4993590,1786326465188,7.536,V
serial:COM8/phase_w_v,4993590,1786326465188,7.563,V
serial:COM8/motor_angle,4993592,1786326465188,139.42,deg
serial:COM8/phase_u_v,4993592,1786326465188,7.688,V
serial:COM8/phase_v_v,4993592,1786326465188,7.693,V
serial:COM8/phase_w_v,4993592,1786326465188,7.709,V
serial:COM8/motor_angle,4993594,1786326465188,139.37,deg
serial:COM8/phase_u_v,4993594,1786326465188,7.833,V
serial:COM8/phase_v_v,4993594,1786326465188,7.844,V
serial:COM8/phase_w_v,4993594,1786326465188,7.871,V
serial:COM8/motor_angle,4993596,1786326465188,139.37,deg
serial:COM8/phase_u_v,4993596,1786326465188,7.984,V
serial:COM8/phase_v_v,4993596,1786326465188,8.001,V
serial:COM8/phase_w_v,4993596,1786326465188,8.022,V
serial:COM8/motor_angle,4993598,1786326465188,139.42,deg
serial:COM8/phase_u_v,4993598,1786326465188,7.499,V
serial:COM8/phase_v_v,4993598,1786326465188,7.499,V
serial:COM8/phase_w_v,4993598,1786326465188,7.526,V
serial:COM8/motor_angle,4993600,1786326465188,139.44,deg
serial:COM8/phase_u_v,4993600,1786326465188,7.644,V
serial:COM8/phase_v_v,4993600,1786326465188,7.644,V
serial:COM8/phase_w_v,4993600,1786326465188,7.671,V
serial:COM8/motor_angle,4993602,1786326465188,139.35,deg
serial:COM8/phase_u_v,4993602,1786326465188,7.790,V
serial:COM8/phase_v_v,4993602,1786326465188,7.795,V
serial:COM8/phase_w_v,4993602,1786326465188,7.828,V
serial:COM8/motor_angle,4993604,1786326465188,139.35,deg
serial:COM8/phase_u_v,4993604,1786326465188,7.952,V
serial:COM8/phase_v_v,4993604,1786326465188,7.957,V
serial:COM8/phase_w_v,4993604,1786326465188,7.990,V
serial:COM8/motor_angle,4993606,1786326465188,139.35,deg
serial:COM8/phase_u_v,4993606,1786326465188,8.109,V
serial:COM8/phase_v_v,4993606,1786326465188,8.114,V
serial:COM8/phase_w_v,4993606,1786326465188,8.146,V
serial:COM8/motor_angle,4993608,1786326465188,139.35,deg
serial:COM8/phase_u_v,4993608,1786326465188,7.601,V
serial:COM8/phase_v_v,4993608,1786326465188,7.612,V
serial:COM8/phase_w_v,4993608,1786326465188,7.634,V
serial:COM8/motor_angle,4993610,1786326465188,139.35,deg
serial:COM8/phase_u_v,4993610,1786326465188,7.747,V
serial:COM8/phase_v_v,4993610,1786326465188,7.763,V
serial:COM8/phase_w_v,4993610,1786326465188,7.785,V
serial:COM8/motor_angle,4993612,1786326465188,139.42,deg
serial:COM8/phase_u_v,4993612,1786326465188,7.914,V
serial:COM8/phase_v_v,4993612,1786326465188,7.920,V
serial:COM8/phase_w_v,4993612,1786326465188,7.947,V
serial:COM8/motor_angle,4993614,1786326465188,139.42,deg
serial:COM8/phase_u_v,4993614,1786326465188,8.071,V
serial:COM8/phase_v_v,4993614,1786326465188,8.082,V
serial:COM8/phase_w_v,4993614,1786326465188,8.109,V
serial:COM8/motor_angle,4993616,1786326465188,139.35,deg
serial:COM8/phase_u_v,4993616,1786326465188,7.574,V
serial:COM8/phase_v_v,4993616,1786326465188,7.585,V
serial:COM8/phase_w_v,4993616,1786326465188,7.601,V
serial:COM8/motor_angle,4993618,1786326465188,139.44,deg
serial:COM8/phase_u_v,4993618,1786326465188,7.715,V
serial:COM8/phase_v_v,4993618,1786326465188,7.725,V
serial:COM8/phase_w_v,4993618,1786326465188,7.758,V
serial:COM8/motor_angle,4993620,1786326465188,139.37,deg
serial:COM8/phase_u_v,4993620,1786326465188,7.871,V
serial:COM8/phase_v_v,4993620,1786326465188,7.876,V
serial:COM8/phase_w_v,4993620,1786326465188,7.914,V
serial:COM8/motor_angle,4993622,1786326465188,139.39,deg
serial:COM8/phase_u_v,4993622,1786326465188,8.038,V
serial:COM8/phase_v_v,4993622,1786326465188,8.038,V
serial:COM8/phase_w_v,4993622,1786326465188,8.071,V
serial:COM8/motor_angle,4993624,1786326465188,139.42,deg
serial:COM8/phase_u_v,4993624,1786326465188,7.531,V
serial:COM8/phase_v_v,4993624,1786326465188,7.542,V
serial:COM8/phase_w_v,4993624,1786326465188,7.563,V
serial:COM8/motor_angle,4993626,1786326465188,139.46,deg
serial:COM8/phase_u_v,4993626,1786326465188,7.677,V
serial:COM8/phase_v_v,4993626,1786326465188,7.688,V
serial:COM8/phase_w_v,4993626,1786326465188,7.720,V
serial:COM8/motor_angle,4993628,1786326465188,139.39,deg
serial:COM8/phase_u_v,4993628,1786326465188,7.833,V
serial:COM8/phase_v_v,4993628,1786326465188,7.844,V
serial:COM8/phase_w_v,4993628,1786326465188,7.866,V
serial:COM8/motor_angle,4993630,1786326465188,139.39,deg
serial:COM8/phase_u_v,4993630,1786326465188,7.990,V
serial:COM8/phase_v_v,4993630,1786326465188,7.990,V
serial:COM8/phase_w_v,4993630,1786326465188,8.022,V
serial:COM8/motor_angle,4993632,1786326465188,139.39,deg
serial:COM8/phase_u_v,4993632,1786326465188,7.499,V
serial:COM8/phase_v_v,4993632,1786326465188,7.504,V
serial:COM8/phase_w_v,4993632,1786326465188,7.520,V
serial:COM8/motor_angle,4993634,1786326465188,139.42,deg
serial:COM8/phase_u_v,4993634,1786326465188,7.639,V
serial:COM8/phase_v_v,4993634,1786326465188,7.650,V
serial:COM8/phase_w_v,4993634,1786326465188,7.677,V
serial:COM8/motor_angle,4993636,1786326465188,139.42,deg
serial:COM8/phase_u_v,4993636,1786326465188,7.795,V
serial:COM8/phase_v_v,4993636,1786326465188,7.795,V
serial:COM8/phase_w_v,4993636,1786326465188,7.822,V
serial:COM8/motor_angle,4993638,1786326465188,139.37,deg
serial:COM8/phase_u_v,4993638,1786326465188,7.941,V
serial:COM8/phase_v_v,4993638,1786326465188,7.957,V
serial:COM8/phase_w_v,4993638,1786326465188,7.984,V
serial:COM8/motor_angle,4993640,1786326465188,139.35,deg
serial:COM8/phase_u_v,4993640,1786326465188,8.103,V
serial:COM8/phase_v_v,4993640,1786326465188,8.114,V
serial:COM8/phase_w_v,4993640,1786326465188,8.141,V
serial:COM8/motor_angle,4993642,1786326465260,139.37,deg
serial:COM8/phase_u_v,4993642,1786326465260,7.601,V
serial:COM8/phase_v_v,4993642,1786326465260,7.607,V
serial:COM8/phase_w_v,4993642,1786326465260,7.644,V
serial:COM8/motor_angle,4993644,1786326465260,139.42,deg
serial:COM8/phase_u_v,4993644,1786326465260,7.747,V
serial:COM8/phase_v_v,4993644,1786326465260,7.763,V
serial:COM8/phase_w_v,4993644,1786326465260,7.785,V
serial:COM8/motor_angle,4993646,1786326465260,139.37,deg
serial:COM8/phase_u_v,4993646,1786326465260,7.909,V
serial:COM8/phase_v_v,4993646,1786326465260,7.920,V
serial:COM8/phase_w_v,4993646,1786326465260,7.941,V
serial:COM8/motor_angle,4993648,1786326465260,139.37,deg
serial:COM8/phase_u_v,4993648,1786326465260,8.065,V
serial:COM8/phase_v_v,4993648,1786326465260,8.071,V
serial:COM8/phase_w_v,4993648,1786326465260,8.098,V
serial:COM8/motor_angle,4993650,1786326465260,139.33,deg
serial:COM8/phase_u_v,4993650,1786326465260,7.563,V
serial:COM8/phase_v_v,4993650,1786326465260,7.569,V
serial:COM8/phase_w_v,4993650,1786326465260,7.607,V
serial:COM8/motor_angle,4993652,1786326465260,139.39,deg
serial:COM8/phase_u_v,4993652,1786326465260,7.709,V
serial:COM8/phase_v_v,4993652,1786326465260,7.731,V
serial:COM8/phase_w_v,4993652,1786326465260,7.752,V
serial:COM8/motor_angle,4993654,1786326465260,139.42,deg
serial:COM8/phase_u_v,4993654,1786326465260,7.876,V
serial:COM8/phase_v_v,4993654,1786326465260,7.882,V
serial:COM8/phase_w_v,4993654,1786326465260,7.909,V
serial:COM8/motor_angle,4993656,1786326465260,139.42,deg
serial:COM8/phase_u_v,4993656,1786326465260,8.028,V
serial:COM8/phase_v_v,4993656,1786326465260,8.028,V
serial:COM8/phase_w_v,4993656,1786326465260,8.065,V
serial:COM8/motor_angle,4993658,1786326465260,139.37,deg
serial:COM8/phase_u_v,4993658,1786326465260,7.526,V
serial:COM8/phase_v_v,4993658,1786326465260,7.531,V
serial:COM8/phase_w_v,4993658,1786326465260,7.563,V
serial:COM8/motor_angle,4993660,1786326465260,139.44,deg
serial:COM8/phase_u_v,4993660,1786326465260,7.677,V
serial:COM8/phase_v_v,4993660,1786326465260,7.693,V
serial:COM8/phase_w_v,4993660,1786326465260,7.704,V
serial:COM8/motor_angle,4993662,1786326465260,139.44,deg
serial:COM8/phase_u_v,4993662,1786326465260,7.839,V
serial:COM8/phase_v_v,4993662,1786326465260,7.839,V
serial:COM8/phase_w_v,4993662,1786326465260,7.871,V
serial:COM8/motor_angle,4993664,1786326465260,139.35,deg
serial:COM8/phase_u_v,4993664,1786326465260,7.984,V
serial:COM8/phase_v_v,4993664,1786326465260,8.006,V
serial:COM8/phase_w_v,4993664,1786326465260,8.022,V
serial:COM8/motor_angle,4993666,1786326465260,139.39,deg
serial:COM8/phase_u_v,4993666,1786326465260,7.493,V
serial:COM8/phase_v_v,4993666,1786326465260,7.493,V
serial:COM8/phase_w_v,4993666,1786326465260,7.526,V
serial:COM8/motor_angle,4993668,1786326465260,139.35,deg
serial:COM8/phase_u_v,4993668,1786326465260,7.644,V
serial:COM8/phase_v_v,4993668,1786326465260,7.650,V
serial:COM8/phase_w_v,4993668,1786326465260,7.677,V
serial:COM8/motor_angle,4993670,1786326465260,139.37,deg
serial:COM8/phase_u_v,4993670,1786326465260,7.785,V
serial:COM8/phase_v_v,4993670,1786326465260,7.801,V
serial:COM8/phase_w_v,4993670,1786326465260,7.822,V
serial:COM8/motor_angle,4993672,1786326465260,139.42,deg
serial:COM8/phase_u_v,4993672,1786326465260,7.947,V
serial:COM8/phase_v_v,4993672,1786326465260,7.963,V
serial:COM8/phase_w_v,4993672,1786326465260,7.979,V
serial:COM8/motor_angle,4993674,1786326465260,139.37,deg
serial:COM8/phase_u_v,4993674,1786326465260,8.103,V
serial:COM8/phase_v_v,4993674,1786326465260,8.114,V
serial:COM8/phase_w_v,4993674,1786326465260,8.141,V
serial:COM8/motor_angle,4993676,1786326465260,139.37,deg
serial:COM8/phase_u_v,4993676,1786326465260,7.601,V
serial:COM8/phase_v_v,4993676,1786326465260,7.607,V
serial:COM8/phase_w_v,4993676,1786326465260,7.634,V
serial:COM8/motor_angle,4993678,1786326465260,139.37,deg
serial:COM8/phase_u_v,4993678,1786326465260,7.752,V
serial:COM8/phase_v_v,4993678,1786326465260,7.763,V
serial:COM8/phase_w_v,4993678,1786326465260,7.785,V
serial:COM8/motor_angle,4993680,1786326465260,139.37,deg
serial:COM8/phase_u_v,4993680,1786326465260,7.903,V
serial:COM8/phase_v_v,4993680,1786326465260,7.909,V
serial:COM8/phase_w_v,4993680,1786326465260,7.941,V
serial:COM8/motor_angle,4993682,1786326465260,139.37,deg
serial:COM8/phase_u_v,4993682,1786326465260,8.065,V
serial:COM8/phase_v_v,4993682,1786326465260,8.076,V
serial:COM8/phase_w_v,4993682,1786326465260,8.103,V
serial:COM8/motor_angle,4993684,1786326465260,139.37,deg
serial:COM8/phase_u_v,4993684,1786326465260,7.558,V
serial:COM8/phase_v_v,4993684,1786326465260,7.574,V
serial:COM8/phase_w_v,4993684,1786326465260,7.596,V
serial:COM8/motor_angle,4993686,1786326465260,139.35,deg
serial:COM8/phase_u_v,4993686,1786326465260,7.709,V
serial:COM8/phase_v_v,4993686,1786326465260,7.720,V
serial:COM8/phase_w_v,4993686,1786326465260,7.742,V
serial:COM8/motor_angle,4993688,1786326465260,139.37,deg
serial:COM8/phase_u_v,4993688,1786326465260,7.860,V
serial:COM8/phase_v_v,4993688,1786326465260,7.876,V
serial:COM8/phase_w_v,4993688,1786326465260,7.898,V
serial:COM8/motor_angle,4993690,1786326465260,139.37,deg
serial:COM8/phase_u_v,4993690,1786326465260,8.028,V
serial:COM8/phase_v_v,4993690,1786326465260,8.033,V
serial:COM8/phase_w_v,4993690,1786326465260,8.060,V
serial:COM8/motor_angle,4993692,1786326465260,139.39,deg
serial:COM8/phase_u_v,4993692,1786326465260,7.531,V
serial:COM8/phase_v_v,4993692,1786326465260,7.536,V
serial:COM8/phase_w_v,4993692,1786326465260,7.553,V
serial:COM8/motor_angle,4993694,1786326465260,139.39,deg
serial:COM8/phase_u_v,4993694,1786326465260,7.677,V
serial:COM8/phase_v_v,4993694,1786326465260,7.688,V
serial:COM8/phase_w_v,4993694,1786326465260,7.704,V
serial:COM8/motor_angle,4993696,1786326465260,139.37,deg
serial:COM8/phase_u_v,4993696,1786326465260,7.828,V
serial:COM8/phase_v_v,4993696,1786326465260,7.839,V
serial:COM8/phase_w_v,4993696,1786326465260,7.855,V
serial:COM8/motor_angle,4993698,1786326465260,139.42,deg
serial:COM8/phase_u_v,4993698,1786326465260,7.979,V
serial:COM8/phase_v_v,4993698,1786326465260,7.990,V
serial:COM8/phase_w_v,4993698,1786326465260,8.017,V
serial:COM8/motor_angle,4993700,1786326465260,139.37,deg
serial:COM8/phase_u_v,4993700,1786326465260,7.493,V
serial:COM8/phase_v_v,4993700,1786326465260,7.499,V
serial:COM8/phase_w_v,4993700,1786326465260,7.515,V
serial:COM8/motor_angle,4993702,1786326465260,139.37,deg
serial:COM8/phase_u_v,4993702,1786326465260,7.634,V
serial:COM8/phase_v_v,4993702,1786326465260,7.644,V
serial:COM8/phase_w_v,4993702,1786326465260,7.661,V
serial:COM8/motor_angle,4993704,1786326465260,139.33,deg
serial:COM8/phase_u_v,4993704,1786326465260,7.790,V
serial:COM8/phase_v_v,4993704,1786326465260,7.801,V
serial:COM8/phase_w_v,4993704,1786326465260,7.817,V
serial:COM8/motor_angle,4993706,1786326465260,139.42,deg
serial:COM8/phase_u_v,4993706,1786326465260,7.941,V
serial:COM8/phase_v_v,4993706,1786326465260,7.952,V
serial:COM8/phase_w_v,4993706,1786326465260,7.979,V
serial:COM8/motor_angle,4993708,1786326465260,139.42,deg
serial:COM8/phase_u_v,4993708,1786326465260,8.103,V
serial:COM8/phase_v_v,4993708,1786326465260,8.103,V
serial:COM8/phase_w_v,4993708,1786326465260,8.136,V
serial:COM8/motor_angle,4993710,1786326465260,139.37,deg
serial:COM8/phase_u_v,4993710,1786326465260,7.596,V
serial:COM8/phase_v_v,4993710,1786326465260,7.612,V
serial:COM8/phase_w_v,4993710,1786326465260,7.634,V
serial:COM8/motor_angle,4993712,1786326465260,139.42,deg
serial:COM8/phase_u_v,4993712,1786326465260,7.747,V
serial:COM8/phase_v_v,4993712,1786326465260,7.747,V
serial:COM8/phase_w_v,4993712,1786326465260,7.785,V
serial:COM8/motor_angle,4993714,1786326465332,139.42,deg
serial:COM8/phase_u_v,4993714,1786326465332,7.898,V
serial:COM8/phase_v_v,4993714,1786326465332,7.909,V
serial:COM8/phase_w_v,4993714,1786326465332,7.930,V
serial:COM8/motor_angle,4993716,1786326465332,139.39,deg
serial:COM8/phase_u_v,4993716,1786326465332,8.060,V
serial:COM8/phase_v_v,4993716,1786326465332,8.065,V
serial:COM8/phase_w_v,4993716,1786326465332,8.087,V
serial:COM8/motor_angle,4993718,1786326465332,139.37,deg
serial:COM8/phase_u_v,4993718,1786326465332,7.558,V
serial:COM8/phase_v_v,4993718,1786326465332,7.569,V
serial:COM8/phase_w_v,4993718,1786326465332,7.590,V
serial:COM8/motor_angle,4993720,1786326465332,139.37,deg
serial:COM8/phase_u_v,4993720,1786326465332,7.704,V
serial:COM8/phase_v_v,4993720,1786326465332,7.715,V
serial:COM8/phase_w_v,4993720,1786326465332,7.742,V
serial:COM8/motor_angle,4993722,1786326465332,139.35,deg
serial:COM8/phase_u_v,4993722,1786326465332,7.866,V
serial:COM8/phase_v_v,4993722,1786326465332,7.866,V
serial:COM8/phase_w_v,4993722,1786326465332,7.898,V
serial:COM8/motor_angle,4993724,1786326465332,139.35,deg
serial:COM8/phase_u_v,4993724,1786326465332,8.017,V
serial:COM8/phase_v_v,4993724,1786326465332,8.028,V
serial:COM8/phase_w_v,4993724,1786326465332,8.060,V
serial:COM8/motor_angle,4993726,1786326465332,139.39,deg
serial:COM8/phase_u_v,4993726,1786326465332,7.515,V
serial:COM8/phase_v_v,4993726,1786326465332,7.526,V
serial:COM8/phase_w_v,4993726,1786326465332,7.558,V
serial:COM8/motor_angle,4993728,1786326465332,139.42,deg
serial:COM8/phase_u_v,4993728,1786326465332,7.666,V
serial:COM8/phase_v_v,4993728,1786326465332,7.682,V
serial:COM8/phase_w_v,4993728,1786326465332,7.704,V
serial:COM8/motor_angle,4993730,1786326465332,139.42,deg
serial:COM8/phase_u_v,4993730,1786326465332,7.822,V
serial:COM8/phase_v_v,4993730,1786326465332,7.833,V
serial:COM8/phase_w_v,4993730,1786326465332,7.860,V
serial:COM8/motor_angle,4993732,1786326465332,139.37,deg
serial:COM8/phase_u_v,4993732,1786326465332,7.974,V
serial:COM8/phase_v_v,4993732,1786326465332,7.990,V
serial:COM8/phase_w_v,4993732,1786326465332,8.017,V
serial:COM8/motor_angle,4993734,1786326465332,139.37,deg
serial:COM8/phase_u_v,4993734,1786326465332,7.860,V
serial:COM8/phase_v_v,4993734,1786326465332,8.157,V
serial:COM8/phase_w_v,4993734,1786326465332,8.184,V
serial:COM8/motor_angle,4993736,1786326465332,139.33,deg
serial:COM8/phase_u_v,4993736,1786326465332,7.634,V
serial:COM8/phase_v_v,4993736,1786326465332,7.639,V
serial:COM8/phase_w_v,4993736,1786326465332,7.671,V
serial:COM8/motor_angle,4993738,1786326465332,139.37,deg
serial:COM8/phase_u_v,4993738,1786326465332,7.785,V
serial:COM8/phase_v_v,4993738,1786326465332,7.790,V
serial:COM8/phase_w_v,4993738,1786326465332,7.817,V
serial:COM8/motor_angle,4993740,1786326465332,139.37,deg
serial:COM8/phase_u_v,4993740,1786326465332,7.941,V
serial:COM8/phase_v_v,4993740,1786326465332,7.947,V
serial:COM8/phase_w_v,4993740,1786326465332,7.968,V
serial:COM8/motor_angle,4993742,1786326465332,139.44,deg
serial:COM8/phase_u_v,4993742,1786326465332,8.098,V
serial:COM8/phase_v_v,4993742,1786326465332,8.103,V
serial:COM8/phase_w_v,4993742,1786326465332,8.130,V
serial:COM8/motor_angle,4993744,1786326465332,139.42,deg
serial:COM8/phase_u_v,4993744,1786326465332,7.590,V
serial:COM8/phase_v_v,4993744,1786326465332,7.607,V
serial:COM8/phase_w_v,4993744,1786326465332,7.628,V
serial:COM8/motor_angle,4993746,1786326465332,139.42,deg
serial:COM8/phase_u_v,4993746,1786326465332,7.742,V
serial:COM8/phase_v_v,4993746,1786326465332,7.752,V
serial:COM8/phase_w_v,4993746,1786326465332,7.785,V
serial:COM8/motor_angle,4993748,1786326465332,139.37,deg
serial:COM8/phase_u_v,4993748,1786326465332,7.898,V
serial:COM8/phase_v_v,4993748,1786326465332,7.909,V
serial:COM8/phase_w_v,4993748,1786326465332,7.925,V
serial:COM8/motor_angle,4993750,1786326465332,139.39,deg
serial:COM8/phase_u_v,4993750,1786326465332,8.049,V
serial:COM8/phase_v_v,4993750,1786326465332,8.071,V
serial:COM8/phase_w_v,4993750,1786326465332,8.092,V
serial:COM8/motor_angle,4993752,1786326465332,139.37,deg
serial:COM8/phase_u_v,4993752,1786326465332,7.553,V
serial:COM8/phase_v_v,4993752,1786326465332,7.558,V
serial:COM8/phase_w_v,4993752,1786326465332,7.580,V
serial:COM8/motor_angle,4993754,1786326465332,139.35,deg
serial:COM8/phase_u_v,4993754,1786326465332,7.698,V
serial:COM8/phase_v_v,4993754,1786326465332,7.715,V
serial:COM8/phase_w_v,4993754,1786326465332,7.731,V
serial:COM8/motor_angle,4993756,1786326465332,139.37,deg
serial:COM8/phase_u_v,4993756,1786326465332,7.855,V
serial:COM8/phase_v_v,4993756,1786326465332,7.866,V
serial:COM8/phase_w_v,4993756,1786326465332,7.887,V
serial:COM8/motor_angle,4993758,1786326465332,139.37,deg
serial:COM8/phase_u_v,4993758,1786326465332,8.017,V
serial:COM8/phase_v_v,4993758,1786326465332,8.022,V
serial:COM8/phase_w_v,4993758,1786326465332,8.038,V
serial:COM8/motor_angle,4993760,1786326465332,139.33,deg
serial:COM8/phase_u_v,4993760,1786326465332,7.515,V
serial:COM8/phase_v_v,4993760,1786326465332,7.526,V
serial:COM8/phase_w_v,4993760,1786326465332,7.547,V
serial:COM8/motor_angle,4993762,1786326465332,139.39,deg
serial:COM8/phase_u_v,4993762,1786326465332,7.661,V
serial:COM8/phase_v_v,4993762,1786326465332,7.666,V
serial:COM8/phase_w_v,4993762,1786326465332,7.693,V
serial:COM8/motor_angle,4993764,1786326465332,139.39,deg
serial:COM8/phase_u_v,4993764,1786326465332,7.817,V
serial:COM8/phase_v_v,4993764,1786326465332,7.828,V
serial:COM8/phase_w_v,4993764,1786326465332,7.849,V
serial:COM8/motor_angle,4993766,1786326465332,139.37,deg
serial:COM8/phase_u_v,4993766,1786326465332,7.968,V
serial:COM8/phase_v_v,4993766,1786326465332,7.979,V
serial:COM8/phase_w_v,4993766,1786326465332,8.006,V
serial:COM8/motor_angle,4993768,1786326465332,139.37,deg
serial:COM8/phase_u_v,4993768,1786326465332,8.130,V
serial:COM8/phase_v_v,4993768,1786326465332,8.141,V
serial:COM8/phase_w_v,4993768,1786326465332,8.163,V
serial:COM8/motor_angle,4993770,1786326465332,139.35,deg
serial:COM8/phase_u_v,4993770,1786326465332,7.623,V
serial:COM8/phase_v_v,4993770,1786326465332,7.634,V
serial:COM8/phase_w_v,4993770,1786326465332,7.661,V
serial:COM8/motor_angle,4993772,1786326465332,139.42,deg
serial:COM8/phase_u_v,4993772,1786326465332,7.779,V
serial:COM8/phase_v_v,4993772,1786326465332,7.790,V
serial:COM8/phase_w_v,4993772,1786326465332,7.812,V
serial:COM8/motor_angle,4993774,1786326465332,139.35,deg
serial:COM8/phase_u_v,4993774,1786326465332,7.930,V
serial:COM8/phase_v_v,4993774,1786326465332,7.941,V
serial:COM8/phase_w_v,4993774,1786326465332,7.963,V
serial:COM8/motor_angle,4993776,1786326465332,139.42,deg
serial:COM8/phase_u_v,4993776,1786326465332,8.092,V
serial:COM8/phase_v_v,4993776,1786326465332,8.103,V
serial:COM8/phase_w_v,4993776,1786326465332,8.136,V
serial:COM8/motor_angle,4993778,1786326465332,139.39,deg
serial:COM8/phase_u_v,4993778,1786326465332,7.585,V
serial:COM8/phase_v_v,4993778,1786326465332,7.596,V
serial:COM8/phase_w_v,4993778,1786326465332,7.617,V
serial:COM8/motor_angle,4993780,1786326465332,139.35,deg
serial:COM8/phase_u_v,4993780,1786326465332,7.736,V
serial:COM8/phase_v_v,4993780,1786326465332,7.747,V
serial:COM8/phase_w_v,4993780,1786326465332,7.768,V
serial:COM8/motor_angle,4993782,1786326465332,139.44,deg
serial:COM8/phase_u_v,4993782,1786326465332,7.887,V
serial:COM8/phase_v_v,4993782,1786326465332,7.898,V
serial:COM8/phase_w_v,4993782,1786326465332,7.925,V
serial:COM8/motor_angle,4993784,1786326465332,139.35,deg
serial:COM8/phase_u_v,4993784,1786326465332,8.049,V
serial:COM8/phase_v_v,4993784,1786326465332,8.060,V
serial:COM8/phase_w_v,4993784,1786326465332,8.082,V
serial:COM8/motor_angle,4993786,1786326465403,139.42,deg
serial:COM8/phase_u_v,4993786,1786326465403,7.547,V
serial:COM8/phase_v_v,4993786,1786326465403,7.553,V
serial:COM8/phase_w_v,4993786,1786326465403,7.585,V
serial:COM8/motor_angle,4993788,1786326465403,139.42,deg
serial:COM8/phase_u_v,4993788,1786326465403,7.704,V
serial:COM8/phase_v_v,4993788,1786326465403,7.709,V
serial:COM8/phase_w_v,4993788,1786326465403,7.731,V
serial:COM8/motor_angle,4993790,1786326465403,139.39,deg
serial:COM8/phase_u_v,4993790,1786326465403,7.849,V
serial:COM8/phase_v_v,4993790,1786326465403,7.855,V
serial:COM8/phase_w_v,4993790,1786326465403,7.893,V
serial:COM8/motor_angle,4993792,1786326465403,139.42,deg
serial:COM8/phase_u_v,4993792,1786326465403,8.011,V
serial:COM8/phase_v_v,4993792,1786326465403,8.017,V
serial:COM8/phase_w_v,4993792,1786326465403,8.044,V
serial:COM8/motor_angle,4993794,1786326465403,139.37,deg
serial:COM8/phase_u_v,4993794,1786326465403,7.509,V
serial:COM8/phase_v_v,4993794,1786326465403,7.515,V
serial:COM8/phase_w_v,4993794,1786326465403,7.542,V
serial:COM8/motor_angle,4993796,1786326465403,139.35,deg
serial:COM8/phase_u_v,4993796,1786326465403,7.655,V
serial:COM8/phase_v_v,4993796,1786326465403,7.661,V
serial:COM8/phase_w_v,4993796,1786326465403,7.698,V
serial:COM8/motor_angle,4993798,1786326465403,139.37,deg
serial:COM8/phase_u_v,4993798,1786326465403,7.812,V
serial:COM8/phase_v_v,4993798,1786326465403,7.812,V
serial:COM8/phase_w_v,4993798,1786326465403,7.849,V
serial:COM8/motor_angle,4993800,1786326465403,139.35,deg
serial:COM8/phase_u_v,4993800,1786326465403,7.957,V
serial:COM8/phase_v_v,4993800,1786326465403,7.979,V
serial:COM8/phase_w_v,4993800,1786326465403,8.006,V
serial:COM8/motor_angle,4993802,1786326465403,139.42,deg
serial:COM8/phase_u_v,4993802,1786326465403,8.130,V
serial:COM8/phase_v_v,4993802,1786326465403,8.141,V
serial:COM8/phase_w_v,4993802,1786326465403,8.168,V
serial:COM8/motor_angle,4993804,1786326465403,139.37,deg
serial:COM8/phase_u_v,4993804,1786326465403,7.617,V
serial:COM8/phase_v_v,4993804,1786326465403,7.634,V
serial:COM8/phase_w_v,4993804,1786326465403,7.666,V
serial:COM8/motor_angle,4993806,1786326465403,139.39,deg
serial:COM8/phase_u_v,4993806,1786326465403,7.774,V
serial:COM8/phase_v_v,4993806,1786326465403,7.779,V
serial:COM8/phase_w_v,4993806,1786326465403,7.806,V
serial:COM8/motor_angle,4993808,1786326465403,139.35,deg
serial:COM8/phase_u_v,4993808,1786326465403,7.925,V
serial:COM8/phase_v_v,4993808,1786326465403,7.936,V
serial:COM8/phase_w_v,4993808,1786326465403,7.963,V
serial:COM8/motor_angle,4993810,1786326465403,139.44,deg
serial:COM8/phase_u_v,4993810,1786326465403,8.092,V
serial:COM8/phase_v_v,4993810,1786326465403,8.092,V
serial:COM8/phase_w_v,4993810,1786326465403,8.125,V
serial:COM8/motor_angle,4993812,1786326465403,139.39,deg
serial:COM8/phase_u_v,4993812,1786326465403,7.580,V
serial:COM8/phase_v_v,4993812,1786326465403,7.585,V
serial:COM8/phase_w_v,4993812,1786326465403,7.617,V
serial:COM8/motor_angle,4993814,1786326465403,139.37,deg
serial:COM8/phase_u_v,4993814,1786326465403,7.736,V
serial:COM8/phase_v_v,4993814,1786326465403,7.742,V
serial:COM8/phase_w_v,4993814,1786326465403,7.774,V
serial:COM8/motor_angle,4993816,1786326465403,139.42,deg
serial:COM8/phase_u_v,4993816,1786326465403,7.887,V
serial:COM8/phase_v_v,4993816,1786326465403,7.898,V
serial:COM8/phase_w_v,4993816,1786326465403,7.920,V
serial:COM8/motor_angle,4993818,1786326465403,139.39,deg
serial:COM8/phase_u_v,4993818,1786326465403,8.044,V
serial:COM8/phase_v_v,4993818,1786326465403,8.055,V
serial:COM8/phase_w_v,4993818,1786326465403,8.087,V
serial:COM8/motor_angle,4993820,1786326465403,139.42,deg
serial:COM8/phase_u_v,4993820,1786326465403,7.553,V
serial:COM8/phase_v_v,4993820,1786326465403,7.558,V
serial:COM8/phase_w_v,4993820,1786326465403,7.574,V
serial:COM8/motor_angle,4993822,1786326465403,139.42,deg
serial:COM8/phase_u_v,4993822,1786326465403,7.693,V
serial:COM8/phase_v_v,4993822,1786326465403,7.704,V
serial:COM8/phase_w_v,4993822,1786326465403,7.725,V
serial:COM8/motor_angle,4993824,1786326465403,139.42,deg
serial:COM8/phase_u_v,4993824,1786326465403,7.844,V
serial:COM8/phase_v_v,4993824,1786326465403,7.860,V
serial:COM8/phase_w_v,4993824,1786326465403,7.882,V
serial:COM8/motor_angle,4993826,1786326465403,139.37,deg
serial:COM8/phase_u_v,4993826,1786326465403,8.001,V
serial:COM8/phase_v_v,4993826,1786326465403,8.011,V
serial:COM8/phase_w_v,4993826,1786326465403,8.033,V
serial:COM8/motor_angle,4993828,1786326465403,139.42,deg
serial:COM8/phase_u_v,4993828,1786326465403,7.504,V
serial:COM8/phase_v_v,4993828,1786326465403,7.515,V
serial:COM8/phase_w_v,4993828,1786326465403,7.536,V
serial:COM8/motor_angle,4993830,1786326465403,139.37,deg
serial:COM8/phase_u_v,4993830,1786326465403,7.661,V
serial:COM8/phase_v_v,4993830,1786326465403,7.666,V
serial:COM8/phase_w_v,4993830,1786326465403,7.693,V
serial:COM8/motor_angle,4993832,1786326465403,139.37,deg
serial:COM8/phase_u_v,4993832,1786326465403,7.812,V
serial:COM8/phase_v_v,4993832,1786326465403,7.812,V
serial:COM8/phase_w_v,4993832,1786326465403,7.844,V
serial:COM8/motor_angle,4993834,1786326465403,139.33,deg
serial:COM8/phase_u_v,4993834,1786326465403,7.957,V
serial:COM8/phase_v_v,4993834,1786326465403,7.979,V
serial:COM8/phase_w_v,4993834,1786326465403,8.001,V
serial:COM8/motor_angle,4993836,1786326465403,139.39,deg
serial:COM8/phase_u_v,4993836,1786326465403,8.136,V
serial:COM8/phase_v_v,4993836,1786326465403,8.136,V
serial:COM8/phase_w_v,4993836,1786326465403,8.157,V
serial:COM8/motor_angle,4993838,1786326465403,139.39,deg
serial:COM8/phase_u_v,4993838,1786326465403,7.617,V
serial:COM8/phase_v_v,4993838,1786326465403,7.628,V
serial:COM8/phase_w_v,4993838,1786326465403,7.655,V
serial:COM8/motor_angle,4993840,1786326465403,139.39,deg
serial:COM8/phase_u_v,4993840,1786326465403,7.768,V
serial:COM8/phase_v_v,4993840,1786326465403,7.779,V
serial:COM8/phase_w_v,4993840,1786326465403,7.801,V
serial:COM8/motor_angle,4993842,1786326465403,139.37,deg
serial:COM8/phase_u_v,4993842,1786326465403,7.930,V
serial:COM8/phase_v_v,4993842,1786326465403,7.936,V
serial:COM8/phase_w_v,4993842,1786326465403,7.963,V
serial:COM8/motor_angle,4993844,1786326465403,139.37,deg
serial:COM8/phase_u_v,4993844,1786326465403,8.082,V
serial:COM8/phase_v_v,4993844,1786326465403,8.098,V
serial:COM8/phase_w_v,4993844,1786326465403,8.114,V
serial:COM8/motor_angle,4993846,1786326465403,139.39,deg
serial:COM8/phase_u_v,4993846,1786326465403,7.574,V
serial:COM8/phase_v_v,4993846,1786326465403,7.585,V
serial:COM8/phase_w_v,4993846,1786326465403,7.612,V
serial:COM8/motor_angle,4993848,1786326465403,139.37,deg
serial:COM8/phase_u_v,4993848,1786326465403,7.736,V
serial:COM8/phase_v_v,4993848,1786326465403,7.747,V
serial:COM8/phase_w_v,4993848,1786326465403,7.763,V
serial:COM8/motor_angle,4993850,1786326465403,139.39,deg
serial:COM8/phase_u_v,4993850,1786326465403,7.887,V
serial:COM8/phase_v_v,4993850,1786326465403,7.893,V
serial:COM8/phase_w_v,4993850,1786326465403,7.914,V
serial:COM8/motor_angle,4993852,1786326465403,139.35,deg
serial:COM8/phase_u_v,4993852,1786326465403,8.038,V
serial:COM8/phase_v_v,4993852,1786326465403,8.049,V
serial:COM8/phase_w_v,4993852,1786326465403,8.071,V
serial:COM8/motor_angle,4993854,1786326465403,139.42,deg
serial:COM8/phase_u_v,4993854,1786326465403,7.547,V
serial:COM8/phase_v_v,4993854,1786326465403,7.553,V
serial:COM8/phase_w_v,4993854,1786326465403,7.574,V
serial:COM8/motor_angle,4993856,1786326465403,139.33,deg
serial:COM8/phase_u_v,4993856,1786326465403,7.693,V
serial:COM8/phase_v_v,4993856,1786326465403,7.698,V
serial:COM8/phase_w_v,4993856,1786326465403,7.725,V
serial:COM8/motor_angle,4993858,1786326465478,139.37,deg
serial:COM8/phase_u_v,4993858,1786326465478,7.844,V
serial:COM8/phase_v_v,4993858,1786326465478,7.860,V
serial:COM8/phase_w_v,4993858,1786326465478,7.882,V
serial:COM8/motor_angle,4993860,1786326465478,139.35,deg
serial:COM8/phase_u_v,4993860,1786326465478,7.995,V
serial:COM8/phase_v_v,4993860,1786326465478,8.006,V
serial:COM8/phase_w_v,4993860,1786326465478,8.033,V
serial:COM8/motor_angle,4993862,1786326465478,139.44,deg
serial:COM8/phase_u_v,4993862,1786326465478,7.504,V
serial:COM8/phase_v_v,4993862,1786326465478,7.509,V
serial:COM8/phase_w_v,4993862,1786326465478,7.536,V
serial:COM8/motor_angle,4993864,1786326465478,139.42,deg
serial:COM8/phase_u_v,4993864,1786326465478,7.650,V
serial:COM8/phase_v_v,4993864,1786326465478,7.661,V
serial:COM8/phase_w_v,4993864,1786326465478,7.688,V
serial:COM8/motor_angle,4993866,1786326465478,139.42,deg
serial:COM8/phase_u_v,4993866,1786326465478,7.801,V
serial:COM8/phase_v_v,4993866,1786326465478,7.812,V
serial:COM8/phase_w_v,4993866,1786326465478,7.844,V
serial:COM8/motor_angle,4993868,1786326465478,139.37,deg
serial:COM8/phase_u_v,4993868,1786326465478,7.957,V
serial:COM8/phase_v_v,4993868,1786326465478,7.963,V
serial:COM8/phase_w_v,4993868,1786326465478,7.990,V
serial:COM8/motor_angle,4993870,1786326465478,139.37,deg
serial:COM8/phase_u_v,4993870,1786326465478,8.114,V
serial:COM8/phase_v_v,4993870,1786326465478,8.125,V
serial:COM8/phase_w_v,4993870,1786326465478,8.157,V
serial:COM8/motor_angle,4993872,1786326465478,139.42,deg
serial:COM8/phase_u_v,4993872,1786326465478,7.617,V
serial:COM8/phase_v_v,4993872,1786326465478,7.612,V
serial:COM8/phase_w_v,4993872,1786326465478,7.644,V
serial:COM8/motor_angle,4993874,1786326465478,139.39,deg
serial:COM8/phase_u_v,4993874,1786326465478,7.768,V
serial:COM8/phase_v_v,4993874,1786326465478,7.774,V
serial:COM8/phase_w_v,4993874,1786326465478,7.801,V
serial:COM8/motor_angle,4993876,1786326465478,139.37,deg
serial:COM8/phase_u_v,4993876,1786326465478,7.914,V
serial:COM8/phase_v_v,4993876,1786326465478,7.925,V
serial:COM8/phase_w_v,4993876,1786326465478,7.957,V
serial:COM8/motor_angle,4993878,1786326465478,139.39,deg
serial:COM8/phase_u_v,4993878,1786326465478,8.071,V
serial:COM8/phase_v_v,4993878,1786326465478,8.092,V
serial:COM8/phase_w_v,4993878,1786326465478,8.109,V
serial:COM8/motor_angle,4993880,1786326465478,139.39,deg
serial:COM8/phase_u_v,4993880,1786326465478,7.574,V
serial:COM8/phase_v_v,4993880,1786326465478,7.580,V
serial:COM8/phase_w_v,4993880,1786326465478,7.601,V
serial:COM8/motor_angle,4993882,1786326465478,139.39,deg
serial:COM8/phase_u_v,4993882,1786326465478,7.725,V
serial:COM8/phase_v_v,4993882,1786326465478,7.725,V
serial:COM8/phase_w_v,4993882,1786326465478,7.774,V
serial:COM8/motor_angle,4993884,1786326465478,139.44,deg
serial:COM8/phase_u_v,4993884,1786326465478,7.876,V
serial:COM8/phase_v_v,4993884,1786326465478,7.887,V
serial:COM8/phase_w_v,4993884,1786326465478,7.920,V
serial:COM8/motor_angle,4993886,1786326465478,139.46,deg
serial:COM8/phase_u_v,4993886,1786326465478,8.044,V
serial:COM8/phase_v_v,4993886,1786326465478,8.044,V
serial:COM8/phase_w_v,4993886,1786326465478,8.076,V
serial:COM8/motor_angle,4993888,1786326465478,139.39,deg
serial:COM8/phase_u_v,4993888,1786326465478,7.542,V
serial:COM8/phase_v_v,4993888,1786326465478,7.553,V
serial:COM8/phase_w_v,4993888,1786326465478,7.580,V
serial:COM8/motor_angle,4993890,1786326465478,139.39,deg
serial:COM8/phase_u_v,4993890,1786326465478,7.688,V
serial:COM8/phase_v_v,4993890,1786326465478,7.693,V
serial:COM8/phase_w_v,4993890,1786326465478,7.720,V
serial:COM8/motor_angle,4993892,1786326465478,139.39,deg
serial:COM8/phase_u_v,4993892,1786326465478,7.844,V
serial:COM8/phase_v_v,4993892,1786326465478,7.844,V
serial:COM8/phase_w_v,4993892,1786326465478,7.876,V
serial:COM8/motor_angle,4993894,1786326465478,139.37,deg
serial:COM8/phase_u_v,4993894,1786326465478,8.006,V
serial:COM8/phase_v_v,4993894,1786326465478,8.006,V
serial:COM8/phase_w_v,4993894,1786326465478,8.028,V
serial:COM8/motor_angle,4993896,1786326465478,139.39,deg
serial:COM8/phase_u_v,4993896,1786326465478,7.499,V
serial:COM8/phase_v_v,4993896,1786326465478,7.504,V
serial:COM8/phase_w_v,4993896,1786326465478,7.542,V
serial:COM8/motor_angle,4993898,1786326465478,139.42,deg
serial:COM8/phase_u_v,4993898,1786326465478,7.650,V
serial:COM8/phase_v_v,4993898,1786326465478,7.655,V
serial:COM8/phase_w_v,4993898,1786326465478,7.682,V
serial:COM8/motor_angle,4993900,1786326465478,139.37,deg
serial:COM8/phase_u_v,4993900,1786326465478,7.801,V
serial:COM8/phase_v_v,4993900,1786326465478,7.812,V
serial:COM8/phase_w_v,4993900,1786326465478,7.839,V
serial:COM8/motor_angle,4993902,1786326465478,139.33,deg
serial:COM8/phase_u_v,4993902,1786326465478,7.957,V
serial:COM8/phase_v_v,4993902,1786326465478,7.968,V
serial:COM8/phase_w_v,4993902,1786326465478,7.990,V
serial:COM8/motor_angle,4993904,1786326465478,139.37,deg
serial:COM8/phase_u_v,4993904,1786326465478,8.114,V
serial:COM8/phase_v_v,4993904,1786326465478,8.136,V
serial:COM8/phase_w_v,4993904,1786326465478,8.157,V
serial:COM8/motor_angle,4993906,1786326465478,139.37,deg
serial:COM8/phase_u_v,4993906,1786326465478,7.612,V
serial:COM8/phase_v_v,4993906,1786326465478,7.623,V
serial:COM8/phase_w_v,4993906,1786326465478,7.650,V
serial:COM8/motor_angle,4993908,1786326465478,139.42,deg
serial:COM8/phase_u_v,4993908,1786326465478,7.758,V
serial:COM8/phase_v_v,4993908,1786326465478,7.774,V
serial:COM8/phase_w_v,4993908,1786326465478,7.795,V
serial:COM8/motor_angle,4993910,1786326465478,139.39,deg
serial:COM8/phase_u_v,4993910,1786326465478,7.914,V
serial:COM8/phase_v_v,4993910,1786326465478,7.920,V
serial:COM8/phase_w_v,4993910,1786326465478,7.952,V
serial:COM8/motor_angle,4993912,1786326465478,139.35,deg
serial:COM8/phase_u_v,4993912,1786326465478,8.071,V
serial:COM8/phase_v_v,4993912,1786326465478,8.082,V
serial:COM8/phase_w_v,4993912,1786326465478,8.114,V
serial:COM8/motor_angle,4993914,1786326465478,139.37,deg
serial:COM8/phase_u_v,4993914,1786326465478,7.569,V
serial:COM8/phase_v_v,4993914,1786326465478,7.574,V
serial:COM8/phase_w_v,4993914,1786326465478,7.607,V
serial:COM8/motor_angle,4993916,1786326465478,139.42,deg
serial:COM8/phase_u_v,4993916,1786326465478,7.720,V
serial:COM8/phase_v_v,4993916,1786326465478,7.725,V
serial:COM8/phase_w_v,4993916,1786326465478,7.747,V
serial:COM8/motor_angle,4993918,1786326465478,139.37,deg
serial:COM8/phase_u_v,4993918,1786326465478,7.871,V
serial:COM8/phase_v_v,4993918,1786326465478,7.882,V
serial:COM8/phase_w_v,4993918,1786326465478,7.903,V
serial:COM8/motor_angle,4993920,1786326465478,139.39,deg
serial:COM8/phase_u_v,4993920,1786326465478,8.033,V
serial:COM8/phase_v_v,4993920,1786326465478,8.044,V
serial:COM8/phase_w_v,4993920,1786326465478,8.071,V
serial:COM8/motor_angle,4993922,1786326465478,139.46,deg
serial:COM8/phase_u_v,4993922,1786326465478,7.536,V
serial:COM8/phase_v_v,4993922,1786326465478,7.542,V
serial:COM8/phase_w_v,4993922,1786326465478,7.563,V
serial:COM8/motor_angle,4993924,1786326465478,139.35,deg
serial:COM8/phase_u_v,4993924,1786326465478,7.677,V
serial:COM8/phase_v_v,4993924,1786326465478,7.688,V
serial:COM8/phase_w_v,4993924,1786326465478,7.715,V
serial:COM8/motor_angle,4993926,1786326465478,139.35,deg
serial:COM8/phase_u_v,4993926,1786326465478,7.839,V
serial:COM8/phase_v_v,4993926,1786326465478,7.844,V
serial:COM8/phase_w_v,4993926,1786326465478,7.871,V
serial:COM8/motor_angle,4993928,1786326465478,139.37,deg
serial:COM8/phase_u_v,4993928,1786326465478,7.984,V
serial:COM8/phase_v_v,4993928,1786326465478,8.001,V
serial:COM8/phase_w_v,4993928,1786326465478,8.028,V
serial:COM8/motor_angle,4993930,1786326465478,139.39,deg
serial:COM8/phase_u_v,4993930,1786326465478,7.493,V
serial:COM8/phase_v_v,4993930,1786326465478,7.499,V
serial:COM8/phase_w_v,4993930,1786326465478,7.520,V
serial:COM8/motor_angle,4993932,1786326465549,139.31,deg
serial:COM8/phase_u_v,4993932,1786326465549,7.644,V
serial:COM8/phase_v_v,4993932,1786326465549,7.655,V
serial:COM8/phase_w_v,4993932,1786326465549,7.682,V
serial:COM8/motor_angle,4993934,1786326465549,139.42,deg
serial:COM8/phase_u_v,4993934,1786326465549,7.795,V
serial:COM8/phase_v_v,4993934,1786326465549,7.812,V
serial:COM8/phase_w_v,4993934,1786326465549,7.833,V
serial:COM8/motor_angle,4993936,1786326465549,139.42,deg
serial:COM8/phase_u_v,4993936,1786326465549,7.941,V
serial:COM8/phase_v_v,4993936,1786326465549,7.963,V
serial:COM8/phase_w_v,4993936,1786326465549,7.984,V
serial:COM8/motor_angle,4993938,1786326465549,139.37,deg
serial:COM8/phase_u_v,4993938,1786326465549,8.109,V
serial:COM8/phase_v_v,4993938,1786326465549,8.125,V
serial:COM8/phase_w_v,4993938,1786326465549,8.141,V
serial:COM8/motor_angle,4993940,1786326465549,139.39,deg
serial:COM8/phase_u_v,4993940,1786326465549,7.601,V
serial:COM8/phase_v_v,4993940,1786326465549,7.617,V
serial:COM8/phase_w_v,4993940,1786326465549,7.639,V
serial:COM8/motor_angle,4993942,1786326465549,139.39,deg
serial:COM8/phase_u_v,4993942,1786326465549,7.752,V
serial:COM8/phase_v_v,4993942,1786326465549,7.763,V
serial:COM8/phase_w_v,4993942,1786326465549,7.790,V
serial:COM8/motor_angle,4993944,1786326465549,139.37,deg
serial:COM8/phase_u_v,4993944,1786326465549,7.914,V
serial:COM8/phase_v_v,4993944,1786326465549,7.920,V
serial:COM8/phase_w_v,4993944,1786326465549,7.947,V
serial:COM8/motor_angle,4993946,1786326465549,139.37,deg
serial:COM8/phase_u_v,4993946,1786326465549,8.065,V
serial:COM8/phase_v_v,4993946,1786326465549,8.076,V
serial:COM8/phase_w_v,4993946,1786326465549,8.103,V
serial:COM8/motor_angle,4993948,1786326465549,139.39,deg
serial:COM8/phase_u_v,4993948,1786326465549,7.558,V
serial:COM8/phase_v_v,4993948,1786326465549,7.574,V
serial:COM8/phase_w_v,4993948,1786326465549,7.612,V
serial:COM8/motor_angle,4993950,1786326465549,139.37,deg
serial:COM8/phase_u_v,4993950,1786326465549,7.715,V
serial:COM8/phase_v_v,4993950,1786326465549,7.725,V
serial:COM8/phase_w_v,4993950,1786326465549,7.747,V
serial:COM8/motor_angle,4993952,1786326465549,139.37,deg
serial:COM8/phase_u_v,4993952,1786326465549,7.871,V
serial:COM8/phase_v_v,4993952,1786326465549,7.882,V
serial:COM8/phase_w_v,4993952,1786326465549,7.903,V
serial:COM8/motor_angle,4993954,1786326465549,139.37,deg
serial:COM8/phase_u_v,4993954,1786326465549,8.028,V
serial:COM8/phase_v_v,4993954,1786326465549,8.033,V
serial:COM8/phase_w_v,4993954,1786326465549,8.065,V
serial:COM8/motor_angle,4993956,1786326465549,139.33,deg
serial:COM8/phase_u_v,4993956,1786326465549,7.526,V
serial:COM8/phase_v_v,4993956,1786326465549,7.531,V
serial:COM8/phase_w_v,4993956,1786326465549,7.563,V
serial:COM8/motor_angle,4993958,1786326465549,139.42,deg
serial:COM8/phase_u_v,4993958,1786326465549,7.677,V
serial:COM8/phase_v_v,4993958,1786326465549,7.682,V
serial:COM8/phase_w_v,4993958,1786326465549,7.704,V
serial:COM8/motor_angle,4993960,1786326465549,139.37,deg
serial:COM8/phase_u_v,4993960,1786326465549,7.822,V
serial:COM8/phase_v_v,4993960,1786326465549,7.844,V
serial:COM8/phase_w_v,4993960,1786326465549,7.866,V
serial:COM8/motor_angle,4993962,1786326465549,139.39,deg
serial:COM8/phase_u_v,4993962,1786326465549,7.979,V
serial:COM8/phase_v_v,4993962,1786326465549,7.990,V
serial:COM8/phase_w_v,4993962,1786326465549,8.017,V
serial:COM8/motor_angle,4993964,1786326465549,139.42,deg
serial:COM8/phase_u_v,4993964,1786326465549,7.488,V
serial:COM8/phase_v_v,4993964,1786326465549,8.152,V
serial:COM8/phase_w_v,4993964,1786326465549,8.179,V
serial:COM8/motor_angle,4993966,1786326465549,139.37,deg
serial:COM8/phase_u_v,4993966,1786326465549,7.634,V
serial:COM8/phase_v_v,4993966,1786326465549,7.644,V
serial:COM8/phase_w_v,4993966,1786326465549,7.666,V
serial:COM8/motor_angle,4993968,1786326465549,139.39,deg
serial:COM8/phase_u_v,4993968,1786326465549,7.790,V
serial:COM8/phase_v_v,4993968,1786326465549,7.795,V
serial:COM8/phase_w_v,4993968,1786326465549,7.817,V
serial:COM8/motor_angle,4993970,1786326465549,139.35,deg
serial:COM8/phase_u_v,4993970,1786326465549,7.941,V
serial:COM8/phase_v_v,4993970,1786326465549,7.952,V
serial:COM8/phase_w_v,4993970,1786326465549,7.974,V
serial:COM8/motor_angle,4993972,1786326465549,139.37,deg
serial:COM8/phase_u_v,4993972,1786326465549,8.103,V
serial:COM8/phase_v_v,4993972,1786326465549,8.109,V
serial:COM8/phase_w_v,4993972,1786326465549,8.136,V
serial:COM8/motor_angle,4993974,1786326465549,139.35,deg
serial:COM8/phase_u_v,4993974,1786326465549,7.596,V
serial:COM8/phase_v_v,4993974,1786326465549,7.607,V
serial:COM8/phase_w_v,4993974,1786326465549,7.623,V
serial:COM8/motor_angle,4993976,1786326465549,139.35,deg
serial:COM8/phase_u_v,4993976,1786326465549,7.747,V
serial:COM8/phase_v_v,4993976,1786326465549,7.752,V
serial:COM8/phase_w_v,4993976,1786326465549,7.774,V
serial:COM8/motor_angle,4993978,1786326465549,139.37,deg
serial:COM8/phase_u_v,4993978,1786326465549,7.903,V
serial:COM8/phase_v_v,4993978,1786326465549,7.914,V
serial:COM8/phase_w_v,4993978,1786326465549,7.936,V
serial:COM8/motor_angle,4993980,1786326465549,139.37,deg
serial:COM8/phase_u_v,4993980,1786326465549,8.055,V
serial:COM8/phase_v_v,4993980,1786326465549,8.065,V
serial:COM8/phase_w_v,4993980,1786326465549,8.092,V
serial:COM8/motor_angle,4993982,1786326465549,139.37,deg
serial:COM8/phase_u_v,4993982,1786326465549,7.553,V
serial:COM8/phase_v_v,4993982,1786326465549,7.563,V
serial:COM8/phase_w_v,4993982,1786326465549,7.585,V
serial:COM8/motor_angle,4993984,1786326465549,139.42,deg
serial:COM8/phase_u_v,4993984,1786326465549,7.709,V
serial:COM8/phase_v_v,4993984,1786326465549,7.720,V
serial:COM8/phase_w_v,4993984,1786326465549,7.742,V
serial:COM8/motor_angle,4993986,1786326465549,139.37,deg
serial:COM8/phase_u_v,4993986,1786326465549,7.860,V
serial:COM8/phase_v_v,4993986,1786326465549,7.866,V
serial:COM8/phase_w_v,4993986,1786326465549,7.893,V
serial:COM8/motor_angle,4993988,1786326465549,139.35,deg
serial:COM8/phase_u_v,4993988,1786326465549,8.017,V
serial:COM8/phase_v_v,4993988,1786326465549,8.028,V
serial:COM8/phase_w_v,4993988,1786326465549,8.065,V
serial:COM8/motor_angle,4993990,1786326465549,139.42,deg
serial:COM8/phase_u_v,4993990,1786326465549,7.515,V
serial:COM8/phase_v_v,4993990,1786326465549,7.526,V
serial:COM8/phase_w_v,4993990,1786326465549,7.547,V
serial:COM8/motor_angle,4993992,1786326465549,139.37,deg
serial:COM8/phase_u_v,4993992,1786326465549,7.666,V
serial:COM8/phase_v_v,4993992,1786326465549,7.677,V
serial:COM8/phase_w_v,4993992,1786326465549,7.698,V
serial:COM8/motor_angle,4993994,1786326465549,139.37,deg
serial:COM8/phase_u_v,4993994,1786326465549,7.817,V
serial:COM8/phase_v_v,4993994,1786326465549,7.833,V
serial:COM8/phase_w_v,4993994,1786326465549,7.849,V
serial:COM8/motor_angle,4993996,1786326465549,139.39,deg
serial:COM8/phase_u_v,4993996,1786326465549,7.968,V
serial:COM8/phase_v_v,4993996,1786326465549,7.984,V
serial:COM8/phase_w_v,4993996,1786326465549,8.017,V
serial:COM8/motor_angle,4993998,1786326465549,139.44,deg
serial:COM8/phase_u_v,4993998,1786326465549,8.136,V
serial:COM8/phase_v_v,4993998,1786326465549,8.146,V
serial:COM8/phase_w_v,4993998,1786326465549,8.168,V
serial:COM8/motor_angle,4994000,1786326465549,139.39,deg
serial:COM8/phase_u_v,4994000,1786326465549,7.623,V
serial:COM8/phase_v_v,4994000,1786326465549,7.634,V
serial:COM8/phase_w_v,4994000,1786326465549,7.655,V
serial:COM8/motor_angle,4994002,1786326465549,139.42,deg
serial:COM8/phase_u_v,4994002,1786326465549,7.785,V
serial:COM8/phase_v_v,4994002,1786326465549,7.790,V
serial:COM8/phase_w_v,4994002,1786326465549,7.812,V
serial:COM8/motor_angle,4994004,1786326465622,139.37,deg
serial:COM8/phase_u_v,4994004,1786326465622,7.936,V
serial:COM8/phase_v_v,4994004,1786326465622,7.947,V
serial:COM8/phase_w_v,4994004,1786326465622,7.974,V
serial:COM8/motor_angle,4994006,1786326465622,139.39,deg
serial:COM8/phase_u_v,4994006,1786326465622,8.087,V
serial:COM8/phase_v_v,4994006,1786326465622,8.109,V
serial:COM8/phase_w_v,4994006,1786326465622,8.130,V
serial:COM8/motor_angle,4994008,1786326465622,139.42,deg
serial:COM8/phase_u_v,4994008,1786326465622,7.585,V
serial:COM8/phase_v_v,4994008,1786326465622,7.590,V
serial:COM8/phase_w_v,4994008,1786326465622,7.623,V
serial:COM8/motor_angle,4994010,1786326465622,139.39,deg
serial:COM8/phase_u_v,4994010,1786326465622,7.736,V
serial:COM8/phase_v_v,4994010,1786326465622,7.747,V
serial:COM8/phase_w_v,4994010,1786326465622,7.768,V
serial:COM8/motor_angle,4994012,1786326465622,139.39,deg
serial:COM8/phase_u_v,4994012,1786326465622,7.893,V
serial:COM8/phase_v_v,4994012,1786326465622,7.903,V
serial:COM8/phase_w_v,4994012,1786326465622,7.925,V
serial:COM8/motor_angle,4994014,1786326465622,139.37,deg
serial:COM8/phase_u_v,4994014,1786326465622,8.044,V
serial:COM8/phase_v_v,4994014,1786326465622,8.060,V
serial:COM8/phase_w_v,4994014,1786326465622,8.087,V
serial:COM8/motor_angle,4994016,1786326465622,139.37,deg
serial:COM8/phase_u_v,4994016,1786326465622,7.547,V
serial:COM8/phase_v_v,4994016,1786326465622,7.553,V
serial:COM8/phase_w_v,4994016,1786326465622,7.585,V
serial:COM8/motor_angle,4994018,1786326465622,139.35,deg
serial:COM8/phase_u_v,4994018,1786326465622,7.693,V
serial:COM8/phase_v_v,4994018,1786326465622,7.709,V
serial:COM8/phase_w_v,4994018,1786326465622,7.725,V
serial:COM8/motor_angle,4994020,1786326465622,139.37,deg
serial:COM8/phase_u_v,4994020,1786326465622,7.849,V
serial:COM8/phase_v_v,4994020,1786326465622,7.860,V
serial:COM8/phase_w_v,4994020,1786326465622,7.882,V
serial:COM8/motor_angle,4994022,1786326465622,139.44,deg
serial:COM8/phase_u_v,4994022,1786326465622,8.006,V
serial:COM8/phase_v_v,4994022,1786326465622,8.011,V
serial:COM8/phase_w_v,4994022,1786326465622,8.044,V
serial:COM8/motor_angle,4994024,1786326465622,139.37,deg
serial:COM8/phase_u_v,4994024,1786326465622,7.504,V
serial:COM8/phase_v_v,4994024,1786326465622,7.515,V
serial:COM8/phase_w_v,4994024,1786326465622,7.536,V
serial:COM8/motor_angle,4994026,1786326465622,139.37,deg
serial:COM8/phase_u_v,4994026,1786326465622,7.655,V
serial:COM8/phase_v_v,4994026,1786326465622,7.661,V
serial:COM8/phase_w_v,4994026,1786326465622,7.682,V
serial:COM8/motor_angle,4994028,1786326465622,139.42,deg
serial:COM8/phase_u_v,4994028,1786326465622,7.801,V
serial:COM8/phase_v_v,4994028,1786326465622,7.812,V
serial:COM8/phase_w_v,4994028,1786326465622,7.844,V
serial:COM8/motor_angle,4994030,1786326465622,139.39,deg
serial:COM8/phase_u_v,4994030,1786326465622,7.968,V
serial:COM8/phase_v_v,4994030,1786326465622,7.984,V
serial:COM8/phase_w_v,4994030,1786326465622,8.006,V
serial:COM8/motor_angle,4994032,1786326465622,139.37,deg
serial:COM8/phase_u_v,4994032,1786326465622,8.130,V
serial:COM8/phase_v_v,4994032,1786326465622,8.136,V
serial:COM8/phase_w_v,4994032,1786326465622,8.157,V
serial:COM8/motor_angle,4994034,1786326465622,139.37,deg
serial:COM8/phase_u_v,4994034,1786326465622,7.623,V
serial:COM8/phase_v_v,4994034,1786326465622,7.617,V
serial:COM8/phase_w_v,4994034,1786326465622,7.655,V
serial:COM8/motor_angle,4994036,1786326465622,139.42,deg
serial:COM8/phase_u_v,4994036,1786326465622,7.768,V
serial:COM8/phase_v_v,4994036,1786326465622,7.774,V
serial:COM8/phase_w_v,4994036,1786326465622,7.801,V
serial:COM8/motor_angle,4994038,1786326465622,139.37,deg
serial:COM8/phase_u_v,4994038,1786326465622,7.920,V
serial:COM8/phase_v_v,4994038,1786326465622,7.930,V
serial:COM8/phase_w_v,4994038,1786326465622,7.957,V
serial:COM8/motor_angle,4994040,1786326465622,139.46,deg
serial:COM8/phase_u_v,4994040,1786326465622,8.082,V
serial:COM8/phase_v_v,4994040,1786326465622,8.098,V
serial:COM8/phase_w_v,4994040,1786326465622,8.114,V
serial:COM8/motor_angle,4994042,1786326465622,139.37,deg
serial:COM8/phase_u_v,4994042,1786326465622,7.585,V
serial:COM8/phase_v_v,4994042,1786326465622,7.590,V
serial:COM8/phase_w_v,4994042,1786326465622,7.617,V
serial:COM8/motor_angle,4994044,1786326465622,139.37,deg
serial:COM8/phase_u_v,4994044,1786326465622,7.736,V
serial:COM8/phase_v_v,4994044,1786326465622,7.742,V
serial:COM8/phase_w_v,4994044,1786326465622,7.768,V
serial:COM8/motor_angle,4994046,1786326465622,139.39,deg
serial:COM8/phase_u_v,4994046,1786326465622,7.882,V
serial:COM8/phase_v_v,4994046,1786326465622,7.893,V
serial:COM8/phase_w_v,4994046,1786326465622,7.914,V
serial:COM8/motor_angle,4994048,1786326465622,139.37,deg
serial:COM8/phase_u_v,4994048,1786326465622,8.055,V
serial:COM8/phase_v_v,4994048,1786326465622,8.060,V
serial:COM8/phase_w_v,4994048,1786326465622,8.082,V
serial:COM8/motor_angle,4994050,1786326465622,139.35,deg
serial:COM8/phase_u_v,4994050,1786326465622,7.536,V
serial:COM8/phase_v_v,4994050,1786326465622,7.558,V
serial:COM8/phase_w_v,4994050,1786326465622,7.580,V
serial:COM8/motor_angle,4994052,1786326465622,139.37,deg
serial:COM8/phase_u_v,4994052,1786326465622,7.693,V
serial:COM8/phase_v_v,4994052,1786326465622,7.704,V
serial:COM8/phase_w_v,4994052,1786326465622,7.731,V
serial:COM8/motor_angle,4994054,1786326465622,139.35,deg
serial:COM8/phase_u_v,4994054,1786326465622,7.844,V
serial:COM8/phase_v_v,4994054,1786326465622,7.855,V
serial:COM8/phase_w_v,4994054,1786326465622,7.887,V
serial:COM8/motor_angle,4994056,1786326465622,139.37,deg
serial:COM8/phase_u_v,4994056,1786326465622,8.001,V
serial:COM8/phase_v_v,4994056,1786326465622,8.011,V
serial:COM8/phase_w_v,4994056,1786326465622,8.044,V
serial:COM8/motor_angle,4994058,1786326465622,139.37,deg
serial:COM8/phase_u_v,4994058,1786326465622,7.509,V
serial:COM8/phase_v_v,4994058,1786326465622,7.520,V
serial:COM8/phase_w_v,4994058,1786326465622,7.542,V
serial:COM8/motor_angle,4994060,1786326465622,139.37,deg
serial:COM8/phase_u_v,4994060,1786326465622,7.655,V
serial:COM8/phase_v_v,4994060,1786326465622,7.661,V
serial:COM8/phase_w_v,4994060,1786326465622,7.698,V
serial:COM8/motor_angle,4994062,1786326465622,139.39,deg
serial:COM8/phase_u_v,4994062,1786326465622,7.806,V
serial:COM8/phase_v_v,4994062,1786326465622,7.822,V
serial:COM8/phase_w_v,4994062,1786326465622,7.849,V
serial:COM8/motor_angle,4994064,1786326465622,139.37,deg
serial:COM8/phase_u_v,4994064,1786326465622,7.968,V
serial:COM8/phase_v_v,4994064,1786326465622,7.974,V
serial:COM8/phase_w_v,4994064,1786326465622,8.001,V
serial:COM8/motor_angle,4994066,1786326465622,139.37,deg
serial:COM8/phase_u_v,4994066,1786326465622,8.125,V
serial:COM8/phase_v_v,4994066,1786326465622,8.136,V
serial:COM8/phase_w_v,4994066,1786326465622,8.168,V
serial:COM8/motor_angle,4994068,1786326465622,139.37,deg
serial:COM8/phase_u_v,4994068,1786326465622,7.623,V
serial:COM8/phase_v_v,4994068,1786326465622,7.628,V
serial:COM8/phase_w_v,4994068,1786326465622,7.644,V
serial:COM8/motor_angle,4994070,1786326465622,139.42,deg
serial:COM8/phase_u_v,4994070,1786326465622,7.768,V
serial:COM8/phase_v_v,4994070,1786326465622,7.774,V
serial:COM8/phase_w_v,4994070,1786326465622,7.801,V
serial:COM8/motor_angle,4994072,1786326465622,139.39,deg
serial:COM8/phase_u_v,4994072,1786326465622,7.920,V
serial:COM8/phase_v_v,4994072,1786326465622,7.930,V
serial:COM8/phase_w_v,4994072,1786326465622,7.957,V
serial:COM8/motor_angle,4994074,1786326465622,139.37,deg
serial:COM8/phase_u_v,4994074,1786326465622,8.082,V
serial:COM8/phase_v_v,4994074,1786326465622,8.092,V
serial:COM8/phase_w_v,4994074,1786326465622,8.114,V
serial:COM8/motor_angle,4994076,1786326465694,139.39,deg
serial:COM8/phase_u_v,4994076,1786326465694,7.580,V
serial:COM8/phase_v_v,4994076,1786326465694,7.590,V
serial:COM8/phase_w_v,4994076,1786326465694,7.617,V
serial:COM8/motor_angle,4994078,1786326465694,139.44,deg
serial:COM8/phase_u_v,4994078,1786326465694,7.731,V
serial:COM8/phase_v_v,4994078,1786326465694,7.736,V
serial:COM8/phase_w_v,4994078,1786326465694,7.758,V
serial:COM8/motor_angle,4994080,1786326465694,139.46,deg
serial:COM8/phase_u_v,4994080,1786326465694,7.882,V
serial:COM8/phase_v_v,4994080,1786326465694,7.893,V
serial:COM8/phase_w_v,4994080,1786326465694,7.914,V
serial:COM8/motor_angle,4994082,1786326465694,139.44,deg
serial:COM8/phase_u_v,4994082,1786326465694,8.038,V
serial:COM8/phase_v_v,4994082,1786326465694,8.049,V
serial:COM8/phase_w_v,4994082,1786326465694,8.071,V
serial:COM8/motor_angle,4994084,1786326465694,139.39,deg
serial:COM8/phase_u_v,4994084,1786326465694,7.536,V
serial:COM8/phase_v_v,4994084,1786326465694,7.558,V
serial:COM8/phase_w_v,4994084,1786326465694,7.574,V
serial:COM8/motor_angle,4994086,1786326465694,139.37,deg
serial:COM8/phase_u_v,4994086,1786326465694,7.688,V
serial:COM8/phase_v_v,4994086,1786326465694,7.693,V
serial:COM8/phase_w_v,4994086,1786326465694,7.720,V
serial:COM8/motor_angle,4994088,1786326465694,139.35,deg
serial:COM8/phase_u_v,4994088,1786326465694,7.844,V
serial:COM8/phase_v_v,4994088,1786326465694,7.844,V
serial:COM8/phase_w_v,4994088,1786326465694,7.871,V
serial:COM8/motor_angle,4994090,1786326465694,139.39,deg
serial:COM8/phase_u_v,4994090,1786326465694,8.006,V
serial:COM8/phase_v_v,4994090,1786326465694,8.006,V
serial:COM8/phase_w_v,4994090,1786326465694,8.038,V
serial:COM8/motor_angle,4994092,1786326465694,139.39,deg
serial:COM8/phase_u_v,4994092,1786326465694,7.504,V
serial:COM8/phase_v_v,4994092,1786326465694,7.509,V
serial:COM8/phase_w_v,4994092,1786326465694,7.531,V
serial:COM8/motor_angle,4994094,1786326465694,139.37,deg
serial:COM8/phase_u_v,4994094,1786326465694,7.650,V
serial:COM8/phase_v_v,4994094,1786326465694,7.655,V
serial:COM8/phase_w_v,4994094,1786326465694,7.682,V
serial:COM8/motor_angle,4994096,1786326465694,139.44,deg
serial:COM8/phase_u_v,4994096,1786326465694,7.801,V
serial:COM8/phase_v_v,4994096,1786326465694,7.812,V
serial:COM8/phase_w_v,4994096,1786326465694,7.839,V
serial:COM8/motor_angle,4994098,1786326465694,139.44,deg
serial:COM8/phase_u_v,4994098,1786326465694,7.957,V
serial:COM8/phase_v_v,4994098,1786326465694,7.974,V
serial:COM8/phase_w_v,4994098,1786326465694,7.995,V
serial:COM8/motor_angle,4994100,1786326465694,139.39,deg
serial:COM8/phase_u_v,4994100,1786326465694,8.119,V
serial:COM8/phase_v_v,4994100,1786326465694,8.125,V
serial:COM8/phase_w_v,4994100,1786326465694,8.152,V
serial:COM8/motor_angle,4994102,1786326465694,139.37,deg
serial:COM8/phase_u_v,4994102,1786326465694,7.612,V
serial:COM8/phase_v_v,4994102,1786326465694,7.623,V
serial:COM8/phase_w_v,4994102,1786326465694,7.644,V
serial:COM8/motor_angle,4994104,1786326465694,139.35,deg
serial:COM8/phase_u_v,4994104,1786326465694,7.763,V
serial:COM8/phase_v_v,4994104,1786326465694,7.768,V
serial:COM8/phase_w_v,4994104,1786326465694,7.795,V
serial:COM8/motor_angle,4994106,1786326465694,139.44,deg
serial:COM8/phase_u_v,4994106,1786326465694,7.920,V
serial:COM8/phase_v_v,4994106,1786326465694,7.930,V
serial:COM8/phase_w_v,4994106,1786326465694,7.952,V
serial:COM8/motor_angle,4994108,1786326465694,139.42,deg
serial:COM8/phase_u_v,4994108,1786326465694,8.082,V
serial:COM8/phase_v_v,4994108,1786326465694,8.087,V
serial:COM8/phase_w_v,4994108,1786326465694,8.114,V
serial:COM8/motor_angle,4994110,1786326465694,139.35,deg
serial:COM8/phase_u_v,4994110,1786326465694,7.574,V
serial:COM8/phase_v_v,4994110,1786326465694,7.580,V
serial:COM8/phase_w_v,4994110,1786326465694,7.601,V
serial:COM8/motor_angle,4994112,1786326465694,139.37,deg
serial:COM8/phase_u_v,4994112,1786326465694,7.731,V
serial:COM8/phase_v_v,4994112,1786326465694,7.725,V
serial:COM8/phase_w_v,4994112,1786326465694,7.758,V
serial:COM8/motor_angle,4994114,1786326465694,139.37,deg
serial:COM8/phase_u_v,4994114,1786326465694,7.887,V
serial:COM8/phase_v_v,4994114,1786326465694,7.887,V
serial:COM8/phase_w_v,4994114,1786326465694,7.914,V
serial:COM8/motor_angle,4994116,1786326465694,139.37,deg
serial:COM8/phase_u_v,4994116,1786326465694,8.044,V
serial:COM8/phase_v_v,4994116,1786326465694,8.049,V
serial:COM8/phase_w_v,4994116,1786326465694,8.065,V
serial:COM8/motor_angle,4994118,1786326465694,139.42,deg
serial:COM8/phase_u_v,4994118,1786326465694,7.542,V
serial:COM8/phase_v_v,4994118,1786326465694,7.547,V
serial:COM8/phase_w_v,4994118,1786326465694,7.569,V
serial:COM8/motor_angle,4994120,1786326465694,139.37,deg
serial:COM8/phase_u_v,4994120,1786326465694,7.688,V
serial:COM8/phase_v_v,4994120,1786326465694,7.693,V
serial:COM8/phase_w_v,4994120,1786326465694,7.720,V
serial:COM8/motor_angle,4994122,1786326465694,139.37,deg
serial:COM8/phase_u_v,4994122,1786326465694,7.844,V
serial:COM8/phase_v_v,4994122,1786326465694,7.849,V
serial:COM8/phase_w_v,4994122,1786326465694,7.882,V
serial:COM8/motor_angle,4994124,1786326465694,139.33,deg
serial:COM8/phase_u_v,4994124,1786326465694,8.001,V
serial:COM8/phase_v_v,4994124,1786326465694,8.006,V
serial:COM8/phase_w_v,4994124,1786326465694,8.033,V
serial:COM8/motor_angle,4994126,1786326465694,139.37,deg
serial:COM8/phase_u_v,4994126,1786326465694,7.499,V
serial:COM8/phase_v_v,4994126,1786326465694,7.504,V
serial:COM8/phase_w_v,4994126,1786326465694,7.531,V
serial:COM8/motor_angle,4994128,1786326465694,139.33,deg
serial:COM8/phase_u_v,4994128,1786326465694,7.650,V
serial:COM8/phase_v_v,4994128,1786326465694,7.661,V
serial:COM8/phase_w_v,4994128,1786326465694,7.682,V
serial:COM8/motor_angle,4994130,1786326465694,139.42,deg
serial:COM8/phase_u_v,4994130,1786326465694,7.795,V
serial:COM8/phase_v_v,4994130,1786326465694,7.812,V
serial:COM8/phase_w_v,4994130,1786326465694,7.833,V
serial:COM8/motor_angle,4994132,1786326465694,139.42,deg
serial:COM8/phase_u_v,4994132,1786326465694,7.957,V
serial:COM8/phase_v_v,4994132,1786326465694,7.974,V
serial:COM8/phase_w_v,4994132,1786326465694,7.990,V
serial:COM8/motor_angle,4994134,1786326465694,139.44,deg
serial:COM8/phase_u_v,4994134,1786326465694,8.125,V
serial:COM8/phase_v_v,4994134,1786326465694,8.130,V
serial:COM8/phase_w_v,4994134,1786326465694,8.152,V
serial:COM8/motor_angle,4994136,1786326465694,139.37,deg
serial:COM8/phase_u_v,4994136,1786326465694,7.607,V
serial:COM8/phase_v_v,4994136,1786326465694,7.623,V
serial:COM8/phase_w_v,4994136,1786326465694,7.639,V
serial:COM8/motor_angle,4994138,1786326465694,139.46,deg
serial:COM8/phase_u_v,4994138,1786326465694,7.768,V
serial:COM8/phase_v_v,4994138,1786326465694,7.768,V
serial:COM8/phase_w_v,4994138,1786326465694,7.795,V
serial:COM8/motor_angle,4994140,1786326465694,139.39,deg
serial:COM8/phase_u_v,4994140,1786326465694,7.914,V
serial:COM8/phase_v_v,4994140,1786326465694,7.920,V
serial:COM8/phase_w_v,4994140,1786326465694,7.947,V
serial:COM8/motor_angle,4994142,1786326465694,139.39,deg
serial:COM8/phase_u_v,4994142,1786326465694,8.071,V
serial:COM8/phase_v_v,4994142,1786326465694,8.082,V
serial:COM8/phase_w_v,4994142,1786326465694,8.109,V
serial:COM8/motor_angle,4994144,1786326465694,139.42,deg
serial:COM8/phase_u_v,4994144,1786326465694,7.563,V
serial:COM8/phase_v_v,4994144,1786326465694,7.574,V
serial:COM8/phase_w_v,4994144,1786326465694,7.601,V
serial:COM8/motor_angle,4994146,1786326465694,139.42,deg
serial:COM8/phase_u_v,4994146,1786326465694,7.715,V
serial:COM8/phase_v_v,4994146,1786326465694,7.725,V
serial:COM8/phase_w_v,4994146,1786326465694,7.752,V
serial:COM8/motor_angle,4994148,1786326465768,139.44,deg
serial:COM8/phase_u_v,4994148,1786326465768,7.876,V
serial:COM8/phase_v_v,4994148,1786326465768,7.876,V
serial:COM8/phase_w_v,4994148,1786326465768,7.903,V
serial:COM8/motor_angle,4994150,1786326465768,139.37,deg
serial:COM8/phase_u_v,4994150,1786326465768,8.028,V
serial:COM8/phase_v_v,4994150,1786326465768,8.038,V
serial:COM8/phase_w_v,4994150,1786326465768,8.055,V
serial:COM8/motor_angle,4994152,1786326465768,139.42,deg
serial:COM8/phase_u_v,4994152,1786326465768,7.531,V
serial:COM8/phase_v_v,4994152,1786326465768,7.536,V
serial:COM8/phase_w_v,4994152,1786326465768,7.553,V
serial:COM8/motor_angle,4994154,1786326465768,139.42,deg
serial:COM8/phase_u_v,4994154,1786326465768,7.671,V
serial:COM8/phase_v_v,4994154,1786326465768,7.682,V
serial:COM8/phase_w_v,4994154,1786326465768,7.704,V
serial:COM8/motor_angle,4994156,1786326465768,139.35,deg
serial:COM8/phase_u_v,4994156,1786326465768,7.822,V
serial:COM8/phase_v_v,4994156,1786326465768,7.839,V
serial:COM8/phase_w_v,4994156,1786326465768,7.860,V
serial:COM8/motor_angle,4994158,1786326465768,139.37,deg
serial:COM8/phase_u_v,4994158,1786326465768,7.984,V
serial:COM8/phase_v_v,4994158,1786326465768,7.995,V
serial:COM8/phase_w_v,4994158,1786326465768,8.022,V
serial:COM8/motor_angle,4994160,1786326465768,139.42,deg
serial:COM8/phase_u_v,4994160,1786326465768,7.493,V
serial:COM8/phase_v_v,4994160,1786326465768,7.499,V
serial:COM8/phase_w_v,4994160,1786326465768,7.515,V
serial:COM8/motor_angle,4994162,1786326465768,139.37,deg
serial:COM8/phase_u_v,4994162,1786326465768,7.639,V
serial:COM8/phase_v_v,4994162,1786326465768,7.639,V
serial:COM8/phase_w_v,4994162,1786326465768,7.671,V
serial:COM8/motor_angle,4994164,1786326465768,139.37,deg
serial:COM8/phase_u_v,4994164,1786326465768,7.785,V
serial:COM8/phase_v_v,4994164,1786326465768,7.795,V
serial:COM8/phase_w_v,4994164,1786326465768,7.828,V
serial:COM8/motor_angle,4994166,1786326465768,139.39,deg
serial:COM8/phase_u_v,4994166,1786326465768,7.941,V
serial:COM8/phase_v_v,4994166,1786326465768,7.947,V
serial:COM8/phase_w_v,4994166,1786326465768,7.984,V
serial:COM8/motor_angle,4994168,1786326465768,139.39,deg
serial:COM8/phase_u_v,4994168,1786326465768,8.103,V
serial:COM8/phase_v_v,4994168,1786326465768,8.114,V
serial:COM8/phase_w_v,4994168,1786326465768,8.136,V
serial:COM8/motor_angle,4994170,1786326465768,139.39,deg
serial:COM8/phase_u_v,4994170,1786326465768,7.590,V
serial:COM8/phase_v_v,4994170,1786326465768,7.607,V
serial:COM8/phase_w_v,4994170,1786326465768,7.634,V
serial:COM8/motor_angle,4994172,1786326465768,139.39,deg
serial:COM8/phase_u_v,4994172,1786326465768,7.747,V
serial:COM8/phase_v_v,4994172,1786326465768,7.758,V
serial:COM8/phase_w_v,4994172,1786326465768,7.779,V
serial:COM8/motor_angle,4994174,1786326465768,139.42,deg
serial:COM8/phase_u_v,4994174,1786326465768,7.898,V
serial:COM8/phase_v_v,4994174,1786326465768,7.898,V
serial:COM8/phase_w_v,4994174,1786326465768,7.941,V
serial:COM8/motor_angle,4994176,1786326465768,139.37,deg
serial:COM8/phase_u_v,4994176,1786326465768,8.060,V
serial:COM8/phase_v_v,4994176,1786326465768,8.071,V
serial:COM8/phase_w_v,4994176,1786326465768,8.092,V
serial:COM8/motor_angle,4994178,1786326465768,139.33,deg
serial:COM8/phase_u_v,4994178,1786326465768,7.563,V
serial:COM8/phase_v_v,4994178,1786326465768,7.569,V
serial:COM8/phase_w_v,4994178,1786326465768,7.590,V
serial:COM8/motor_angle,4994180,1786326465768,139.42,deg
serial:COM8/phase_u_v,4994180,1786326465768,7.715,V
serial:COM8/phase_v_v,4994180,1786326465768,7.720,V
serial:COM8/phase_w_v,4994180,1786326465768,7.742,V
serial:COM8/motor_angle,4994182,1786326465768,139.39,deg
serial:COM8/phase_u_v,4994182,1786326465768,7.860,V
serial:COM8/phase_v_v,4994182,1786326465768,7.871,V
serial:COM8/phase_w_v,4994182,1786326465768,7.893,V
serial:COM8/motor_angle,4994184,1786326465768,139.42,deg
serial:COM8/phase_u_v,4994184,1786326465768,8.022,V
serial:COM8/phase_v_v,4994184,1786326465768,8.028,V
serial:COM8/phase_w_v,4994184,1786326465768,8.049,V
serial:COM8/motor_angle,4994186,1786326465768,139.46,deg
serial:COM8/phase_u_v,4994186,1786326465768,7.526,V
serial:COM8/phase_v_v,4994186,1786326465768,7.531,V
serial:COM8/phase_w_v,4994186,1786326465768,7.553,V
serial:COM8/motor_angle,4994188,1786326465768,139.35,deg
serial:COM8/phase_u_v,4994188,1786326465768,7.671,V
serial:COM8/phase_v_v,4994188,1786326465768,7.677,V
serial:COM8/phase_w_v,4994188,1786326465768,7.704,V
serial:COM8/motor_angle,4994190,1786326465768,139.39,deg
serial:COM8/phase_u_v,4994190,1786326465768,7.828,V
serial:COM8/phase_v_v,4994190,1786326465768,7.833,V
serial:COM8/phase_w_v,4994190,1786326465768,7.855,V
serial:COM8/motor_angle,4994192,1786326465768,139.42,deg
serial:COM8/phase_u_v,4994192,1786326465768,7.974,V
serial:COM8/phase_v_v,4994192,1786326465768,7.990,V
serial:COM8/phase_w_v,4994192,1786326465768,8.022,V
serial:COM8/motor_angle,4994194,1786326465768,139.33,deg
serial:COM8/phase_u_v,4994194,1786326465768,7.488,V
serial:COM8/phase_v_v,4994194,1786326465768,7.493,V
serial:COM8/phase_w_v,4994194,1786326465768,8.136,V
serial:COM8/motor_angle,4994196,1786326465768,139.44,deg
serial:COM8/phase_u_v,4994196,1786326465768,7.628,V
serial:COM8/phase_v_v,4994196,1786326465768,7.644,V
serial:COM8/phase_w_v,4994196,1786326465768,7.671,V
serial:COM8/motor_angle,4994198,1786326465768,139.37,deg
serial:COM8/phase_u_v,4994198,1786326465768,7.785,V
serial:COM8/phase_v_v,4994198,1786326465768,7.785,V
serial:COM8/phase_w_v,4994198,1786326465768,7.812,V
serial:COM8/motor_angle,4994200,1786326465768,139.39,deg
serial:COM8/phase_u_v,4994200,1786326465768,7.941,V
serial:COM8/phase_v_v,4994200,1786326465768,7.947,V
serial:COM8/phase_w_v,4994200,1786326465768,7.968,V
serial:COM8/motor_angle,4994202,1786326465768,139.42,deg
serial:COM8/phase_u_v,4994202,1786326465768,8.098,V
serial:COM8/phase_v_v,4994202,1786326465768,8.103,V
serial:COM8/phase_w_v,4994202,1786326465768,8.130,V
serial:COM8/motor_angle,4994204,1786326465768,139.42,deg
serial:COM8/phase_u_v,4994204,1786326465768,7.590,V
serial:COM8/phase_v_v,4994204,1786326465768,7.596,V
serial:COM8/phase_w_v,4994204,1786326465768,7.628,V
serial:COM8/motor_angle,4994206,1786326465768,139.39,deg
serial:COM8/phase_u_v,4994206,1786326465768,7.752,V
serial:COM8/phase_v_v,4994206,1786326465768,7.752,V
serial:COM8/phase_w_v,4994206,1786326465768,7.774,V
serial:COM8/motor_angle,4994208,1786326465768,139.39,deg
serial:COM8/phase_u_v,4994208,1786326465768,7.898,V
serial:COM8/phase_v_v,4994208,1786326465768,7.903,V
serial:COM8/phase_w_v,4994208,1786326465768,7.941,V
serial:COM8/motor_angle,4994210,1786326465768,139.37,deg
serial:COM8/phase_u_v,4994210,1786326465768,8.055,V
serial:COM8/phase_v_v,4994210,1786326465768,8.060,V
serial:COM8/phase_w_v,4994210,1786326465768,8.087,V
serial:COM8/motor_angle,4994212,1786326465768,139.46,deg
serial:COM8/phase_u_v,4994212,1786326465768,7.553,V
serial:COM8/phase_v_v,4994212,1786326465768,7.558,V
serial:COM8/phase_w_v,4994212,1786326465768,7.585,V
serial:COM8/motor_angle,4994214,1786326465768,139.39,deg
serial:COM8/phase_u_v,4994214,1786326465768,7.709,V
serial:COM8/phase_v_v,4994214,1786326465768,7.715,V
serial:COM8/phase_w_v,4994214,1786326465768,7.742,V
serial:COM8/motor_angle,4994216,1786326465768,139.42,deg
serial:COM8/phase_u_v,4994216,1786326465768,7.860,V
serial:COM8/phase_v_v,4994216,1786326465768,7.871,V
serial:COM8/phase_w_v,4994216,1786326465768,7.887,V
serial:COM8/motor_angle,4994218,1786326465768,139.39,deg
serial:COM8/phase_u_v,4994218,1786326465768,8.011,V
serial:COM8/phase_v_v,4994218,1786326465768,8.022,V
serial:COM8/phase_w_v,4994218,1786326465768,8.049,V
serial:COM8/motor_angle,4994220,1786326465768,139.39,deg
serial:COM8/phase_u_v,4994220,1786326465768,7.515,V
serial:COM8/phase_v_v,4994220,1786326465768,7.526,V
serial:COM8/phase_w_v,4994220,1786326465768,7.553,V
serial:COM8/motor_angle,4994222,1786326465840,139.37,deg
serial:COM8/phase_u_v,4994222,1786326465840,7.666,V
serial:COM8/phase_v_v,4994222,1786326465840,7.677,V
serial:COM8/phase_w_v,4994222,1786326465840,7.704,V
serial:COM8/motor_angle,4994224,1786326465840,139.44,deg
serial:COM8/phase_u_v,4994224,1786326465840,7.822,V
serial:COM8/phase_v_v,4994224,1786326465840,7.822,V
serial:COM8/phase_w_v,4994224,1786326465840,7.855,V
serial:COM8/motor_angle,4994226,1786326465840,139.37,deg
serial:COM8/phase_u_v,4994226,1786326465840,7.968,V
serial:COM8/phase_v_v,4994226,1786326465840,7.984,V
serial:COM8/phase_w_v,4994226,1786326465840,8.006,V
serial:COM8/motor_angle,4994228,1786326465840,139.42,deg
serial:COM8/phase_u_v,4994228,1786326465840,8.130,V
serial:COM8/phase_v_v,4994228,1786326465840,8.141,V
serial:COM8/phase_w_v,4994228,1786326465840,8.163,V
serial:COM8/motor_angle,4994230,1786326465840,139.37,deg
serial:COM8/phase_u_v,4994230,1786326465840,7.623,V
serial:COM8/phase_v_v,4994230,1786326465840,7.634,V
serial:COM8/phase_w_v,4994230,1786326465840,7.666,V
serial:COM8/motor_angle,4994232,1786326465840,139.44,deg
serial:COM8/phase_u_v,4994232,1786326465840,7.779,V
serial:COM8/phase_v_v,4994232,1786326465840,7.785,V
serial:COM8/phase_w_v,4994232,1786326465840,7.806,V
serial:COM8/motor_angle,4994234,1786326465840,139.39,deg
serial:COM8/phase_u_v,4994234,1786326465840,7.936,V
serial:COM8/phase_v_v,4994234,1786326465840,7.941,V
serial:COM8/phase_w_v,4994234,1786326465840,7.968,V
serial:COM8/motor_angle,4994236,1786326465840,139.37,deg
serial:COM8/phase_u_v,4994236,1786326465840,8.087,V
serial:COM8/phase_v_v,4994236,1786326465840,8.098,V
serial:COM8/phase_w_v,4994236,1786326465840,8.125,V
serial:COM8/motor_angle,4994238,1786326465840,139.39,deg
serial:COM8/phase_u_v,4994238,1786326465840,7.580,V
serial:COM8/phase_v_v,4994238,1786326465840,7.585,V
serial:COM8/phase_w_v,4994238,1786326465840,7.617,V
serial:COM8/motor_angle,4994240,1786326465840,139.37,deg
serial:COM8/phase_u_v,4994240,1786326465840,7.736,V
serial:COM8/phase_v_v,4994240,1786326465840,7.736,V
serial:COM8/phase_w_v,4994240,1786326465840,7.768,V
serial:COM8/motor_angle,4994242,1786326465840,139.37,deg
serial:COM8/phase_u_v,4994242,1786326465840,7.893,V
serial:COM8/phase_v_v,4994242,1786326465840,7.887,V
serial:COM8/phase_w_v,4994242,1786326465840,7.930,V
serial:COM8/motor_angle,4994244,1786326465840,139.37,deg
serial:COM8/phase_u_v,4994244,1786326465840,8.044,V
serial:COM8/phase_v_v,4994244,1786326465840,8.055,V
serial:COM8/phase_w_v,4994244,1786326465840,8.087,V
serial:COM8/motor_angle,4994246,1786326465840,139.39,deg
serial:COM8/phase_u_v,4994246,1786326465840,7.547,V
serial:COM8/phase_v_v,4994246,1786326465840,7.553,V
serial:COM8/phase_w_v,4994246,1786326465840,7.580,V
serial:COM8/motor_angle,4994248,1786326465840,139.35,deg
serial:COM8/phase_u_v,4994248,1786326465840,7.698,V
serial:COM8/phase_v_v,4994248,1786326465840,7.709,V
serial:COM8/phase_w_v,4994248,1786326465840,7.725,V
serial:COM8/motor_angle,4994250,1786326465840,139.42,deg
serial:COM8/phase_u_v,4994250,1786326465840,7.844,V
serial:COM8/phase_v_v,4994250,1786326465840,7.855,V
serial:COM8/phase_w_v,4994250,1786326465840,7.887,V
serial:COM8/motor_angle,4994252,1786326465840,139.39,deg
serial:COM8/phase_u_v,4994252,1786326465840,8.006,V
serial:COM8/phase_v_v,4994252,1786326465840,8.011,V
serial:COM8/phase_w_v,4994252,1786326465840,8.044,V
serial:COM8/motor_angle,4994254,1786326465840,139.37,deg
serial:COM8/phase_u_v,4994254,1786326465840,7.499,V
serial:COM8/phase_v_v,4994254,1786326465840,7.509,V
serial:COM8/phase_w_v,4994254,1786326465840,7.531,V
serial:COM8/motor_angle,4994256,1786326465840,139.37,deg
serial:COM8/phase_u_v,4994256,1786326465840,7.650,V
serial:COM8/phase_v_v,4994256,1786326465840,7.661,V
serial:COM8/phase_w_v,4994256,1786326465840,7.688,V
serial:COM8/motor_angle,4994258,1786326465840,139.44,deg
serial:COM8/phase_u_v,4994258,1786326465840,7.806,V
serial:COM8/phase_v_v,4994258,1786326465840,7.817,V
serial:COM8/phase_w_v,4994258,1786326465840,7.844,V
serial:COM8/motor_angle,4994260,1786326465840,139.42,deg
serial:COM8/phase_u_v,4994260,1786326465840,7.963,V
serial:COM8/phase_v_v,4994260,1786326465840,7.979,V
serial:COM8/phase_w_v,4994260,1786326465840,8.006,V
serial:COM8/motor_angle,4994262,1786326465840,139.37,deg
serial:COM8/phase_u_v,4994262,1786326465840,8.130,V
serial:COM8/phase_v_v,4994262,1786326465840,8.130,V
serial:COM8/phase_w_v,4994262,1786326465840,8.157,V
serial:COM8/motor_angle,4994264,1786326465840,139.37,deg
serial:COM8/phase_u_v,4994264,1786326465840,7.617,V
serial:COM8/phase_v_v,4994264,1786326465840,7.623,V
serial:COM8/phase_w_v,4994264,1786326465840,7.650,V
serial:COM8/motor_angle,4994266,1786326465840,139.39,deg
serial:COM8/phase_u_v,4994266,1786326465840,7.774,V
serial:COM8/phase_v_v,4994266,1786326465840,7.774,V
serial:COM8/phase_w_v,4994266,1786326465840,7.812,V
serial:COM8/motor_angle,4994268,1786326465840,139.37,deg
serial:COM8/phase_u_v,4994268,1786326465840,7.920,V
serial:COM8/phase_v_v,4994268,1786326465840,7.930,V
serial:COM8/phase_w_v,4994268,1786326465840,7.963,V
serial:COM8/motor_angle,4994270,1786326465840,139.37,deg
serial:COM8/phase_u_v,4994270,1786326465840,8.087,V
serial:COM8/phase_v_v,4994270,1786326465840,8.087,V
serial:COM8/phase_w_v,4994270,1786326465840,8.119,V
serial:COM8/motor_angle,4994272,1786326465840,139.37,deg
serial:COM8/phase_u_v,4994272,1786326465840,7.580,V
serial:COM8/phase_v_v,4994272,1786326465840,7.585,V
serial:COM8/phase_w_v,4994272,1786326465840,7.617,V
serial:COM8/motor_angle,4994274,1786326465840,139.37,deg
serial:COM8/phase_u_v,4994274,1786326465840,7.736,V
serial:COM8/phase_v_v,4994274,1786326465840,7.742,V
serial:COM8/phase_w_v,4994274,1786326465840,7.768,V
serial:COM8/motor_angle,4994276,1786326465840,139.39,deg
serial:COM8/phase_u_v,4994276,1786326465840,7.887,V
serial:COM8/phase_v_v,4994276,1786326465840,7.898,V
serial:COM8/phase_w_v,4994276,1786326465840,7.925,V
serial:COM8/motor_angle,4994278,1786326465840,139.37,deg
serial:COM8/phase_u_v,4994278,1786326465840,8.049,V
serial:COM8/phase_v_v,4994278,1786326465840,8.055,V
serial:COM8/phase_w_v,4994278,1786326465840,8.071,V
serial:COM8/motor_angle,4994280,1786326465840,139.37,deg
serial:COM8/phase_u_v,4994280,1786326465840,7.536,V
serial:COM8/phase_v_v,4994280,1786326465840,7.536,V
serial:COM8/phase_w_v,4994280,1786326465840,7.569,V
serial:COM8/motor_angle,4994282,1786326465840,139.37,deg
serial:COM8/phase_u_v,4994282,1786326465840,7.688,V
serial:COM8/phase_v_v,4994282,1786326465840,7.704,V
serial:COM8/phase_w_v,4994282,1786326465840,7.731,V
serial:COM8/motor_angle,4994284,1786326465840,139.39,deg
serial:COM8/phase_u_v,4994284,1786326465840,7.844,V
serial:COM8/phase_v_v,4994284,1786326465840,7.855,V
serial:COM8/phase_w_v,4994284,1786326465840,7.882,V
serial:COM8/motor_angle,4994286,1786326465840,139.37,deg
serial:COM8/phase_u_v,4994286,1786326465840,8.006,V
serial:COM8/phase_v_v,4994286,1786326465840,8.017,V
serial:COM8/phase_w_v,4994286,1786326465840,8.038,V
serial:COM8/motor_angle,4994288,1786326465840,139.42,deg
serial:COM8/phase_u_v,4994288,1786326465840,7.504,V
serial:COM8/phase_v_v,4994288,1786326465840,7.509,V
serial:COM8/phase_w_v,4994288,1786326465840,7.536,V
serial:COM8/motor_angle,4994290,1786326465840,139.39,deg
serial:COM8/phase_u_v,4994290,1786326465840,7.655,V
serial:COM8/phase_v_v,4994290,1786326465840,7.661,V
serial:COM8/phase_w_v,4994290,1786326465840,7.693,V
serial:COM8/motor_angle,4994292,1786326465840,139.42,deg
serial:COM8/phase_u_v,4994292,1786326465840,7.812,V
serial:COM8/phase_v_v,4994292,1786326465840,7.812,V
serial:COM8/phase_w_v,4994292,1786326465840,7.839,V
serial:COM8/motor_angle,4994294,1786326465911,139.42,deg
serial:COM8/phase_u_v,4994294,1786326465911,7.963,V
serial:COM8/phase_v_v,4994294,1786326465911,7.979,V
serial:COM8/phase_w_v,4994294,1786326465911,7.990,V
serial:COM8/motor_angle,4994296,1786326465911,139.39,deg
serial:COM8/phase_u_v,4994296,1786326465911,8.119,V
serial:COM8/phase_v_v,4994296,1786326465911,8.141,V
serial:COM8/phase_w_v,4994296,1786326465911,8.163,V
serial:COM8/motor_angle,4994298,1786326465911,139.37,deg
serial:COM8/phase_u_v,4994298,1786326465911,7.612,V
serial:COM8/phase_v_v,4994298,1786326465911,7.628,V
serial:COM8/phase_w_v,4994298,1786326465911,7.639,V
serial:COM8/motor_angle,4994300,1786326465911,139.39,deg
serial:COM8/phase_u_v,4994300,1786326465911,7.774,V
serial:COM8/phase_v_v,4994300,1786326465911,7.779,V
serial:COM8/phase_w_v,4994300,1786326465911,7.801,V
serial:COM8/motor_angle,4994302,1786326465911,139.37,deg
serial:COM8/phase_u_v,4994302,1786326465911,7.920,V
serial:COM8/phase_v_v,4994302,1786326465911,7.925,V
serial:COM8/phase_w_v,4994302,1786326465911,7.952,V
serial:COM8/motor_angle,4994304,1786326465911,139.39,deg
serial:COM8/phase_u_v,4994304,1786326465911,8.076,V
serial:COM8/phase_v_v,4994304,1786326465911,8.092,V
serial:COM8/phase_w_v,4994304,1786326465911,8.114,V
serial:COM8/motor_angle,4994306,1786326465911,139.39,deg
serial:COM8/phase_u_v,4994306,1786326465911,7.574,V
serial:COM8/phase_v_v,4994306,1786326465911,7.590,V
serial:COM8/phase_w_v,4994306,1786326465911,7.617,V
serial:COM8/motor_angle,4994308,1786326465911,139.37,deg
serial:COM8/phase_u_v,4994308,1786326465911,7.731,V
serial:COM8/phase_v_v,4994308,1786326465911,7.742,V
serial:COM8/phase_w_v,4994308,1786326465911,7.763,V
serial:COM8/motor_angle,4994310,1786326465911,139.31,deg
serial:COM8/phase_u_v,4994310,1786326465911,7.882,V
serial:COM8/phase_v_v,4994310,1786326465911,7.893,V
serial:COM8/phase_w_v,4994310,1786326465911,7.920,V
serial:COM8/motor_angle,4994312,1786326465911,139.42,deg
serial:COM8/phase_u_v,4994312,1786326465911,8.033,V
serial:COM8/phase_v_v,4994312,1786326465911,8.044,V
serial:COM8/phase_w_v,4994312,1786326465911,8.076,V
serial:COM8/motor_angle,4994314,1786326465911,139.35,deg
serial:COM8/phase_u_v,4994314,1786326465911,7.542,V
serial:COM8/phase_v_v,4994314,1786326465911,7.547,V
serial:COM8/phase_w_v,4994314,1786326465911,7.569,V
serial:COM8/motor_angle,4994316,1786326465911,139.42,deg
serial:COM8/phase_u_v,4994316,1786326465911,7.688,V
serial:COM8/phase_v_v,4994316,1786326465911,7.704,V
serial:COM8/phase_w_v,4994316,1786326465911,7.720,V
serial:COM8/motor_angle,4994318,1786326465911,139.42,deg
serial:COM8/phase_u_v,4994318,1786326465911,7.844,V
serial:COM8/phase_v_v,4994318,1786326465911,7.849,V
serial:COM8/phase_w_v,4994318,1786326465911,7.882,V
serial:COM8/motor_angle,4994320,1786326465911,139.35,deg
serial:COM8/phase_u_v,4994320,1786326465911,8.001,V
serial:COM8/phase_v_v,4994320,1786326465911,8.017,V
serial:COM8/phase_w_v,4994320,1786326465911,8.033,V
serial:COM8/motor_angle,4994322,1786326465911,139.44,deg
serial:COM8/phase_u_v,4994322,1786326465911,7.504,V
serial:COM8/phase_v_v,4994322,1786326465911,7.509,V
serial:COM8/phase_w_v,4994322,1786326465911,7.536,V
serial:COM8/motor_angle,4994324,1786326465911,139.37,deg
serial:COM8/phase_u_v,4994324,1786326465911,7.655,V
serial:COM8/phase_v_v,4994324,1786326465911,7.661,V
serial:COM8/phase_w_v,4994324,1786326465911,7.688,V
serial:COM8/motor_angle,4994326,1786326465911,139.39,deg
serial:COM8/phase_u_v,4994326,1786326465911,7.812,V
serial:COM8/phase_v_v,4994326,1786326465911,7.822,V
serial:COM8/phase_w_v,4994326,1786326465911,7.839,V
serial:COM8/motor_angle,4994328,1786326465911,139.35,deg
serial:COM8/phase_u_v,4994328,1786326465911,7.957,V
serial:COM8/phase_v_v,4994328,1786326465911,7.979,V
serial:COM8/phase_w_v,4994328,1786326465911,8.001,V
serial:COM8/motor_angle,4994330,1786326465911,139.42,deg
serial:COM8/phase_u_v,4994330,1786326465911,8.114,V
serial:COM8/phase_v_v,4994330,1786326465911,8.130,V
serial:COM8/phase_w_v,4994330,1786326465911,8.157,V
serial:COM8/motor_angle,4994332,1786326465911,139.37,deg
serial:COM8/phase_u_v,4994332,1786326465911,7.617,V
serial:COM8/phase_v_v,4994332,1786326465911,7.628,V
serial:COM8/phase_w_v,4994332,1786326465911,7.650,V
serial:COM8/motor_angle,4994334,1786326465911,139.39,deg
serial:COM8/phase_u_v,4994334,1786326465911,7.768,V
serial:COM8/phase_v_v,4994334,1786326465911,7.768,V
serial:COM8/phase_w_v,4994334,1786326465911,7.801,V
serial:COM8/motor_angle,4994336,1786326465911,139.37,deg
serial:COM8/phase_u_v,4994336,1786326465911,7.920,V
serial:COM8/phase_v_v,4994336,1786326465911,7.930,V
serial:COM8/phase_w_v,4994336,1786326465911,7.957,V
serial:COM8/motor_angle,4994338,1786326465911,139.33,deg
serial:COM8/phase_u_v,4994338,1786326465911,8.076,V
serial:COM8/phase_v_v,4994338,1786326465911,8.092,V
serial:COM8/phase_w_v,4994338,1786326465911,8.119,V
serial:COM8/motor_angle,4994340,1786326465911,139.39,deg
serial:COM8/phase_u_v,4994340,1786326465911,7.574,V
serial:COM8/phase_v_v,4994340,1786326465911,7.590,V
serial:COM8/phase_w_v,4994340,1786326465911,7.612,V
serial:COM8/motor_angle,4994342,1786326465911,139.37,deg
serial:COM8/phase_u_v,4994342,1786326465911,7.725,V
serial:COM8/phase_v_v,4994342,1786326465911,7.725,V
serial:COM8/phase_w_v,4994342,1786326465911,7.758,V
serial:COM8/motor_angle,4994344,1786326465911,139.39,deg
serial:COM8/phase_u_v,4994344,1786326465911,7.876,V
serial:COM8/phase_v_v,4994344,1786326465911,7.898,V
serial:COM8/phase_w_v,4994344,1786326465911,7.914,V
serial:COM8/motor_angle,4994346,1786326465911,139.35,deg
serial:COM8/phase_u_v,4994346,1786326465911,8.033,V
serial:COM8/phase_v_v,4994346,1786326465911,8.044,V
serial:COM8/phase_w_v,4994346,1786326465911,8.076,V
serial:COM8/motor_angle,4994348,1786326465911,139.37,deg
serial:COM8/phase_u_v,4994348,1786326465911,7.531,V
serial:COM8/phase_v_v,4994348,1786326465911,7.547,V
serial:COM8/phase_w_v,4994348,1786326465911,7.569,V
serial:COM8/motor_angle,4994350,1786326465911,139.37,deg
serial:COM8/phase_u_v,4994350,1786326465911,7.688,V
serial:COM8/phase_v_v,4994350,1786326465911,7.698,V
serial:COM8/phase_w_v,4994350,1786326465911,7.725,V
serial:COM8/motor_angle,4994352,1786326465911,139.37,deg
serial:COM8/phase_u_v,4994352,1786326465911,7.839,V
serial:COM8/phase_v_v,4994352,1786326465911,7.849,V
serial:COM8/phase_w_v,4994352,1786326465911,7.871,V
serial:COM8/motor_angle,4994354,1786326465911,139.37,deg
serial:COM8/phase_u_v,4994354,1786326465911,7.995,V
serial:COM8/phase_v_v,4994354,1786326465911,8.006,V
serial:COM8/phase_w_v,4994354,1786326465911,8.028,V
serial:COM8/motor_angle,4994356,1786326465911,139.39,deg
serial:COM8/phase_u_v,4994356,1786326465911,7.499,V
serial:COM8/phase_v_v,4994356,1786326465911,7.509,V
serial:COM8/phase_w_v,4994356,1786326465911,7.536,V
serial:COM8/motor_angle,4994358,1786326465911,139.39,deg
serial:COM8/phase_u_v,4994358,1786326465911,7.644,V
serial:COM8/phase_v_v,4994358,1786326465911,7.661,V
serial:COM8/phase_w_v,4994358,1786326465911,7.682,V
serial:COM8/motor_angle,4994360,1786326465911,139.39,deg
serial:COM8/phase_u_v,4994360,1786326465911,7.801,V
serial:COM8/phase_v_v,4994360,1786326465911,7.806,V
serial:COM8/phase_w_v,4994360,1786326465911,7.833,V
serial:COM8/motor_angle,4994362,1786326465911,139.37,deg
serial:COM8/phase_u_v,4994362,1786326465911,7.952,V
serial:COM8/phase_v_v,4994362,1786326465911,7.963,V
serial:COM8/phase_w_v,4994362,1786326465911,7.990,V
serial:COM8/motor_angle,4994364,1786326465911,139.39,deg
serial:COM8/phase_u_v,4994364,1786326465911,8.114,V
serial:COM8/phase_v_v,4994364,1786326465911,8.125,V
serial:COM8/phase_w_v,4994364,1786326465911,8.146,V
serial:COM8/motor_angle,4994366,1786326465984,139.37,deg
serial:COM8/phase_u_v,4994366,1786326465984,7.612,V
serial:COM8/phase_v_v,4994366,1786326465984,7.628,V
serial:COM8/phase_w_v,4994366,1786326465984,7.644,V
serial:COM8/motor_angle,4994368,1786326465984,139.31,deg
serial:COM8/phase_u_v,4994368,1786326465984,7.758,V
serial:COM8/phase_v_v,4994368,1786326465984,7.774,V
serial:COM8/phase_w_v,4994368,1786326465984,7.801,V
serial:COM8/motor_angle,4994370,1786326465984,139.39,deg
serial:COM8/phase_u_v,4994370,1786326465984,7.914,V
serial:COM8/phase_v_v,4994370,1786326465984,7.925,V
serial:COM8/phase_w_v,4994370,1786326465984,7.952,V
serial:COM8/motor_angle,4994372,1786326465984,139.39,deg
serial:COM8/phase_u_v,4994372,1786326465984,8.065,V
serial:COM8/phase_v_v,4994372,1786326465984,8.082,V
serial:COM8/phase_w_v,4994372,1786326465984,8.114,V
serial:COM8/motor_angle,4994374,1786326465984,139.39,deg
serial:COM8/phase_u_v,4994374,1786326465984,7.569,V
serial:COM8/phase_v_v,4994374,1786326465984,7.580,V
serial:COM8/phase_w_v,4994374,1786326465984,7.607,V
serial:COM8/motor_angle,4994376,1786326465984,139.35,deg
serial:COM8/phase_u_v,4994376,1786326465984,7.715,V
serial:COM8/phase_v_v,4994376,1786326465984,7.725,V
serial:COM8/phase_w_v,4994376,1786326465984,7.752,V
serial:COM8/motor_angle,4994378,1786326465984,139.42,deg
serial:COM8/phase_u_v,4994378,1786326465984,7.871,V
serial:COM8/phase_v_v,4994378,1786326465984,7.887,V
serial:COM8/phase_w_v,4994378,1786326465984,7.914,V
serial:COM8/motor_angle,4994380,1786326465984,139.35,deg
serial:COM8/phase_u_v,4994380,1786326465984,8.033,V
serial:COM8/phase_v_v,4994380,1786326465984,8.038,V
serial:COM8/phase_w_v,4994380,1786326465984,8.076,V
serial:COM8/motor_angle,4994382,1786326465984,139.37,deg
serial:COM8/phase_u_v,4994382,1786326465984,7.531,V
serial:COM8/phase_v_v,4994382,1786326465984,7.542,V
serial:COM8/phase_w_v,4994382,1786326465984,7.563,V
serial:COM8/motor_angle,4994384,1786326465984,139.35,deg
serial:COM8/phase_u_v,4994384,1786326465984,7.677,V
serial:COM8/phase_v_v,4994384,1786326465984,7.693,V
serial:COM8/phase_w_v,4994384,1786326465984,7.720,V
serial:COM8/motor_angle,4994386,1786326465984,139.44,deg
serial:COM8/phase_u_v,4994386,1786326465984,7.833,V
serial:COM8/phase_v_v,4994386,1786326465984,7.844,V
serial:COM8/phase_w_v,4994386,1786326465984,7.871,V
serial:COM8/motor_angle,4994388,1786326465984,139.39,deg
serial:COM8/phase_u_v,4994388,1786326465984,7.984,V
serial:COM8/phase_v_v,4994388,1786326465984,8.001,V
serial:COM8/phase_w_v,4994388,1786326465984,8.022,V
serial:COM8/motor_angle,4994390,1786326465984,139.37,deg
serial:COM8/phase_u_v,4994390,1786326465984,7.493,V
serial:COM8/phase_v_v,4994390,1786326465984,7.509,V
serial:COM8/phase_w_v,4994390,1786326465984,7.526,V
serial:COM8/motor_angle,4994392,1786326465984,139.35,deg
serial:COM8/phase_u_v,4994392,1786326465984,7.639,V
serial:COM8/phase_v_v,4994392,1786326465984,7.644,V
serial:COM8/phase_w_v,4994392,1786326465984,7.677,V
serial:COM8/motor_angle,4994394,1786326465984,139.44,deg
serial:COM8/phase_u_v,4994394,1786326465984,7.785,V
serial:COM8/phase_v_v,4994394,1786326465984,7.801,V
serial:COM8/phase_w_v,4994394,1786326465984,7.828,V
serial:COM8/motor_angle,4994396,1786326465984,139.39,deg
serial:COM8/phase_u_v,4994396,1786326465984,7.952,V
serial:COM8/phase_v_v,4994396,1786326465984,7.957,V
serial:COM8/phase_w_v,4994396,1786326465984,7.979,V
serial:COM8/motor_angle,4994398,1786326465984,139.35,deg
serial:COM8/phase_u_v,4994398,1786326465984,8.103,V
serial:COM8/phase_v_v,4994398,1786326465984,8.114,V
serial:COM8/phase_w_v,4994398,1786326465984,8.136,V
serial:COM8/motor_angle,4994400,1786326465984,139.37,deg
serial:COM8/phase_u_v,4994400,1786326465984,7.596,V
serial:COM8/phase_v_v,4994400,1786326465984,7.607,V
serial:COM8/phase_w_v,4994400,1786326465984,7.639,V
serial:COM8/motor_angle,4994402,1786326465984,139.39,deg
serial:COM8/phase_u_v,4994402,1786326465984,7.752,V
serial:COM8/phase_v_v,4994402,1786326465984,7.758,V
serial:COM8/phase_w_v,4994402,1786326465984,7.785,V
serial:COM8/motor_angle,4994404,1786326465984,139.37,deg
serial:COM8/phase_u_v,4994404,1786326465984,7.909,V
serial:COM8/phase_v_v,4994404,1786326465984,7.914,V
serial:COM8/phase_w_v,4994404,1786326465984,7.941,V
serial:COM8/motor_angle,4994406,1786326465984,139.33,deg
serial:COM8/phase_u_v,4994406,1786326465984,8.060,V
serial:COM8/phase_v_v,4994406,1786326465984,8.071,V
serial:COM8/phase_w_v,4994406,1786326465984,8.098,V
serial:COM8/motor_angle,4994408,1786326465984,139.42,deg
serial:COM8/phase_u_v,4994408,1786326465984,7.563,V
serial:COM8/phase_v_v,4994408,1786326465984,7.569,V
serial:COM8/phase_w_v,4994408,1786326465984,7.596,V
serial:COM8/motor_angle,4994410,1786326465984,139.46,deg
serial:COM8/phase_u_v,4994410,1786326465984,7.709,V
serial:COM8/phase_v_v,4994410,1786326465984,7.725,V
serial:COM8/phase_w_v,4994410,1786326465984,7.747,V
serial:COM8/motor_angle,4994412,1786326465984,139.37,deg
serial:COM8/phase_u_v,4994412,1786326465984,7.866,V
serial:COM8/phase_v_v,4994412,1786326465984,7.882,V
serial:COM8/phase_w_v,4994412,1786326465984,7.898,V
serial:COM8/motor_angle,4994414,1786326465984,139.39,deg
serial:COM8/phase_u_v,4994414,1786326465984,8.022,V
serial:COM8/phase_v_v,4994414,1786326465984,8.038,V
serial:COM8/phase_w_v,4994414,1786326465984,8.060,V
serial:COM8/motor_angle,4994416,1786326465984,139.37,deg
serial:COM8/phase_u_v,4994416,1786326465984,7.526,V
serial:COM8/phase_v_v,4994416,1786326465984,7.536,V
serial:COM8/phase_w_v,4994416,1786326465984,7.558,V
serial:COM8/motor_angle,4994418,1786326465984,139.37,deg
serial:COM8/phase_u_v,4994418,1786326465984,7.671,V
serial:COM8/phase_v_v,4994418,1786326465984,7.688,V
serial:COM8/phase_w_v,4994418,1786326465984,7.704,V
serial:COM8/motor_angle,4994420,1786326465984,139.37,deg
serial:COM8/phase_u_v,4994420,1786326465984,7.822,V
serial:COM8/phase_v_v,4994420,1786326465984,7.839,V
serial:COM8/phase_w_v,4994420,1786326465984,7.860,V
serial:COM8/motor_angle,4994422,1786326465984,139.39,deg
serial:COM8/phase_u_v,4994422,1786326465984,7.984,V
serial:COM8/phase_v_v,4994422,1786326465984,7.990,V
serial:COM8/phase_w_v,4994422,1786326465984,8.017,V
serial:COM8/motor_angle,4994424,1786326465984,139.42,deg
serial:COM8/phase_u_v,4994424,1786326465984,7.482,V
serial:COM8/phase_v_v,4994424,1786326465984,7.499,V
serial:COM8/phase_w_v,4994424,1786326465984,8.125,V
serial:COM8/motor_angle,4994426,1786326465984,139.39,deg
serial:COM8/phase_u_v,4994426,1786326465984,7.634,V
serial:COM8/phase_v_v,4994426,1786326465984,7.650,V
serial:COM8/phase_w_v,4994426,1786326465984,7.671,V
serial:COM8/motor_angle,4994428,1786326465984,139.39,deg
serial:COM8/phase_u_v,4994428,1786326465984,7.779,V
serial:COM8/phase_v_v,4994428,1786326465984,7.806,V
serial:COM8/phase_w_v,4994428,1786326465984,7.822,V
serial:COM8/motor_angle,4994430,1786326465984,139.42,deg
serial:COM8/phase_u_v,4994430,1786326465984,7.952,V
serial:COM8/phase_v_v,4994430,1786326465984,7.957,V
serial:COM8/phase_w_v,4994430,1786326465984,7.979,V
serial:COM8/motor_angle,4994432,1786326465984,139.33,deg
serial:COM8/phase_u_v,4994432,1786326465984,8.103,V
serial:COM8/phase_v_v,4994432,1786326465984,8.114,V
serial:COM8/phase_w_v,4994432,1786326465984,8.146,V
serial:COM8/motor_angle,4994434,1786326465984,139.37,deg
serial:COM8/phase_u_v,4994434,1786326465984,7.601,V
serial:COM8/phase_v_v,4994434,1786326465984,7.607,V
serial:COM8/phase_w_v,4994434,1786326465984,7.634,V
serial:COM8/motor_angle,4994436,1786326465984,139.42,deg
serial:COM8/phase_u_v,4994436,1786326465984,7.747,V
serial:COM8/phase_v_v,4994436,1786326465984,7.758,V
serial:COM8/phase_w_v,4994436,1786326465984,7.785,V
serial:COM8/motor_angle,4994438,1786326466058,139.37,deg
serial:COM8/phase_u_v,4994438,1786326466058,7.903,V
serial:COM8/phase_v_v,4994438,1786326466058,7.909,V
serial:COM8/phase_w_v,4994438,1786326466058,7.936,V
serial:COM8/motor_angle,4994440,1786326466058,139.33,deg
serial:COM8/phase_u_v,4994440,1786326466058,8.060,V
serial:COM8/phase_v_v,4994440,1786326466058,8.065,V
serial:COM8/phase_w_v,4994440,1786326466058,8.098,V
serial:COM8/motor_angle,4994442,1786326466058,139.39,deg
serial:COM8/phase_u_v,4994442,1786326466058,7.558,V
serial:COM8/phase_v_v,4994442,1786326466058,7.569,V
serial:COM8/phase_w_v,4994442,1786326466058,7.590,V
serial:COM8/motor_angle,4994444,1786326466058,139.35,deg
serial:COM8/phase_u_v,4994444,1786326466058,7.709,V
serial:COM8/phase_v_v,4994444,1786326466058,7.715,V
serial:COM8/phase_w_v,4994444,1786326466058,7.742,V
serial:COM8/motor_angle,4994446,1786326466058,139.37,deg
serial:COM8/phase_u_v,4994446,1786326466058,7.855,V
serial:COM8/phase_v_v,4994446,1786326466058,7.871,V
serial:COM8/phase_w_v,4994446,1786326466058,7.898,V
serial:COM8/motor_angle,4994448,1786326466058,139.39,deg
serial:COM8/phase_u_v,4994448,1786326466058,8.011,V
serial:COM8/phase_v_v,4994448,1786326466058,8.022,V
serial:COM8/phase_w_v,4994448,1786326466058,8.049,V
serial:COM8/motor_angle,4994450,1786326466058,139.37,deg
serial:COM8/phase_u_v,4994450,1786326466058,7.520,V
serial:COM8/phase_v_v,4994450,1786326466058,7.531,V
serial:COM8/phase_w_v,4994450,1786326466058,7.547,V
serial:COM8/motor_angle,4994452,1786326466058,139.37,deg
serial:COM8/phase_u_v,4994452,1786326466058,7.671,V
serial:COM8/phase_v_v,4994452,1786326466058,7.682,V
serial:COM8/phase_w_v,4994452,1786326466058,7.704,V
serial:COM8/motor_angle,4994454,1786326466058,139.39,deg
serial:COM8/phase_u_v,4994454,1786326466058,7.828,V
serial:COM8/phase_v_v,4994454,1786326466058,7.833,V
serial:COM8/phase_w_v,4994454,1786326466058,7.855,V
serial:COM8/motor_angle,4994456,1786326466058,139.39,deg
serial:COM8/phase_u_v,4994456,1786326466058,7.974,V
serial:COM8/phase_v_v,4994456,1786326466058,7.995,V
serial:COM8/phase_w_v,4994456,1786326466058,8.017,V
serial:COM8/motor_angle,4994458,1786326466058,139.35,deg
serial:COM8/phase_u_v,4994458,1786326466058,7.488,V
serial:COM8/phase_v_v,4994458,1786326466058,7.499,V
serial:COM8/phase_w_v,4994458,1786326466058,7.617,V
serial:COM8/motor_angle,4994460,1786326466058,139.37,deg
serial:COM8/phase_u_v,4994460,1786326466058,7.634,V
serial:COM8/phase_v_v,4994460,1786326466058,7.639,V
serial:COM8/phase_w_v,4994460,1786326466058,7.666,V
serial:COM8/motor_angle,4994462,1786326466058,139.42,deg
serial:COM8/phase_u_v,4994462,1786326466058,7.779,V
serial:COM8/phase_v_v,4994462,1786326466058,7.806,V
serial:COM8/phase_w_v,4994462,1786326466058,7.812,V
serial:COM8/motor_angle,4994464,1786326466058,139.37,deg
serial:COM8/phase_u_v,4994464,1786326466058,7.941,V
serial:COM8/phase_v_v,4994464,1786326466058,7.947,V
serial:COM8/phase_w_v,4994464,1786326466058,7.979,V
serial:COM8/motor_angle,4994466,1786326466058,139.35,deg
serial:COM8/phase_u_v,4994466,1786326466058,8.098,V
serial:COM8/phase_v_v,4994466,1786326466058,8.109,V
serial:COM8/phase_w_v,4994466,1786326466058,8.130,V
serial:COM8/motor_angle,4994468,1786326466058,139.37,deg
serial:COM8/phase_u_v,4994468,1786326466058,7.596,V
serial:COM8/phase_v_v,4994468,1786326466058,7.607,V
serial:COM8/phase_w_v,4994468,1786326466058,7.623,V
serial:COM8/motor_angle,4994470,1786326466058,139.35,deg
serial:COM8/phase_u_v,4994470,1786326466058,7.747,V
serial:COM8/phase_v_v,4994470,1786326466058,7.752,V
serial:COM8/phase_w_v,4994470,1786326466058,7.774,V
serial:COM8/motor_angle,4994472,1786326466058,139.44,deg
serial:COM8/phase_u_v,4994472,1786326466058,7.903,V
serial:COM8/phase_v_v,4994472,1786326466058,7.909,V
serial:COM8/phase_w_v,4994472,1786326466058,7.925,V
serial:COM8/motor_angle,4994474,1786326466058,139.37,deg
serial:COM8/phase_u_v,4994474,1786326466058,8.065,V
serial:COM8/phase_v_v,4994474,1786326466058,8.065,V
serial:COM8/phase_w_v,4994474,1786326466058,8.092,V
serial:COM8/motor_angle,4994476,1786326466058,139.37,deg
serial:COM8/phase_u_v,4994476,1786326466058,7.569,V
serial:COM8/phase_v_v,4994476,1786326466058,7.563,V
serial:COM8/phase_w_v,4994476,1786326466058,7.585,V
serial:COM8/motor_angle,4994478,1786326466058,139.42,deg
serial:COM8/phase_u_v,4994478,1786326466058,7.715,V
serial:COM8/phase_v_v,4994478,1786326466058,7.720,V
serial:COM8/phase_w_v,4994478,1786326466058,7.736,V
serial:COM8/motor_angle,4994480,1786326466058,139.37,deg
serial:COM8/phase_u_v,4994480,1786326466058,7.855,V
serial:COM8/phase_v_v,4994480,1786326466058,7.876,V
serial:COM8/phase_w_v,4994480,1786326466058,7.893,V
serial:COM8/motor_angle,4994482,1786326466058,139.42,deg
serial:COM8/phase_u_v,4994482,1786326466058,8.022,V
serial:COM8/phase_v_v,4994482,1786326466058,8.028,V
serial:COM8/phase_w_v,4994482,1786326466058,8.060,V
serial:COM8/motor_angle,4994484,1786326466058,139.44,deg
serial:COM8/phase_u_v,4994484,1786326466058,7.520,V
serial:COM8/phase_v_v,4994484,1786326466058,7.531,V
serial:COM8/phase_w_v,4994484,1786326466058,7.547,V
serial:COM8/motor_angle,4994486,1786326466058,139.37,deg
serial:COM8/phase_u_v,4994486,1786326466058,7.671,V
serial:COM8/phase_v_v,4994486,1786326466058,7.682,V
serial:COM8/phase_w_v,4994486,1786326466058,7.704,V
serial:COM8/motor_angle,4994488,1786326466058,139.33,deg
serial:COM8/phase_u_v,4994488,1786326466058,7.822,V
serial:COM8/phase_v_v,4994488,1786326466058,7.828,V
serial:COM8/phase_w_v,4994488,1786326466058,7.849,V
serial:COM8/motor_angle,4994490,1786326466058,139.37,deg
serial:COM8/phase_u_v,4994490,1786326466058,7.979,V
serial:COM8/phase_v_v,4994490,1786326466058,7.984,V
serial:COM8/phase_w_v,4994490,1786326466058,8.001,V
serial:COM8/motor_angle,4994492,1786326466058,139.42,deg
serial:COM8/phase_u_v,4994492,1786326466058,8.136,V
serial:COM8/phase_v_v,4994492,1786326466058,8.152,V
serial:COM8/phase_w_v,4994492,1786326466058,8.168,V
serial:COM8/motor_angle,4994494,1786326466058,139.33,deg
serial:COM8/phase_u_v,4994494,1786326466058,7.628,V
serial:COM8/phase_v_v,4994494,1786326466058,7.639,V
serial:COM8/phase_w_v,4994494,1786326466058,7.655,V
serial:COM8/motor_angle,4994496,1786326466058,139.37,deg
serial:COM8/phase_u_v,4994496,1786326466058,7.779,V
serial:COM8/phase_v_v,4994496,1786326466058,7.785,V
serial:COM8/phase_w_v,4994496,1786326466058,7.812,V
serial:COM8/motor_angle,4994498,1786326466058,139.35,deg
serial:COM8/phase_u_v,4994498,1786326466058,7.930,V
serial:COM8/phase_v_v,4994498,1786326466058,7.941,V
serial:COM8/phase_w_v,4994498,1786326466058,7.963,V
serial:COM8/motor_angle,4994500,1786326466058,139.37,deg
serial:COM8/phase_u_v,4994500,1786326466058,8.092,V
serial:COM8/phase_v_v,4994500,1786326466058,8.103,V
serial:COM8/phase_w_v,4994500,1786326466058,8.125,V
serial:COM8/motor_angle,4994502,1786326466058,139.37,deg
serial:COM8/phase_u_v,4994502,1786326466058,7.590,V
serial:COM8/phase_v_v,4994502,1786326466058,7.601,V
serial:COM8/phase_w_v,4994502,1786326466058,7.623,V
serial:COM8/motor_angle,4994504,1786326466058,139.39,deg
serial:COM8/phase_u_v,4994504,1786326466058,7.736,V
serial:COM8/phase_v_v,4994504,1786326466058,7.752,V
serial:COM8/phase_w_v,4994504,1786326466058,7.768,V
serial:COM8/motor_angle,4994506,1786326466058,139.42,deg
serial:COM8/phase_u_v,4994506,1786326466058,7.898,V
serial:COM8/phase_v_v,4994506,1786326466058,7.898,V
serial:COM8/phase_w_v,4994506,1786326466058,7.925,V
serial:COM8/motor_angle,4994508,1786326466058,139.39,deg
serial:COM8/phase_u_v,4994508,1786326466058,8.049,V
serial:COM8/phase_v_v,4994508,1786326466058,8.060,V
serial:COM8/phase_w_v,4994508,1786326466058,8.082,V
serial:COM8/motor_angle,4994510,1786326466058,139.39,deg
serial:COM8/phase_u_v,4994510,1786326466058,7.553,V
serial:COM8/phase_v_v,4994510,1786326466058,7.558,V
serial:COM8/phase_w_v,4994510,1786326466058,7.580,V
serial:COM8/motor_angle,4994512,1786326466130,139.42,deg
serial:COM8/phase_u_v,4994512,1786326466130,7.698,V
serial:COM8/phase_v_v,4994512,1786326466130,7.709,V
serial:COM8/phase_w_v,4994512,1786326466130,7.731,V
serial:COM8/motor_angle,4994514,1786326466130,139.35,deg
serial:COM8/phase_u_v,4994514,1786326466130,7.849,V
serial:COM8/phase_v_v,4994514,1786326466130,7.860,V
serial:COM8/phase_w_v,4994514,1786326466130,7.887,V
serial:COM8/motor_angle,4994516,1786326466130,139.35,deg
serial:COM8/phase_u_v,4994516,1786326466130,8.006,V
serial:COM8/phase_v_v,4994516,1786326466130,8.017,V
serial:COM8/phase_w_v,4994516,1786326466130,8.038,V
serial:COM8/motor_angle,4994518,1786326466130,139.35,deg
serial:COM8/phase_u_v,4994518,1786326466130,7.509,V
serial:COM8/phase_v_v,4994518,1786326466130,7.520,V
serial:COM8/phase_w_v,4994518,1786326466130,7.547,V
serial:COM8/motor_angle,4994520,1786326466130,139.44,deg
serial:COM8/phase_u_v,4994520,1786326466130,7.655,V
serial:COM8/phase_v_v,4994520,1786326466130,7.661,V
serial:COM8/phase_w_v,4994520,1786326466130,7.688,V
serial:COM8/motor_angle,4994522,1786326466130,139.35,deg
serial:COM8/phase_u_v,4994522,1786326466130,7.812,V
serial:COM8/phase_v_v,4994522,1786326466130,7.828,V
serial:COM8/phase_w_v,4994522,1786326466130,7.844,V
serial:COM8/motor_angle,4994524,1786326466130,139.37,deg
serial:COM8/phase_u_v,4994524,1786326466130,7.963,V
serial:COM8/phase_v_v,4994524,1786326466130,7.984,V
serial:COM8/phase_w_v,4994524,1786326466130,8.011,V
serial:COM8/motor_angle,4994526,1786326466130,139.46,deg
serial:COM8/phase_u_v,4994526,1786326466130,8.136,V
serial:COM8/phase_v_v,4994526,1786326466130,8.141,V
serial:COM8/phase_w_v,4994526,1786326466130,8.168,V
serial:COM8/motor_angle,4994528,1786326466130,139.37,deg
serial:COM8/phase_u_v,4994528,1786326466130,7.628,V
serial:COM8/phase_v_v,4994528,1786326466130,7.628,V
serial:COM8/phase_w_v,4994528,1786326466130,7.650,V
serial:COM8/motor_angle,4994530,1786326466130,139.39,deg
serial:COM8/phase_u_v,4994530,1786326466130,7.779,V
serial:COM8/phase_v_v,4994530,1786326466130,7.785,V
serial:COM8/phase_w_v,4994530,1786326466130,7.806,V
serial:COM8/motor_angle,4994532,1786326466130,139.42,deg
serial:COM8/phase_u_v,4994532,1786326466130,7.930,V
serial:COM8/phase_v_v,4994532,1786326466130,7.941,V
serial:COM8/phase_w_v,4994532,1786326466130,7.957,V
serial:COM8/motor_angle,4994534,1786326466130,139.37,deg
serial:COM8/phase_u_v,4994534,1786326466130,8.082,V
serial:COM8/phase_v_v,4994534,1786326466130,8.092,V
serial:COM8/phase_w_v,4994534,1786326466130,8.125,V
serial:COM8/motor_angle,4994536,1786326466130,139.42,deg
serial:COM8/phase_u_v,4994536,1786326466130,7.585,V
serial:COM8/phase_v_v,4994536,1786326466130,7.590,V
serial:COM8/phase_w_v,4994536,1786326466130,7.623,V
serial:COM8/motor_angle,4994538,1786326466130,139.37,deg
serial:COM8/phase_u_v,4994538,1786326466130,7.736,V
serial:COM8/phase_v_v,4994538,1786326466130,7.742,V
serial:COM8/phase_w_v,4994538,1786326466130,7.758,V
serial:COM8/motor_angle,4994540,1786326466130,139.39,deg
serial:COM8/phase_u_v,4994540,1786326466130,7.887,V
serial:COM8/phase_v_v,4994540,1786326466130,7.898,V
serial:COM8/phase_w_v,4994540,1786326466130,7.914,V
serial:COM8/motor_angle,4994542,1786326466130,139.35,deg
serial:COM8/phase_u_v,4994542,1786326466130,8.044,V
serial:COM8/phase_v_v,4994542,1786326466130,8.055,V
serial:COM8/phase_w_v,4994542,1786326466130,8.076,V
serial:COM8/motor_angle,4994544,1786326466130,139.42,deg
serial:COM8/phase_u_v,4994544,1786326466130,7.542,V
serial:COM8/phase_v_v,4994544,1786326466130,7.553,V
serial:COM8/phase_w_v,4994544,1786326466130,7.569,V
serial:COM8/motor_angle,4994546,1786326466130,139.42,deg
serial:COM8/phase_u_v,4994546,1786326466130,7.698,V
serial:COM8/phase_v_v,4994546,1786326466130,7.704,V
serial:COM8/phase_w_v,4994546,1786326466130,7.725,V
serial:COM8/motor_angle,4994548,1786326466130,139.44,deg
serial:COM8/phase_u_v,4994548,1786326466130,7.839,V
serial:COM8/phase_v_v,4994548,1786326466130,7.855,V
serial:COM8/phase_w_v,4994548,1786326466130,7.882,V
serial:COM8/motor_angle,4994550,1786326466130,139.37,deg
serial:COM8/phase_u_v,4994550,1786326466130,8.001,V
serial:COM8/phase_v_v,4994550,1786326466130,8.022,V
serial:COM8/phase_w_v,4994550,1786326466130,8.033,V
serial:COM8/motor_angle,4994552,1786326466130,139.37,deg
serial:COM8/phase_u_v,4994552,1786326466130,7.504,V
serial:COM8/phase_v_v,4994552,1786326466130,7.509,V
serial:COM8/phase_w_v,4994552,1786326466130,7.536,V
serial:COM8/motor_angle,4994554,1786326466130,139.37,deg
serial:COM8/phase_u_v,4994554,1786326466130,7.650,V
serial:COM8/phase_v_v,4994554,1786326466130,7.666,V
serial:COM8/phase_w_v,4994554,1786326466130,7.688,V
serial:COM8/motor_angle,4994556,1786326466130,139.39,deg
serial:COM8/phase_u_v,4994556,1786326466130,7.812,V
serial:COM8/phase_v_v,4994556,1786326466130,7.822,V
serial:COM8/phase_w_v,4994556,1786326466130,7.839,V
serial:COM8/motor_angle,4994558,1786326466130,139.42,deg
serial:COM8/phase_u_v,4994558,1786326466130,7.968,V
serial:COM8/phase_v_v,4994558,1786326466130,7.979,V
serial:COM8/phase_w_v,4994558,1786326466130,8.001,V
serial:COM8/motor_angle,4994560,1786326466130,139.42,deg
serial:COM8/phase_u_v,4994560,1786326466130,8.125,V
serial:COM8/phase_v_v,4994560,1786326466130,8.136,V
serial:COM8/phase_w_v,4994560,1786326466130,8.163,V
serial:COM8/motor_angle,4994562,1786326466130,139.37,deg
serial:COM8/phase_u_v,4994562,1786326466130,7.612,V
serial:COM8/phase_v_v,4994562,1786326466130,7.628,V
serial:COM8/phase_w_v,4994562,1786326466130,7.655,V
serial:COM8/motor_angle,4994564,1786326466130,139.42,deg
serial:COM8/phase_u_v,4994564,1786326466130,7.779,V
serial:COM8/phase_v_v,4994564,1786326466130,7.774,V
serial:COM8/phase_w_v,4994564,1786326466130,7.806,V
serial:COM8/motor_angle,4994566,1786326466130,139.35,deg
serial:COM8/phase_u_v,4994566,1786326466130,7.930,V
serial:COM8/phase_v_v,4994566,1786326466130,7.936,V
serial:COM8/phase_w_v,4994566,1786326466130,7.963,V
serial:COM8/motor_angle,4994568,1786326466130,139.37,deg
serial:COM8/phase_u_v,4994568,1786326466130,8.087,V
serial:COM8/phase_v_v,4994568,1786326466130,8.092,V
serial:COM8/phase_w_v,4994568,1786326466130,8.114,V
serial:COM8/motor_angle,4994570,1786326466130,139.39,deg
serial:COM8/phase_u_v,4994570,1786326466130,7.585,V
serial:COM8/phase_v_v,4994570,1786326466130,7.585,V
serial:COM8/phase_w_v,4994570,1786326466130,7.607,V
serial:COM8/motor_angle,4994572,1786326466130,139.39,deg
serial:COM8/phase_u_v,4994572,1786326466130,7.736,V
serial:COM8/phase_v_v,4994572,1786326466130,7.736,V
serial:COM8/phase_w_v,4994572,1786326466130,7.763,V
serial:COM8/motor_angle,4994574,1786326466130,139.37,deg
serial:COM8/phase_u_v,4994574,1786326466130,7.882,V
serial:COM8/phase_v_v,4994574,1786326466130,7.893,V
serial:COM8/phase_w_v,4994574,1786326466130,7.920,V
serial:COM8/motor_angle,4994576,1786326466130,139.39,deg
serial:COM8/phase_u_v,4994576,1786326466130,8.044,V
serial:COM8/phase_v_v,4994576,1786326466130,8.049,V
serial:COM8/phase_w_v,4994576,1786326466130,8.076,V
serial:COM8/motor_angle,4994578,1786326466130,139.33,deg
serial:COM8/phase_u_v,4994578,1786326466130,7.547,V
serial:COM8/phase_v_v,4994578,1786326466130,7.558,V
serial:COM8/phase_w_v,4994578,1786326466130,7.574,V
serial:COM8/motor_angle,4994580,1786326466130,139.39,deg
serial:COM8/phase_u_v,4994580,1786326466130,7.693,V
serial:COM8/phase_v_v,4994580,1786326466130,7.698,V
serial:COM8/phase_w_v,4994580,1786326466130,7.725,V
serial:COM8/motor_angle,4994582,1786326466130,139.39,deg
serial:COM8/phase_u_v,4994582,1786326466130,7.844,V
serial:COM8/phase_v_v,4994582,1786326466130,7.844,V
serial:COM8/phase_w_v,4994582,1786326466130,7.882,V
serial:COM8/motor_angle,4994584,1786326466202,139.37,deg
serial:COM8/phase_u_v,4994584,1786326466202,8.001,V
serial:COM8/phase_v_v,4994584,1786326466202,8.011,V
serial:COM8/phase_w_v,4994584,1786326466202,8.033,V
serial:COM8/motor_angle,4994586,1786326466202,139.42,deg
serial:COM8/phase_u_v,4994586,1786326466202,7.499,V
serial:COM8/phase_v_v,4994586,1786326466202,7.509,V
serial:COM8/phase_w_v,4994586,1786326466202,7.542,V
serial:COM8/motor_angle,4994588,1786326466202,139.39,deg
serial:COM8/phase_u_v,4994588,1786326466202,7.650,V
serial:COM8/phase_v_v,4994588,1786326466202,7.661,V
serial:COM8/phase_w_v,4994588,1786326466202,7.682,V
serial:COM8/motor_angle,4994590,1786326466202,139.42,deg
serial:COM8/phase_u_v,4994590,1786326466202,7.806,V
serial:COM8/phase_v_v,4994590,1786326466202,7.812,V
serial:COM8/phase_w_v,4994590,1786326466202,7.833,V
serial:COM8/motor_angle,4994592,1786326466202,139.35,deg
serial:COM8/phase_u_v,4994592,1786326466202,7.957,V
serial:COM8/phase_v_v,4994592,1786326466202,7.963,V
serial:COM8/phase_w_v,4994592,1786326466202,7.990,V
serial:COM8/motor_angle,4994594,1786326466202,139.33,deg
serial:COM8/phase_u_v,4994594,1786326466202,8.119,V
serial:COM8/phase_v_v,4994594,1786326466202,8.136,V
serial:COM8/phase_w_v,4994594,1786326466202,8.152,V
serial:COM8/motor_angle,4994596,1786326466202,139.37,deg
serial:COM8/phase_u_v,4994596,1786326466202,7.612,V
serial:COM8/phase_v_v,4994596,1786326466202,7.617,V
serial:COM8/phase_w_v,4994596,1786326466202,7.644,V
serial:COM8/motor_angle,4994598,1786326466202,139.37,deg
serial:COM8/phase_u_v,4994598,1786326466202,7.763,V
serial:COM8/phase_v_v,4994598,1786326466202,7.768,V
serial:COM8/phase_w_v,4994598,1786326466202,7.790,V
serial:COM8/motor_angle,4994600,1786326466202,139.39,deg
serial:COM8/phase_u_v,4994600,1786326466202,7.914,V
serial:COM8/phase_v_v,4994600,1786326466202,7.925,V
serial:COM8/phase_w_v,4994600,1786326466202,7.957,V
serial:COM8/motor_angle,4994602,1786326466202,139.39,deg
serial:COM8/phase_u_v,4994602,1786326466202,8.082,V
serial:COM8/phase_v_v,4994602,1786326466202,8.087,V
serial:COM8/phase_w_v,4994602,1786326466202,8.109,V
serial:COM8/motor_angle,4994604,1786326466202,139.39,deg
serial:COM8/phase_u_v,4994604,1786326466202,7.574,V
serial:COM8/phase_v_v,4994604,1786326466202,7.574,V
serial:COM8/phase_w_v,4994604,1786326466202,7.607,V
serial:COM8/motor_angle,4994606,1786326466202,139.35,deg
serial:COM8/phase_u_v,4994606,1786326466202,7.725,V
serial:COM8/phase_v_v,4994606,1786326466202,7.731,V
serial:COM8/phase_w_v,4994606,1786326466202,7.758,V
serial:COM8/motor_angle,4994608,1786326466202,139.39,deg
serial:COM8/phase_u_v,4994608,1786326466202,7.876,V
serial:COM8/phase_v_v,4994608,1786326466202,7.882,V
serial:COM8/phase_w_v,4994608,1786326466202,7.909,V
serial:COM8/motor_angle,4994610,1786326466202,139.39,deg
serial:COM8/phase_u_v,4994610,1786326466202,8.038,V
serial:COM8/phase_v_v,4994610,1786326466202,8.044,V
serial:COM8/phase_w_v,4994610,1786326466202,8.065,V
serial:COM8/motor_angle,4994612,1786326466202,139.39,deg
serial:COM8/phase_u_v,4994612,1786326466202,7.536,V
serial:COM8/phase_v_v,4994612,1786326466202,7.536,V
serial:COM8/phase_w_v,4994612,1786326466202,7.569,V
serial:COM8/motor_angle,4994614,1786326466202,139.39,deg
serial:COM8/phase_u_v,4994614,1786326466202,7.682,V
serial:COM8/phase_v_v,4994614,1786326466202,7.698,V
serial:COM8/phase_w_v,4994614,1786326466202,7.715,V
serial:COM8/motor_angle,4994616,1786326466202,139.46,deg
serial:COM8/phase_u_v,4994616,1786326466202,7.844,V
serial:COM8/phase_v_v,4994616,1786326466202,7.839,V
serial:COM8/phase_w_v,4994616,1786326466202,7.876,V
serial:COM8/motor_angle,4994618,1786326466202,139.39,deg
serial:COM8/phase_u_v,4994618,1786326466202,7.995,V
serial:COM8/phase_v_v,4994618,1786326466202,8.001,V
serial:COM8/phase_w_v,4994618,1786326466202,8.033,V
serial:COM8/motor_angle,4994620,1786326466202,139.35,deg
serial:COM8/phase_u_v,4994620,1786326466202,7.493,V
serial:COM8/phase_v_v,4994620,1786326466202,7.515,V
serial:COM8/phase_w_v,4994620,1786326466202,7.526,V
serial:COM8/motor_angle,4994622,1786326466202,139.37,deg
serial:COM8/phase_u_v,4994622,1786326466202,7.639,V
serial:COM8/phase_v_v,4994622,1786326466202,7.655,V
serial:COM8/phase_w_v,4994622,1786326466202,7.671,V
serial:COM8/motor_angle,4994624,1786326466202,139.37,deg
serial:COM8/phase_u_v,4994624,1786326466202,7.801,V
serial:COM8/phase_v_v,4994624,1786326466202,7.801,V
serial:COM8/phase_w_v,4994624,1786326466202,7.839,V
serial:COM8/motor_angle,4994626,1786326466202,139.37,deg
serial:COM8/phase_u_v,4994626,1786326466202,7.941,V
serial:COM8/phase_v_v,4994626,1786326466202,7.963,V
serial:COM8/phase_w_v,4994626,1786326466202,7.984,V
serial:COM8/motor_angle,4994628,1786326466202,139.42,deg
serial:COM8/phase_u_v,4994628,1786326466202,8.109,V
serial:COM8/phase_v_v,4994628,1786326466202,8.125,V
serial:COM8/phase_w_v,4994628,1786326466202,8.152,V
serial:COM8/motor_angle,4994630,1786326466202,139.39,deg
serial:COM8/phase_u_v,4994630,1786326466202,7.607,V
serial:COM8/phase_v_v,4994630,1786326466202,7.617,V
serial:COM8/phase_w_v,4994630,1786326466202,7.644,V
serial:COM8/motor_angle,4994632,1786326466202,139.37,deg
serial:COM8/phase_u_v,4994632,1786326466202,7.763,V
serial:COM8/phase_v_v,4994632,1786326466202,7.768,V
serial:COM8/phase_w_v,4994632,1786326466202,7.790,V
serial:COM8/motor_angle,4994634,1786326466202,139.39,deg
serial:COM8/phase_u_v,4994634,1786326466202,7.920,V
serial:COM8/phase_v_v,4994634,1786326466202,7.925,V
serial:COM8/phase_w_v,4994634,1786326466202,7.952,V
serial:COM8/motor_angle,4994636,1786326466202,139.37,deg
serial:COM8/phase_u_v,4994636,1786326466202,8.071,V
serial:COM8/phase_v_v,4994636,1786326466202,8.082,V
serial:COM8/phase_w_v,4994636,1786326466202,8.114,V
serial:COM8/motor_angle,4994638,1786326466202,139.35,deg
serial:COM8/phase_u_v,4994638,1786326466202,7.569,V
serial:COM8/phase_v_v,4994638,1786326466202,7.574,V
serial:COM8/phase_w_v,4994638,1786326466202,7.607,V
serial:COM8/motor_angle,4994640,1786326466202,139.44,deg
serial:COM8/phase_u_v,4994640,1786326466202,7.725,V
serial:COM8/phase_v_v,4994640,1786326466202,7.736,V
serial:COM8/phase_w_v,4994640,1786326466202,7.758,V
serial:COM8/motor_angle,4994642,1786326466202,139.42,deg
serial:COM8/phase_u_v,4994642,1786326466202,7.887,V
serial:COM8/phase_v_v,4994642,1786326466202,7.882,V
serial:COM8/phase_w_v,4994642,1786326466202,7.909,V
serial:COM8/motor_angle,4994644,1786326466202,139.39,deg
serial:COM8/phase_u_v,4994644,1786326466202,8.038,V
serial:COM8/phase_v_v,4994644,1786326466202,8.038,V
serial:COM8/phase_w_v,4994644,1786326466202,8.071,V
serial:COM8/motor_angle,4994646,1786326466202,139.42,deg
serial:COM8/phase_u_v,4994646,1786326466202,7.526,V
serial:COM8/phase_v_v,4994646,1786326466202,7.547,V
serial:COM8/phase_w_v,4994646,1786326466202,7.574,V
serial:COM8/motor_angle,4994648,1786326466202,139.39,deg
serial:COM8/phase_u_v,4994648,1786326466202,7.682,V
serial:COM8/phase_v_v,4994648,1786326466202,7.698,V
serial:COM8/phase_w_v,4994648,1786326466202,7.720,V
serial:COM8/motor_angle,4994650,1786326466202,139.39,deg
serial:COM8/phase_u_v,4994650,1786326466202,7.833,V
serial:COM8/phase_v_v,4994650,1786326466202,7.844,V
serial:COM8/phase_w_v,4994650,1786326466202,7.876,V
serial:COM8/motor_angle,4994652,1786326466202,139.39,deg
serial:COM8/phase_u_v,4994652,1786326466202,7.995,V
serial:COM8/phase_v_v,4994652,1786326466202,8.006,V
serial:COM8/phase_w_v,4994652,1786326466202,8.033,V
serial:COM8/motor_angle,4994654,1786326466202,139.37,deg
serial:COM8/phase_u_v,4994654,1786326466202,7.493,V
serial:COM8/phase_v_v,4994654,1786326466202,7.515,V
serial:COM8/phase_w_v,4994654,1786326466202,7.536,V
serial:COM8/motor_angle,4994656,1786326466274,139.37,deg
serial:COM8/phase_u_v,4994656,1786326466274,7.644,V
serial:COM8/phase_v_v,4994656,1786326466274,7.655,V
serial:COM8/phase_w_v,4994656,1786326466274,7.677,V
serial:COM8/motor_angle,4994658,1786326466274,139.37,deg
serial:COM8/phase_u_v,4994658,1786326466274,7.801,V
serial:COM8/phase_v_v,4994658,1786326466274,7.801,V
serial:COM8/phase_w_v,4994658,1786326466274,7.833,V
serial:COM8/motor_angle,4994660,1786326466274,139.37,deg
serial:COM8/phase_u_v,4994660,1786326466274,7.952,V
serial:COM8/phase_v_v,4994660,1786326466274,7.968,V
serial:COM8/phase_w_v,4994660,1786326466274,7.990,V
serial:COM8/motor_angle,4994662,1786326466274,139.37,deg
serial:COM8/phase_u_v,4994662,1786326466274,8.114,V
serial:COM8/phase_v_v,4994662,1786326466274,8.119,V
serial:COM8/phase_w_v,4994662,1786326466274,8.152,V
serial:COM8/motor_angle,4994664,1786326466274,139.39,deg
serial:COM8/phase_u_v,4994664,1786326466274,7.601,V
serial:COM8/phase_v_v,4994664,1786326466274,7.612,V
serial:COM8/phase_w_v,4994664,1786326466274,7.644,V
serial:COM8/motor_angle,4994666,1786326466274,139.42,deg
serial:COM8/phase_u_v,4994666,1786326466274,7.763,V
serial:COM8/phase_v_v,4994666,1786326466274,7.774,V
serial:COM8/phase_w_v,4994666,1786326466274,7.795,V
serial:COM8/motor_angle,4994668,1786326466274,139.31,deg
serial:COM8/phase_u_v,4994668,1786326466274,7.914,V
serial:COM8/phase_v_v,4994668,1786326466274,7.920,V
serial:COM8/phase_w_v,4994668,1786326466274,7.952,V
serial:COM8/motor_angle,4994670,1786326466274,139.37,deg
serial:COM8/phase_u_v,4994670,1786326466274,8.065,V
serial:COM8/phase_v_v,4994670,1786326466274,8.076,V
serial:COM8/phase_w_v,4994670,1786326466274,8.109,V
serial:COM8/motor_angle,4994672,1786326466274,139.39,deg
serial:COM8/phase_u_v,4994672,1786326466274,7.569,V
serial:COM8/phase_v_v,4994672,1786326466274,7.580,V
serial:COM8/phase_w_v,4994672,1786326466274,7.601,V
serial:COM8/motor_angle,4994674,1786326466274,139.37,deg
serial:COM8/phase_u_v,4994674,1786326466274,7.715,V
serial:COM8/phase_v_v,4994674,1786326466274,7.725,V
serial:COM8/phase_w_v,4994674,1786326466274,7.752,V
serial:COM8/motor_angle,4994676,1786326466274,139.42,deg
serial:COM8/phase_u_v,4994676,1786326466274,7.871,V
serial:COM8/phase_v_v,4994676,1786326466274,7.882,V
serial:COM8/phase_w_v,4994676,1786326466274,7.909,V
serial:COM8/motor_angle,4994678,1786326466274,139.39,deg
serial:COM8/phase_u_v,4994678,1786326466274,8.022,V
serial:COM8/phase_v_v,4994678,1786326466274,8.028,V
serial:COM8/phase_w_v,4994678,1786326466274,8.071,V
serial:COM8/motor_angle,4994680,1786326466274,139.42,deg
serial:COM8/phase_u_v,4994680,1786326466274,7.531,V
serial:COM8/phase_v_v,4994680,1786326466274,7.531,V
serial:COM8/phase_w_v,4994680,1786326466274,7.553,V
serial:COM8/motor_angle,4994682,1786326466274,139.35,deg
serial:COM8/phase_u_v,4994682,1786326466274,7.677,V
serial:COM8/phase_v_v,4994682,1786326466274,7.682,V
serial:COM8/phase_w_v,4994682,1786326466274,7.715,V
serial:COM8/motor_angle,4994684,1786326466274,139.39,deg
serial:COM8/phase_u_v,4994684,1786326466274,7.828,V
serial:COM8/phase_v_v,4994684,1786326466274,7.833,V
serial:COM8/phase_w_v,4994684,1786326466274,7.866,V
serial:COM8/motor_angle,4994686,1786326466274,139.37,deg
serial:COM8/phase_u_v,4994686,1786326466274,7.984,V
serial:COM8/phase_v_v,4994686,1786326466274,8.001,V
serial:COM8/phase_w_v,4994686,1786326466274,8.022,V
serial:COM8/motor_angle,4994688,1786326466274,139.42,deg
serial:COM8/phase_u_v,4994688,1786326466274,7.488,V
serial:COM8/phase_v_v,4994688,1786326466274,7.504,V
serial:COM8/phase_w_v,4994688,1786326466274,7.526,V
serial:COM8/motor_angle,4994690,1786326466274,139.37,deg
serial:COM8/phase_u_v,4994690,1786326466274,7.639,V
serial:COM8/phase_v_v,4994690,1786326466274,7.644,V
serial:COM8/phase_w_v,4994690,1786326466274,7.677,V
serial:COM8/motor_angle,4994692,1786326466274,139.39,deg
serial:COM8/phase_u_v,4994692,1786326466274,7.790,V
serial:COM8/phase_v_v,4994692,1786326466274,7.801,V
serial:COM8/phase_w_v,4994692,1786326466274,7.833,V
serial:COM8/motor_angle,4994694,1786326466274,139.37,deg
serial:COM8/phase_u_v,4994694,1786326466274,7.941,V
serial:COM8/phase_v_v,4994694,1786326466274,7.963,V
serial:COM8/phase_w_v,4994694,1786326466274,7.979,V
serial:COM8/motor_angle,4994696,1786326466274,139.39,deg
serial:COM8/phase_u_v,4994696,1786326466274,8.103,V
serial:COM8/phase_v_v,4994696,1786326466274,8.114,V
serial:COM8/phase_w_v,4994696,1786326466274,8.141,V
serial:COM8/motor_angle,4994698,1786326466274,139.39,deg
serial:COM8/phase_u_v,4994698,1786326466274,7.601,V
serial:COM8/phase_v_v,4994698,1786326466274,7.617,V
serial:COM8/phase_w_v,4994698,1786326466274,7.634,V
serial:COM8/motor_angle,4994700,1786326466274,139.37,deg
serial:COM8/phase_u_v,4994700,1786326466274,7.747,V
serial:COM8/phase_v_v,4994700,1786326466274,7.758,V
serial:COM8/phase_w_v,4994700,1786326466274,7.785,V
serial:COM8/motor_angle,4994702,1786326466274,139.39,deg
serial:COM8/phase_u_v,4994702,1786326466274,7.914,V
serial:COM8/phase_v_v,4994702,1786326466274,7.920,V
serial:COM8/phase_w_v,4994702,1786326466274,7.941,V
serial:COM8/motor_angle,4994704,1786326466274,139.42,deg
serial:COM8/phase_u_v,4994704,1786326466274,8.065,V
serial:COM8/phase_v_v,4994704,1786326466274,8.082,V
serial:COM8/phase_w_v,4994704,1786326466274,8.109,V
serial:COM8/motor_angle,4994706,1786326466274,139.39,deg
serial:COM8/phase_u_v,4994706,1786326466274,7.563,V
serial:COM8/phase_v_v,4994706,1786326466274,7.574,V
serial:COM8/phase_w_v,4994706,1786326466274,7.607,V
serial:COM8/motor_angle,4994708,1786326466274,139.39,deg
serial:COM8/phase_u_v,4994708,1786326466274,7.715,V
serial:COM8/phase_v_v,4994708,1786326466274,7.731,V
serial:COM8/phase_w_v,4994708,1786326466274,7.747,V
serial:COM8/motor_angle,4994710,1786326466274,139.39,deg
serial:COM8/phase_u_v,4994710,1786326466274,7.866,V
serial:COM8/phase_v_v,4994710,1786326466274,7.876,V
serial:COM8/phase_w_v,4994710,1786326466274,7.903,V
serial:COM8/motor_angle,4994712,1786326466274,139.37,deg
serial:COM8/phase_u_v,4994712,1786326466274,8.022,V
serial:COM8/phase_v_v,4994712,1786326466274,8.044,V
serial:COM8/phase_w_v,4994712,1786326466274,8.065,V
serial:COM8/motor_angle,4994714,1786326466274,139.37,deg
serial:COM8/phase_u_v,4994714,1786326466274,7.520,V
serial:COM8/phase_v_v,4994714,1786326466274,7.536,V
serial:COM8/phase_w_v,4994714,1786326466274,7.553,V
serial:COM8/motor_angle,4994716,1786326466274,139.39,deg
serial:COM8/phase_u_v,4994716,1786326466274,7.671,V
serial:COM8/phase_v_v,4994716,1786326466274,7.682,V
serial:COM8/phase_w_v,4994716,1786326466274,7.709,V
serial:COM8/motor_angle,4994718,1786326466274,139.37,deg
serial:COM8/phase_u_v,4994718,1786326466274,7.828,V
serial:COM8/phase_v_v,4994718,1786326466274,7.844,V
serial:COM8/phase_w_v,4994718,1786326466274,7.866,V
serial:COM8/motor_angle,4994720,1786326466274,139.37,deg
serial:COM8/phase_u_v,4994720,1786326466274,7.990,V
serial:COM8/phase_v_v,4994720,1786326466274,7.995,V
serial:COM8/phase_w_v,4994720,1786326466274,8.022,V
serial:COM8/motor_angle,4994722,1786326466274,139.39,deg
serial:COM8/phase_u_v,4994722,1786326466274,7.488,V
serial:COM8/phase_v_v,4994722,1786326466274,7.499,V
serial:COM8/phase_w_v,4994722,1786326466274,7.520,V
serial:COM8/motor_angle,4994724,1786326466274,139.39,deg
serial:COM8/phase_u_v,4994724,1786326466274,7.644,V
serial:COM8/phase_v_v,4994724,1786326466274,7.650,V
serial:COM8/phase_w_v,4994724,1786326466274,7.677,V
serial:COM8/motor_angle,4994726,1786326466274,139.44,deg
serial:COM8/phase_u_v,4994726,1786326466274,7.785,V
serial:COM8/phase_v_v,4994726,1786326466274,7.801,V
serial:COM8/phase_w_v,4994726,1786326466274,7.828,V
serial:COM8/motor_angle,4994728,1786326466348,139.35,deg
serial:COM8/phase_u_v,4994728,1786326466348,7.941,V
serial:COM8/phase_v_v,4994728,1786326466348,7.952,V
serial:COM8/phase_w_v,4994728,1786326466348,7.974,V
serial:COM8/motor_angle,4994730,1786326466348,139.37,deg
serial:COM8/phase_u_v,4994730,1786326466348,8.109,V
serial:COM8/phase_v_v,4994730,1786326466348,8.119,V
serial:COM8/phase_w_v,4994730,1786326466348,8.141,V
serial:COM8/motor_angle,4994732,1786326466348,139.35,deg
serial:COM8/phase_u_v,4994732,1786326466348,7.601,V
serial:COM8/phase_v_v,4994732,1786326466348,7.612,V
serial:COM8/phase_w_v,4994732,1786326466348,7.634,V
serial:COM8/motor_angle,4994734,1786326466348,139.39,deg
serial:COM8/phase_u_v,4994734,1786326466348,7.752,V
serial:COM8/phase_v_v,4994734,1786326466348,7.763,V
serial:COM8/phase_w_v,4994734,1786326466348,7.785,V
serial:COM8/motor_angle,4994736,1786326466348,139.37,deg
serial:COM8/phase_u_v,4994736,1786326466348,7.903,V
serial:COM8/phase_v_v,4994736,1786326466348,7.925,V
serial:COM8/phase_w_v,4994736,1786326466348,7.941,V
serial:COM8/motor_angle,4994738,1786326466348,139.37,deg
serial:COM8/phase_u_v,4994738,1786326466348,8.071,V
serial:COM8/phase_v_v,4994738,1786326466348,8.076,V
serial:COM8/phase_w_v,4994738,1786326466348,8.109,V
serial:COM8/motor_angle,4994740,1786326466348,139.39,deg
serial:COM8/phase_u_v,4994740,1786326466348,7.558,V
serial:COM8/phase_v_v,4994740,1786326466348,7.574,V
serial:COM8/phase_w_v,4994740,1786326466348,7.596,V
serial:COM8/motor_angle,4994742,1786326466348,139.39,deg
serial:COM8/phase_u_v,4994742,1786326466348,7.720,V
serial:COM8/phase_v_v,4994742,1786326466348,7.725,V
serial:COM8/phase_w_v,4994742,1786326466348,7.747,V
serial:COM8/motor_angle,4994744,1786326466348,139.37,deg
serial:COM8/phase_u_v,4994744,1786326466348,7.871,V
serial:COM8/phase_v_v,4994744,1786326466348,7.876,V
serial:COM8/phase_w_v,4994744,1786326466348,7.898,V
serial:COM8/motor_angle,4994746,1786326466348,139.37,deg
serial:COM8/phase_u_v,4994746,1786326466348,8.022,V
serial:COM8/phase_v_v,4994746,1786326466348,8.033,V
serial:COM8/phase_w_v,4994746,1786326466348,8.060,V
serial:COM8/motor_angle,4994748,1786326466348,139.39,deg
serial:COM8/phase_u_v,4994748,1786326466348,7.520,V
serial:COM8/phase_v_v,4994748,1786326466348,7.542,V
serial:COM8/phase_w_v,4994748,1786326466348,7.563,V
serial:COM8/motor_angle,4994750,1786326466348,139.39,deg
serial:COM8/phase_u_v,4994750,1786326466348,7.671,V
serial:COM8/phase_v_v,4994750,1786326466348,7.688,V
serial:COM8/phase_w_v,4994750,1786326466348,7.709,V
serial:COM8/motor_angle,4994752,1786326466348,139.39,deg
serial:COM8/phase_u_v,4994752,1786326466348,7.828,V
serial:COM8/phase_v_v,4994752,1786326466348,7.833,V
serial:COM8/phase_w_v,4994752,1786326466348,7.860,V
serial:COM8/motor_angle,4994754,1786326466348,139.39,deg
serial:COM8/phase_u_v,4994754,1786326466348,7.990,V
serial:COM8/phase_v_v,4994754,1786326466348,7.990,V
serial:COM8/phase_w_v,4994754,1786326466348,8.022,V
serial:COM8/motor_angle,4994756,1786326466348,139.37,deg
serial:COM8/phase_u_v,4994756,1786326466348,7.493,V
serial:COM8/phase_v_v,4994756,1786326466348,7.499,V
serial:COM8/phase_w_v,4994756,1786326466348,7.520,V
serial:COM8/motor_angle,4994758,1786326466348,139.44,deg
serial:COM8/phase_u_v,4994758,1786326466348,7.628,V
serial:COM8/phase_v_v,4994758,1786326466348,7.655,V
serial:COM8/phase_w_v,4994758,1786326466348,7.671,V
serial:COM8/motor_angle,4994760,1786326466348,139.35,deg
serial:COM8/phase_u_v,4994760,1786326466348,7.790,V
serial:COM8/phase_v_v,4994760,1786326466348,7.795,V
serial:COM8/phase_w_v,4994760,1786326466348,7.817,V
serial:COM8/motor_angle,4994762,1786326466348,139.39,deg
serial:COM8/phase_u_v,4994762,1786326466348,7.941,V
serial:COM8/phase_v_v,4994762,1786326466348,7.952,V
serial:COM8/phase_w_v,4994762,1786326466348,7.979,V
serial:COM8/motor_angle,4994764,1786326466348,139.37,deg
serial:COM8/phase_u_v,4994764,1786326466348,8.103,V
serial:COM8/phase_v_v,4994764,1786326466348,8.114,V
serial:COM8/phase_w_v,4994764,1786326466348,8.141,V
serial:COM8/motor_angle,4994766,1786326466348,139.37,deg
serial:COM8/phase_u_v,4994766,1786326466348,7.596,V
serial:COM8/phase_v_v,4994766,1786326466348,7.601,V
serial:COM8/phase_w_v,4994766,1786326466348,7.634,V
serial:COM8/motor_angle,4994768,1786326466348,139.39,deg
serial:COM8/phase_u_v,4994768,1786326466348,7.747,V
serial:COM8/phase_v_v,4994768,1786326466348,7.752,V
serial:COM8/phase_w_v,4994768,1786326466348,7.785,V
serial:COM8/motor_angle,4994770,1786326466348,139.37,deg
serial:COM8/phase_u_v,4994770,1786326466348,7.898,V
serial:COM8/phase_v_v,4994770,1786326466348,7.903,V
serial:COM8/phase_w_v,4994770,1786326466348,7.941,V
serial:COM8/motor_angle,4994772,1786326466348,139.44,deg
serial:COM8/phase_u_v,4994772,1786326466348,8.060,V
serial:COM8/phase_v_v,4994772,1786326466348,8.065,V
serial:COM8/phase_w_v,4994772,1786326466348,8.103,V
serial:COM8/motor_angle,4994774,1786326466348,139.44,deg
serial:COM8/phase_u_v,4994774,1786326466348,7.558,V
serial:COM8/phase_v_v,4994774,1786326466348,7.569,V
serial:COM8/phase_w_v,4994774,1786326466348,7.590,V
serial:COM8/motor_angle,4994776,1786326466348,139.39,deg
serial:COM8/phase_u_v,4994776,1786326466348,7.715,V
serial:COM8/phase_v_v,4994776,1786326466348,7.720,V
serial:COM8/phase_w_v,4994776,1786326466348,7.742,V
serial:COM8/motor_angle,4994778,1786326466348,139.42,deg
serial:COM8/phase_u_v,4994778,1786326466348,7.866,V
serial:COM8/phase_v_v,4994778,1786326466348,7.871,V
serial:COM8/phase_w_v,4994778,1786326466348,7.898,V
serial:COM8/motor_angle,4994780,1786326466348,139.37,deg
serial:COM8/phase_u_v,4994780,1786326466348,8.017,V
serial:COM8/phase_v_v,4994780,1786326466348,8.033,V
serial:COM8/phase_w_v,4994780,1786326466348,8.060,V
serial:COM8/motor_angle,4994782,1786326466348,139.39,deg
serial:COM8/phase_u_v,4994782,1786326466348,7.520,V
serial:COM8/phase_v_v,4994782,1786326466348,7.531,V
serial:COM8/phase_w_v,4994782,1786326466348,7.553,V
serial:COM8/motor_angle,4994784,1786326466348,139.37,deg
serial:COM8/phase_u_v,4994784,1786326466348,7.677,V
serial:COM8/phase_v_v,4994784,1786326466348,7.682,V
serial:COM8/phase_w_v,4994784,1786326466348,7.704,V
serial:COM8/motor_angle,4994786,1786326466348,139.39,deg
serial:COM8/phase_u_v,4994786,1786326466348,7.822,V
serial:COM8/phase_v_v,4994786,1786326466348,7.833,V
serial:COM8/phase_w_v,4994786,1786326466348,7.866,V
serial:COM8/motor_angle,4994788,1786326466348,139.42,deg
serial:COM8/phase_u_v,4994788,1786326466348,7.984,V
serial:COM8/phase_v_v,4994788,1786326466348,7.995,V
serial:COM8/phase_w_v,4994788,1786326466348,8.022,V
serial:COM8/motor_angle,4994790,1786326466348,139.37,deg
serial:COM8/phase_u_v,4994790,1786326466348,7.477,V
serial:COM8/phase_v_v,4994790,1786326466348,7.493,V
serial:COM8/phase_w_v,4994790,1786326466348,7.520,V
serial:COM8/motor_angle,4994792,1786326466348,139.31,deg
serial:COM8/phase_u_v,4994792,1786326466348,7.634,V
serial:COM8/phase_v_v,4994792,1786326466348,7.639,V
serial:COM8/phase_w_v,4994792,1786326466348,7.677,V
serial:COM8/motor_angle,4994794,1786326466348,139.42,deg
serial:COM8/phase_u_v,4994794,1786326466348,7.785,V
serial:COM8/phase_v_v,4994794,1786326466348,7.795,V
serial:COM8/phase_w_v,4994794,1786326466348,7.822,V
serial:COM8/motor_angle,4994796,1786326466348,139.37,deg
serial:COM8/phase_u_v,4994796,1786326466348,7.941,V
serial:COM8/phase_v_v,4994796,1786326466348,7.947,V
serial:COM8/phase_w_v,4994796,1786326466348,7.974,V
serial:COM8/motor_angle,4994798,1786326466348,139.33,deg
serial:COM8/phase_u_v,4994798,1786326466348,8.098,V
serial:COM8/phase_v_v,4994798,1786326466348,8.109,V
serial:COM8/phase_w_v,4994798,1786326466348,8.141,V
serial:COM8/motor_angle,4994800,1786326466348,139.37,deg
serial:COM8/phase_u_v,4994800,1786326466348,7.601,V
serial:COM8/phase_v_v,4994800,1786326466348,7.607,V
serial:COM8/phase_w_v,4994800,1786326466348,7.628,V
serial:COM8/motor_angle,4994802,1786326466420,139.39,deg
serial:COM8/phase_u_v,4994802,1786326466420,7.747,V
serial:COM8/phase_v_v,4994802,1786326466420,7.758,V
serial:COM8/phase_w_v,4994802,1786326466420,7.785,V
serial:COM8/motor_angle,4994804,1786326466420,139.37,deg
serial:COM8/phase_u_v,4994804,1786326466420,7.903,V
serial:COM8/phase_v_v,4994804,1786326466420,7.909,V
serial:COM8/phase_w_v,4994804,1786326466420,7.930,V
serial:COM8/motor_angle,4994806,1786326466420,139.35,deg
serial:COM8/phase_u_v,4994806,1786326466420,8.060,V
serial:COM8/phase_v_v,4994806,1786326466420,8.065,V
serial:COM8/phase_w_v,4994806,1786326466420,8.087,V
serial:COM8/motor_angle,4994808,1786326466420,139.42,deg
serial:COM8/phase_u_v,4994808,1786326466420,7.558,V
serial:COM8/phase_v_v,4994808,1786326466420,7.563,V
serial:COM8/phase_w_v,4994808,1786326466420,7.590,V
serial:COM8/motor_angle,4994810,1786326466420,139.39,deg
serial:COM8/phase_u_v,4994810,1786326466420,7.709,V
serial:COM8/phase_v_v,4994810,1786326466420,7.715,V
serial:COM8/phase_w_v,4994810,1786326466420,7.731,V
serial:COM8/motor_angle,4994812,1786326466420,139.33,deg
serial:COM8/phase_u_v,4994812,1786326466420,7.866,V
serial:COM8/phase_v_v,4994812,1786326466420,7.871,V
serial:COM8/phase_w_v,4994812,1786326466420,7.898,V
serial:COM8/motor_angle,4994814,1786326466420,139.44,deg
serial:COM8/phase_u_v,4994814,1786326466420,8.017,V
serial:COM8/phase_v_v,4994814,1786326466420,8.028,V
serial:COM8/phase_w_v,4994814,1786326466420,8.055,V
serial:COM8/motor_angle,4994816,1786326466420,139.33,deg
serial:COM8/phase_u_v,4994816,1786326466420,7.515,V
serial:COM8/phase_v_v,4994816,1786326466420,7.520,V
serial:COM8/phase_w_v,4994816,1786326466420,7.553,V
serial:COM8/motor_angle,4994818,1786326466420,139.39,deg
serial:COM8/phase_u_v,4994818,1786326466420,7.666,V
serial:COM8/phase_v_v,4994818,1786326466420,7.677,V
serial:COM8/phase_w_v,4994818,1786326466420,7.704,V
serial:COM8/motor_angle,4994820,1786326466420,139.39,deg
serial:COM8/phase_u_v,4994820,1786326466420,7.822,V
serial:COM8/phase_v_v,4994820,1786326466420,7.817,V
serial:COM8/phase_w_v,4994820,1786326466420,7.855,V
serial:COM8/motor_angle,4994822,1786326466420,139.39,deg
serial:COM8/phase_u_v,4994822,1786326466420,7.974,V
serial:COM8/phase_v_v,4994822,1786326466420,7.984,V
serial:COM8/phase_w_v,4994822,1786326466420,8.011,V
serial:COM8/motor_angle,4994824,1786326466420,139.37,deg
serial:COM8/phase_u_v,4994824,1786326466420,8.136,V
serial:COM8/phase_v_v,4994824,1786326466420,8.152,V
serial:COM8/phase_w_v,4994824,1786326466420,8.179,V
serial:COM8/motor_angle,4994826,1786326466420,139.42,deg
serial:COM8/phase_u_v,4994826,1786326466420,7.628,V
serial:COM8/phase_v_v,4994826,1786326466420,7.639,V
serial:COM8/phase_w_v,4994826,1786326466420,7.666,V
serial:COM8/motor_angle,4994828,1786326466420,139.37,deg
serial:COM8/phase_u_v,4994828,1786326466420,7.779,V
serial:COM8/phase_v_v,4994828,1786326466420,7.795,V
serial:COM8/phase_w_v,4994828,1786326466420,7.817,V
serial:COM8/motor_angle,4994830,1786326466420,139.39,deg
serial:COM8/phase_u_v,4994830,1786326466420,7.941,V
serial:COM8/phase_v_v,4994830,1786326466420,7.947,V
serial:COM8/phase_w_v,4994830,1786326466420,7.968,V
serial:COM8/motor_angle,4994832,1786326466420,139.37,deg
serial:COM8/phase_u_v,4994832,1786326466420,8.092,V
serial:COM8/phase_v_v,4994832,1786326466420,8.103,V
serial:COM8/phase_w_v,4994832,1786326466420,8.130,V
serial:COM8/motor_angle,4994834,1786326466420,139.39,deg
serial:COM8/phase_u_v,4994834,1786326466420,7.585,V
serial:COM8/phase_v_v,4994834,1786326466420,7.590,V
serial:COM8/phase_w_v,4994834,1786326466420,7.623,V
serial:COM8/motor_angle,4994836,1786326466420,139.35,deg
serial:COM8/phase_u_v,4994836,1786326466420,7.736,V
serial:COM8/phase_v_v,4994836,1786326466420,7.747,V
serial:COM8/phase_w_v,4994836,1786326466420,7.774,V
serial:COM8/motor_angle,4994838,1786326466420,139.37,deg
serial:COM8/phase_u_v,4994838,1786326466420,7.893,V
serial:COM8/phase_v_v,4994838,1786326466420,7.909,V
serial:COM8/phase_w_v,4994838,1786326466420,7.936,V
serial:COM8/motor_angle,4994840,1786326466420,139.39,deg
serial:COM8/phase_u_v,4994840,1786326466420,8.049,V
serial:COM8/phase_v_v,4994840,1786326466420,8.060,V
serial:COM8/phase_w_v,4994840,1786326466420,8.087,V
serial:COM8/motor_angle,4994842,1786326466420,139.37,deg
serial:COM8/phase_u_v,4994842,1786326466420,7.553,V
serial:COM8/phase_v_v,4994842,1786326466420,7.553,V
serial:COM8/phase_w_v,4994842,1786326466420,7.585,V
serial:COM8/motor_angle,4994844,1786326466420,139.37,deg
serial:COM8/phase_u_v,4994844,1786326466420,7.704,V
serial:COM8/phase_v_v,4994844,1786326466420,7.704,V
serial:COM8/phase_w_v,4994844,1786326466420,7.736,V
serial:COM8/motor_angle,4994846,1786326466420,139.33,deg
serial:COM8/phase_u_v,4994846,1786326466420,7.849,V
serial:COM8/phase_v_v,4994846,1786326466420,7.855,V
serial:COM8/phase_w_v,4994846,1786326466420,7.887,V
serial:COM8/motor_angle,4994848,1786326466420,139.39,deg
serial:COM8/phase_u_v,4994848,1786326466420,8.006,V
serial:COM8/phase_v_v,4994848,1786326466420,8.017,V
serial:COM8/phase_w_v,4994848,1786326466420,8.049,V
serial:COM8/motor_angle,4994850,1786326466420,139.44,deg
serial:COM8/phase_u_v,4994850,1786326466420,7.504,V
serial:COM8/phase_v_v,4994850,1786326466420,7.526,V
serial:COM8/phase_w_v,4994850,1786326466420,7.536,V
serial:COM8/motor_angle,4994852,1786326466420,139.44,deg
serial:COM8/phase_u_v,4994852,1786326466420,7.661,V
serial:COM8/phase_v_v,4994852,1786326466420,7.666,V
serial:COM8/phase_w_v,4994852,1786326466420,7.693,V
serial:COM8/motor_angle,4994854,1786326466420,139.37,deg
serial:COM8/phase_u_v,4994854,1786326466420,7.812,V
serial:COM8/phase_v_v,4994854,1786326466420,7.828,V
serial:COM8/phase_w_v,4994854,1786326466420,7.849,V
serial:COM8/motor_angle,4994856,1786326466420,139.39,deg
serial:COM8/phase_u_v,4994856,1786326466420,7.963,V
serial:COM8/phase_v_v,4994856,1786326466420,7.968,V
serial:COM8/phase_w_v,4994856,1786326466420,8.001,V
serial:COM8/motor_angle,4994858,1786326466420,139.37,deg
serial:COM8/phase_u_v,4994858,1786326466420,8.130,V
serial:COM8/phase_v_v,4994858,1786326466420,8.141,V
serial:COM8/phase_w_v,4994858,1786326466420,8.168,V
serial:COM8/motor_angle,4994860,1786326466420,139.37,deg
serial:COM8/phase_u_v,4994860,1786326466420,7.617,V
serial:COM8/phase_v_v,4994860,1786326466420,7.639,V
serial:COM8/phase_w_v,4994860,1786326466420,7.655,V
serial:COM8/motor_angle,4994862,1786326466420,139.33,deg
serial:COM8/phase_u_v,4994862,1786326466420,7.779,V
serial:COM8/phase_v_v,4994862,1786326466420,7.768,V
serial:COM8/phase_w_v,4994862,1786326466420,7.806,V
serial:COM8/motor_angle,4994864,1786326466420,139.39,deg
serial:COM8/phase_u_v,4994864,1786326466420,7.920,V
serial:COM8/phase_v_v,4994864,1786326466420,7.936,V
serial:COM8/phase_w_v,4994864,1786326466420,7.957,V
serial:COM8/motor_angle,4994866,1786326466420,139.39,deg
serial:COM8/phase_u_v,4994866,1786326466420,8.082,V
serial:COM8/phase_v_v,4994866,1786326466420,8.092,V
serial:COM8/phase_w_v,4994866,1786326466420,8.119,V
serial:COM8/motor_angle,4994868,1786326466420,139.42,deg
serial:COM8/phase_u_v,4994868,1786326466420,7.580,V
serial:COM8/phase_v_v,4994868,1786326466420,7.590,V
serial:COM8/phase_w_v,4994868,1786326466420,7.617,V
serial:COM8/motor_angle,4994870,1786326466420,139.39,deg
serial:COM8/phase_u_v,4994870,1786326466420,7.742,V
serial:COM8/phase_v_v,4994870,1786326466420,7.742,V
serial:COM8/phase_w_v,4994870,1786326466420,7.768,V
serial:COM8/motor_angle,4994872,1786326466420,139.37,deg
serial:COM8/phase_u_v,4994872,1786326466420,7.887,V
serial:COM8/phase_v_v,4994872,1786326466420,7.898,V
serial:COM8/phase_w_v,4994872,1786326466420,7.920,V
serial:COM8/motor_angle,4994874,1786326466492,139.39,deg
serial:COM8/phase_u_v,4994874,1786326466492,8.044,V
serial:COM8/phase_v_v,4994874,1786326466492,8.049,V
serial:COM8/phase_w_v,4994874,1786326466492,8.071,V
serial:COM8/motor_angle,4994876,1786326466492,139.37,deg
serial:COM8/phase_u_v,4994876,1786326466492,7.542,V
serial:COM8/phase_v_v,4994876,1786326466492,7.547,V
serial:COM8/phase_w_v,4994876,1786326466492,7.574,V
serial:COM8/motor_angle,4994878,1786326466492,139.39,deg
serial:COM8/phase_u_v,4994878,1786326466492,7.704,V
serial:COM8/phase_v_v,4994878,1786326466492,7.709,V
serial:COM8/phase_w_v,4994878,1786326466492,7.725,V
serial:COM8/motor_angle,4994880,1786326466492,139.39,deg
serial:COM8/phase_u_v,4994880,1786326466492,7.849,V
serial:COM8/phase_v_v,4994880,1786326466492,7.855,V
serial:COM8/phase_w_v,4994880,1786326466492,7.887,V
serial:COM8/motor_angle,4994882,1786326466492,139.39,deg
serial:COM8/phase_u_v,4994882,1786326466492,8.006,V
serial:COM8/phase_v_v,4994882,1786326466492,8.006,V
serial:COM8/phase_w_v,4994882,1786326466492,8.044,V
serial:COM8/motor_angle,4994884,1786326466492,139.39,deg
serial:COM8/phase_u_v,4994884,1786326466492,7.504,V
serial:COM8/phase_v_v,4994884,1786326466492,7.520,V
serial:COM8/phase_w_v,4994884,1786326466492,7.531,V
serial:COM8/motor_angle,4994886,1786326466492,139.39,deg
serial:COM8/phase_u_v,4994886,1786326466492,7.661,V
serial:COM8/phase_v_v,4994886,1786326466492,7.666,V
serial:COM8/phase_w_v,4994886,1786326466492,7.693,V
serial:COM8/motor_angle,4994888,1786326466492,139.42,deg
serial:COM8/phase_u_v,4994888,1786326466492,7.806,V
serial:COM8/phase_v_v,4994888,1786326466492,7.822,V
serial:COM8/phase_w_v,4994888,1786326466492,7.844,V
serial:COM8/motor_angle,4994890,1786326466492,139.37,deg
serial:COM8/phase_u_v,4994890,1786326466492,7.963,V
serial:COM8/phase_v_v,4994890,1786326466492,7.974,V
serial:COM8/phase_w_v,4994890,1786326466492,8.006,V
serial:COM8/motor_angle,4994892,1786326466492,139.39,deg
serial:COM8/phase_u_v,4994892,1786326466492,8.114,V
serial:COM8/phase_v_v,4994892,1786326466492,8.125,V
serial:COM8/phase_w_v,4994892,1786326466492,8.157,V
serial:COM8/motor_angle,4994894,1786326466492,139.42,deg
serial:COM8/phase_u_v,4994894,1786326466492,7.612,V
serial:COM8/phase_v_v,4994894,1786326466492,7.628,V
serial:COM8/phase_w_v,4994894,1786326466492,7.650,V
serial:COM8/motor_angle,4994896,1786326466492,139.37,deg
serial:COM8/phase_u_v,4994896,1786326466492,7.763,V
serial:COM8/phase_v_v,4994896,1786326466492,7.774,V
serial:COM8/phase_w_v,4994896,1786326466492,7.801,V
serial:COM8/motor_angle,4994898,1786326466492,139.39,deg
serial:COM8/phase_u_v,4994898,1786326466492,7.920,V
serial:COM8/phase_v_v,4994898,1786326466492,7.930,V
serial:COM8/phase_w_v,4994898,1786326466492,7.957,V
serial:COM8/motor_angle,4994900,1786326466492,139.37,deg
serial:COM8/phase_u_v,4994900,1786326466492,8.082,V
serial:COM8/phase_v_v,4994900,1786326466492,8.082,V
serial:COM8/phase_w_v,4994900,1786326466492,8.119,V
serial:COM8/motor_angle,4994902,1786326466492,139.42,deg
serial:COM8/phase_u_v,4994902,1786326466492,7.580,V
serial:COM8/phase_v_v,4994902,1786326466492,7.585,V
serial:COM8/phase_w_v,4994902,1786326466492,7.612,V
serial:COM8/motor_angle,4994904,1786326466492,139.44,deg
serial:COM8/phase_u_v,4994904,1786326466492,7.731,V
serial:COM8/phase_v_v,4994904,1786326466492,7.736,V
serial:COM8/phase_w_v,4994904,1786326466492,7.768,V
serial:COM8/motor_angle,4994906,1786326466492,139.37,deg
serial:COM8/phase_u_v,4994906,1786326466492,7.882,V
serial:COM8/phase_v_v,4994906,1786326466492,7.898,V
serial:COM8/phase_w_v,4994906,1786326466492,7.914,V
serial:COM8/motor_angle,4994908,1786326466492,139.37,deg
serial:COM8/phase_u_v,4994908,1786326466492,8.049,V
serial:COM8/phase_v_v,4994908,1786326466492,8.049,V
serial:COM8/phase_w_v,4994908,1786326466492,8.082,V
serial:COM8/motor_angle,4994910,1786326466492,139.44,deg
serial:COM8/phase_u_v,4994910,1786326466492,7.542,V
serial:COM8/phase_v_v,4994910,1786326466492,7.553,V
serial:COM8/phase_w_v,4994910,1786326466492,7.574,V
serial:COM8/motor_angle,4994912,1786326466492,139.39,deg
serial:COM8/phase_u_v,4994912,1786326466492,7.693,V
serial:COM8/phase_v_v,4994912,1786326466492,7.693,V
serial:COM8/phase_w_v,4994912,1786326466492,7.725,V
serial:COM8/motor_angle,4994914,1786326466492,139.37,deg
serial:COM8/phase_u_v,4994914,1786326466492,7.849,V
serial:COM8/phase_v_v,4994914,1786326466492,7.860,V
serial:COM8/phase_w_v,4994914,1786326466492,7.882,V
serial:COM8/motor_angle,4994916,1786326466492,139.44,deg
serial:COM8/phase_u_v,4994916,1786326466492,8.001,V
serial:COM8/phase_v_v,4994916,1786326466492,8.011,V
serial:COM8/phase_w_v,4994916,1786326466492,8.028,V
serial:COM8/motor_angle,4994918,1786326466492,139.37,deg
serial:COM8/phase_u_v,4994918,1786326466492,7.504,V
serial:COM8/phase_v_v,4994918,1786326466492,7.509,V
serial:COM8/phase_w_v,4994918,1786326466492,7.536,V
serial:COM8/motor_angle,4994920,1786326466492,139.39,deg
serial:COM8/phase_u_v,4994920,1786326466492,7.655,V
serial:COM8/phase_v_v,4994920,1786326466492,7.661,V
serial:COM8/phase_w_v,4994920,1786326466492,7.688,V
serial:COM8/motor_angle,4994922,1786326466492,139.37,deg
serial:COM8/phase_u_v,4994922,1786326466492,7.806,V
serial:COM8/phase_v_v,4994922,1786326466492,7.812,V
serial:COM8/phase_w_v,4994922,1786326466492,7.839,V
serial:COM8/motor_angle,4994924,1786326466492,139.35,deg
serial:COM8/phase_u_v,4994924,1786326466492,7.952,V
serial:COM8/phase_v_v,4994924,1786326466492,7.968,V
serial:COM8/phase_w_v,4994924,1786326466492,7.990,V
serial:COM8/motor_angle,4994926,1786326466492,139.37,deg
serial:COM8/phase_u_v,4994926,1786326466492,8.109,V
serial:COM8/phase_v_v,4994926,1786326466492,8.130,V
serial:COM8/phase_w_v,4994926,1786326466492,8.157,V
serial:COM8/motor_angle,4994928,1786326466492,139.42,deg
serial:COM8/phase_u_v,4994928,1786326466492,7.612,V
serial:COM8/phase_v_v,4994928,1786326466492,7.617,V
serial:COM8/phase_w_v,4994928,1786326466492,7.634,V
serial:COM8/motor_angle,4994930,1786326466492,139.39,deg
serial:COM8/phase_u_v,4994930,1786326466492,7.763,V
serial:COM8/phase_v_v,4994930,1786326466492,7.774,V
serial:COM8/phase_w_v,4994930,1786326466492,7.795,V
serial:COM8/motor_angle,4994932,1786326466492,139.35,deg
serial:COM8/phase_u_v,4994932,1786326466492,7.920,V
serial:COM8/phase_v_v,4994932,1786326466492,7.925,V
serial:COM8/phase_w_v,4994932,1786326466492,7.952,V
serial:COM8/motor_angle,4994934,1786326466492,139.39,deg
serial:COM8/phase_u_v,4994934,1786326466492,8.076,V
serial:COM8/phase_v_v,4994934,1786326466492,8.087,V
serial:COM8/phase_w_v,4994934,1786326466492,8.114,V
serial:COM8/motor_angle,4994936,1786326466492,139.35,deg
serial:COM8/phase_u_v,4994936,1786326466492,7.574,V
serial:COM8/phase_v_v,4994936,1786326466492,7.585,V
serial:COM8/phase_w_v,4994936,1786326466492,7.612,V
serial:COM8/motor_angle,4994938,1786326466492,139.42,deg
serial:COM8/phase_u_v,4994938,1786326466492,7.720,V
serial:COM8/phase_v_v,4994938,1786326466492,7.736,V
serial:COM8/phase_w_v,4994938,1786326466492,7.763,V
serial:COM8/motor_angle,4994940,1786326466492,139.35,deg
serial:COM8/phase_u_v,4994940,1786326466492,7.882,V
serial:COM8/phase_v_v,4994940,1786326466492,7.887,V
serial:COM8/phase_w_v,4994940,1786326466492,7.914,V
serial:COM8/motor_angle,4994942,1786326466492,139.33,deg
serial:COM8/phase_u_v,4994942,1786326466492,8.033,V
serial:COM8/phase_v_v,4994942,1786326466492,8.049,V
serial:COM8/phase_w_v,4994942,1786326466492,8.071,V
serial:COM8/motor_angle,4994944,1786326466492,139.37,deg
serial:COM8/phase_u_v,4994944,1786326466492,7.536,V
serial:COM8/phase_v_v,4994944,1786326466492,7.553,V
serial:COM8/phase_w_v,4994944,1786326466492,7.574,V
serial:COM8/motor_angle,4994946,1786326466564,139.39,deg
serial:COM8/phase_u_v,4994946,1786326466564,7.688,V
serial:COM8/phase_v_v,4994946,1786326466564,7.698,V
serial:COM8/phase_w_v,4994946,1786326466564,7.720,V
serial:COM8/motor_angle,4994948,1786326466564,139.37,deg
serial:COM8/phase_u_v,4994948,1786326466564,7.844,V
serial:COM8/phase_v_v,4994948,1786326466564,7.849,V
serial:COM8/phase_w_v,4994948,1786326466564,7.871,V
serial:COM8/motor_angle,4994950,1786326466564,139.37,deg
serial:COM8/phase_u_v,4994950,1786326466564,8.001,V
serial:COM8/phase_v_v,4994950,1786326466564,8.001,V
serial:COM8/phase_w_v,4994950,1786326466564,8.033,V
serial:COM8/motor_angle,4994952,1786326466564,139.39,deg
serial:COM8/phase_u_v,4994952,1786326466564,7.504,V
serial:COM8/phase_v_v,4994952,1786326466564,7.509,V
serial:COM8/phase_w_v,4994952,1786326466564,7.536,V
serial:COM8/motor_angle,4994954,1786326466564,139.44,deg
serial:COM8/phase_u_v,4994954,1786326466564,7.650,V
serial:COM8/phase_v_v,4994954,1786326466564,7.655,V
serial:COM8/phase_w_v,4994954,1786326466564,7.682,V
serial:COM8/motor_angle,4994956,1786326466564,139.39,deg
serial:COM8/phase_u_v,4994956,1786326466564,7.801,V
serial:COM8/phase_v_v,4994956,1786326466564,7.812,V
serial:COM8/phase_w_v,4994956,1786326466564,7.828,V
serial:COM8/motor_angle,4994958,1786326466564,139.35,deg
serial:COM8/phase_u_v,4994958,1786326466564,7.952,V
serial:COM8/phase_v_v,4994958,1786326466564,7.968,V
serial:COM8/phase_w_v,4994958,1786326466564,8.001,V
serial:COM8/motor_angle,4994960,1786326466564,139.33,deg
serial:COM8/phase_u_v,4994960,1786326466564,8.114,V
serial:COM8/phase_v_v,4994960,1786326466564,8.130,V
serial:COM8/phase_w_v,4994960,1786326466564,8.146,V
serial:COM8/motor_angle,4994962,1786326466564,139.37,deg
serial:COM8/phase_u_v,4994962,1786326466564,7.612,V
serial:COM8/phase_v_v,4994962,1786326466564,7.623,V
serial:COM8/phase_w_v,4994962,1786326466564,7.639,V
serial:COM8/motor_angle,4994964,1786326466564,139.35,deg
serial:COM8/phase_u_v,4994964,1786326466564,7.768,V
serial:COM8/phase_v_v,4994964,1786326466564,7.774,V
serial:COM8/phase_w_v,4994964,1786326466564,7.795,V
serial:COM8/motor_angle,4994966,1786326466564,139.35,deg
serial:COM8/phase_u_v,4994966,1786326466564,7.914,V
serial:COM8/phase_v_v,4994966,1786326466564,7.925,V
serial:COM8/phase_w_v,4994966,1786326466564,7.957,V
serial:COM8/motor_angle,4994968,1786326466564,139.44,deg
serial:COM8/phase_u_v,4994968,1786326466564,8.076,V
serial:COM8/phase_v_v,4994968,1786326466564,8.087,V
serial:COM8/phase_w_v,4994968,1786326466564,8.114,V
serial:COM8/motor_angle,4994970,1786326466564,139.39,deg
serial:COM8/phase_u_v,4994970,1786326466564,7.574,V
serial:COM8/phase_v_v,4994970,1786326466564,7.574,V
serial:COM8/phase_w_v,4994970,1786326466564,7.607,V
serial:COM8/motor_angle,4994972,1786326466564,139.39,deg
serial:COM8/phase_u_v,4994972,1786326466564,7.720,V
serial:COM8/phase_v_v,4994972,1786326466564,7.725,V
serial:COM8/phase_w_v,4994972,1786326466564,7.763,V
serial:COM8/motor_angle,4994974,1786326466564,139.33,deg
serial:COM8/phase_u_v,4994974,1786326466564,7.882,V
serial:COM8/phase_v_v,4994974,1786326466564,7.887,V
serial:COM8/phase_w_v,4994974,1786326466564,7.914,V
serial:COM8/motor_angle,4994976,1786326466564,139.44,deg
serial:COM8/phase_u_v,4994976,1786326466564,8.033,V
serial:COM8/phase_v_v,4994976,1786326466564,8.055,V
serial:COM8/phase_w_v,4994976,1786326466564,8.071,V
serial:COM8/motor_angle,4994978,1786326466564,139.35,deg
serial:COM8/phase_u_v,4994978,1786326466564,7.531,V
serial:COM8/phase_v_v,4994978,1786326466564,7.542,V
serial:COM8/phase_w_v,4994978,1786326466564,7.574,V
serial:COM8/motor_angle,4994980,1786326466564,139.37,deg
serial:COM8/phase_u_v,4994980,1786326466564,7.682,V
serial:COM8/phase_v_v,4994980,1786326466564,7.693,V
serial:COM8/phase_w_v,4994980,1786326466564,7.720,V
serial:COM8/motor_angle,4994982,1786326466564,139.39,deg
serial:COM8/phase_u_v,4994982,1786326466564,7.833,V
serial:COM8/phase_v_v,4994982,1786326466564,7.844,V
serial:COM8/phase_w_v,4994982,1786326466564,7.866,V
serial:COM8/motor_angle,4994984,1786326466564,139.37,deg
serial:COM8/phase_u_v,4994984,1786326466564,7.990,V
serial:COM8/phase_v_v,4994984,1786326466564,8.006,V
serial:COM8/phase_w_v,4994984,1786326466564,8.033,V
serial:COM8/motor_angle,4994986,1786326466564,139.39,deg
serial:COM8/phase_u_v,4994986,1786326466564,7.493,V
serial:COM8/phase_v_v,4994986,1786326466564,7.509,V
serial:COM8/phase_w_v,4994986,1786326466564,7.531,V
serial:COM8/motor_angle,4994988,1786326466564,139.37,deg
serial:COM8/phase_u_v,4994988,1786326466564,7.639,V
serial:COM8/phase_v_v,4994988,1786326466564,7.655,V
serial:COM8/phase_w_v,4994988,1786326466564,7.688,V
serial:COM8/motor_angle,4994990,1786326466564,139.42,deg
serial:COM8/phase_u_v,4994990,1786326466564,7.801,V
serial:COM8/phase_v_v,4994990,1786326466564,7.812,V
serial:COM8/phase_w_v,4994990,1786326466564,7.828,V
serial:COM8/motor_angle,4994992,1786326466564,139.37,deg
serial:COM8/phase_u_v,4994992,1786326466564,7.952,V
serial:COM8/phase_v_v,4994992,1786326466564,7.963,V
serial:COM8/phase_w_v,4994992,1786326466564,7.990,V
serial:COM8/motor_angle,4994994,1786326466564,139.42,deg
serial:COM8/phase_u_v,4994994,1786326466564,8.114,V
serial:COM8/phase_v_v,4994994,1786326466564,8.119,V
serial:COM8/phase_w_v,4994994,1786326466564,8.146,V
serial:COM8/motor_angle,4994996,1786326466564,139.35,deg
serial:COM8/phase_u_v,4994996,1786326466564,7.607,V
serial:COM8/phase_v_v,4994996,1786326466564,7.612,V
serial:COM8/phase_w_v,4994996,1786326466564,7.639,V
serial:COM8/motor_angle,4994998,1786326466564,139.42,deg
serial:COM8/phase_u_v,4994998,1786326466564,7.758,V
serial:COM8/phase_v_v,4994998,1786326466564,7.763,V
serial:COM8/phase_w_v,4994998,1786326466564,7.790,V
serial:COM8/motor_angle,4995000,1786326466564,139.42,deg
serial:COM8/phase_u_v,4995000,1786326466564,7.914,V
serial:COM8/phase_v_v,4995000,1786326466564,7.920,V
serial:COM8/phase_w_v,4995000,1786326466564,7.941,V
serial:COM8/motor_angle,4995002,1786326466564,139.35,deg
serial:COM8/phase_u_v,4995002,1786326466564,8.071,V
serial:COM8/phase_v_v,4995002,1786326466564,8.076,V
serial:COM8/phase_w_v,4995002,1786326466564,8.098,V
serial:COM8/motor_angle,4995004,1786326466564,139.39,deg
serial:COM8/phase_u_v,4995004,1786326466564,7.569,V
serial:COM8/phase_v_v,4995004,1786326466564,7.563,V
serial:COM8/phase_w_v,4995004,1786326466564,7.596,V
serial:COM8/motor_angle,4995006,1786326466564,139.35,deg
serial:COM8/phase_u_v,4995006,1786326466564,7.720,V
serial:COM8/phase_v_v,4995006,1786326466564,7.731,V
serial:COM8/phase_w_v,4995006,1786326466564,7.747,V
serial:COM8/motor_angle,4995008,1786326466564,139.39,deg
serial:COM8/phase_u_v,4995008,1786326466564,7.871,V
serial:COM8/phase_v_v,4995008,1786326466564,7.882,V
serial:COM8/phase_w_v,4995008,1786326466564,7.898,V
serial:COM8/motor_angle,4995010,1786326466564,139.35,deg
serial:COM8/phase_u_v,4995010,1786326466564,8.028,V
serial:COM8/phase_v_v,4995010,1786326466564,8.038,V
serial:COM8/phase_w_v,4995010,1786326466564,8.065,V
serial:COM8/motor_angle,4995012,1786326466564,139.37,deg
serial:COM8/phase_u_v,4995012,1786326466564,7.531,V
serial:COM8/phase_v_v,4995012,1786326466564,7.536,V
serial:COM8/phase_w_v,4995012,1786326466564,7.563,V
serial:COM8/motor_angle,4995014,1786326466564,139.39,deg
serial:COM8/phase_u_v,4995014,1786326466564,7.682,V
serial:COM8/phase_v_v,4995014,1786326466564,7.688,V
serial:COM8/phase_w_v,4995014,1786326466564,7.715,V
serial:COM8/motor_angle,4995016,1786326466564,139.39,deg
serial:COM8/phase_u_v,4995016,1786326466564,7.828,V
serial:COM8/phase_v_v,4995016,1786326466564,7.844,V
serial:COM8/phase_w_v,4995016,1786326466564,7.871,V
serial:COM8/motor_angle,4995018,1786326466638,139.39,deg
serial:COM8/phase_u_v,4995018,1786326466638,7.990,V
serial:COM8/phase_v_v,4995018,1786326466638,7.995,V
serial:COM8/phase_w_v,4995018,1786326466638,8.022,V
serial:COM8/motor_angle,4995020,1786326466638,139.39,deg
serial:COM8/phase_u_v,4995020,1786326466638,7.488,V
serial:COM8/phase_v_v,4995020,1786326466638,7.499,V
serial:COM8/phase_w_v,4995020,1786326466638,7.531,V
serial:COM8/motor_angle,4995022,1786326466638,139.42,deg
serial:COM8/phase_u_v,4995022,1786326466638,7.634,V
serial:COM8/phase_v_v,4995022,1786326466638,7.650,V
serial:COM8/phase_w_v,4995022,1786326466638,7.666,V
serial:COM8/motor_angle,4995024,1786326466638,139.39,deg
serial:COM8/phase_u_v,4995024,1786326466638,7.790,V
serial:COM8/phase_v_v,4995024,1786326466638,7.801,V
serial:COM8/phase_w_v,4995024,1786326466638,7.828,V
serial:COM8/motor_angle,4995026,1786326466638,139.37,deg
serial:COM8/phase_u_v,4995026,1786326466638,7.952,V
serial:COM8/phase_v_v,4995026,1786326466638,7.957,V
serial:COM8/phase_w_v,4995026,1786326466638,7.979,V
serial:COM8/motor_angle,4995028,1786326466638,139.37,deg
serial:COM8/phase_u_v,4995028,1786326466638,8.109,V
serial:COM8/phase_v_v,4995028,1786326466638,8.114,V
serial:COM8/phase_w_v,4995028,1786326466638,8.146,V
serial:COM8/motor_angle,4995030,1786326466638,139.37,deg
serial:COM8/phase_u_v,4995030,1786326466638,7.607,V
serial:COM8/phase_v_v,4995030,1786326466638,7.607,V
serial:COM8/phase_w_v,4995030,1786326466638,7.634,V
serial:COM8/motor_angle,4995032,1786326466638,139.39,deg
serial:COM8/phase_u_v,4995032,1786326466638,7.747,V
serial:COM8/phase_v_v,4995032,1786326466638,7.763,V
serial:COM8/phase_w_v,4995032,1786326466638,7.790,V
serial:COM8/motor_angle,4995034,1786326466638,139.35,deg
serial:COM8/phase_u_v,4995034,1786326466638,7.909,V
serial:COM8/phase_v_v,4995034,1786326466638,7.920,V
serial:COM8/phase_w_v,4995034,1786326466638,7.947,V
serial:COM8/motor_angle,4995036,1786326466638,139.37,deg
serial:COM8/phase_u_v,4995036,1786326466638,8.065,V
serial:COM8/phase_v_v,4995036,1786326466638,8.071,V
serial:COM8/phase_w_v,4995036,1786326466638,8.109,V
serial:COM8/motor_angle,4995038,1786326466638,139.42,deg
serial:COM8/phase_u_v,4995038,1786326466638,7.563,V
serial:COM8/phase_v_v,4995038,1786326466638,7.569,V
serial:COM8/phase_w_v,4995038,1786326466638,7.596,V
serial:COM8/motor_angle,4995040,1786326466638,139.39,deg
serial:COM8/phase_u_v,4995040,1786326466638,7.715,V
serial:COM8/phase_v_v,4995040,1786326466638,7.725,V
serial:COM8/phase_w_v,4995040,1786326466638,7.742,V
serial:COM8/motor_angle,4995042,1786326466638,139.42,deg
serial:COM8/phase_u_v,4995042,1786326466638,7.876,V
serial:COM8/phase_v_v,4995042,1786326466638,7.876,V
serial:COM8/phase_w_v,4995042,1786326466638,7.903,V
serial:COM8/motor_angle,4995044,1786326466638,139.42,deg
serial:COM8/phase_u_v,4995044,1786326466638,8.022,V
serial:COM8/phase_v_v,4995044,1786326466638,8.033,V
serial:COM8/phase_w_v,4995044,1786326466638,8.060,V
serial:COM8/motor_angle,4995046,1786326466638,139.39,deg
serial:COM8/phase_u_v,4995046,1786326466638,7.520,V
serial:COM8/phase_v_v,4995046,1786326466638,7.531,V
serial:COM8/phase_w_v,4995046,1786326466638,7.558,V
serial:COM8/motor_angle,4995048,1786326466638,139.42,deg
serial:COM8/phase_u_v,4995048,1786326466638,7.671,V
serial:COM8/phase_v_v,4995048,1786326466638,7.682,V
serial:COM8/phase_w_v,4995048,1786326466638,7.715,V
serial:COM8/motor_angle,4995050,1786326466638,139.37,deg
serial:COM8/phase_u_v,4995050,1786326466638,7.833,V
serial:COM8/phase_v_v,4995050,1786326466638,7.844,V
serial:COM8/phase_w_v,4995050,1786326466638,7.871,V
serial:COM8/motor_angle,4995052,1786326466638,139.37,deg
serial:COM8/phase_u_v,4995052,1786326466638,7.990,V
serial:COM8/phase_v_v,4995052,1786326466638,7.990,V
serial:COM8/phase_w_v,4995052,1786326466638,8.022,V
serial:COM8/motor_angle,4995054,1786326466638,139.37,deg
serial:COM8/phase_u_v,4995054,1786326466638,7.493,V
serial:COM8/phase_v_v,4995054,1786326466638,7.499,V
serial:COM8/phase_w_v,4995054,1786326466638,7.520,V
serial:COM8/motor_angle,4995056,1786326466638,139.37,deg
serial:COM8/phase_u_v,4995056,1786326466638,7.644,V
serial:COM8/phase_v_v,4995056,1786326466638,7.650,V
serial:COM8/phase_w_v,4995056,1786326466638,7.677,V
serial:COM8/motor_angle,4995058,1786326466638,139.42,deg
serial:COM8/phase_u_v,4995058,1786326466638,7.790,V
serial:COM8/phase_v_v,4995058,1786326466638,7.801,V
serial:COM8/phase_w_v,4995058,1786326466638,7.822,V
serial:COM8/motor_angle,4995060,1786326466638,139.37,deg
serial:COM8/phase_u_v,4995060,1786326466638,7.947,V
serial:COM8/phase_v_v,4995060,1786326466638,7.952,V
serial:COM8/phase_w_v,4995060,1786326466638,7.984,V
serial:COM8/motor_angle,4995062,1786326466638,139.44,deg
serial:COM8/phase_u_v,4995062,1786326466638,8.114,V
serial:COM8/phase_v_v,4995062,1786326466638,8.114,V
serial:COM8/phase_w_v,4995062,1786326466638,8.141,V
serial:COM8/motor_angle,4995064,1786326466638,139.37,deg
serial:COM8/phase_u_v,4995064,1786326466638,7.596,V
serial:COM8/phase_v_v,4995064,1786326466638,7.607,V
serial:COM8/phase_w_v,4995064,1786326466638,7.634,V
serial:COM8/motor_angle,4995066,1786326466638,139.39,deg
serial:COM8/phase_u_v,4995066,1786326466638,7.752,V
serial:COM8/phase_v_v,4995066,1786326466638,7.758,V
serial:COM8/phase_w_v,4995066,1786326466638,7.785,V
serial:COM8/motor_angle,4995068,1786326466638,139.42,deg
serial:COM8/phase_u_v,4995068,1786326466638,7.909,V
serial:COM8/phase_v_v,4995068,1786326466638,7.920,V
serial:COM8/phase_w_v,4995068,1786326466638,7.936,V
serial:COM8/motor_angle,4995070,1786326466638,139.37,deg
serial:COM8/phase_u_v,4995070,1786326466638,8.060,V
serial:COM8/phase_v_v,4995070,1786326466638,8.071,V
serial:COM8/phase_w_v,4995070,1786326466638,8.098,V
serial:COM8/motor_angle,4995072,1786326466638,139.37,deg
serial:COM8/phase_u_v,4995072,1786326466638,7.563,V
serial:COM8/phase_v_v,4995072,1786326466638,7.574,V
serial:COM8/phase_w_v,4995072,1786326466638,7.585,V
serial:COM8/motor_angle,4995074,1786326466638,139.37,deg
serial:COM8/phase_u_v,4995074,1786326466638,7.709,V
serial:COM8/phase_v_v,4995074,1786326466638,7.725,V
serial:COM8/phase_w_v,4995074,1786326466638,7.747,V
serial:COM8/motor_angle,4995076,1786326466638,139.46,deg
serial:COM8/phase_u_v,4995076,1786326466638,7.866,V
serial:COM8/phase_v_v,4995076,1786326466638,7.876,V
serial:COM8/phase_w_v,4995076,1786326466638,7.898,V
serial:COM8/motor_angle,4995078,1786326466638,139.37,deg
serial:COM8/phase_u_v,4995078,1786326466638,8.028,V
serial:COM8/phase_v_v,4995078,1786326466638,8.028,V
serial:COM8/phase_w_v,4995078,1786326466638,8.055,V
serial:COM8/motor_angle,4995080,1786326466638,139.39,deg
serial:COM8/phase_u_v,4995080,1786326466638,7.520,V
serial:COM8/phase_v_v,4995080,1786326466638,7.531,V
serial:COM8/phase_w_v,4995080,1786326466638,7.558,V
serial:COM8/motor_angle,4995082,1786326466638,139.37,deg
serial:COM8/phase_u_v,4995082,1786326466638,7.677,V
serial:COM8/phase_v_v,4995082,1786326466638,7.671,V
serial:COM8/phase_w_v,4995082,1786326466638,7.704,V
serial:COM8/motor_angle,4995084,1786326466638,139.39,deg
serial:COM8/phase_u_v,4995084,1786326466638,7.822,V
serial:COM8/phase_v_v,4995084,1786326466638,7.833,V
serial:COM8/phase_w_v,4995084,1786326466638,7.860,V
serial:COM8/motor_angle,4995086,1786326466638,139.44,deg
serial:COM8/phase_u_v,4995086,1786326466638,7.979,V
serial:COM8/phase_v_v,4995086,1786326466638,7.990,V
serial:COM8/phase_w_v,4995086,1786326466638,8.017,V
serial:COM8/motor_angle,4995088,1786326466638,139.37,deg
serial:COM8/phase_u_v,4995088,1786326466638,8.076,V
serial:COM8/phase_v_v,4995088,1786326466638,8.152,V
serial:COM8/phase_w_v,4995088,1786326466638,8.173,V
serial:COM8/motor_angle,4995090,1786326466638,139.37,deg
serial:COM8/phase_u_v,4995090,1786326466638,7.634,V
serial:COM8/phase_v_v,4995090,1786326466638,7.639,V
serial:COM8/phase_w_v,4995090,1786326466638,7.655,V
serial:COM8/motor_angle,4995092,1786326466710,139.35,deg
serial:COM8/phase_u_v,4995092,1786326466710,7.790,V
serial:COM8/phase_v_v,4995092,1786326466710,7.790,V
serial:COM8/phase_w_v,4995092,1786326466710,7.817,V
serial:COM8/motor_angle,4995094,1786326466710,139.35,deg
serial:COM8/phase_u_v,4995094,1786326466710,7.936,V
serial:COM8/phase_v_v,4995094,1786326466710,7.952,V
serial:COM8/phase_w_v,4995094,1786326466710,7.974,V
serial:COM8/motor_angle,4995096,1786326466710,139.39,deg
serial:COM8/phase_u_v,4995096,1786326466710,8.092,V
serial:COM8/phase_v_v,4995096,1786326466710,8.092,V
serial:COM8/phase_w_v,4995096,1786326466710,8.130,V
serial:COM8/motor_angle,4995098,1786326466710,139.33,deg
serial:COM8/phase_u_v,4995098,1786326466710,7.590,V
serial:COM8/phase_v_v,4995098,1786326466710,7.596,V
serial:COM8/phase_w_v,4995098,1786326466710,7.623,V
serial:COM8/motor_angle,4995100,1786326466710,139.39,deg
serial:COM8/phase_u_v,4995100,1786326466710,7.742,V
serial:COM8/phase_v_v,4995100,1786326466710,7.752,V
serial:COM8/phase_w_v,4995100,1786326466710,7.768,V
serial:COM8/motor_angle,4995102,1786326466710,139.39,deg
serial:COM8/phase_u_v,4995102,1786326466710,7.898,V
serial:COM8/phase_v_v,4995102,1786326466710,7.909,V
serial:COM8/phase_w_v,4995102,1786326466710,7.930,V
serial:COM8/motor_angle,4995104,1786326466710,139.44,deg
serial:COM8/phase_u_v,4995104,1786326466710,8.055,V
serial:COM8/phase_v_v,4995104,1786326466710,8.060,V
serial:COM8/phase_w_v,4995104,1786326466710,8.092,V
serial:COM8/motor_angle,4995106,1786326466710,139.37,deg
serial:COM8/phase_u_v,4995106,1786326466710,7.553,V
serial:COM8/phase_v_v,4995106,1786326466710,7.563,V
serial:COM8/phase_w_v,4995106,1786326466710,7.585,V
serial:COM8/motor_angle,4995108,1786326466710,139.39,deg
serial:COM8/phase_u_v,4995108,1786326466710,7.704,V
serial:COM8/phase_v_v,4995108,1786326466710,7.715,V
serial:COM8/phase_w_v,4995108,1786326466710,7.731,V
serial:COM8/motor_angle,4995110,1786326466710,139.39,deg
serial:COM8/phase_u_v,4995110,1786326466710,7.849,V
serial:COM8/phase_v_v,4995110,1786326466710,7.860,V
serial:COM8/phase_w_v,4995110,1786326466710,7.882,V
serial:COM8/motor_angle,4995112,1786326466710,139.39,deg
serial:COM8/phase_u_v,4995112,1786326466710,8.006,V
serial:COM8/phase_v_v,4995112,1786326466710,8.022,V
serial:COM8/phase_w_v,4995112,1786326466710,8.044,V
serial:COM8/motor_angle,4995114,1786326466710,139.39,deg
serial:COM8/phase_u_v,4995114,1786326466710,7.504,V
serial:COM8/phase_v_v,4995114,1786326466710,7.520,V
serial:COM8/phase_w_v,4995114,1786326466710,7.542,V
serial:COM8/motor_angle,4995116,1786326466710,139.37,deg
serial:COM8/phase_u_v,4995116,1786326466710,7.661,V
serial:COM8/phase_v_v,4995116,1786326466710,7.666,V
serial:COM8/phase_w_v,4995116,1786326466710,7.698,V
serial:COM8/motor_angle,4995118,1786326466710,139.42,deg
serial:COM8/phase_u_v,4995118,1786326466710,7.812,V
serial:COM8/phase_v_v,4995118,1786326466710,7.822,V
serial:COM8/phase_w_v,4995118,1786326466710,7.855,V
serial:COM8/motor_angle,4995120,1786326466710,139.42,deg
serial:COM8/phase_u_v,4995120,1786326466710,7.968,V
serial:COM8/phase_v_v,4995120,1786326466710,7.974,V
serial:COM8/phase_w_v,4995120,1786326466710,8.011,V
serial:COM8/motor_angle,4995122,1786326466710,139.35,deg
serial:COM8/phase_u_v,4995122,1786326466710,8.136,V
serial:COM8/phase_v_v,4995122,1786326466710,8.141,V
serial:COM8/phase_w_v,4995122,1786326466710,8.163,V
serial:COM8/motor_angle,4995124,1786326466710,139.37,deg
serial:COM8/phase_u_v,4995124,1786326466710,7.623,V
serial:COM8/phase_v_v,4995124,1786326466710,7.628,V
serial:COM8/phase_w_v,4995124,1786326466710,7.655,V
serial:COM8/motor_angle,4995126,1786326466710,139.35,deg
serial:COM8/phase_u_v,4995126,1786326466710,7.768,V
serial:COM8/phase_v_v,4995126,1786326466710,7.779,V
serial:COM8/phase_w_v,4995126,1786326466710,7.812,V
serial:COM8/motor_angle,4995128,1786326466710,139.39,deg
serial:COM8/phase_u_v,4995128,1786326466710,7.920,V
serial:COM8/phase_v_v,4995128,1786326466710,7.936,V
serial:COM8/phase_w_v,4995128,1786326466710,7.957,V
serial:COM8/motor_angle,4995130,1786326466710,139.39,deg
serial:COM8/phase_u_v,4995130,1786326466710,8.092,V
serial:COM8/phase_v_v,4995130,1786326466710,8.087,V
serial:COM8/phase_w_v,4995130,1786326466710,8.125,V
serial:COM8/motor_angle,4995132,1786326466710,139.39,deg
serial:COM8/phase_u_v,4995132,1786326466710,7.574,V
serial:COM8/phase_v_v,4995132,1786326466710,7.590,V
serial:COM8/phase_w_v,4995132,1786326466710,7.612,V
serial:COM8/motor_angle,4995134,1786326466710,139.37,deg
serial:COM8/phase_u_v,4995134,1786326466710,7.725,V
serial:COM8/phase_v_v,4995134,1786326466710,7.742,V
serial:COM8/phase_w_v,4995134,1786326466710,7.763,V
serial:COM8/motor_angle,4995136,1786326466710,139.42,deg
serial:COM8/phase_u_v,4995136,1786326466710,7.887,V
serial:COM8/phase_v_v,4995136,1786326466710,7.898,V
serial:COM8/phase_w_v,4995136,1786326466710,7.914,V
serial:COM8/motor_angle,4995138,1786326466710,139.44,deg
serial:COM8/phase_u_v,4995138,1786326466710,8.038,V
serial:COM8/phase_v_v,4995138,1786326466710,8.044,V
serial:COM8/phase_w_v,4995138,1786326466710,8.076,V
serial:COM8/motor_angle,4995140,1786326466710,139.37,deg
serial:COM8/phase_u_v,4995140,1786326466710,7.536,V
serial:COM8/phase_v_v,4995140,1786326466710,7.547,V
serial:COM8/phase_w_v,4995140,1786326466710,7.574,V
serial:COM8/motor_angle,4995142,1786326466710,139.42,deg
serial:COM8/phase_u_v,4995142,1786326466710,7.688,V
serial:COM8/phase_v_v,4995142,1786326466710,7.698,V
serial:COM8/phase_w_v,4995142,1786326466710,7.720,V
serial:COM8/motor_angle,4995144,1786326466710,139.42,deg
serial:COM8/phase_u_v,4995144,1786326466710,7.849,V
serial:COM8/phase_v_v,4995144,1786326466710,7.844,V
serial:COM8/phase_w_v,4995144,1786326466710,7.876,V
serial:COM8/motor_angle,4995146,1786326466710,139.39,deg
serial:COM8/phase_u_v,4995146,1786326466710,8.006,V
serial:COM8/phase_v_v,4995146,1786326466710,8.006,V
serial:COM8/phase_w_v,4995146,1786326466710,8.038,V
serial:COM8/motor_angle,4995148,1786326466710,139.39,deg
serial:COM8/phase_u_v,4995148,1786326466710,7.499,V
serial:COM8/phase_v_v,4995148,1786326466710,7.504,V
serial:COM8/phase_w_v,4995148,1786326466710,7.531,V
serial:COM8/motor_angle,4995150,1786326466710,139.37,deg
serial:COM8/phase_u_v,4995150,1786326466710,7.650,V
serial:COM8/phase_v_v,4995150,1786326466710,7.666,V
serial:COM8/phase_w_v,4995150,1786326466710,7.693,V
serial:COM8/motor_angle,4995152,1786326466710,139.39,deg
serial:COM8/phase_u_v,4995152,1786326466710,7.806,V
serial:COM8/phase_v_v,4995152,1786326466710,7.812,V
serial:COM8/phase_w_v,4995152,1786326466710,7.844,V
serial:COM8/motor_angle,4995154,1786326466710,139.31,deg
serial:COM8/phase_u_v,4995154,1786326466710,7.952,V
serial:COM8/phase_v_v,4995154,1786326466710,7.968,V
serial:COM8/phase_w_v,4995154,1786326466710,7.984,V
serial:COM8/motor_angle,4995156,1786326466710,139.39,deg
serial:COM8/phase_u_v,4995156,1786326466710,8.125,V
serial:COM8/phase_v_v,4995156,1786326466710,8.125,V
serial:COM8/phase_w_v,4995156,1786326466710,8.157,V
serial:COM8/motor_angle,4995158,1786326466710,139.42,deg
serial:COM8/phase_u_v,4995158,1786326466710,7.617,V
serial:COM8/phase_v_v,4995158,1786326466710,7.617,V
serial:COM8/phase_w_v,4995158,1786326466710,7.650,V
serial:COM8/motor_angle,4995160,1786326466710,139.39,deg
serial:COM8/phase_u_v,4995160,1786326466710,7.768,V
serial:COM8/phase_v_v,4995160,1786326466710,7.774,V
serial:COM8/phase_w_v,4995160,1786326466710,7.790,V
serial:COM8/motor_angle,4995162,1786326466710,139.39,deg
serial:COM8/phase_u_v,4995162,1786326466710,7.920,V
serial:COM8/phase_v_v,4995162,1786326466710,7.930,V
serial:COM8/phase_w_v,4995162,1786326466710,7.952,V
serial:COM8/motor_angle,4995164,1786326466782,139.37,deg
serial:COM8/phase_u_v,4995164,1786326466782,8.071,V
serial:COM8/phase_v_v,4995164,1786326466782,8.087,V
serial:COM8/phase_w_v,4995164,1786326466782,8.109,V
serial:COM8/motor_angle,4995166,1786326466782,139.35,deg
serial:COM8/phase_u_v,4995166,1786326466782,7.569,V
serial:COM8/phase_v_v,4995166,1786326466782,7.580,V
serial:COM8/phase_w_v,4995166,1786326466782,7.601,V
serial:COM8/motor_angle,4995168,1786326466782,139.39,deg
serial:COM8/phase_u_v,4995168,1786326466782,7.715,V
serial:COM8/phase_v_v,4995168,1786326466782,7.731,V
serial:COM8/phase_w_v,4995168,1786326466782,7.752,V
serial:COM8/motor_angle,4995170,1786326466782,139.37,deg
serial:COM8/phase_u_v,4995170,1786326466782,7.882,V
serial:COM8/phase_v_v,4995170,1786326466782,7.876,V
serial:COM8/phase_w_v,4995170,1786326466782,7.898,V
serial:COM8/motor_angle,4995172,1786326466782,139.39,deg
serial:COM8/phase_u_v,4995172,1786326466782,8.033,V
serial:COM8/phase_v_v,4995172,1786326466782,8.038,V
serial:COM8/phase_w_v,4995172,1786326466782,8.065,V
serial:COM8/motor_angle,4995174,1786326466782,139.35,deg
serial:COM8/phase_u_v,4995174,1786326466782,7.531,V
serial:COM8/phase_v_v,4995174,1786326466782,7.542,V
serial:COM8/phase_w_v,4995174,1786326466782,7.563,V
serial:COM8/motor_angle,4995176,1786326466782,139.42,deg
serial:COM8/phase_u_v,4995176,1786326466782,7.682,V
serial:COM8/phase_v_v,4995176,1786326466782,7.682,V
serial:COM8/phase_w_v,4995176,1786326466782,7.720,V
serial:COM8/motor_angle,4995178,1786326466782,139.39,deg
serial:COM8/phase_u_v,4995178,1786326466782,7.839,V
serial:COM8/phase_v_v,4995178,1786326466782,7.839,V
serial:COM8/phase_w_v,4995178,1786326466782,7.871,V
serial:COM8/motor_angle,4995180,1786326466782,139.37,deg
serial:COM8/phase_u_v,4995180,1786326466782,7.984,V
serial:COM8/phase_v_v,4995180,1786326466782,7.995,V
serial:COM8/phase_w_v,4995180,1786326466782,8.022,V
serial:COM8/motor_angle,4995182,1786326466782,139.44,deg
serial:COM8/phase_u_v,4995182,1786326466782,7.488,V
serial:COM8/phase_v_v,4995182,1786326466782,7.499,V
serial:COM8/phase_w_v,4995182,1786326466782,7.531,V
serial:COM8/motor_angle,4995184,1786326466782,139.37,deg
serial:COM8/phase_u_v,4995184,1786326466782,7.644,V
serial:COM8/phase_v_v,4995184,1786326466782,7.644,V
serial:COM8/phase_w_v,4995184,1786326466782,7.671,V
serial:COM8/motor_angle,4995186,1786326466782,139.39,deg
serial:COM8/phase_u_v,4995186,1786326466782,7.790,V
serial:COM8/phase_v_v,4995186,1786326466782,7.795,V
serial:COM8/phase_w_v,4995186,1786326466782,7.828,V
serial:COM8/motor_angle,4995188,1786326466782,139.39,deg
serial:COM8/phase_u_v,4995188,1786326466782,7.947,V
serial:COM8/phase_v_v,4995188,1786326466782,7.952,V
serial:COM8/phase_w_v,4995188,1786326466782,7.979,V
serial:COM8/motor_angle,4995190,1786326466782,139.35,deg
serial:COM8/phase_u_v,4995190,1786326466782,8.114,V
serial:COM8/phase_v_v,4995190,1786326466782,8.119,V
serial:COM8/phase_w_v,4995190,1786326466782,8.146,V
serial:COM8/motor_angle,4995192,1786326466782,139.37,deg
serial:COM8/phase_u_v,4995192,1786326466782,7.596,V
serial:COM8/phase_v_v,4995192,1786326466782,7.607,V
serial:COM8/phase_w_v,4995192,1786326466782,7.634,V
serial:COM8/motor_angle,4995194,1786326466782,139.37,deg
serial:COM8/phase_u_v,4995194,1786326466782,7.747,V
serial:COM8/phase_v_v,4995194,1786326466782,7.763,V
serial:COM8/phase_w_v,4995194,1786326466782,7.779,V
serial:COM8/motor_angle,4995196,1786326466782,139.39,deg
serial:COM8/phase_u_v,4995196,1786326466782,7.909,V
serial:COM8/phase_v_v,4995196,1786326466782,7.920,V
serial:COM8/phase_w_v,4995196,1786326466782,7.941,V
serial:COM8/motor_angle,4995198,1786326466782,139.44,deg
serial:COM8/phase_u_v,4995198,1786326466782,8.065,V
serial:COM8/phase_v_v,4995198,1786326466782,8.065,V
serial:COM8/phase_w_v,4995198,1786326466782,8.092,V
serial:COM8/motor_angle,4995200,1786326466782,139.39,deg
serial:COM8/phase_u_v,4995200,1786326466782,7.553,V
serial:COM8/phase_v_v,4995200,1786326466782,7.569,V
serial:COM8/phase_w_v,4995200,1786326466782,7.590,V
serial:COM8/motor_angle,4995202,1786326466782,139.39,deg
serial:COM8/phase_u_v,4995202,1786326466782,7.709,V
serial:COM8/phase_v_v,4995202,1786326466782,7.715,V
serial:COM8/phase_w_v,4995202,1786326466782,7.742,V
serial:COM8/motor_angle,4995204,1786326466782,139.33,deg
serial:COM8/phase_u_v,4995204,1786326466782,7.871,V
serial:COM8/phase_v_v,4995204,1786326466782,7.876,V
serial:COM8/phase_w_v,4995204,1786326466782,7.898,V
serial:COM8/motor_angle,4995206,1786326466782,139.37,deg
serial:COM8/phase_u_v,4995206,1786326466782,8.017,V
serial:COM8/phase_v_v,4995206,1786326466782,8.028,V
serial:COM8/phase_w_v,4995206,1786326466782,8.060,V
serial:COM8/motor_angle,4995208,1786326466782,139.42,deg
serial:COM8/phase_u_v,4995208,1786326466782,7.526,V
serial:COM8/phase_v_v,4995208,1786326466782,7.531,V
serial:COM8/phase_w_v,4995208,1786326466782,7.553,V
serial:COM8/motor_angle,4995210,1786326466782,139.42,deg
serial:COM8/phase_u_v,4995210,1786326466782,7.671,V
serial:COM8/phase_v_v,4995210,1786326466782,7.682,V
serial:COM8/phase_w_v,4995210,1786326466782,7.698,V
serial:COM8/motor_angle,4995212,1786326466782,139.35,deg
serial:COM8/phase_u_v,4995212,1786326466782,7.822,V
serial:COM8/phase_v_v,4995212,1786326466782,7.828,V
serial:COM8/phase_w_v,4995212,1786326466782,7.855,V
serial:COM8/motor_angle,4995214,1786326466782,139.37,deg
serial:COM8/phase_u_v,4995214,1786326466782,7.979,V
serial:COM8/phase_v_v,4995214,1786326466782,7.990,V
serial:COM8/phase_w_v,4995214,1786326466782,8.017,V
serial:COM8/motor_angle,4995216,1786326466782,139.33,deg
serial:COM8/phase_u_v,4995216,1786326466782,7.482,V
serial:COM8/phase_v_v,4995216,1786326466782,8.146,V
serial:COM8/phase_w_v,4995216,1786326466782,8.179,V
serial:COM8/motor_angle,4995218,1786326466782,139.39,deg
serial:COM8/phase_u_v,4995218,1786326466782,7.617,V
serial:COM8/phase_v_v,4995218,1786326466782,7.639,V
serial:COM8/phase_w_v,4995218,1786326466782,7.666,V
serial:COM8/motor_angle,4995220,1786326466782,139.39,deg
serial:COM8/phase_u_v,4995220,1786326466782,7.779,V
serial:COM8/phase_v_v,4995220,1786326466782,7.790,V
serial:COM8/phase_w_v,4995220,1786326466782,7.812,V
serial:COM8/motor_angle,4995222,1786326466782,139.39,deg
serial:COM8/phase_u_v,4995222,1786326466782,7.941,V
serial:COM8/phase_v_v,4995222,1786326466782,7.936,V
serial:COM8/phase_w_v,4995222,1786326466782,7.968,V
serial:COM8/motor_angle,4995224,1786326466782,139.39,deg
serial:COM8/phase_u_v,4995224,1786326466782,8.087,V
serial:COM8/phase_v_v,4995224,1786326466782,8.103,V
serial:COM8/phase_w_v,4995224,1786326466782,8.130,V
serial:COM8/motor_angle,4995226,1786326466782,139.35,deg
serial:COM8/phase_u_v,4995226,1786326466782,7.585,V
serial:COM8/phase_v_v,4995226,1786326466782,7.596,V
serial:COM8/phase_w_v,4995226,1786326466782,7.623,V
serial:COM8/motor_angle,4995228,1786326466782,139.39,deg
serial:COM8/phase_u_v,4995228,1786326466782,7.742,V
serial:COM8/phase_v_v,4995228,1786326466782,7.747,V
serial:COM8/phase_w_v,4995228,1786326466782,7.774,V
serial:COM8/motor_angle,4995230,1786326466782,139.44,deg
serial:COM8/phase_u_v,4995230,1786326466782,7.893,V
serial:COM8/phase_v_v,4995230,1786326466782,7.903,V
serial:COM8/phase_w_v,4995230,1786326466782,7.925,V
serial:COM8/motor_angle,4995232,1786326466782,139.39,deg
serial:COM8/phase_u_v,4995232,1786326466782,8.049,V
serial:COM8/phase_v_v,4995232,1786326466782,8.055,V
serial:COM8/phase_w_v,4995232,1786326466782,8.087,V
serial:COM8/motor_angle,4995234,1786326466782,139.39,deg
serial:COM8/phase_u_v,4995234,1786326466782,7.547,V
serial:COM8/phase_v_v,4995234,1786326466782,7.553,V
serial:COM8/phase_w_v,4995234,1786326466782,7.574,V
serial:COM8/motor_angle,4995236,1786326466854,139.35,deg
serial:COM8/phase_u_v,4995236,1786326466854,7.698,V
serial:COM8/phase_v_v,4995236,1786326466854,7.704,V
serial:COM8/phase_w_v,4995236,1786326466854,7.736,V
serial:COM8/motor_angle,4995238,1786326466854,139.39,deg
serial:COM8/phase_u_v,4995238,1786326466854,7.855,V
serial:COM8/phase_v_v,4995238,1786326466854,7.860,V
serial:COM8/phase_w_v,4995238,1786326466854,7.893,V
serial:COM8/motor_angle,4995240,1786326466854,139.37,deg
serial:COM8/phase_u_v,4995240,1786326466854,8.001,V
serial:COM8/phase_v_v,4995240,1786326466854,8.028,V
serial:COM8/phase_w_v,4995240,1786326466854,8.049,V
serial:COM8/motor_angle,4995242,1786326466854,139.35,deg
serial:COM8/phase_u_v,4995242,1786326466854,7.509,V
serial:COM8/phase_v_v,4995242,1786326466854,7.515,V
serial:COM8/phase_w_v,4995242,1786326466854,7.542,V
serial:COM8/motor_angle,4995244,1786326466854,139.42,deg
serial:COM8/phase_u_v,4995244,1786326466854,7.650,V
serial:COM8/phase_v_v,4995244,1786326466854,7.671,V
serial:COM8/phase_w_v,4995244,1786326466854,7.688,V
serial:COM8/motor_angle,4995246,1786326466854,139.35,deg
serial:COM8/phase_u_v,4995246,1786326466854,7.812,V
serial:COM8/phase_v_v,4995246,1786326466854,7.817,V
serial:COM8/phase_w_v,4995246,1786326466854,7.844,V
serial:COM8/motor_angle,4995248,1786326466854,139.33,deg
serial:COM8/phase_u_v,4995248,1786326466854,7.968,V
serial:COM8/phase_v_v,4995248,1786326466854,7.974,V
serial:COM8/phase_w_v,4995248,1786326466854,8.006,V
serial:COM8/motor_angle,4995250,1786326466854,139.37,deg
serial:COM8/phase_u_v,4995250,1786326466854,8.136,V
serial:COM8/phase_v_v,4995250,1786326466854,8.146,V
serial:COM8/phase_w_v,4995250,1786326466854,8.163,V
serial:COM8/motor_angle,4995252,1786326466854,139.42,deg
serial:COM8/phase_u_v,4995252,1786326466854,7.623,V
serial:COM8/phase_v_v,4995252,1786326466854,7.628,V
serial:COM8/phase_w_v,4995252,1786326466854,7.655,V
serial:COM8/motor_angle,4995254,1786326466854,139.42,deg
serial:COM8/phase_u_v,4995254,1786326466854,7.774,V
serial:COM8/phase_v_v,4995254,1786326466854,7.779,V
serial:COM8/phase_w_v,4995254,1786326466854,7.812,V
serial:COM8/motor_angle,4995256,1786326466854,139.37,deg
serial:COM8/phase_u_v,4995256,1786326466854,7.930,V
serial:COM8/phase_v_v,4995256,1786326466854,7.941,V
serial:COM8/phase_w_v,4995256,1786326466854,7.957,V
serial:COM8/motor_angle,4995258,1786326466854,139.39,deg
serial:COM8/phase_u_v,4995258,1786326466854,8.087,V
serial:COM8/phase_v_v,4995258,1786326466854,8.092,V
serial:COM8/phase_w_v,4995258,1786326466854,8.119,V
serial:COM8/motor_angle,4995260,1786326466854,139.37,deg
serial:COM8/phase_u_v,4995260,1786326466854,7.585,V
serial:COM8/phase_v_v,4995260,1786326466854,7.590,V
serial:COM8/phase_w_v,4995260,1786326466854,7.617,V
serial:COM8/motor_angle,4995262,1786326466854,139.37,deg
serial:COM8/phase_u_v,4995262,1786326466854,7.736,V
serial:COM8/phase_v_v,4995262,1786326466854,7.742,V
serial:COM8/phase_w_v,4995262,1786326466854,7.774,V
serial:COM8/motor_angle,4995264,1786326466854,139.39,deg
serial:COM8/phase_u_v,4995264,1786326466854,7.876,V
serial:COM8/phase_v_v,4995264,1786326466854,7.893,V
serial:COM8/phase_w_v,4995264,1786326466854,7.920,V
serial:COM8/motor_angle,4995266,1786326466854,139.35,deg
serial:COM8/phase_u_v,4995266,1786326466854,8.038,V
serial:COM8/phase_v_v,4995266,1786326466854,8.049,V
serial:COM8/phase_w_v,4995266,1786326466854,8.076,V
serial:COM8/motor_angle,4995268,1786326466854,139.39,deg
serial:COM8/phase_u_v,4995268,1786326466854,7.536,V
serial:COM8/phase_v_v,4995268,1786326466854,7.553,V
serial:COM8/phase_w_v,4995268,1786326466854,7.574,V
serial:COM8/motor_angle,4995270,1786326466854,139.39,deg
serial:COM8/phase_u_v,4995270,1786326466854,7.688,V
serial:COM8/phase_v_v,4995270,1786326466854,7.704,V
serial:COM8/phase_w_v,4995270,1786326466854,7.725,V
serial:COM8/motor_angle,4995272,1786326466854,139.39,deg
serial:COM8/phase_u_v,4995272,1786326466854,7.839,V
serial:COM8/phase_v_v,4995272,1786326466854,7.849,V
serial:COM8/phase_w_v,4995272,1786326466854,7.876,V
serial:COM8/motor_angle,4995274,1786326466854,139.37,deg
serial:COM8/phase_u_v,4995274,1786326466854,7.995,V
serial:COM8/phase_v_v,4995274,1786326466854,8.006,V
serial:COM8/phase_w_v,4995274,1786326466854,8.038,V
serial:COM8/motor_angle,4995276,1786326466854,139.37,deg
serial:COM8/phase_u_v,4995276,1786326466854,7.493,V
serial:COM8/phase_v_v,4995276,1786326466854,7.509,V
serial:COM8/phase_w_v,4995276,1786326466854,7.531,V
serial:COM8/motor_angle,4995278,1786326466854,139.37,deg
serial:COM8/phase_u_v,4995278,1786326466854,7.655,V
serial:COM8/phase_v_v,4995278,1786326466854,7.661,V
serial:COM8/phase_w_v,4995278,1786326466854,7.677,V
serial:COM8/motor_angle,4995280,1786326466854,139.37,deg
serial:COM8/phase_u_v,4995280,1786326466854,7.806,V
serial:COM8/phase_v_v,4995280,1786326466854,7.801,V
serial:COM8/phase_w_v,4995280,1786326466854,7.828,V
serial:COM8/motor_angle,4995282,1786326466854,139.37,deg
serial:COM8/phase_u_v,4995282,1786326466854,7.952,V
serial:COM8/phase_v_v,4995282,1786326466854,7.963,V
serial:COM8/phase_w_v,4995282,1786326466854,7.990,V
serial:COM8/motor_angle,4995284,1786326466854,139.37,deg
serial:COM8/phase_u_v,4995284,1786326466854,8.109,V
serial:COM8/phase_v_v,4995284,1786326466854,8.119,V
serial:COM8/phase_w_v,4995284,1786326466854,8.152,V
serial:COM8/motor_angle,4995286,1786326466854,139.39,deg
serial:COM8/phase_u_v,4995286,1786326466854,7.601,V
serial:COM8/phase_v_v,4995286,1786326466854,7.612,V
serial:COM8/phase_w_v,4995286,1786326466854,7.634,V
serial:COM8/motor_angle,4995288,1786326466854,139.28,deg
serial:COM8/phase_u_v,4995288,1786326466854,7.752,V
serial:COM8/phase_v_v,4995288,1786326466854,7.768,V
serial:COM8/phase_w_v,4995288,1786326466854,7.790,V
serial:COM8/motor_angle,4995290,1786326466854,139.39,deg
serial:COM8/phase_u_v,4995290,1786326466854,7.903,V
serial:COM8/phase_v_v,4995290,1786326466854,7.925,V
serial:COM8/phase_w_v,4995290,1786326466854,7.941,V
serial:COM8/motor_angle,4995292,1786326466854,139.39,deg
serial:COM8/phase_u_v,4995292,1786326466854,8.065,V
serial:COM8/phase_v_v,4995292,1786326466854,8.065,V
serial:COM8/phase_w_v,4995292,1786326466854,8.098,V
serial:COM8/motor_angle,4995294,1786326466854,139.37,deg
serial:COM8/phase_u_v,4995294,1786326466854,7.558,V
serial:COM8/phase_v_v,4995294,1786326466854,7.574,V
serial:COM8/phase_w_v,4995294,1786326466854,7.596,V
serial:COM8/motor_angle,4995296,1786326466854,139.39,deg
serial:COM8/phase_u_v,4995296,1786326466854,7.720,V
serial:COM8/phase_v_v,4995296,1786326466854,7.731,V
serial:COM8/phase_w_v,4995296,1786326466854,7.742,V
serial:COM8/motor_angle,4995298,1786326466854,139.37,deg
serial:COM8/phase_u_v,4995298,1786326466854,7.866,V
serial:COM8/phase_v_v,4995298,1786326466854,7.876,V
serial:COM8/phase_w_v,4995298,1786326466854,7.898,V
serial:COM8/motor_angle,4995300,1786326466854,139.37,deg
serial:COM8/phase_u_v,4995300,1786326466854,8.017,V
serial:COM8/phase_v_v,4995300,1786326466854,8.038,V
serial:COM8/phase_w_v,4995300,1786326466854,8.060,V
serial:COM8/motor_angle,4995302,1786326466854,139.37,deg
serial:COM8/phase_u_v,4995302,1786326466854,7.526,V
serial:COM8/phase_v_v,4995302,1786326466854,7.531,V
serial:COM8/phase_w_v,4995302,1786326466854,7.553,V
serial:COM8/motor_angle,4995304,1786326466854,139.37,deg
serial:COM8/phase_u_v,4995304,1786326466854,7.671,V
serial:COM8/phase_v_v,4995304,1786326466854,7.682,V
serial:COM8/phase_w_v,4995304,1786326466854,7.704,V
serial:COM8/motor_angle,4995306,1786326466854,139.37,deg
serial:COM8/phase_u_v,4995306,1786326466854,7.822,V
serial:COM8/phase_v_v,4995306,1786326466854,7.839,V
serial:COM8/phase_w_v,4995306,1786326466854,7.866,V
serial:COM8/motor_angle,4995308,1786326466928,139.39,deg
serial:COM8/phase_u_v,4995308,1786326466928,7.979,V
serial:COM8/phase_v_v,4995308,1786326466928,8.001,V
serial:COM8/phase_w_v,4995308,1786326466928,8.011,V
serial:COM8/motor_angle,4995310,1786326466928,139.37,deg
serial:COM8/phase_u_v,4995310,1786326466928,7.482,V
serial:COM8/phase_v_v,4995310,1786326466928,7.493,V
serial:COM8/phase_w_v,4995310,1786326466928,7.547,V
serial:COM8/motor_angle,4995312,1786326466928,139.42,deg
serial:COM8/phase_u_v,4995312,1786326466928,7.634,V
serial:COM8/phase_v_v,4995312,1786326466928,7.639,V
serial:COM8/phase_w_v,4995312,1786326466928,7.671,V
serial:COM8/motor_angle,4995314,1786326466928,139.37,deg
serial:COM8/phase_u_v,4995314,1786326466928,7.779,V
serial:COM8/phase_v_v,4995314,1786326466928,7.790,V
serial:COM8/phase_w_v,4995314,1786326466928,7.817,V
serial:COM8/motor_angle,4995316,1786326466928,139.37,deg
serial:COM8/phase_u_v,4995316,1786326466928,7.936,V
serial:COM8/phase_v_v,4995316,1786326466928,7.941,V
serial:COM8/phase_w_v,4995316,1786326466928,7.974,V
serial:COM8/motor_angle,4995318,1786326466928,139.35,deg
serial:COM8/phase_u_v,4995318,1786326466928,8.098,V
serial:COM8/phase_v_v,4995318,1786326466928,8.103,V
serial:COM8/phase_w_v,4995318,1786326466928,8.130,V
serial:COM8/motor_angle,4995320,1786326466928,139.42,deg
serial:COM8/phase_u_v,4995320,1786326466928,7.596,V
serial:COM8/phase_v_v,4995320,1786326466928,7.596,V
serial:COM8/phase_w_v,4995320,1786326466928,7.617,V
serial:COM8/motor_angle,4995322,1786326466928,139.37,deg
serial:COM8/phase_u_v,4995322,1786326466928,7.742,V
serial:COM8/phase_v_v,4995322,1786326466928,7.747,V
serial:COM8/phase_w_v,4995322,1786326466928,7.774,V
serial:COM8/motor_angle,4995324,1786326466928,139.37,deg
serial:COM8/phase_u_v,4995324,1786326466928,7.898,V
serial:COM8/phase_v_v,4995324,1786326466928,7.903,V
serial:COM8/phase_w_v,4995324,1786326466928,7.936,V
serial:COM8/motor_angle,4995326,1786326466928,139.39,deg
serial:COM8/phase_u_v,4995326,1786326466928,8.055,V
serial:COM8/phase_v_v,4995326,1786326466928,8.065,V
serial:COM8/phase_w_v,4995326,1786326466928,8.092,V
serial:COM8/motor_angle,4995328,1786326466928,139.39,deg
serial:COM8/phase_u_v,4995328,1786326466928,7.553,V
serial:COM8/phase_v_v,4995328,1786326466928,7.558,V
serial:COM8/phase_w_v,4995328,1786326466928,7.585,V
serial:COM8/motor_angle,4995330,1786326466928,139.42,deg
serial:COM8/phase_u_v,4995330,1786326466928,7.704,V
serial:COM8/phase_v_v,4995330,1786326466928,7.709,V
serial:COM8/phase_w_v,4995330,1786326466928,7.742,V
serial:COM8/motor_angle,4995332,1786326466928,139.37,deg
serial:COM8/phase_u_v,4995332,1786326466928,7.855,V
serial:COM8/phase_v_v,4995332,1786326466928,7.866,V
serial:COM8/phase_w_v,4995332,1786326466928,7.887,V
serial:COM8/motor_angle,4995334,1786326466928,139.42,deg
serial:COM8/phase_u_v,4995334,1786326466928,8.006,V
serial:COM8/phase_v_v,4995334,1786326466928,8.028,V
serial:COM8/phase_w_v,4995334,1786326466928,8.049,V
serial:COM8/motor_angle,4995336,1786326466928,139.37,deg
serial:COM8/phase_u_v,4995336,1786326466928,7.515,V
serial:COM8/phase_v_v,4995336,1786326466928,7.526,V
serial:COM8/phase_w_v,4995336,1786326466928,7.547,V
serial:COM8/motor_angle,4995338,1786326466928,139.37,deg
serial:COM8/phase_u_v,4995338,1786326466928,7.650,V
serial:COM8/phase_v_v,4995338,1786326466928,7.677,V
serial:COM8/phase_w_v,4995338,1786326466928,7.693,V
serial:COM8/motor_angle,4995340,1786326466928,139.37,deg
serial:COM8/phase_u_v,4995340,1786326466928,7.812,V
serial:COM8/phase_v_v,4995340,1786326466928,7.828,V
serial:COM8/phase_w_v,4995340,1786326466928,7.849,V
serial:COM8/motor_angle,4995342,1786326466928,139.35,deg
serial:COM8/phase_u_v,4995342,1786326466928,7.968,V
serial:COM8/phase_v_v,4995342,1786326466928,7.979,V
serial:COM8/phase_w_v,4995342,1786326466928,8.006,V
serial:COM8/motor_angle,4995344,1786326466928,139.42,deg
serial:COM8/phase_u_v,4995344,1786326466928,8.136,V
serial:COM8/phase_v_v,4995344,1786326466928,8.141,V
serial:COM8/phase_w_v,4995344,1786326466928,8.163,V
serial:COM8/motor_angle,4995346,1786326466928,139.39,deg
serial:COM8/phase_u_v,4995346,1786326466928,7.623,V
serial:COM8/phase_v_v,4995346,1786326466928,7.628,V
serial:COM8/phase_w_v,4995346,1786326466928,7.655,V
serial:COM8/motor_angle,4995348,1786326466928,139.39,deg
serial:COM8/phase_u_v,4995348,1786326466928,7.774,V
serial:COM8/phase_v_v,4995348,1786326466928,7.785,V
serial:COM8/phase_w_v,4995348,1786326466928,7.806,V
serial:COM8/motor_angle,4995350,1786326466928,139.39,deg
serial:COM8/phase_u_v,4995350,1786326466928,7.920,V
serial:COM8/phase_v_v,4995350,1786326466928,7.936,V
serial:COM8/phase_w_v,4995350,1786326466928,7.968,V
serial:COM8/motor_angle,4995352,1786326466928,139.39,deg
serial:COM8/phase_u_v,4995352,1786326466928,8.082,V
serial:COM8/phase_v_v,4995352,1786326466928,8.087,V
serial:COM8/phase_w_v,4995352,1786326466928,8.114,V
serial:COM8/motor_angle,4995354,1786326466928,139.39,deg
serial:COM8/phase_u_v,4995354,1786326466928,7.580,V
serial:COM8/phase_v_v,4995354,1786326466928,7.585,V
serial:COM8/phase_w_v,4995354,1786326466928,7.612,V
serial:COM8/motor_angle,4995356,1786326466928,139.42,deg
serial:COM8/phase_u_v,4995356,1786326466928,7.725,V
serial:COM8/phase_v_v,4995356,1786326466928,7.742,V
serial:COM8/phase_w_v,4995356,1786326466928,7.768,V
serial:COM8/motor_angle,4995358,1786326466928,139.39,deg
serial:COM8/phase_u_v,4995358,1786326466928,7.882,V
serial:COM8/phase_v_v,4995358,1786326466928,7.898,V
serial:COM8/phase_w_v,4995358,1786326466928,7.920,V
serial:COM8/motor_angle,4995360,1786326466928,139.37,deg
serial:COM8/phase_u_v,4995360,1786326466928,8.044,V
serial:COM8/phase_v_v,4995360,1786326466928,8.055,V
serial:COM8/phase_w_v,4995360,1786326466928,8.071,V
serial:COM8/motor_angle,4995362,1786326466928,139.37,deg
serial:COM8/phase_u_v,4995362,1786326466928,7.547,V
serial:COM8/phase_v_v,4995362,1786326466928,7.553,V
serial:COM8/phase_w_v,4995362,1786326466928,7.574,V
serial:COM8/motor_angle,4995364,1786326466928,139.44,deg
serial:COM8/phase_u_v,4995364,1786326466928,7.688,V
serial:COM8/phase_v_v,4995364,1786326466928,7.709,V
serial:COM8/phase_w_v,4995364,1786326466928,7.720,V
serial:COM8/motor_angle,4995366,1786326466928,139.39,deg
serial:COM8/phase_u_v,4995366,1786326466928,7.839,V
serial:COM8/phase_v_v,4995366,1786326466928,7.849,V
serial:COM8/phase_w_v,4995366,1786326466928,7.882,V
serial:COM8/motor_angle,4995368,1786326466928,139.37,deg
serial:COM8/phase_u_v,4995368,1786326466928,7.995,V
serial:COM8/phase_v_v,4995368,1786326466928,8.011,V
serial:COM8/phase_w_v,4995368,1786326466928,8.033,V
serial:COM8/motor_angle,4995370,1786326466928,139.37,deg
serial:COM8/phase_u_v,4995370,1786326466928,7.504,V
serial:COM8/phase_v_v,4995370,1786326466928,7.515,V
serial:COM8/phase_w_v,4995370,1786326466928,7.531,V
serial:COM8/motor_angle,4995372,1786326466928,139.35,deg
serial:COM8/phase_u_v,4995372,1786326466928,7.650,V
serial:COM8/phase_v_v,4995372,1786326466928,7.661,V
serial:COM8/phase_w_v,4995372,1786326466928,7.682,V
serial:COM8/motor_angle,4995374,1786326466928,139.44,deg
serial:COM8/phase_u_v,4995374,1786326466928,7.806,V
serial:COM8/phase_v_v,4995374,1786326466928,7.812,V
serial:COM8/phase_w_v,4995374,1786326466928,7.839,V
serial:COM8/motor_angle,4995376,1786326466928,139.37,deg
serial:COM8/phase_u_v,4995376,1786326466928,7.957,V
serial:COM8/phase_v_v,4995376,1786326466928,7.968,V
serial:COM8/phase_w_v,4995376,1786326466928,7.990,V
serial:COM8/motor_angle,4995378,1786326466928,139.39,deg
serial:COM8/phase_u_v,4995378,1786326466928,8.119,V
serial:COM8/phase_v_v,4995378,1786326466928,8.130,V
serial:COM8/phase_w_v,4995378,1786326466928,8.152,V
serial:COM8/motor_angle,4995380,1786326466928,139.39,deg
serial:COM8/phase_u_v,4995380,1786326466928,7.612,V
serial:COM8/phase_v_v,4995380,1786326466928,7.617,V
serial:COM8/phase_w_v,4995380,1786326466928,7.639,V
serial:COM8/motor_angle,4995382,1786326467000,139.37,deg
serial:COM8/phase_u_v,4995382,1786326467000,7.758,V
serial:COM8/phase_v_v,4995382,1786326467000,7.768,V
serial:COM8/phase_w_v,4995382,1786326467000,7.806,V
serial:COM8/motor_angle,4995384,1786326467000,139.37,deg
serial:COM8/phase_u_v,4995384,1786326467000,7.914,V
serial:COM8/phase_v_v,4995384,1786326467000,7.930,V
serial:COM8/phase_w_v,4995384,1786326467000,7.947,V
serial:COM8/motor_angle,4995386,1786326467000,139.42,deg
serial:COM8/phase_u_v,4995386,1786326467000,8.082,V
serial:COM8/phase_v_v,4995386,1786326467000,8.087,V
serial:COM8/phase_w_v,4995386,1786326467000,8.109,V
serial:COM8/motor_angle,4995388,1786326467000,139.39,deg
serial:COM8/phase_u_v,4995388,1786326467000,17.880,V
serial:COM8/phase_v_v,4995388,1786326467000,0.000,V
serial:COM8/phase_w_v,4995388,1786326467000,0.534,V
serial:COM8/motor_angle,4995390,1786326467000,139.31,deg
serial:COM8/phase_u_v,4995390,1786326467000,0.000,V
serial:COM8/phase_v_v,4995390,1786326467000,0.038,V
serial:COM8/phase_w_v,4995390,1786326467000,0.794,V
serial:COM8/motor_angle,4995392,1786326467000,139.22,deg
serial:COM8/phase_u_v,4995392,1786326467000,0.000,V
serial:COM8/phase_v_v,4995392,1786326467000,0.005,V
serial:COM8/phase_w_v,4995392,1786326467000,0.216,V
serial:COM8/motor_angle,4995394,1786326467000,139.09,deg
serial:COM8/phase_u_v,4995394,1786326467000,0.005,V
serial:COM8/phase_v_v,4995394,1786326467000,0.000,V
serial:COM8/phase_w_v,4995394,1786326467000,0.000,V
serial:COM8/motor_angle,4995396,1786326467000,138.96,deg
serial:COM8/phase_u_v,4995396,1786326467000,0.000,V
serial:COM8/phase_v_v,4995396,1786326467000,0.005,V
serial:COM8/phase_w_v,4995396,1786326467000,0.000,V
serial:COM8/motor_angle,4995398,1786326467000,138.74,deg
serial:COM8/phase_u_v,4995398,1786326467000,0.005,V
serial:COM8/phase_v_v,4995398,1786326467000,0.005,V
serial:COM8/phase_w_v,4995398,1786326467000,0.000,V
serial:COM8/motor_angle,4995400,1786326467000,138.52,deg
serial:COM8/phase_u_v,4995400,1786326467000,0.005,V
serial:COM8/phase_v_v,4995400,1786326467000,0.005,V
serial:COM8/phase_w_v,4995400,1786326467000,0.000,V
serial:COM8/motor_angle,4995402,1786326467000,138.30,deg
serial:COM8/phase_u_v,4995402,1786326467000,0.000,V
serial:COM8/phase_v_v,4995402,1786326467000,0.005,V
serial:COM8/phase_w_v,4995402,1786326467000,0.000,V
serial:COM8/motor_angle,4995404,1786326467000,138.08,deg
serial:COM8/phase_u_v,4995404,1786326467000,0.432,V
serial:COM8/phase_v_v,4995404,1786326467000,0.005,V
serial:COM8/phase_w_v,4995404,1786326467000,0.000,V
serial:COM8/motor_angle,4995406,1786326467000,137.83,deg
serial:COM8/phase_u_v,4995406,1786326467000,18.765,V
serial:COM8/phase_v_v,4995406,1786326467000,0.005,V
serial:COM8/phase_w_v,4995406,1786326467000,0.000,V
serial:COM8/motor_angle,4995408,1786326467000,137.64,deg
serial:COM8/phase_u_v,4995408,1786326467000,0.000,V
serial:COM8/phase_v_v,4995408,1786326467000,0.011,V
serial:COM8/phase_w_v,4995408,1786326467000,0.162,V
serial:COM8/motor_angle,4995410,1786326467000,137.35,deg
serial:COM8/phase_u_v,4995410,1786326467000,0.005,V
serial:COM8/phase_v_v,4995410,1786326467000,0.005,V
serial:COM8/phase_w_v,4995410,1786326467000,12.060,V
serial:COM8/motor_angle,4995412,1786326467000,137.20,deg
serial:COM8/phase_u_v,4995412,1786326467000,0.005,V
serial:COM8/phase_v_v,4995412,1786326467000,0.005,V
serial:COM8/phase_w_v,4995412,1786326467000,0.000,V
serial:COM8/motor_angle,4995414,1786326467000,136.96,deg
serial:COM8/phase_u_v,4995414,1786326467000,0.005,V
serial:COM8/phase_v_v,4995414,1786326467000,0.005,V
serial:COM8/phase_w_v,4995414,1786326467000,0.000,V
serial:COM8/motor_angle,4995416,1786326467000,136.76,deg
serial:COM8/phase_u_v,4995416,1786326467000,0.005,V
serial:COM8/phase_v_v,4995416,1786326467000,0.005,V
serial:COM8/phase_w_v,4995416,1786326467000,0.000,V
serial:COM8/motor_angle,4995418,1786326467000,136.54,deg
serial:COM8/phase_u_v,4995418,1786326467000,0.000,V
serial:COM8/phase_v_v,4995418,1786326467000,0.005,V
serial:COM8/phase_w_v,4995418,1786326467000,0.000,V
serial:COM8/motor_angle,4995420,1786326467000,136.34,deg
serial:COM8/phase_u_v,4995420,1786326467000,0.000,V
serial:COM8/phase_v_v,4995420,1786326467000,0.005,V
serial:COM8/phase_w_v,4995420,1786326467000,0.005,V
serial:COM8/motor_angle,4995422,1786326467000,136.12,deg
serial:COM8/phase_u_v,4995422,1786326467000,0.205,V
serial:COM8/phase_v_v,4995422,1786326467000,0.005,V
serial:COM8/phase_w_v,4995422,1786326467000,0.005,V
serial:COM8/motor_angle,4995424,1786326467000,135.81,deg
serial:COM8/phase_u_v,4995424,1786326467000,19.235,V
serial:COM8/phase_v_v,4995424,1786326467000,0.005,V
serial:COM8/phase_w_v,4995424,1786326467000,0.000,V
serial:COM8/motor_angle,4995426,1786326467000,135.57,deg
serial:COM8/phase_u_v,4995426,1786326467000,0.000,V
serial:COM8/phase_v_v,4995426,1786326467000,0.011,V
serial:COM8/phase_w_v,4995426,1786326467000,0.070,V
serial:COM8/motor_angle,4995428,1786326467000,135.33,deg
serial:COM8/phase_u_v,4995428,1786326467000,0.000,V
serial:COM8/phase_v_v,4995428,1786326467000,0.011,V
serial:COM8/phase_w_v,4995428,1786326467000,15.963,V
serial:COM8/motor_angle,4995430,1786326467000,135.13,deg
serial:COM8/phase_u_v,4995430,1786326467000,0.005,V
serial:COM8/phase_v_v,4995430,1786326467000,0.000,V
serial:COM8/phase_w_v,4995430,1786326467000,0.211,V
serial:COM8/motor_angle,4995432,1786326467000,134.89,deg
serial:COM8/phase_u_v,4995432,1786326467000,0.005,V
serial:COM8/phase_v_v,4995432,1786326467000,0.005,V
serial:COM8/phase_w_v,4995432,1786326467000,0.551,V
serial:COM8/motor_angle,4995434,1786326467000,134.56,deg
serial:COM8/phase_u_v,4995434,1786326467000,0.000,V
serial:COM8/phase_v_v,4995434,1786326467000,0.005,V
serial:COM8/phase_w_v,4995434,1786326467000,0.702,V
serial:COM8/motor_angle,4995436,1786326467000,134.43,deg
serial:COM8/phase_u_v,4995436,1786326467000,0.000,V
serial:COM8/phase_v_v,4995436,1786326467000,0.005,V
serial:COM8/phase_w_v,4995436,1786326467000,0.000,V
serial:COM8/motor_angle,4995438,1786326467000,134.19,deg
serial:COM8/phase_u_v,4995438,1786326467000,0.005,V
serial:COM8/phase_v_v,4995438,1786326467000,0.005,V
serial:COM8/phase_w_v,4995438,1786326467000,0.000,V
serial:COM8/motor_angle,4995440,1786326467000,133.97,deg
serial:COM8/phase_u_v,4995440,1786326467000,0.076,V
serial:COM8/phase_v_v,4995440,1786326467000,0.000,V
serial:COM8/phase_w_v,4995440,1786326467000,0.000,V
serial:COM8/motor_angle,4995442,1786326467000,133.75,deg
serial:COM8/phase_u_v,4995442,1786326467000,19.467,V
serial:COM8/phase_v_v,4995442,1786326467000,0.005,V
serial:COM8/phase_w_v,4995442,1786326467000,0.005,V
serial:COM8/motor_angle,4995444,1786326467000,133.57,deg
serial:COM8/phase_u_v,4995444,1786326467000,0.005,V
serial:COM8/phase_v_v,4995444,1786326467000,0.005,V
serial:COM8/phase_w_v,4995444,1786326467000,0.070,V
serial:COM8/motor_angle,4995446,1786326467000,133.37,deg
serial:COM8/phase_u_v,4995446,1786326467000,0.000,V
serial:COM8/phase_v_v,4995446,1786326467000,0.059,V
serial:COM8/phase_w_v,4995446,1786326467000,19.192,V
serial:COM8/motor_angle,4995448,1786326467000,133.09,deg
serial:COM8/phase_u_v,4995448,1786326467000,0.005,V
serial:COM8/phase_v_v,4995448,1786326467000,0.005,V
serial:COM8/phase_w_v,4995448,1786326467000,0.362,V
serial:COM8/motor_angle,4995450,1786326467000,132.91,deg
serial:COM8/phase_u_v,4995450,1786326467000,0.000,V
serial:COM8/phase_v_v,4995450,1786326467000,0.005,V
serial:COM8/phase_w_v,4995450,1786326467000,0.432,V
serial:COM8/motor_angle,4995452,1786326467000,132.74,deg
serial:COM8/phase_u_v,4995452,1786326467000,0.000,V
serial:COM8/phase_v_v,4995452,1786326467000,0.005,V
serial:COM8/phase_w_v,4995452,1786326467000,0.993,V
serial:COM8/motor_angle,4995454,1786326467072,132.54,deg
serial:COM8/phase_u_v,4995454,1786326467072,0.005,V
serial:COM8/phase_v_v,4995454,1786326467072,0.005,V
serial:COM8/phase_w_v,4995454,1786326467072,0.000,V
serial:COM8/motor_angle,4995456,1786326467072,132.34,deg
serial:COM8/phase_u_v,4995456,1786326467072,0.005,V
serial:COM8/phase_v_v,4995456,1786326467072,0.005,V
serial:COM8/phase_w_v,4995456,1786326467072,0.005,V
serial:COM8/motor_angle,4995458,1786326467072,132.23,deg
serial:COM8/phase_u_v,4995458,1786326467072,0.065,V
serial:COM8/phase_v_v,4995458,1786326467072,0.005,V
serial:COM8/phase_w_v,4995458,1786326467072,0.000,V
serial:COM8/motor_angle,4995460,1786326467072,132.08,deg
serial:COM8/phase_u_v,4995460,1786326467072,19.597,V
serial:COM8/phase_v_v,4995460,1786326467072,0.005,V
serial:COM8/phase_w_v,4995460,1786326467072,0.000,V
serial:COM8/motor_angle,4995462,1786326467072,131.88,deg
serial:COM8/phase_u_v,4995462,1786326467072,0.000,V
serial:COM8/phase_v_v,4995462,1786326467072,0.005,V
serial:COM8/phase_w_v,4995462,1786326467072,0.005,V
serial:COM8/motor_angle,4995464,1786326467072,131.64,deg
serial:COM8/phase_u_v,4995464,1786326467072,0.000,V
serial:COM8/phase_v_v,4995464,1786326467072,0.065,V
serial:COM8/phase_w_v,4995464,1786326467072,18.647,V
serial:COM8/motor_angle,4995466,1786326467072,131.44,deg
serial:COM8/phase_u_v,4995466,1786326467072,0.005,V
serial:COM8/phase_v_v,4995466,1786326467072,0.005,V
serial:COM8/phase_w_v,4995466,1786326467072,1.037,V
serial:COM8/motor_angle,4995468,1786326467072,131.29,deg
serial:COM8/phase_u_v,4995468,1786326467072,0.005,V
serial:COM8/phase_v_v,4995468,1786326467072,0.005,V
serial:COM8/phase_w_v,4995468,1786326467072,0.626,V
serial:COM8/motor_angle,4995470,1786326467072,131.15,deg
serial:COM8/phase_u_v,4995470,1786326467072,0.000,V
serial:COM8/phase_v_v,4995470,1786326467072,0.005,V
serial:COM8/phase_w_v,4995470,1786326467072,0.761,V
serial:COM8/motor_angle,4995472,1786326467072,131.00,deg
serial:COM8/phase_u_v,4995472,1786326467072,0.005,V
serial:COM8/phase_v_v,4995472,1786326467072,0.005,V
serial:COM8/phase_w_v,4995472,1786326467072,0.340,V
serial:COM8/motor_angle,4995474,1786326467072,130.85,deg
serial:COM8/phase_u_v,4995474,1786326467072,0.000,V
serial:COM8/phase_v_v,4995474,1786326467072,0.000,V
serial:COM8/phase_w_v,4995474,1786326467072,0.000,V
serial:COM8/motor_angle,4995476,1786326467072,130.85,deg
serial:COM8/phase_u_v,4995476,1786326467072,0.038,V
serial:COM8/phase_v_v,4995476,1786326467072,0.005,V
serial:COM8/phase_w_v,4995476,1786326467072,0.005,V
serial:COM8/motor_angle,4995478,1786326467072,130.74,deg
serial:COM8/phase_u_v,4995478,1786326467072,19.591,V
serial:COM8/phase_v_v,4995478,1786326467072,0.000,V
serial:COM8/phase_w_v,4995478,1786326467072,0.000,V
serial:COM8/motor_angle,4995480,1786326467072,130.76,deg
serial:COM8/phase_u_v,4995480,1786326467072,0.005,V
serial:COM8/phase_v_v,4995480,1786326467072,0.005,V
serial:COM8/phase_w_v,4995480,1786326467072,0.005,V
serial:COM8/motor_angle,4995482,1786326467072,130.76,deg
serial:COM8/phase_u_v,4995482,1786326467072,0.005,V
serial:COM8/phase_v_v,4995482,1786326467072,0.027,V
serial:COM8/phase_w_v,4995482,1786326467072,11.834,V
serial:COM8/motor_angle,4995484,1786326467072,130.85,deg
serial:COM8/phase_u_v,4995484,1786326467072,0.000,V
serial:COM8/phase_v_v,4995484,1786326467072,0.005,V
serial:COM8/phase_w_v,4995484,1786326467072,0.000,V
serial:COM8/motor_angle,4995486,1786326467072,130.94,deg
serial:COM8/phase_u_v,4995486,1786326467072,0.000,V
serial:COM8/phase_v_v,4995486,1786326467072,0.005,V
serial:COM8/phase_w_v,4995486,1786326467072,0.000,V
serial:COM8/motor_angle,4995488,1786326467072,131.00,deg
serial:COM8/phase_u_v,4995488,1786326467072,0.005,V
serial:COM8/phase_v_v,4995488,1786326467072,0.005,V
serial:COM8/phase_w_v,4995488,1786326467072,0.000,V
serial:COM8/motor_angle,4995490,1786326467072,131.00,deg
serial:COM8/phase_u_v,4995490,1786326467072,0.005,V
serial:COM8/phase_v_v,4995490,1786326467072,0.005,V
serial:COM8/phase_w_v,4995490,1786326467072,0.000,V
serial:COM8/motor_angle,4995492,1786326467072,130.98,deg
serial:COM8/phase_u_v,4995492,1786326467072,0.000,V
serial:COM8/phase_v_v,4995492,1786326467072,0.005,V
serial:COM8/phase_w_v,4995492,1786326467072,0.005,V
serial:COM8/motor_angle,4995494,1786326467072,131.02,deg
serial:COM8/phase_u_v,4995494,1786326467072,0.011,V
serial:COM8/phase_v_v,4995494,1786326467072,0.005,V
serial:COM8/phase_w_v,4995494,1786326467072,0.005,V
serial:COM8/motor_angle,4995496,1786326467072,131.02,deg
serial:COM8/phase_u_v,4995496,1786326467072,4.886,V
serial:COM8/phase_v_v,4995496,1786326467072,0.005,V
serial:COM8/phase_w_v,4995496,1786326467072,0.005,V
serial:COM8/motor_angle,4995498,1786326467072,130.96,deg
serial:COM8/phase_u_v,4995498,1786326467072,0.005,V
serial:COM8/phase_v_v,4995498,1786326467072,0.005,V
serial:COM8/phase_w_v,4995498,1786326467072,0.000,V
serial:COM8/motor_angle,4995500,1786326467072,130.98,deg
serial:COM8/phase_u_v,4995500,1786326467072,0.000,V
serial:COM8/phase_v_v,4995500,1786326467072,0.097,V
serial:COM8/phase_w_v,4995500,1786326467072,12.190,V
serial:COM8/motor_angle,4995502,1786326467072,130.96,deg
serial:COM8/phase_u_v,4995502,1786326467072,0.000,V
serial:COM8/phase_v_v,4995502,1786326467072,0.005,V
serial:COM8/phase_w_v,4995502,1786326467072,0.027,V
serial:COM8/motor_angle,4995504,1786326467072,130.89,deg
serial:COM8/phase_u_v,4995504,1786326467072,0.005,V
serial:COM8/phase_v_v,4995504,1786326467072,0.005,V
serial:COM8/phase_w_v,4995504,1786326467072,0.000,V
serial:COM8/motor_angle,4995506,1786326467072,130.91,deg
serial:COM8/phase_u_v,4995506,1786326467072,0.005,V
serial:COM8/phase_v_v,4995506,1786326467072,0.005,V
serial:COM8/phase_w_v,4995506,1786326467072,0.000,V
serial:COM8/motor_angle,4995508,1786326467072,130.91,deg
serial:COM8/phase_u_v,4995508,1786326467072,0.005,V
serial:COM8/phase_v_v,4995508,1786326467072,0.005,V
serial:COM8/phase_w_v,4995508,1786326467072,0.005,V
serial:COM8/motor_angle,4995510,1786326467072,130.94,deg
serial:COM8/phase_u_v,4995510,1786326467072,0.005,V
serial:COM8/phase_v_v,4995510,1786326467072,0.005,V
serial:COM8/phase_w_v,4995510,1786326467072,0.000,V
serial:COM8/motor_angle,4995512,1786326467072,130.94,deg
serial:COM8/phase_u_v,4995512,1786326467072,0.005,V
serial:COM8/phase_v_v,4995512,1786326467072,0.000,V
serial:COM8/phase_w_v,4995512,1786326467072,0.000,V
serial:COM8/motor_angle,4995514,1786326467072,130.94,deg
serial:COM8/phase_u_v,4995514,1786326467072,2.365,V
serial:COM8/phase_v_v,4995514,1786326467072,0.005,V
serial:COM8/phase_w_v,4995514,1786326467072,0.000,V
serial:COM8/motor_angle,4995516,1786326467072,131.00,deg
serial:COM8/phase_u_v,4995516,1786326467072,0.248,V
serial:COM8/phase_v_v,4995516,1786326467072,0.005,V
serial:COM8/phase_w_v,4995516,1786326467072,0.000,V
serial:COM8/motor_angle,4995518,1786326467072,130.96,deg
serial:COM8/phase_u_v,4995518,1786326467072,0.000,V
serial:COM8/phase_v_v,4995518,1786326467072,0.092,V
serial:COM8/phase_w_v,4995518,1786326467072,12.017,V
serial:COM8/motor_angle,4995520,1786326467072,130.98,deg
serial:COM8/phase_u_v,4995520,1786326467072,0.000,V
serial:COM8/phase_v_v,4995520,1786326467072,0.000,V
serial:COM8/phase_w_v,4995520,1786326467072,2.953,V
serial:COM8/motor_angle,4995522,1786326467072,130.96,deg
serial:COM8/phase_u_v,4995522,1786326467072,0.005,V
serial:COM8/phase_v_v,4995522,1786326467072,0.000,V
serial:COM8/phase_w_v,4995522,1786326467072,0.000,V
serial:COM8/motor_angle,4995524,1786326467072,130.96,deg
serial:COM8/phase_u_v,4995524,1786326467072,0.005,V
serial:COM8/phase_v_v,4995524,1786326467072,0.000,V
serial:COM8/phase_w_v,4995524,1786326467072,0.005,V
serial:COM8/motor_angle,4995526,1786326467144,130.96,deg
serial:COM8/phase_u_v,4995526,1786326467144,0.005,V
serial:COM8/phase_v_v,4995526,1786326467144,0.005,V
serial:COM8/phase_w_v,4995526,1786326467144,0.000,V
serial:COM8/motor_angle,4995528,1786326467144,130.94,deg
serial:COM8/phase_u_v,4995528,1786326467144,0.000,V
serial:COM8/phase_v_v,4995528,1786326467144,0.005,V
serial:COM8/phase_w_v,4995528,1786326467144,0.000,V
serial:COM8/motor_angle,4995530,1786326467144,130.98,deg
serial:COM8/phase_u_v,4995530,1786326467144,0.005,V
serial:COM8/phase_v_v,4995530,1786326467144,0.005,V
serial:COM8/phase_w_v,4995530,1786326467144,0.000,V
serial:COM8/motor_angle,4995532,1786326467144,130.96,deg
serial:COM8/phase_u_v,4995532,1786326467144,1.171,V
serial:COM8/phase_v_v,4995532,1786326467144,0.000,V
serial:COM8/phase_w_v,4995532,1786326467144,0.000,V
serial:COM8/motor_angle,4995534,1786326467144,130.96,deg
serial:COM8/phase_u_v,4995534,1786326467144,17.259,V
serial:COM8/phase_v_v,4995534,1786326467144,0.005,V
serial:COM8/phase_w_v,4995534,1786326467144,0.005,V
serial:COM8/motor_angle,4995536,1786326467144,130.96,deg
serial:COM8/phase_u_v,4995536,1786326467144,0.005,V
serial:COM8/phase_v_v,4995536,1786326467144,0.092,V
serial:COM8/phase_w_v,4995536,1786326467144,8.508,V
serial:COM8/motor_angle,4995538,1786326467144,130.96,deg
serial:COM8/phase_u_v,4995538,1786326467144,0.005,V
serial:COM8/phase_v_v,4995538,1786326467144,0.005,V
serial:COM8/phase_w_v,4995538,1786326467144,1.549,V
serial:COM8/motor_angle,4995540,1786326467144,130.91,deg
serial:COM8/phase_u_v,4995540,1786326467144,0.000,V
serial:COM8/phase_v_v,4995540,1786326467144,0.000,V
serial:COM8/phase_w_v,4995540,1786326467144,0.005,V
serial:COM8/motor_angle,4995542,1786326467144,130.91,deg
serial:COM8/phase_u_v,4995542,1786326467144,0.000,V
serial:COM8/phase_v_v,4995542,1786326467144,0.005,V
serial:COM8/phase_w_v,4995542,1786326467144,0.000,V
serial:COM8/motor_angle,4995544,1786326467144,131.00,deg
serial:COM8/phase_u_v,4995544,1786326467144,0.005,V
serial:COM8/phase_v_v,4995544,1786326467144,0.005,V
serial:COM8/phase_w_v,4995544,1786326467144,0.000,V
serial:COM8/motor_angle,4995546,1786326467144,130.94,deg
serial:COM8/phase_u_v,4995546,1786326467144,0.005,V
serial:COM8/phase_v_v,4995546,1786326467144,0.005,V
serial:COM8/phase_w_v,4995546,1786326467144,0.000,V
serial:COM8/motor_angle,4995548,1786326467144,130.91,deg
serial:COM8/phase_u_v,4995548,1786326467144,0.005,V
serial:COM8/phase_v_v,4995548,1786326467144,0.005,V
serial:COM8/phase_w_v,4995548,1786326467144,0.000,V
serial:COM8/motor_angle,4995550,1786326467144,130.98,deg
serial:COM8/phase_u_v,4995550,1786326467144,0.265,V
serial:COM8/phase_v_v,4995550,1786326467144,0.005,V
serial:COM8/phase_w_v,4995550,1786326467144,0.005,V
serial:COM8/motor_angle,4995552,1786326467144,130.98,deg
serial:COM8/phase_u_v,4995552,1786326467144,18.420,V
serial:COM8/phase_v_v,4995552,1786326467144,0.005,V
serial:COM8/phase_w_v,4995552,1786326467144,0.000,V
serial:COM8/motor_angle,4995554,1786326467144,130.94,deg
serial:COM8/phase_u_v,4995554,1786326467144,0.005,V
serial:COM8/phase_v_v,4995554,1786326467144,0.076,V
serial:COM8/phase_w_v,4995554,1786326467144,4.718,V
serial:COM8/motor_angle,4995556,1786326467144,130.96,deg
serial:COM8/phase_u_v,4995556,1786326467144,0.000,V
serial:COM8/phase_v_v,4995556,1786326467144,0.005,V
serial:COM8/phase_w_v,4995556,1786326467144,5.210,V
serial:COM8/motor_angle,4995558,1786326467144,130.94,deg
serial:COM8/phase_u_v,4995558,1786326467144,0.005,V
serial:COM8/phase_v_v,4995558,1786326467144,0.005,V
serial:COM8/phase_w_v,4995558,1786326467144,0.000,V
serial:COM8/motor_angle,4995560,1786326467144,130.94,deg
serial:COM8/phase_u_v,4995560,1786326467144,0.000,V
serial:COM8/phase_v_v,4995560,1786326467144,0.005,V
serial:COM8/phase_w_v,4995560,1786326467144,0.005,V
serial:COM8/motor_angle,4995562,1786326467144,130.94,deg
serial:COM8/phase_u_v,4995562,1786326467144,0.005,V
serial:COM8/phase_v_v,4995562,1786326467144,0.005,V
serial:COM8/phase_w_v,4995562,1786326467144,0.000,V
serial:COM8/motor_angle,4995564,1786326467144,130.96,deg
serial:COM8/phase_u_v,4995564,1786326467144,0.005,V
serial:COM8/phase_v_v,4995564,1786326467144,0.000,V
serial:COM8/phase_w_v,4995564,1786326467144,0.000,V
serial:COM8/motor_angle,4995566,1786326467144,130.91,deg
serial:COM8/phase_u_v,4995566,1786326467144,0.000,V
serial:COM8/phase_v_v,4995566,1786326467144,0.000,V
serial:COM8/phase_w_v,4995566,1786326467144,0.000,V
serial:COM8/motor_angle,4995568,1786326467144,130.91,deg
serial:COM8/phase_u_v,4995568,1786326467144,0.265,V
serial:COM8/phase_v_v,4995568,1786326467144,0.005,V
serial:COM8/phase_w_v,4995568,1786326467144,0.000,V
serial:COM8/motor_angle,4995570,1786326467144,131.00,deg
serial:COM8/phase_u_v,4995570,1786326467144,19.338,V
serial:COM8/phase_v_v,4995570,1786326467144,0.005,V
serial:COM8/phase_w_v,4995570,1786326467144,0.005,V
serial:COM8/motor_angle,4995572,1786326467144,130.98,deg
serial:COM8/phase_u_v,4995572,1786326467144,0.000,V
serial:COM8/phase_v_v,4995572,1786326467144,0.054,V
serial:COM8/phase_w_v,4995572,1786326467144,1.436,V
serial:COM8/motor_angle,4995574,1786326467144,130.91,deg
serial:COM8/phase_u_v,4995574,1786326467144,0.000,V
serial:COM8/phase_v_v,4995574,1786326467144,0.005,V
serial:COM8/phase_w_v,4995574,1786326467144,8.519,V
serial:COM8/motor_angle,4995576,1786326467144,130.98,deg
serial:COM8/phase_u_v,4995576,1786326467144,0.005,V
serial:COM8/phase_v_v,4995576,1786326467144,0.005,V
serial:COM8/phase_w_v,4995576,1786326467144,0.000,V
serial:COM8/motor_angle,4995578,1786326467144,130.96,deg
serial:COM8/phase_u_v,4995578,1786326467144,0.005,V
serial:COM8/phase_v_v,4995578,1786326467144,0.000,V
serial:COM8/phase_w_v,4995578,1786326467144,0.000,V
serial:COM8/motor_angle,4995580,1786326467144,130.98,deg
serial:COM8/phase_u_v,4995580,1786326467144,0.000,V
serial:COM8/phase_v_v,4995580,1786326467144,0.000,V
serial:COM8/phase_w_v,4995580,1786326467144,0.000,V
serial:COM8/motor_angle,4995582,1786326467144,130.94,deg
serial:COM8/phase_u_v,4995582,1786326467144,0.005,V
serial:COM8/phase_v_v,4995582,1786326467144,0.000,V
serial:COM8/phase_w_v,4995582,1786326467144,0.000,V
serial:COM8/motor_angle,4995584,1786326467144,130.98,deg
serial:COM8/phase_u_v,4995584,1786326467144,0.005,V
serial:COM8/phase_v_v,4995584,1786326467144,0.005,V
serial:COM8/phase_w_v,4995584,1786326467144,0.005,V
serial:COM8/motor_angle,4995586,1786326467144,130.94,deg
serial:COM8/phase_u_v,4995586,1786326467144,0.130,V
serial:COM8/phase_v_v,4995586,1786326467144,0.005,V
serial:COM8/phase_w_v,4995586,1786326467144,0.000,V
serial:COM8/motor_angle,4995588,1786326467144,130.98,deg
serial:COM8/phase_u_v,4995588,1786326467144,19.316,V
serial:COM8/phase_v_v,4995588,1786326467144,0.000,V
serial:COM8/phase_w_v,4995588,1786326467144,0.005,V
serial:COM8/motor_angle,4995590,1786326467144,130.91,deg
serial:COM8/phase_u_v,4995590,1786326467144,0.005,V
serial:COM8/phase_v_v,4995590,1786326467144,0.005,V
serial:COM8/phase_w_v,4995590,1786326467144,0.059,V
serial:COM8/motor_angle,4995592,1786326467144,130.98,deg
serial:COM8/phase_u_v,4995592,1786326467144,0.005,V
serial:COM8/phase_v_v,4995592,1786326467144,0.005,V
serial:COM8/phase_w_v,4995592,1786326467144,11.893,V
serial:COM8/motor_angle,4995594,1786326467144,130.98,deg
serial:COM8/phase_u_v,4995594,1786326467144,0.000,V
serial:COM8/phase_v_v,4995594,1786326467144,0.005,V
serial:COM8/phase_w_v,4995594,1786326467144,0.000,V
serial:COM8/motor_angle,4995596,1786326467144,130.89,deg
serial:COM8/phase_u_v,4995596,1786326467144,0.005,V
serial:COM8/phase_v_v,4995596,1786326467144,0.005,V
serial:COM8/phase_w_v,4995596,1786326467144,0.000,V
serial:COM8/motor_angle,4995598,1786326467217,130.94,deg
serial:COM8/phase_u_v,4995598,1786326467217,0.005,V
serial:COM8/phase_v_v,4995598,1786326467217,0.000,V
serial:COM8/phase_w_v,4995598,1786326467217,0.000,V
serial:COM8/motor_angle,4995600,1786326467217,130.96,deg
serial:COM8/phase_u_v,4995600,1786326467217,0.000,V
serial:COM8/phase_v_v,4995600,1786326467217,0.005,V
serial:COM8/phase_w_v,4995600,1786326467217,0.000,V
serial:COM8/motor_angle,4995602,1786326467217,130.91,deg
serial:COM8/phase_u_v,4995602,1786326467217,0.005,V
serial:COM8/phase_v_v,4995602,1786326467217,0.000,V
serial:COM8/phase_w_v,4995602,1786326467217,0.000,V
serial:COM8/motor_angle,4995604,1786326467217,130.91,deg
serial:COM8/phase_u_v,4995604,1786326467217,0.081,V
serial:COM8/phase_v_v,4995604,1786326467217,0.005,V
serial:COM8/phase_w_v,4995604,1786326467217,0.005,V
serial:COM8/motor_angle,4995606,1786326467217,131.00,deg
serial:COM8/phase_u_v,4995606,1786326467217,19.494,V
serial:COM8/phase_v_v,4995606,1786326467217,0.000,V
serial:COM8/phase_w_v,4995606,1786326467217,0.005,V
serial:COM8/motor_angle,4995608,1786326467217,130.98,deg
serial:COM8/phase_u_v,4995608,1786326467217,0.005,V
serial:COM8/phase_v_v,4995608,1786326467217,0.011,V
serial:COM8/phase_w_v,4995608,1786326467217,0.054,V
serial:COM8/motor_angle,4995610,1786326467217,131.00,deg
serial:COM8/phase_u_v,4995610,1786326467217,0.005,V
serial:COM8/phase_v_v,4995610,1786326467217,0.065,V
serial:COM8/phase_w_v,4995610,1786326467217,15.046,V
serial:COM8/motor_angle,4995612,1786326467217,130.98,deg
serial:COM8/phase_u_v,4995612,1786326467217,0.005,V
serial:COM8/phase_v_v,4995612,1786326467217,0.000,V
serial:COM8/phase_w_v,4995612,1786326467217,0.000,V
serial:COM8/motor_angle,4995614,1786326467217,130.96,deg
serial:COM8/phase_u_v,4995614,1786326467217,0.005,V
serial:COM8/phase_v_v,4995614,1786326467217,0.000,V
serial:COM8/phase_w_v,4995614,1786326467217,0.000,V
serial:COM8/motor_angle,4995616,1786326467217,130.91,deg
serial:COM8/phase_u_v,4995616,1786326467217,0.005,V
serial:COM8/phase_v_v,4995616,1786326467217,0.005,V
serial:COM8/phase_w_v,4995616,1786326467217,0.000,V
serial:COM8/motor_angle,4995618,1786326467217,130.98,deg
serial:COM8/phase_u_v,4995618,1786326467217,0.000,V
serial:COM8/phase_v_v,4995618,1786326467217,0.005,V
serial:COM8/phase_w_v,4995618,1786326467217,0.005,V
serial:COM8/motor_angle,4995620,1786326467217,130.91,deg
serial:COM8/phase_u_v,4995620,1786326467217,0.000,V
serial:COM8/phase_v_v,4995620,1786326467217,0.000,V
serial:COM8/phase_w_v,4995620,1786326467217,0.000,V
serial:COM8/motor_angle,4995622,1786326467217,130.98,deg
serial:COM8/phase_u_v,4995622,1786326467217,0.054,V
serial:COM8/phase_v_v,4995622,1786326467217,0.005,V
serial:COM8/phase_w_v,4995622,1786326467217,0.005,V
serial:COM8/motor_angle,4995624,1786326467217,130.98,deg
serial:COM8/phase_u_v,4995624,1786326467217,19.570,V
serial:COM8/phase_v_v,4995624,1786326467217,0.005,V
serial:COM8/phase_w_v,4995624,1786326467217,0.000,V
serial:COM8/motor_angle,4995626,1786326467217,130.96,deg
serial:COM8/phase_u_v,4995626,1786326467217,0.005,V
serial:COM8/phase_v_v,4995626,1786326467217,0.005,V
serial:COM8/phase_w_v,4995626,1786326467217,0.005,V
serial:COM8/motor_angle,4995628,1786326467217,130.96,deg
serial:COM8/phase_u_v,4995628,1786326467217,0.011,V
serial:COM8/phase_v_v,4995628,1786326467217,0.059,V
serial:COM8/phase_w_v,4995628,1786326467217,15.062,V
serial:COM8/motor_angle,4995630,1786326467217,130.98,deg
serial:COM8/phase_u_v,4995630,1786326467217,0.005,V
serial:COM8/phase_v_v,4995630,1786326467217,0.005,V
serial:COM8/phase_w_v,4995630,1786326467217,0.000,V
serial:COM8/motor_angle,4995632,1786326467217,130.91,deg
serial:COM8/phase_u_v,4995632,1786326467217,0.000,V
serial:COM8/phase_v_v,4995632,1786326467217,0.005,V
serial:COM8/phase_w_v,4995632,1786326467217,0.000,V
serial:COM8/motor_angle,4995634,1786326467217,130.98,deg
serial:COM8/phase_u_v,4995634,1786326467217,0.000,V
serial:COM8/phase_v_v,4995634,1786326467217,0.005,V
serial:COM8/phase_w_v,4995634,1786326467217,0.000,V
serial:COM8/motor_angle,4995636,1786326467217,130.94,deg
serial:COM8/phase_u_v,4995636,1786326467217,0.005,V
serial:COM8/phase_v_v,4995636,1786326467217,0.005,V
serial:COM8/phase_w_v,4995636,1786326467217,0.000,V
serial:COM8/motor_angle,4995638,1786326467217,130.94,deg
serial:COM8/phase_u_v,4995638,1786326467217,0.005,V
serial:COM8/phase_v_v,4995638,1786326467217,0.005,V
serial:COM8/phase_w_v,4995638,1786326467217,0.000,V
serial:COM8/motor_angle,4995640,1786326467217,130.96,deg
serial:COM8/phase_u_v,4995640,1786326467217,0.005,V
serial:COM8/phase_v_v,4995640,1786326467217,0.005,V
serial:COM8/phase_w_v,4995640,1786326467217,0.005,V
serial:COM8/motor_angle,4995642,1786326467217,130.91,deg
serial:COM8/phase_u_v,4995642,1786326467217,19.602,V
serial:COM8/phase_v_v,4995642,1786326467217,0.005,V
serial:COM8/phase_w_v,4995642,1786326467217,0.000,V
serial:COM8/motor_angle,4995644,1786326467217,130.98,deg
serial:COM8/phase_u_v,4995644,1786326467217,0.000,V
serial:COM8/phase_v_v,4995644,1786326467217,0.005,V
serial:COM8/phase_w_v,4995644,1786326467217,0.000,V
serial:COM8/motor_angle,4995646,1786326467217,130.98,deg
serial:COM8/phase_u_v,4995646,1786326467217,0.005,V
serial:COM8/phase_v_v,4995646,1786326467217,0.070,V
serial:COM8/phase_w_v,4995646,1786326467217,14.922,V
serial:COM8/motor_angle,4995648,1786326467217,130.96,deg
serial:COM8/phase_u_v,4995648,1786326467217,0.000,V
serial:COM8/phase_v_v,4995648,1786326467217,0.005,V
serial:COM8/phase_w_v,4995648,1786326467217,0.000,V
serial:COM8/motor_angle,4995650,1786326467217,130.98,deg
serial:COM8/phase_u_v,4995650,1786326467217,0.005,V
serial:COM8/phase_v_v,4995650,1786326467217,0.005,V
serial:COM8/phase_w_v,4995650,1786326467217,0.000,V
serial:COM8/motor_angle,4995652,1786326467217,130.91,deg
serial:COM8/phase_u_v,4995652,1786326467217,0.005,V
serial:COM8/phase_v_v,4995652,1786326467217,0.005,V
serial:COM8/phase_w_v,4995652,1786326467217,0.000,V
serial:COM8/motor_angle,4995654,1786326467217,130.89,deg
serial:COM8/phase_u_v,4995654,1786326467217,0.005,V
serial:COM8/phase_v_v,4995654,1786326467217,0.005,V
serial:COM8/phase_w_v,4995654,1786326467217,0.000,V
serial:COM8/motor_angle,4995656,1786326467217,130.98,deg
serial:COM8/phase_u_v,4995656,1786326467217,0.000,V
serial:COM8/phase_v_v,4995656,1786326467217,0.005,V
serial:COM8/phase_w_v,4995656,1786326467217,0.000,V
serial:COM8/motor_angle,4995658,1786326467217,130.96,deg
serial:COM8/phase_u_v,4995658,1786326467217,0.005,V
serial:COM8/phase_v_v,4995658,1786326467217,0.005,V
serial:COM8/phase_w_v,4995658,1786326467217,0.000,V
serial:COM8/motor_angle,4995660,1786326467217,130.98,deg
serial:COM8/phase_u_v,4995660,1786326467217,1.657,V
serial:COM8/phase_v_v,4995660,1786326467217,0.005,V
serial:COM8/phase_w_v,4995660,1786326467217,0.000,V
serial:COM8/motor_angle,4995662,1786326467217,130.98,deg
serial:COM8/phase_u_v,4995662,1786326467217,0.000,V
serial:COM8/phase_v_v,4995662,1786326467217,0.005,V
serial:COM8/phase_w_v,4995662,1786326467217,0.005,V
serial:COM8/motor_angle,4995664,1786326467217,131.00,deg
serial:COM8/phase_u_v,4995664,1786326467217,0.000,V
serial:COM8/phase_v_v,4995664,1786326467217,0.086,V
serial:COM8/phase_w_v,4995664,1786326467217,13.291,V
serial:COM8/motor_angle,4995666,1786326467217,130.94,deg
serial:COM8/phase_u_v,4995666,1786326467217,0.005,V
serial:COM8/phase_v_v,4995666,1786326467217,0.005,V
serial:COM8/phase_w_v,4995666,1786326467217,0.027,V
serial:COM8/motor_angle,4995668,1786326467217,131.00,deg
serial:COM8/phase_u_v,4995668,1786326467217,0.005,V
serial:COM8/phase_v_v,4995668,1786326467217,0.005,V
serial:COM8/phase_w_v,4995668,1786326467217,0.005,V
serial:COM8/motor_angle,4995670,1786326467290,130.98,deg
serial:COM8/phase_u_v,4995670,1786326467290,0.005,V
serial:COM8/phase_v_v,4995670,1786326467290,0.005,V
serial:COM8/phase_w_v,4995670,1786326467290,0.000,V
serial:COM8/motor_angle,4995672,1786326467290,130.94,deg
serial:COM8/phase_u_v,4995672,1786326467290,0.005,V
serial:COM8/phase_v_v,4995672,1786326467290,0.000,V
serial:COM8/phase_w_v,4995672,1786326467290,0.000,V
serial:COM8/motor_angle,4995674,1786326467290,130.98,deg
serial:COM8/phase_u_v,4995674,1786326467290,0.005,V
serial:COM8/phase_v_v,4995674,1786326467290,0.005,V
serial:COM8/phase_w_v,4995674,1786326467290,0.000,V
serial:COM8/motor_angle,4995676,1786326467290,130.98,deg
serial:COM8/phase_u_v,4995676,1786326467290,0.000,V
serial:COM8/phase_v_v,4995676,1786326467290,0.005,V
serial:COM8/phase_w_v,4995676,1786326467290,0.000,V
serial:COM8/motor_angle,4995678,1786326467290,130.89,deg
serial:COM8/phase_u_v,4995678,1786326467290,1.647,V
serial:COM8/phase_v_v,4995678,1786326467290,0.005,V
serial:COM8/phase_w_v,4995678,1786326467290,0.000,V
serial:COM8/motor_angle,4995680,1786326467290,130.96,deg
serial:COM8/phase_u_v,4995680,1786326467290,17.934,V
serial:COM8/phase_v_v,4995680,1786326467290,0.000,V
serial:COM8/phase_w_v,4995680,1786326467290,0.000,V
serial:COM8/motor_angle,4995682,1786326467290,130.94,deg
serial:COM8/phase_u_v,4995682,1786326467290,0.005,V
serial:COM8/phase_v_v,4995682,1786326467290,0.092,V
serial:COM8/phase_w_v,4995682,1786326467290,10.079,V
serial:COM8/motor_angle,4995684,1786326467290,130.89,deg
serial:COM8/phase_u_v,4995684,1786326467290,0.005,V
serial:COM8/phase_v_v,4995684,1786326467290,0.005,V
serial:COM8/phase_w_v,4995684,1786326467290,1.630,V
serial:COM8/motor_angle,4995686,1786326467290,130.98,deg
serial:COM8/phase_u_v,4995686,1786326467290,0.000,V
serial:COM8/phase_v_v,4995686,1786326467290,0.000,V
serial:COM8/phase_w_v,4995686,1786326467290,0.000,V
serial:COM8/motor_angle,4995688,1786326467290,130.98,deg
serial:COM8/phase_u_v,4995688,1786326467290,0.005,V
serial:COM8/phase_v_v,4995688,1786326467290,0.005,V
serial:COM8/phase_w_v,4995688,1786326467290,0.005,V
serial:COM8/motor_angle,4995690,1786326467290,130.96,deg
serial:COM8/phase_u_v,4995690,1786326467290,0.005,V
serial:COM8/phase_v_v,4995690,1786326467290,0.005,V
serial:COM8/phase_w_v,4995690,1786326467290,0.000,V
serial:COM8/motor_angle,4995692,1786326467290,130.96,deg
serial:COM8/phase_u_v,4995692,1786326467290,0.000,V
serial:COM8/phase_v_v,4995692,1786326467290,0.005,V
serial:COM8/phase_w_v,4995692,1786326467290,0.000,V
serial:COM8/motor_angle,4995694,1786326467290,130.96,deg
serial:COM8/phase_u_v,4995694,1786326467290,0.005,V
serial:COM8/phase_v_v,4995694,1786326467290,0.005,V
serial:COM8/phase_w_v,4995694,1786326467290,0.000,V
serial:COM8/motor_angle,4995696,1786326467290,130.91,deg
serial:COM8/phase_u_v,4995696,1786326467290,0.794,V
serial:COM8/phase_v_v,4995696,1786326467290,0.005,V
serial:COM8/phase_w_v,4995696,1786326467290,0.000,V
serial:COM8/motor_angle,4995698,1786326467290,130.94,deg
serial:COM8/phase_u_v,4995698,1786326467290,17.950,V
serial:COM8/phase_v_v,4995698,1786326467290,0.005,V
serial:COM8/phase_w_v,4995698,1786326467290,0.000,V
serial:COM8/motor_angle,4995700,1786326467290,130.91,deg
serial:COM8/phase_u_v,4995700,1786326467290,0.000,V
serial:COM8/phase_v_v,4995700,1786326467290,0.065,V
serial:COM8/phase_w_v,4995700,1786326467290,2.958,V
serial:COM8/motor_angle,4995702,1786326467290,130.98,deg
serial:COM8/phase_u_v,4995702,1786326467290,0.005,V
serial:COM8/phase_v_v,4995702,1786326467290,0.005,V
serial:COM8/phase_w_v,4995702,1786326467290,4.017,V
serial:COM8/motor_angle,4995704,1786326467290,130.96,deg
serial:COM8/phase_u_v,4995704,1786326467290,0.005,V
serial:COM8/phase_v_v,4995704,1786326467290,0.005,V
serial:COM8/phase_w_v,4995704,1786326467290,0.000,V
serial:COM8/motor_angle,4995706,1786326467290,130.87,deg
serial:COM8/phase_u_v,4995706,1786326467290,0.000,V
serial:COM8/phase_v_v,4995706,1786326467290,0.005,V
serial:COM8/phase_w_v,4995706,1786326467290,0.000,V
serial:COM8/motor_angle,4995708,1786326467290,130.98,deg
serial:COM8/phase_u_v,4995708,1786326467290,0.005,V
serial:COM8/phase_v_v,4995708,1786326467290,0.005,V
serial:COM8/phase_w_v,4995708,1786326467290,0.000,V
serial:COM8/motor_angle,4995710,1786326467290,130.91,deg
serial:COM8/phase_u_v,4995710,1786326467290,0.000,V
serial:COM8/phase_v_v,4995710,1786326467290,0.005,V
serial:COM8/phase_w_v,4995710,1786326467290,0.000,V
serial:COM8/motor_angle,4995712,1786326467290,130.96,deg
serial:COM8/phase_u_v,4995712,1786326467290,0.005,V
serial:COM8/phase_v_v,4995712,1786326467290,0.005,V
serial:COM8/phase_w_v,4995712,1786326467290,0.000,V
serial:COM8/motor_angle,4995714,1786326467290,130.96,deg
serial:COM8/phase_u_v,4995714,1786326467290,0.367,V
serial:COM8/phase_v_v,4995714,1786326467290,0.005,V
serial:COM8/phase_w_v,4995714,1786326467290,0.000,V
serial:COM8/motor_angle,4995716,1786326467290,130.96,deg
serial:COM8/phase_u_v,4995716,1786326467290,18.771,V
serial:COM8/phase_v_v,4995716,1786326467290,0.000,V
serial:COM8/phase_w_v,4995716,1786326467290,0.005,V
serial:COM8/motor_angle,4995718,1786326467290,130.96,deg
serial:COM8/phase_u_v,4995718,1786326467290,0.005,V
serial:COM8/phase_v_v,4995718,1786326467290,0.070,V
serial:COM8/phase_w_v,4995718,1786326467290,2.904,V
serial:COM8/motor_angle,4995720,1786326467290,130.96,deg
serial:COM8/phase_u_v,4995720,1786326467290,0.000,V
serial:COM8/phase_v_v,4995720,1786326467290,0.005,V
serial:COM8/phase_w_v,4995720,1786326467290,10.128,V
serial:COM8/motor_angle,4995722,1786326467290,130.96,deg
serial:COM8/phase_u_v,4995722,1786326467290,0.005,V
serial:COM8/phase_v_v,4995722,1786326467290,0.005,V
serial:COM8/phase_w_v,4995722,1786326467290,0.000,V
serial:COM8/motor_angle,4995724,1786326467290,130.96,deg
serial:COM8/phase_u_v,4995724,1786326467290,0.005,V
serial:COM8/phase_v_v,4995724,1786326467290,0.005,V
serial:COM8/phase_w_v,4995724,1786326467290,0.000,V
serial:COM8/motor_angle,4995726,1786326467290,130.94,deg
serial:COM8/phase_u_v,4995726,1786326467290,0.005,V
serial:COM8/phase_v_v,4995726,1786326467290,0.005,V
serial:COM8/phase_w_v,4995726,1786326467290,0.000,V
serial:COM8/motor_angle,4995728,1786326467290,130.94,deg
serial:COM8/phase_u_v,4995728,1786326467290,0.005,V
serial:COM8/phase_v_v,4995728,1786326467290,0.000,V
serial:COM8/phase_w_v,4995728,1786326467290,0.000,V
serial:COM8/motor_angle,4995730,1786326467290,130.96,deg
serial:COM8/phase_u_v,4995730,1786326467290,0.005,V
serial:COM8/phase_v_v,4995730,1786326467290,0.000,V
serial:COM8/phase_w_v,4995730,1786326467290,0.000,V
serial:COM8/motor_angle,4995732,1786326467290,131.00,deg
serial:COM8/phase_u_v,4995732,1786326467290,0.178,V
serial:COM8/phase_v_v,4995732,1786326467290,0.005,V
serial:COM8/phase_w_v,4995732,1786326467290,0.000,V
serial:COM8/motor_angle,4995734,1786326467290,130.94,deg
serial:COM8/phase_u_v,4995734,1786326467290,19.203,V
serial:COM8/phase_v_v,4995734,1786326467290,0.000,V
serial:COM8/phase_w_v,4995734,1786326467290,0.000,V
serial:COM8/motor_angle,4995736,1786326467290,130.94,deg
serial:COM8/phase_u_v,4995736,1786326467290,0.000,V
serial:COM8/phase_v_v,4995736,1786326467290,0.016,V
serial:COM8/phase_w_v,4995736,1786326467290,0.486,V
serial:COM8/motor_angle,4995738,1786326467290,131.00,deg
serial:COM8/phase_u_v,4995738,1786326467290,0.000,V
serial:COM8/phase_v_v,4995738,1786326467290,0.000,V
serial:COM8/phase_w_v,4995738,1786326467290,10.198,V
serial:COM8/motor_angle,4995740,1786326467290,130.98,deg
serial:COM8/phase_u_v,4995740,1786326467290,0.005,V
serial:COM8/phase_v_v,4995740,1786326467290,0.005,V
serial:COM8/phase_w_v,4995740,1786326467290,0.000,V
serial:COM8/motor_angle,4995742,1786326467290,130.91,deg
serial:COM8/phase_u_v,4995742,1786326467290,0.005,V
serial:COM8/phase_v_v,4995742,1786326467290,0.000,V
serial:COM8/phase_w_v,4995742,1786326467290,0.000,V
serial:COM8/motor_angle,4995744,1786326467362,130.96,deg
serial:COM8/phase_u_v,4995744,1786326467362,0.000,V
serial:COM8/phase_v_v,4995744,1786326467362,0.005,V
serial:COM8/phase_w_v,4995744,1786326467362,0.000,V
serial:COM8/motor_angle,4995746,1786326467362,130.94,deg
serial:COM8/phase_u_v,4995746,1786326467362,0.000,V
serial:COM8/phase_v_v,4995746,1786326467362,0.000,V
serial:COM8/phase_w_v,4995746,1786326467362,0.005,V
serial:COM8/motor_angle,4995748,1786326467362,130.96,deg
serial:COM8/phase_u_v,4995748,1786326467362,0.000,V
serial:COM8/phase_v_v,4995748,1786326467362,0.005,V
serial:COM8/phase_w_v,4995748,1786326467362,0.000,V
serial:COM8/motor_angle,4995750,1786326467362,130.96,deg
serial:COM8/phase_u_v,4995750,1786326467362,0.070,V
serial:COM8/phase_v_v,4995750,1786326467362,0.005,V
serial:COM8/phase_w_v,4995750,1786326467362,0.000,V
serial:COM8/motor_angle,4995752,1786326467362,130.96,deg
serial:COM8/phase_u_v,4995752,1786326467362,19.435,V
serial:COM8/phase_v_v,4995752,1786326467362,0.005,V
serial:COM8/phase_w_v,4995752,1786326467362,0.000,V
serial:COM8/motor_angle,4995754,1786326467362,130.94,deg
serial:COM8/phase_u_v,4995754,1786326467362,0.005,V
serial:COM8/phase_v_v,4995754,1786326467362,0.005,V
serial:COM8/phase_w_v,4995754,1786326467362,0.103,V
serial:COM8/motor_angle,4995756,1786326467362,130.98,deg
serial:COM8/phase_u_v,4995756,1786326467362,0.000,V
serial:COM8/phase_v_v,4995756,1786326467362,0.005,V
serial:COM8/phase_w_v,4995756,1786326467362,13.183,V
serial:COM8/motor_angle,4995758,1786326467362,130.94,deg
serial:COM8/phase_u_v,4995758,1786326467362,0.005,V
serial:COM8/phase_v_v,4995758,1786326467362,0.005,V
serial:COM8/phase_w_v,4995758,1786326467362,0.000,V
serial:COM8/motor_angle,4995760,1786326467362,130.91,deg
serial:COM8/phase_u_v,4995760,1786326467362,0.005,V
serial:COM8/phase_v_v,4995760,1786326467362,0.005,V
serial:COM8/phase_w_v,4995760,1786326467362,0.005,V
serial:COM8/motor_angle,4995762,1786326467362,130.91,deg
serial:COM8/phase_u_v,4995762,1786326467362,0.005,V
serial:COM8/phase_v_v,4995762,1786326467362,0.005,V
serial:COM8/phase_w_v,4995762,1786326467362,0.000,V
serial:COM8/motor_angle,4995764,1786326467362,130.89,deg
serial:COM8/phase_u_v,4995764,1786326467362,0.005,V
serial:COM8/phase_v_v,4995764,1786326467362,0.000,V
serial:COM8/phase_w_v,4995764,1786326467362,0.005,V
serial:COM8/motor_angle,4995766,1786326467362,130.91,deg
serial:COM8/phase_u_v,4995766,1786326467362,0.005,V
serial:COM8/phase_v_v,4995766,1786326467362,0.005,V
serial:COM8/phase_w_v,4995766,1786326467362,0.000,V
serial:COM8/motor_angle,4995768,1786326467362,130.94,deg
serial:COM8/phase_u_v,4995768,1786326467362,0.065,V
serial:COM8/phase_v_v,4995768,1786326467362,0.005,V
serial:COM8/phase_w_v,4995768,1786326467362,0.005,V
serial:COM8/motor_angle,4995770,1786326467362,130.91,deg
serial:COM8/phase_u_v,4995770,1786326467362,19.580,V
serial:COM8/phase_v_v,4995770,1786326467362,0.005,V
serial:COM8/phase_w_v,4995770,1786326467362,0.005,V
serial:COM8/motor_angle,4995772,1786326467362,130.96,deg
serial:COM8/phase_u_v,4995772,1786326467362,0.000,V
serial:COM8/phase_v_v,4995772,1786326467362,0.005,V
serial:COM8/phase_w_v,4995772,1786326467362,0.038,V
serial:COM8/motor_angle,4995774,1786326467362,130.96,deg
serial:COM8/phase_u_v,4995774,1786326467362,0.005,V
serial:COM8/phase_v_v,4995774,1786326467362,0.049,V
serial:COM8/phase_w_v,4995774,1786326467362,14.884,V
serial:COM8/motor_angle,4995776,1786326467362,131.00,deg
serial:COM8/phase_u_v,4995776,1786326467362,0.005,V
serial:COM8/phase_v_v,4995776,1786326467362,0.005,V
serial:COM8/phase_w_v,4995776,1786326467362,0.000,V
serial:COM8/motor_angle,4995778,1786326467362,130.94,deg
serial:COM8/phase_u_v,4995778,1786326467362,0.000,V
serial:COM8/phase_v_v,4995778,1786326467362,0.000,V
serial:COM8/phase_w_v,4995778,1786326467362,0.000,V
serial:COM8/motor_angle,4995780,1786326467362,130.98,deg
serial:COM8/phase_u_v,4995780,1786326467362,0.000,V
serial:COM8/phase_v_v,4995780,1786326467362,0.005,V
serial:COM8/phase_w_v,4995780,1786326467362,0.000,V
serial:COM8/motor_angle,4995782,1786326467362,130.89,deg
serial:COM8/phase_u_v,4995782,1786326467362,0.005,V
serial:COM8/phase_v_v,4995782,1786326467362,0.005,V
serial:COM8/phase_w_v,4995782,1786326467362,0.000,V
serial:COM8/motor_angle,4995784,1786326467362,130.91,deg
serial:COM8/phase_u_v,4995784,1786326467362,0.005,V
serial:COM8/phase_v_v,4995784,1786326467362,0.005,V
serial:COM8/phase_w_v,4995784,1786326467362,0.000,V
serial:COM8/motor_angle,4995786,1786326467362,130.98,deg
serial:COM8/phase_u_v,4995786,1786326467362,0.022,V
serial:COM8/phase_v_v,4995786,1786326467362,0.000,V
serial:COM8/phase_w_v,4995786,1786326467362,0.005,V
serial:COM8/motor_angle,4995788,1786326467362,131.00,deg
serial:COM8/phase_u_v,4995788,1786326467362,19.591,V
serial:COM8/phase_v_v,4995788,1786326467362,0.005,V
serial:COM8/phase_w_v,4995788,1786326467362,0.000,V
serial:COM8/motor_angle,4995790,1786326467362,131.00,deg
serial:COM8/phase_u_v,4995790,1786326467362,0.000,V
serial:COM8/phase_v_v,4995790,1786326467362,0.005,V
serial:COM8/phase_w_v,4995790,1786326467362,0.005,V
serial:COM8/motor_angle,4995792,1786326467362,130.96,deg
serial:COM8/phase_u_v,4995792,1786326467362,0.005,V
serial:COM8/phase_v_v,4995792,1786326467362,0.070,V
serial:COM8/phase_w_v,4995792,1786326467362,15.019,V
serial:COM8/motor_angle,4995794,1786326467362,130.98,deg
serial:COM8/phase_u_v,4995794,1786326467362,0.005,V
serial:COM8/phase_v_v,4995794,1786326467362,0.000,V
serial:COM8/phase_w_v,4995794,1786326467362,0.000,V
serial:COM8/motor_angle,4995796,1786326467362,130.96,deg
serial:COM8/phase_u_v,4995796,1786326467362,0.005,V
serial:COM8/phase_v_v,4995796,1786326467362,0.000,V
serial:COM8/phase_w_v,4995796,1786326467362,0.000,V
serial:COM8/motor_angle,4995798,1786326467362,130.94,deg
serial:COM8/phase_u_v,4995798,1786326467362,0.005,V
serial:COM8/phase_v_v,4995798,1786326467362,0.011,V
serial:COM8/phase_w_v,4995798,1786326467362,0.000,V
serial:COM8/motor_angle,4995800,1786326467362,130.96,deg
serial:COM8/phase_u_v,4995800,1786326467362,0.005,V
serial:COM8/phase_v_v,4995800,1786326467362,0.005,V
serial:COM8/phase_w_v,4995800,1786326467362,0.000,V
serial:COM8/motor_angle,4995802,1786326467362,130.98,deg
serial:COM8/phase_u_v,4995802,1786326467362,0.005,V
serial:COM8/phase_v_v,4995802,1786326467362,0.000,V
serial:COM8/phase_w_v,4995802,1786326467362,0.005,V
serial:COM8/motor_angle,4995804,1786326467362,130.94,deg
serial:COM8/phase_u_v,4995804,1786326467362,0.011,V
serial:COM8/phase_v_v,4995804,1786326467362,0.005,V
serial:COM8/phase_w_v,4995804,1786326467362,0.000,V
serial:COM8/motor_angle,4995806,1786326467362,131.00,deg
serial:COM8/phase_u_v,4995806,1786326467362,4.519,V
serial:COM8/phase_v_v,4995806,1786326467362,0.005,V
serial:COM8/phase_w_v,4995806,1786326467362,0.005,V
serial:COM8/motor_angle,4995808,1786326467362,130.96,deg
serial:COM8/phase_u_v,4995808,1786326467362,0.005,V
serial:COM8/phase_v_v,4995808,1786326467362,0.005,V
serial:COM8/phase_w_v,4995808,1786326467362,0.000,V
serial:COM8/motor_angle,4995810,1786326467362,130.89,deg
serial:COM8/phase_u_v,4995810,1786326467362,0.000,V
serial:COM8/phase_v_v,4995810,1786326467362,0.092,V
serial:COM8/phase_w_v,4995810,1786326467362,11.769,V
serial:COM8/motor_angle,4995812,1786326467362,131.00,deg
serial:COM8/phase_u_v,4995812,1786326467362,0.005,V
serial:COM8/phase_v_v,4995812,1786326467362,0.005,V
serial:COM8/phase_w_v,4995812,1786326467362,0.000,V
serial:COM8/motor_angle,4995814,1786326467362,130.94,deg
serial:COM8/phase_u_v,4995814,1786326467362,0.005,V
serial:COM8/phase_v_v,4995814,1786326467362,0.005,V
serial:COM8/phase_w_v,4995814,1786326467362,0.000,V
serial:COM8/motor_angle,4995816,1786326467434,130.94,deg
serial:COM8/phase_u_v,4995816,1786326467434,0.000,V
serial:COM8/phase_v_v,4995816,1786326467434,0.000,V
serial:COM8/phase_w_v,4995816,1786326467434,0.000,V
serial:COM8/motor_angle,4995818,1786326467434,130.96,deg
serial:COM8/phase_u_v,4995818,1786326467434,0.000,V
serial:COM8/phase_v_v,4995818,1786326467434,0.000,V
serial:COM8/phase_w_v,4995818,1786326467434,0.005,V
serial:COM8/motor_angle,4995820,1786326467434,130.89,deg
serial:COM8/phase_u_v,4995820,1786326467434,0.000,V
serial:COM8/phase_v_v,4995820,1786326467434,0.000,V
serial:COM8/phase_w_v,4995820,1786326467434,0.000,V
serial:COM8/motor_angle,4995822,1786326467434,130.98,deg
serial:COM8/phase_u_v,4995822,1786326467434,0.005,V
serial:COM8/phase_v_v,4995822,1786326467434,0.011,V
serial:COM8/phase_w_v,4995822,1786326467434,0.000,V
serial:COM8/motor_angle,4995824,1786326467434,130.94,deg
serial:COM8/phase_u_v,4995824,1786326467434,2.262,V
serial:COM8/phase_v_v,4995824,1786326467434,0.000,V
serial:COM8/phase_w_v,4995824,1786326467434,0.005,V
serial:COM8/motor_angle,4995826,1786326467434,130.91,deg
serial:COM8/phase_u_v,4995826,1786326467434,2.257,V
serial:COM8/phase_v_v,4995826,1786326467434,0.000,V
serial:COM8/phase_w_v,4995826,1786326467434,0.000,V
serial:COM8/motor_angle,4995828,1786326467434,130.96,deg
serial:COM8/phase_u_v,4995828,1786326467434,0.000,V
serial:COM8/phase_v_v,4995828,1786326467434,0.086,V
serial:COM8/phase_w_v,4995828,1786326467434,11.574,V
serial:COM8/motor_angle,4995830,1786326467434,130.96,deg
serial:COM8/phase_u_v,4995830,1786326467434,0.000,V
serial:COM8/phase_v_v,4995830,1786326467434,0.005,V
serial:COM8/phase_w_v,4995830,1786326467434,2.667,V
serial:COM8/motor_angle,4995832,1786326467434,130.94,deg
serial:COM8/phase_u_v,4995832,1786326467434,0.005,V
serial:COM8/phase_v_v,4995832,1786326467434,0.005,V
serial:COM8/phase_w_v,4995832,1786326467434,0.000,V
serial:COM8/motor_angle,4995834,1786326467434,130.94,deg
serial:COM8/phase_u_v,4995834,1786326467434,0.005,V
serial:COM8/phase_v_v,4995834,1786326467434,0.000,V
serial:COM8/phase_w_v,4995834,1786326467434,0.005,V
serial:COM8/motor_angle,4995836,1786326467434,130.96,deg
serial:COM8/phase_u_v,4995836,1786326467434,0.005,V
serial:COM8/phase_v_v,4995836,1786326467434,0.000,V
serial:COM8/phase_w_v,4995836,1786326467434,0.000,V
serial:COM8/motor_angle,4995838,1786326467434,130.96,deg
serial:COM8/phase_u_v,4995838,1786326467434,0.000,V
serial:COM8/phase_v_v,4995838,1786326467434,0.005,V
serial:COM8/phase_w_v,4995838,1786326467434,0.005,V
serial:COM8/motor_angle,4995840,1786326467434,131.00,deg
serial:COM8/phase_u_v,4995840,1786326467434,0.005,V
serial:COM8/phase_v_v,4995840,1786326467434,0.005,V
serial:COM8/phase_w_v,4995840,1786326467434,0.000,V
serial:COM8/motor_angle,4995842,1786326467434,130.98,deg
serial:COM8/phase_u_v,4995842,1786326467434,1.123,V
serial:COM8/phase_v_v,4995842,1786326467434,0.005,V
serial:COM8/phase_w_v,4995842,1786326467434,0.000,V
serial:COM8/motor_angle,4995844,1786326467434,130.94,deg
serial:COM8/phase_u_v,4995844,1786326467434,17.335,V
serial:COM8/phase_v_v,4995844,1786326467434,0.000,V
serial:COM8/phase_w_v,4995844,1786326467434,0.000,V
serial:COM8/motor_angle,4995846,1786326467434,130.89,deg
serial:COM8/phase_u_v,4995846,1786326467434,0.005,V
serial:COM8/phase_v_v,4995846,1786326467434,0.092,V
serial:COM8/phase_w_v,4995846,1786326467434,8.276,V
serial:COM8/motor_angle,4995848,1786326467434,130.96,deg
serial:COM8/phase_u_v,4995848,1786326467434,0.005,V
serial:COM8/phase_v_v,4995848,1786326467434,0.000,V
serial:COM8/phase_w_v,4995848,1786326467434,2.640,V
serial:COM8/motor_angle,4995850,1786326467434,130.96,deg
serial:COM8/phase_u_v,4995850,1786326467434,0.005,V
serial:COM8/phase_v_v,4995850,1786326467434,0.005,V
serial:COM8/phase_w_v,4995850,1786326467434,0.000,V
serial:COM8/motor_angle,4995852,1786326467434,130.96,deg
serial:COM8/phase_u_v,4995852,1786326467434,0.000,V
serial:COM8/phase_v_v,4995852,1786326467434,0.005,V
serial:COM8/phase_w_v,4995852,1786326467434,0.000,V
serial:COM8/motor_angle,4995854,1786326467434,130.94,deg
serial:COM8/phase_u_v,4995854,1786326467434,0.005,V
serial:COM8/phase_v_v,4995854,1786326467434,0.005,V
serial:COM8/phase_w_v,4995854,1786326467434,0.000,V
serial:COM8/motor_angle,4995856,1786326467434,130.96,deg
serial:COM8/phase_u_v,4995856,1786326467434,0.000,V
serial:COM8/phase_v_v,4995856,1786326467434,0.005,V
serial:COM8/phase_w_v,4995856,1786326467434,0.000,V
serial:COM8/motor_angle,4995858,1786326467434,130.98,deg
serial:COM8/phase_u_v,4995858,1786326467434,0.000,V
serial:COM8/phase_v_v,4995858,1786326467434,0.000,V
serial:COM8/phase_w_v,4995858,1786326467434,0.000,V
serial:COM8/motor_angle,4995860,1786326467434,130.96,deg
serial:COM8/phase_u_v,4995860,1786326467434,0.259,V
serial:COM8/phase_v_v,4995860,1786326467434,0.005,V
serial:COM8/phase_w_v,4995860,1786326467434,0.000,V
serial:COM8/motor_angle,4995862,1786326467434,130.96,deg
serial:COM8/phase_u_v,4995862,1786326467434,18.463,V
serial:COM8/phase_v_v,4995862,1786326467434,0.000,V
serial:COM8/phase_w_v,4995862,1786326467434,0.005,V
serial:COM8/motor_angle,4995864,1786326467434,130.94,deg
serial:COM8/phase_u_v,4995864,1786326467434,0.005,V
serial:COM8/phase_v_v,4995864,1786326467434,0.076,V
serial:COM8/phase_w_v,4995864,1786326467434,4.492,V
serial:COM8/motor_angle,4995866,1786326467434,130.94,deg
serial:COM8/phase_u_v,4995866,1786326467434,0.005,V
serial:COM8/phase_v_v,4995866,1786326467434,0.005,V
serial:COM8/phase_w_v,4995866,1786326467434,3.088,V
serial:COM8/motor_angle,4995868,1786326467434,130.98,deg
serial:COM8/phase_u_v,4995868,1786326467434,0.000,V
serial:COM8/phase_v_v,4995868,1786326467434,0.005,V
serial:COM8/phase_w_v,4995868,1786326467434,0.000,V
serial:COM8/motor_angle,4995870,1786326467434,130.96,deg
serial:COM8/phase_u_v,4995870,1786326467434,0.000,V
serial:COM8/phase_v_v,4995870,1786326467434,0.005,V
serial:COM8/phase_w_v,4995870,1786326467434,0.000,V
serial:COM8/motor_angle,4995872,1786326467434,131.00,deg
serial:COM8/phase_u_v,4995872,1786326467434,0.005,V
serial:COM8/phase_v_v,4995872,1786326467434,0.000,V
serial:COM8/phase_w_v,4995872,1786326467434,0.000,V
serial:COM8/motor_angle,4995874,1786326467434,130.96,deg
serial:COM8/phase_u_v,4995874,1786326467434,0.000,V
serial:COM8/phase_v_v,4995874,1786326467434,0.000,V
serial:COM8/phase_w_v,4995874,1786326467434,0.000,V
serial:COM8/motor_angle,4995876,1786326467434,130.96,deg
serial:COM8/phase_u_v,4995876,1786326467434,0.000,V
serial:COM8/phase_v_v,4995876,1786326467434,0.000,V
serial:COM8/phase_w_v,4995876,1786326467434,0.000,V
serial:COM8/motor_angle,4995878,1786326467434,130.94,deg
serial:COM8/phase_u_v,4995878,1786326467434,0.254,V
serial:COM8/phase_v_v,4995878,1786326467434,0.005,V
serial:COM8/phase_w_v,4995878,1786326467434,0.005,V
serial:COM8/motor_angle,4995880,1786326467434,130.98,deg
serial:COM8/phase_u_v,4995880,1786326467434,19.338,V
serial:COM8/phase_v_v,4995880,1786326467434,0.005,V
serial:COM8/phase_w_v,4995880,1786326467434,0.005,V
serial:COM8/motor_angle,4995882,1786326467434,130.87,deg
serial:COM8/phase_u_v,4995882,1786326467434,0.005,V
serial:COM8/phase_v_v,4995882,1786326467434,0.054,V
serial:COM8/phase_w_v,4995882,1786326467434,1.285,V
serial:COM8/motor_angle,4995884,1786326467434,131.00,deg
serial:COM8/phase_u_v,4995884,1786326467434,0.000,V
serial:COM8/phase_v_v,4995884,1786326467434,0.005,V
serial:COM8/phase_w_v,4995884,1786326467434,8.670,V
serial:COM8/motor_angle,4995886,1786326467434,130.98,deg
serial:COM8/phase_u_v,4995886,1786326467434,0.005,V
serial:COM8/phase_v_v,4995886,1786326467434,0.005,V
serial:COM8/phase_w_v,4995886,1786326467434,0.000,V
serial:COM8/motor_angle,4995888,1786326467506,130.98,deg
serial:COM8/phase_u_v,4995888,1786326467506,0.005,V
serial:COM8/phase_v_v,4995888,1786326467506,0.005,V
serial:COM8/phase_w_v,4995888,1786326467506,0.000,V
serial:COM8/motor_angle,4995890,1786326467506,131.00,deg
serial:COM8/phase_u_v,4995890,1786326467506,0.005,V
serial:COM8/phase_v_v,4995890,1786326467506,0.054,V
serial:COM8/phase_w_v,4995890,1786326467506,0.000,V
serial:COM8/motor_angle,4995892,1786326467506,130.96,deg
serial:COM8/phase_u_v,4995892,1786326467506,0.049,V
serial:COM8/phase_v_v,4995892,1786326467506,0.000,V
serial:COM8/phase_w_v,4995892,1786326467506,0.005,V
serial:COM8/motor_angle,4995894,1786326467506,131.02,deg
serial:COM8/phase_u_v,4995894,1786326467506,0.059,V
serial:COM8/phase_v_v,4995894,1786326467506,0.005,V
serial:COM8/phase_w_v,4995894,1786326467506,0.005,V
serial:COM8/motor_angle,4995896,1786326467506,130.98,deg
serial:COM8/phase_u_v,4995896,1786326467506,0.038,V
serial:COM8/phase_v_v,4995896,1786326467506,0.005,V
serial:COM8/phase_w_v,4995896,1786326467506,0.000,V
serial:COM8/motor_angle,4995898,1786326467506,131.11,deg
serial:COM8/phase_u_v,4995898,1786326467506,0.032,V
serial:COM8/phase_v_v,4995898,1786326467506,0.005,V
serial:COM8/phase_w_v,4995898,1786326467506,0.005,V
serial:COM8/motor_angle,4995900,1786326467506,131.09,deg
serial:COM8/phase_u_v,4995900,1786326467506,0.027,V
serial:COM8/phase_v_v,4995900,1786326467506,0.000,V
serial:COM8/phase_w_v,4995900,1786326467506,0.000,V
serial:COM8/motor_angle,4995902,1786326467506,131.13,deg
serial:COM8/phase_u_v,4995902,1786326467506,0.005,V
serial:COM8/phase_v_v,4995902,1786326467506,0.000,V
serial:COM8/phase_w_v,4995902,1786326467506,0.000,V
serial:COM8/motor_angle,4995904,1786326467506,131.15,deg
serial:COM8/phase_u_v,4995904,1786326467506,0.005,V
serial:COM8/phase_v_v,4995904,1786326467506,0.005,V
serial:COM8/phase_w_v,4995904,1786326467506,0.000,V
serial:COM8/motor_angle,4995906,1786326467506,131.15,deg
serial:COM8/phase_u_v,4995906,1786326467506,0.005,V
serial:COM8/phase_v_v,4995906,1786326467506,0.000,V
serial:COM8/phase_w_v,4995906,1786326467506,0.005,V
serial:COM8/motor_angle,4995908,1786326467506,131.11,deg
serial:COM8/phase_u_v,4995908,1786326467506,0.005,V
serial:COM8/phase_v_v,4995908,1786326467506,0.005,V
serial:COM8/phase_w_v,4995908,1786326467506,0.000,V
serial:COM8/motor_angle,4995910,1786326467506,131.13,deg
serial:COM8/phase_u_v,4995910,1786326467506,0.005,V
serial:COM8/phase_v_v,4995910,1786326467506,0.005,V
serial:COM8/phase_w_v,4995910,1786326467506,0.005,V
serial:COM8/motor_angle,4995912,1786326467506,131.13,deg
serial:COM8/phase_u_v,4995912,1786326467506,0.005,V
serial:COM8/phase_v_v,4995912,1786326467506,0.005,V
serial:COM8/phase_w_v,4995912,1786326467506,0.005,V
serial:COM8/motor_angle,4995914,1786326467506,131.11,deg
serial:COM8/phase_u_v,4995914,1786326467506,0.005,V
serial:COM8/phase_v_v,4995914,1786326467506,0.005,V
serial:COM8/phase_w_v,4995914,1786326467506,0.005,V
serial:COM8/motor_angle,4995916,1786326467506,131.13,deg
serial:COM8/phase_u_v,4995916,1786326467506,0.000,V
serial:COM8/phase_v_v,4995916,1786326467506,0.000,V
serial:COM8/phase_w_v,4995916,1786326467506,0.000,V
serial:COM8/motor_angle,4995918,1786326467506,131.11,deg
serial:COM8/phase_u_v,4995918,1786326467506,0.000,V
serial:COM8/phase_v_v,4995918,1786326467506,0.005,V
serial:COM8/phase_w_v,4995918,1786326467506,0.000,V
serial:COM8/motor_angle,4995920,1786326467506,131.13,deg
serial:COM8/phase_u_v,4995920,1786326467506,0.005,V
serial:COM8/phase_v_v,4995920,1786326467506,0.000,V
serial:COM8/phase_w_v,4995920,1786326467506,0.000,V
serial:COM8/motor_angle,4995922,1786326467506,131.09,deg
serial:COM8/phase_u_v,4995922,1786326467506,0.000,V
serial:COM8/phase_v_v,4995922,1786326467506,0.005,V
serial:COM8/phase_w_v,4995922,1786326467506,0.000,V
serial:COM8/motor_angle,4995924,1786326467506,131.13,deg
serial:COM8/phase_u_v,4995924,1786326467506,0.000,V
serial:COM8/phase_v_v,4995924,1786326467506,0.005,V
serial:COM8/phase_w_v,4995924,1786326467506,0.000,V
serial:COM8/motor_angle,4995926,1786326467506,131.13,deg
serial:COM8/phase_u_v,4995926,1786326467506,0.000,V
serial:COM8/phase_v_v,4995926,1786326467506,0.000,V
serial:COM8/phase_w_v,4995926,1786326467506,0.000,V
serial:COM8/motor_angle,4995928,1786326467506,131.15,deg
serial:COM8/phase_u_v,4995928,1786326467506,0.005,V
serial:COM8/phase_v_v,4995928,1786326467506,0.000,V
serial:COM8/phase_w_v,4995928,1786326467506,0.000,V
serial:COM8/motor_angle,4995930,1786326467506,131.11,deg
serial:COM8/phase_u_v,4995930,1786326467506,0.005,V
serial:COM8/phase_v_v,4995930,1786326467506,0.000,V
serial:COM8/phase_w_v,4995930,1786326467506,0.000,V
serial:COM8/motor_angle,4995932,1786326467506,131.11,deg
serial:COM8/phase_u_v,4995932,1786326467506,0.005,V
serial:COM8/phase_v_v,4995932,1786326467506,0.005,V
serial:COM8/phase_w_v,4995932,1786326467506,0.005,V
serial:COM8/motor_angle,4995934,1786326467506,131.09,deg
serial:COM8/phase_u_v,4995934,1786326467506,0.000,V
serial:COM8/phase_v_v,4995934,1786326467506,0.005,V
serial:COM8/phase_w_v,4995934,1786326467506,0.000,V
serial:COM8/motor_angle,4995936,1786326467506,131.09,deg
serial:COM8/phase_u_v,4995936,1786326467506,0.005,V
serial:COM8/phase_v_v,4995936,1786326467506,0.005,V
serial:COM8/phase_w_v,4995936,1786326467506,0.000,V
serial:COM8/motor_angle,4995938,1786326467506,131.13,deg
serial:COM8/phase_u_v,4995938,1786326467506,0.059,V
serial:COM8/phase_v_v,4995938,1786326467506,0.005,V
serial:COM8/phase_w_v,4995938,1786326467506,0.000,V
serial:COM8/motor_angle,4995940,1786326467506,131.13,deg
serial:COM8/phase_u_v,4995940,1786326467506,0.005,V
serial:COM8/phase_v_v,4995940,1786326467506,0.000,V
serial:COM8/phase_w_v,4995940,1786326467506,0.000,V
serial:COM8/motor_angle,4995942,1786326467506,131.13,deg
serial:COM8/phase_u_v,4995942,1786326467506,0.005,V
serial:COM8/phase_v_v,4995942,1786326467506,0.000,V
serial:COM8/phase_w_v,4995942,1786326467506,0.000,V
serial:COM8/motor_angle,4995944,1786326467506,131.09,deg
serial:COM8/phase_u_v,4995944,1786326467506,0.000,V
serial:COM8/phase_v_v,4995944,1786326467506,0.000,V
serial:COM8/phase_w_v,4995944,1786326467506,0.000,V
serial:COM8/motor_angle,4995946,1786326467506,131.15,deg
serial:COM8/phase_u_v,4995946,1786326467506,0.005,V
serial:COM8/phase_v_v,4995946,1786326467506,0.000,V
serial:COM8/phase_w_v,4995946,1786326467506,0.005,V
serial:COM8/motor_angle,4995948,1786326467506,131.13,deg
serial:COM8/phase_u_v,4995948,1786326467506,0.049,V
serial:COM8/phase_v_v,4995948,1786326467506,0.005,V
serial:COM8/phase_w_v,4995948,1786326467506,0.005,V
serial:COM8/motor_angle,4995950,1786326467506,131.11,deg
serial:COM8/phase_u_v,4995950,1786326467506,0.005,V
serial:COM8/phase_v_v,4995950,1786326467506,0.005,V
serial:COM8/phase_w_v,4995950,1786326467506,0.000,V
serial:COM8/motor_angle,4995952,1786326467506,131.11,deg
serial:COM8/phase_u_v,4995952,1786326467506,0.005,V
serial:COM8/phase_v_v,4995952,1786326467506,0.005,V
serial:COM8/phase_w_v,4995952,1786326467506,0.005,V
serial:COM8/motor_angle,4995954,1786326467506,131.09,deg
serial:COM8/phase_u_v,4995954,1786326467506,0.000,V
serial:COM8/phase_v_v,4995954,1786326467506,0.005,V
serial:COM8/phase_w_v,4995954,1786326467506,0.000,V
serial:COM8/motor_angle,4995956,1786326467506,131.09,deg
serial:COM8/phase_u_v,4995956,1786326467506,0.000,V
serial:COM8/phase_v_v,4995956,1786326467506,0.000,V
serial:COM8/phase_w_v,4995956,1786326467506,0.000,V
serial:COM8/motor_angle,4995958,1786326467506,131.13,deg
serial:COM8/phase_u_v,4995958,1786326467506,0.005,V
serial:COM8/phase_v_v,4995958,1786326467506,0.005,V
serial:COM8/phase_w_v,4995958,1786326467506,0.000,V
serial:COM8/motor_angle,4995960,1786326467580,131.11,deg
serial:COM8/phase_u_v,4995960,1786326467580,0.005,V
serial:COM8/phase_v_v,4995960,1786326467580,0.000,V
serial:COM8/phase_w_v,4995960,1786326467580,0.000,V
serial:COM8/motor_angle,4995962,1786326467580,131.18,deg
serial:COM8/phase_u_v,4995962,1786326467580,0.000,V
serial:COM8/phase_v_v,4995962,1786326467580,0.000,V
serial:COM8/phase_w_v,4995962,1786326467580,0.000,V
serial:COM8/motor_angle,4995964,1786326467580,131.15,deg
serial:COM8/phase_u_v,4995964,1786326467580,0.000,V
serial:COM8/phase_v_v,4995964,1786326467580,0.005,V
serial:COM8/phase_w_v,4995964,1786326467580,0.005,V
serial:COM8/motor_angle,4995966,1786326467580,131.07,deg
serial:COM8/phase_u_v,4995966,1786326467580,0.038,V
serial:COM8/phase_v_v,4995966,1786326467580,0.005,V
serial:COM8/phase_w_v,4995966,1786326467580,0.000,V
serial:COM8/motor_angle,4995968,1786326467580,131.09,deg
serial:COM8/phase_u_v,4995968,1786326467580,0.005,V
serial:COM8/phase_v_v,4995968,1786326467580,0.005,V
serial:COM8/phase_w_v,4995968,1786326467580,0.000,V
serial:COM8/motor_angle,4995970,1786326467580,131.07,deg
serial:COM8/phase_u_v,4995970,1786326467580,0.005,V
serial:COM8/phase_v_v,4995970,1786326467580,0.000,V
serial:COM8/phase_w_v,4995970,1786326467580,0.005,V
serial:COM8/motor_angle,4995972,1786326467580,131.18,deg
serial:COM8/phase_u_v,4995972,1786326467580,0.000,V
serial:COM8/phase_v_v,4995972,1786326467580,0.000,V
serial:COM8/phase_w_v,4995972,1786326467580,0.005,V
serial:COM8/motor_angle,4995974,1786326467580,131.13,deg
serial:COM8/phase_u_v,4995974,1786326467580,0.000,V
serial:COM8/phase_v_v,4995974,1786326467580,0.000,V
serial:COM8/phase_w_v,4995974,1786326467580,0.000,V
serial:COM8/motor_angle,4995976,1786326467580,131.13,deg
serial:COM8/phase_u_v,4995976,1786326467580,0.005,V
serial:COM8/phase_v_v,4995976,1786326467580,0.005,V
serial:COM8/phase_w_v,4995976,1786326467580,0.000,V
serial:COM8/motor_angle,4995978,1786326467580,131.11,deg
serial:COM8/phase_u_v,4995978,1786326467580,0.005,V
serial:COM8/phase_v_v,4995978,1786326467580,0.005,V
serial:COM8/phase_w_v,4995978,1786326467580,0.000,V
serial:COM8/motor_angle,4995980,1786326467580,131.15,deg
serial:COM8/phase_u_v,4995980,1786326467580,0.000,V
serial:COM8/phase_v_v,4995980,1786326467580,0.005,V
serial:COM8/phase_w_v,4995980,1786326467580,0.005,V
serial:COM8/motor_angle,4995982,1786326467580,131.09,deg
serial:COM8/phase_u_v,4995982,1786326467580,0.000,V
serial:COM8/phase_v_v,4995982,1786326467580,0.005,V
serial:COM8/phase_w_v,4995982,1786326467580,0.005,V
serial:COM8/motor_angle,4995984,1786326467580,131.13,deg
serial:COM8/phase_u_v,4995984,1786326467580,0.000,V
serial:COM8/phase_v_v,4995984,1786326467580,0.011,V
serial:COM8/phase_w_v,4995984,1786326467580,0.000,V
serial:COM8/motor_angle,4995986,1786326467580,131.13,deg
serial:COM8/phase_u_v,4995986,1786326467580,0.000,V
serial:COM8/phase_v_v,4995986,1786326467580,0.000,V
serial:COM8/phase_w_v,4995986,1786326467580,0.000,V
serial:COM8/motor_angle,4995988,1786326467580,131.15,deg
serial:COM8/phase_u_v,4995988,1786326467580,0.005,V
serial:COM8/phase_v_v,4995988,1786326467580,0.000,V
serial:COM8/phase_w_v,4995988,1786326467580,0.000,V
serial:COM8/motor_angle,4995990,1786326467580,131.15,deg
serial:COM8/phase_u_v,4995990,1786326467580,0.000,V
serial:COM8/phase_v_v,4995990,1786326467580,0.005,V
serial:COM8/phase_w_v,4995990,1786326467580,0.000,V
serial:COM8/motor_angle,4995992,1786326467580,131.15,deg
serial:COM8/phase_u_v,4995992,1786326467580,0.000,V
serial:COM8/phase_v_v,4995992,1786326467580,0.005,V
serial:COM8/phase_w_v,4995992,1786326467580,0.005,V
serial:COM8/motor_angle,4995994,1786326467580,131.20,deg
serial:COM8/phase_u_v,4995994,1786326467580,0.005,V
serial:COM8/phase_v_v,4995994,1786326467580,0.005,V
serial:COM8/phase_w_v,4995994,1786326467580,0.000,V
serial:COM8/motor_angle,4995996,1786326467580,131.07,deg
serial:COM8/phase_u_v,4995996,1786326467580,0.005,V
serial:COM8/phase_v_v,4995996,1786326467580,0.005,V
serial:COM8/phase_w_v,4995996,1786326467580,0.000,V
serial:COM8/motor_angle,4995998,1786326467580,131.09,deg
serial:COM8/phase_u_v,4995998,1786326467580,0.000,V
serial:COM8/phase_v_v,4995998,1786326467580,0.005,V
serial:COM8/phase_w_v,4995998,1786326467580,0.005,V
serial:COM8/motor_angle,4996000,1786326467580,131.11,deg
serial:COM8/phase_u_v,4996000,1786326467580,0.005,V
serial:COM8/phase_v_v,4996000,1786326467580,0.005,V
serial:COM8/phase_w_v,4996000,1786326467580,0.005,V
serial:COM8/motor_angle,4996002,1786326467580,131.15,deg
serial:COM8/phase_u_v,4996002,1786326467580,0.005,V
serial:COM8/phase_v_v,4996002,1786326467580,0.005,V
serial:COM8/phase_w_v,4996002,1786326467580,0.000,V
serial:COM8/motor_angle,4996004,1786326467580,131.15,deg
serial:COM8/phase_u_v,4996004,1786326467580,0.000,V
serial:COM8/phase_v_v,4996004,1786326467580,0.000,V
serial:COM8/phase_w_v,4996004,1786326467580,0.000,V
serial:COM8/motor_angle,4996006,1786326467580,131.11,deg
serial:COM8/phase_u_v,4996006,1786326467580,0.005,V
serial:COM8/phase_v_v,4996006,1786326467580,0.005,V
serial:COM8/phase_w_v,4996006,1786326467580,0.005,V
serial:COM8/motor_angle,4996008,1786326467580,131.15,deg
serial:COM8/phase_u_v,4996008,1786326467580,0.000,V
serial:COM8/phase_v_v,4996008,1786326467580,0.005,V
serial:COM8/phase_w_v,4996008,1786326467580,0.005,V
serial:COM8/motor_angle,4996010,1786326467580,131.11,deg
serial:COM8/phase_u_v,4996010,1786326467580,0.086,V
serial:COM8/phase_v_v,4996010,1786326467580,0.005,V
serial:COM8/phase_w_v,4996010,1786326467580,0.000,V
serial:COM8/motor_angle,4996012,1786326467580,131.13,deg
serial:COM8/phase_u_v,4996012,1786326467580,0.005,V
serial:COM8/phase_v_v,4996012,1786326467580,0.005,V
serial:COM8/phase_w_v,4996012,1786326467580,0.000,V
serial:COM8/motor_angle,4996014,1786326467580,131.15,deg
serial:COM8/phase_u_v,4996014,1786326467580,0.005,V
serial:COM8/phase_v_v,4996014,1786326467580,0.005,V
serial:COM8/phase_w_v,4996014,1786326467580,0.005,V
serial:COM8/motor_angle,4996016,1786326467580,131.13,deg
serial:COM8/phase_u_v,4996016,1786326467580,0.378,V
serial:COM8/phase_v_v,4996016,1786326467580,0.005,V
serial:COM8/phase_w_v,4996016,1786326467580,0.000,V
serial:COM8/motor_angle,4996018,1786326467580,131.15,deg
serial:COM8/phase_u_v,4996018,1786326467580,0.005,V
serial:COM8/phase_v_v,4996018,1786326467580,0.000,V
serial:COM8/phase_w_v,4996018,1786326467580,0.005,V
serial:COM8/motor_angle,4996020,1786326467580,131.22,deg
serial:COM8/phase_u_v,4996020,1786326467580,0.005,V
serial:COM8/phase_v_v,4996020,1786326467580,0.000,V
serial:COM8/phase_w_v,4996020,1786326467580,0.005,V
serial:COM8/motor_angle,4996022,1786326467580,131.18,deg
serial:COM8/phase_u_v,4996022,1786326467580,0.000,V
serial:COM8/phase_v_v,4996022,1786326467580,0.005,V
serial:COM8/phase_w_v,4996022,1786326467580,0.005,V
serial:COM8/motor_angle,4996024,1786326467580,131.13,deg
serial:COM8/phase_u_v,4996024,1786326467580,0.113,V
serial:COM8/phase_v_v,4996024,1786326467580,0.005,V
serial:COM8/phase_w_v,4996024,1786326467580,0.005,V
serial:COM8/motor_angle,4996026,1786326467580,131.18,deg
serial:COM8/phase_u_v,4996026,1786326467580,0.005,V
serial:COM8/phase_v_v,4996026,1786326467580,0.000,V
serial:COM8/phase_w_v,4996026,1786326467580,0.005,V
serial:COM8/motor_angle,4996028,1786326467580,131.13,deg
serial:COM8/phase_u_v,4996028,1786326467580,0.000,V
serial:COM8/phase_v_v,4996028,1786326467580,0.005,V
serial:COM8/phase_w_v,4996028,1786326467580,0.005,V
serial:COM8/motor_angle,4996030,1786326467580,131.22,deg
serial:COM8/phase_u_v,4996030,1786326467580,0.005,V
serial:COM8/phase_v_v,4996030,1786326467580,0.000,V
serial:COM8/phase_w_v,4996030,1786326467580,0.005,V
serial:COM8/motor_angle,4996032,1786326467580,131.13,deg
serial:COM8/phase_u_v,4996032,1786326467580,0.005,V
serial:COM8/phase_v_v,4996032,1786326467580,0.005,V
serial:COM8/phase_w_v,4996032,1786326467580,0.000,V
serial:COM8/motor_angle,4996034,1786326467652,131.13,deg
serial:COM8/phase_u_v,4996034,1786326467652,0.000,V
serial:COM8/phase_v_v,4996034,1786326467652,0.005,V
serial:COM8/phase_w_v,4996034,1786326467652,0.000,V
serial:COM8/motor_angle,4996036,1786326467652,131.13,deg
serial:COM8/phase_u_v,4996036,1786326467652,0.005,V
serial:COM8/phase_v_v,4996036,1786326467652,0.005,V
serial:COM8/phase_w_v,4996036,1786326467652,0.005,V
serial:COM8/motor_angle,4996038,1786326467652,131.11,deg
serial:COM8/phase_u_v,4996038,1786326467652,0.005,V
serial:COM8/phase_v_v,4996038,1786326467652,0.005,V
serial:COM8/phase_w_v,4996038,1786326467652,0.000,V
serial:COM8/motor_angle,4996040,1786326467652,131.11,deg
serial:COM8/phase_u_v,4996040,1786326467652,0.005,V
serial:COM8/phase_v_v,4996040,1786326467652,0.005,V
serial:COM8/phase_w_v,4996040,1786326467652,0.005,V
serial:COM8/motor_angle,4996042,1786326467652,131.15,deg
serial:COM8/phase_u_v,4996042,1786326467652,0.005,V
serial:COM8/phase_v_v,4996042,1786326467652,0.000,V
serial:COM8/phase_w_v,4996042,1786326467652,0.005,V
serial:COM8/motor_angle,4996044,1786326467652,131.13,deg
serial:COM8/phase_u_v,4996044,1786326467652,0.005,V
serial:COM8/phase_v_v,4996044,1786326467652,0.005,V
serial:COM8/phase_w_v,4996044,1786326467652,0.005,V
serial:COM8/motor_angle,4996046,1786326467652,131.11,deg
serial:COM8/phase_u_v,4996046,1786326467652,0.005,V
serial:COM8/phase_v_v,4996046,1786326467652,0.005,V
serial:COM8/phase_w_v,4996046,1786326467652,0.005,V
serial:COM8/motor_angle,4996048,1786326467652,131.13,deg
serial:COM8/phase_u_v,4996048,1786326467652,0.005,V
serial:COM8/phase_v_v,4996048,1786326467652,0.005,V
serial:COM8/phase_w_v,4996048,1786326467652,0.000,V
serial:COM8/motor_angle,4996050,1786326467652,131.13,deg
serial:COM8/phase_u_v,4996050,1786326467652,0.005,V
serial:COM8/phase_v_v,4996050,1786326467652,0.005,V
serial:COM8/phase_w_v,4996050,1786326467652,0.000,V
serial:COM8/motor_angle,4996052,1786326467652,131.13,deg
serial:COM8/phase_u_v,4996052,1786326467652,0.005,V
serial:COM8/phase_v_v,4996052,1786326467652,0.005,V
serial:COM8/phase_w_v,4996052,1786326467652,0.005,V
serial:COM8/motor_angle,4996054,1786326467652,131.11,deg
serial:COM8/phase_u_v,4996054,1786326467652,0.000,V
serial:COM8/phase_v_v,4996054,1786326467652,0.005,V
serial:COM8/phase_w_v,4996054,1786326467652,0.000,V
serial:COM8/motor_angle,4996056,1786326467652,131.13,deg
serial:COM8/phase_u_v,4996056,1786326467652,0.005,V
serial:COM8/phase_v_v,4996056,1786326467652,0.005,V
serial:COM8/phase_w_v,4996056,1786326467652,0.000,V
serial:COM8/motor_angle,4996058,1786326467652,131.13,deg
serial:COM8/phase_u_v,4996058,1786326467652,0.005,V
serial:COM8/phase_v_v,4996058,1786326467652,0.000,V
serial:COM8/phase_w_v,4996058,1786326467652,0.005,V
serial:COM8/motor_angle,4996060,1786326467652,131.11,deg
serial:COM8/phase_u_v,4996060,1786326467652,0.000,V
serial:COM8/phase_v_v,4996060,1786326467652,0.005,V
serial:COM8/phase_w_v,4996060,1786326467652,0.005,V
serial:COM8/motor_angle,4996062,1786326467652,131.09,deg
serial:COM8/phase_u_v,4996062,1786326467652,0.005,V
serial:COM8/phase_v_v,4996062,1786326467652,0.005,V
serial:COM8/phase_w_v,4996062,1786326467652,0.000,V
serial:COM8/motor_angle,4996064,1786326467652,131.11,deg
serial:COM8/phase_u_v,4996064,1786326467652,0.005,V
serial:COM8/phase_v_v,4996064,1786326467652,0.000,V
serial:COM8/phase_w_v,4996064,1786326467652,0.000,V
serial:COM8/motor_angle,4996066,1786326467652,131.18,deg
serial:COM8/phase_u_v,4996066,1786326467652,0.005,V
serial:COM8/phase_v_v,4996066,1786326467652,0.000,V
serial:COM8/phase_w_v,4996066,1786326467652,0.000,V
serial:COM8/motor_angle,4996068,1786326467652,131.15,deg
serial:COM8/phase_u_v,4996068,1786326467652,0.000,V
serial:COM8/phase_v_v,4996068,1786326467652,0.005,V
serial:COM8/phase_w_v,4996068,1786326467652,0.000,V
serial:COM8/motor_angle,4996070,1786326467652,131.15,deg
serial:COM8/phase_u_v,4996070,1786326467652,0.000,V
serial:COM8/phase_v_v,4996070,1786326467652,0.005,V
serial:COM8/phase_w_v,4996070,1786326467652,0.000,V
serial:COM8/motor_angle,4996072,1786326467652,131.11,deg
serial:COM8/phase_u_v,4996072,1786326467652,0.011,V
serial:COM8/phase_v_v,4996072,1786326467652,0.000,V
serial:COM8/phase_w_v,4996072,1786326467652,0.000,V
serial:COM8/motor_angle,4996074,1786326467652,131.15,deg
serial:COM8/phase_u_v,4996074,1786326467652,0.005,V
serial:COM8/phase_v_v,4996074,1786326467652,0.005,V
serial:COM8/phase_w_v,4996074,1786326467652,0.000,V
serial:COM8/motor_angle,4996076,1786326467652,131.13,deg
serial:COM8/phase_u_v,4996076,1786326467652,0.005,V
serial:COM8/phase_v_v,4996076,1786326467652,0.000,V
serial:COM8/phase_w_v,4996076,1786326467652,0.005,V
serial:COM8/motor_angle,4996078,1786326467652,131.11,deg
serial:COM8/phase_u_v,4996078,1786326467652,0.005,V
serial:COM8/phase_v_v,4996078,1786326467652,0.000,V
serial:COM8/phase_w_v,4996078,1786326467652,0.005,V
serial:COM8/motor_angle,4996080,1786326467652,131.13,deg
serial:COM8/phase_u_v,4996080,1786326467652,0.005,V
serial:COM8/phase_v_v,4996080,1786326467652,0.005,V
serial:COM8/phase_w_v,4996080,1786326467652,0.000,V
serial:COM8/motor_angle,4996082,1786326467652,131.11,deg
serial:COM8/phase_u_v,4996082,1786326467652,0.005,V
serial:COM8/phase_v_v,4996082,1786326467652,0.005,V
serial:COM8/phase_w_v,4996082,1786326467652,0.000,V
serial:COM8/motor_angle,4996084,1786326467652,131.11,deg
serial:COM8/phase_u_v,4996084,1786326467652,0.005,V
serial:COM8/phase_v_v,4996084,1786326467652,0.005,V
serial:COM8/phase_w_v,4996084,1786326467652,0.005,V
serial:COM8/motor_angle,4996086,1786326467652,131.13,deg
serial:COM8/phase_u_v,4996086,1786326467652,0.005,V
serial:COM8/phase_v_v,4996086,1786326467652,0.005,V
serial:COM8/phase_w_v,4996086,1786326467652,0.005,V
serial:COM8/motor_angle,4996088,1786326467652,131.20,deg
serial:COM8/phase_u_v,4996088,1786326467652,0.000,V
serial:COM8/phase_v_v,4996088,1786326467652,0.005,V
serial:COM8/phase_w_v,4996088,1786326467652,0.000,V
serial:COM8/motor_angle,4996090,1786326467652,131.15,deg
serial:COM8/phase_u_v,4996090,1786326467652,0.000,V
serial:COM8/phase_v_v,4996090,1786326467652,0.005,V
serial:COM8/phase_w_v,4996090,1786326467652,0.000,V
serial:COM8/motor_angle,4996092,1786326467652,131.13,deg
serial:COM8/phase_u_v,4996092,1786326467652,0.005,V
serial:COM8/phase_v_v,4996092,1786326467652,0.005,V
serial:COM8/phase_w_v,4996092,1786326467652,0.000,V
serial:COM8/motor_angle,4996094,1786326467652,131.13,deg
serial:COM8/phase_u_v,4996094,1786326467652,0.005,V
serial:COM8/phase_v_v,4996094,1786326467652,0.005,V
serial:COM8/phase_w_v,4996094,1786326467652,0.000,V
serial:COM8/motor_angle,4996096,1786326467652,131.11,deg
serial:COM8/phase_u_v,4996096,1786326467652,0.005,V
serial:COM8/phase_v_v,4996096,1786326467652,0.005,V
serial:COM8/phase_w_v,4996096,1786326467652,0.000,V
serial:COM8/motor_angle,4996098,1786326467652,131.15,deg
serial:COM8/phase_u_v,4996098,1786326467652,0.005,V
serial:COM8/phase_v_v,4996098,1786326467652,0.005,V
serial:COM8/phase_w_v,4996098,1786326467652,0.005,V
serial:COM8/motor_angle,4996100,1786326467652,131.13,deg
serial:COM8/phase_u_v,4996100,1786326467652,0.000,V
serial:COM8/phase_v_v,4996100,1786326467652,0.000,V
serial:COM8/phase_w_v,4996100,1786326467652,0.005,V
serial:COM8/motor_angle,4996102,1786326467652,131.15,deg
serial:COM8/phase_u_v,4996102,1786326467652,0.000,V
serial:COM8/phase_v_v,4996102,1786326467652,0.005,V
serial:COM8/phase_w_v,4996102,1786326467652,0.005,V
serial:COM8/motor_angle,4996104,1786326467652,131.09,deg
serial:COM8/phase_u_v,4996104,1786326467652,0.000,V
serial:COM8/phase_v_v,4996104,1786326467652,0.005,V
serial:COM8/phase_w_v,4996104,1786326467652,0.000,V
serial:COM8/motor_angle,4996106,1786326467724,131.15,deg
serial:COM8/phase_u_v,4996106,1786326467724,0.005,V
serial:COM8/phase_v_v,4996106,1786326467724,0.005,V
serial:COM8/phase_w_v,4996106,1786326467724,0.005,V
serial:COM8/motor_angle,4996108,1786326467724,131.13,deg
serial:COM8/phase_u_v,4996108,1786326467724,0.000,V
serial:COM8/phase_v_v,4996108,1786326467724,0.000,V
serial:COM8/phase_w_v,4996108,1786326467724,0.005,V
serial:COM8/motor_angle,4996110,1786326467724,131.07,deg
serial:COM8/phase_u_v,4996110,1786326467724,0.000,V
serial:COM8/phase_v_v,4996110,1786326467724,0.000,V
serial:COM8/phase_w_v,4996110,1786326467724,0.005,V
serial:COM8/motor_angle,4996112,1786326467724,131.11,deg
serial:COM8/phase_u_v,4996112,1786326467724,0.005,V
serial:COM8/phase_v_v,4996112,1786326467724,0.005,V
serial:COM8/phase_w_v,4996112,1786326467724,0.000,V
serial:COM8/motor_angle,4996114,1786326467724,131.13,deg
serial:COM8/phase_u_v,4996114,1786326467724,0.005,V
serial:COM8/phase_v_v,4996114,1786326467724,0.000,V
serial:COM8/phase_w_v,4996114,1786326467724,0.005,V
serial:COM8/motor_angle,4996116,1786326467724,131.18,deg
serial:COM8/phase_u_v,4996116,1786326467724,0.005,V
serial:COM8/phase_v_v,4996116,1786326467724,0.005,V
serial:COM8/phase_w_v,4996116,1786326467724,0.005,V
serial:COM8/motor_angle,4996118,1786326467724,131.13,deg
serial:COM8/phase_u_v,4996118,1786326467724,0.000,V
serial:COM8/phase_v_v,4996118,1786326467724,0.005,V
serial:COM8/phase_w_v,4996118,1786326467724,0.005,V
serial:COM8/motor_angle,4996120,1786326467724,131.11,deg
serial:COM8/phase_u_v,4996120,1786326467724,0.000,V
serial:COM8/phase_v_v,4996120,1786326467724,0.000,V
serial:COM8/phase_w_v,4996120,1786326467724,0.005,V
serial:COM8/motor_angle,4996122,1786326467724,131.11,deg
serial:COM8/phase_u_v,4996122,1786326467724,0.000,V
serial:COM8/phase_v_v,4996122,1786326467724,0.005,V
serial:COM8/phase_w_v,4996122,1786326467724,0.005,V
serial:COM8/motor_angle,4996124,1786326467724,131.15,deg
serial:COM8/phase_u_v,4996124,1786326467724,0.000,V
serial:COM8/phase_v_v,4996124,1786326467724,0.011,V
serial:COM8/phase_w_v,4996124,1786326467724,0.000,V
serial:COM8/motor_angle,4996126,1786326467724,131.18,deg
serial:COM8/phase_u_v,4996126,1786326467724,0.000,V
serial:COM8/phase_v_v,4996126,1786326467724,0.005,V
serial:COM8/phase_w_v,4996126,1786326467724,0.005,V
serial:COM8/motor_angle,4996128,1786326467724,131.09,deg
serial:COM8/phase_u_v,4996128,1786326467724,0.005,V
serial:COM8/phase_v_v,4996128,1786326467724,0.005,V
serial:COM8/phase_w_v,4996128,1786326467724,0.000,V
serial:COM8/motor_angle,4996130,1786326467724,131.13,deg
serial:COM8/phase_u_v,4996130,1786326467724,0.005,V
serial:COM8/phase_v_v,4996130,1786326467724,0.000,V
serial:COM8/phase_w_v,4996130,1786326467724,0.000,V
serial:COM8/motor_angle,4996132,1786326467724,131.15,deg
serial:COM8/phase_u_v,4996132,1786326467724,0.000,V
serial:COM8/phase_v_v,4996132,1786326467724,0.005,V
serial:COM8/phase_w_v,4996132,1786326467724,0.005,V
serial:COM8/motor_angle,4996134,1786326467724,131.11,deg
serial:COM8/phase_u_v,4996134,1786326467724,0.005,V
serial:COM8/phase_v_v,4996134,1786326467724,0.000,V
serial:COM8/phase_w_v,4996134,1786326467724,0.000,V
serial:COM8/motor_angle,4996136,1786326467724,131.13,deg
serial:COM8/phase_u_v,4996136,1786326467724,0.005,V
serial:COM8/phase_v_v,4996136,1786326467724,0.005,V
serial:COM8/phase_w_v,4996136,1786326467724,0.005,V
serial:COM8/motor_angle,4996138,1786326467724,131.11,deg
serial:COM8/phase_u_v,4996138,1786326467724,0.000,V
serial:COM8/phase_v_v,4996138,1786326467724,0.000,V
serial:COM8/phase_w_v,4996138,1786326467724,0.005,V
serial:COM8/motor_angle,4996140,1786326467724,131.15,deg
serial:COM8/phase_u_v,4996140,1786326467724,0.189,V
serial:COM8/phase_v_v,4996140,1786326467724,0.005,V
serial:COM8/phase_w_v,4996140,1786326467724,0.005,V
serial:COM8/motor_angle,4996142,1786326467724,131.15,deg
serial:COM8/phase_u_v,4996142,1786326467724,0.005,V
serial:COM8/phase_v_v,4996142,1786326467724,0.005,V
serial:COM8/phase_w_v,4996142,1786326467724,0.000,V
serial:COM8/motor_angle,4996144,1786326467724,131.11,deg
serial:COM8/phase_u_v,4996144,1786326467724,0.000,V
serial:COM8/phase_v_v,4996144,1786326467724,0.005,V
serial:COM8/phase_w_v,4996144,1786326467724,0.005,V
serial:COM8/motor_angle,4996146,1786326467724,131.13,deg
serial:COM8/phase_u_v,4996146,1786326467724,0.005,V
serial:COM8/phase_v_v,4996146,1786326467724,0.005,V
serial:COM8/phase_w_v,4996146,1786326467724,0.000,V
serial:COM8/motor_angle,4996148,1786326467724,131.11,deg
serial:COM8/phase_u_v,4996148,1786326467724,0.005,V
serial:COM8/phase_v_v,4996148,1786326467724,0.000,V
serial:COM8/phase_w_v,4996148,1786326467724,0.000,V
serial:COM8/motor_angle,4996150,1786326467724,131.15,deg
serial:COM8/phase_u_v,4996150,1786326467724,0.000,V
serial:COM8/phase_v_v,4996150,1786326467724,0.005,V
serial:COM8/phase_w_v,4996150,1786326467724,0.005,V
serial:COM8/motor_angle,4996152,1786326467724,131.15,deg
serial:COM8/phase_u_v,4996152,1786326467724,0.005,V
serial:COM8/phase_v_v,4996152,1786326467724,0.005,V
serial:COM8/phase_w_v,4996152,1786326467724,0.000,V
serial:COM8/motor_angle,4996154,1786326467724,131.11,deg
serial:COM8/phase_u_v,4996154,1786326467724,0.097,V
serial:COM8/phase_v_v,4996154,1786326467724,0.005,V
serial:COM8/phase_w_v,4996154,1786326467724,0.005,V
serial:COM8/motor_angle,4996156,1786326467724,131.09,deg
serial:COM8/phase_u_v,4996156,1786326467724,0.000,V
serial:COM8/phase_v_v,4996156,1786326467724,0.000,V
serial:COM8/phase_w_v,4996156,1786326467724,0.000,V
serial:COM8/motor_angle,4996158,1786326467724,131.11,deg
serial:COM8/phase_u_v,4996158,1786326467724,0.005,V
serial:COM8/phase_v_v,4996158,1786326467724,0.005,V
serial:COM8/phase_w_v,4996158,1786326467724,0.005,V
serial:COM8/motor_angle,4996160,1786326467724,131.13,deg
serial:COM8/phase_u_v,4996160,1786326467724,0.005,V
serial:COM8/phase_v_v,4996160,1786326467724,0.005,V
serial:COM8/phase_w_v,4996160,1786326467724,0.000,V
serial:COM8/motor_angle,4996162,1786326467724,131.15,deg
serial:COM8/phase_u_v,4996162,1786326467724,0.005,V
serial:COM8/phase_v_v,4996162,1786326467724,0.000,V
serial:COM8/phase_w_v,4996162,1786326467724,0.000,V
serial:COM8/motor_angle,4996164,1786326467724,131.13,deg
serial:COM8/phase_u_v,4996164,1786326467724,0.000,V
serial:COM8/phase_v_v,4996164,1786326467724,0.000,V
serial:COM8/phase_w_v,4996164,1786326467724,0.000,V
serial:COM8/motor_angle,4996166,1786326467724,131.13,deg
serial:COM8/phase_u_v,4996166,1786326467724,0.005,V
serial:COM8/phase_v_v,4996166,1786326467724,0.011,V
serial:COM8/phase_w_v,4996166,1786326467724,0.000,V
serial:COM8/motor_angle,4996168,1786326467724,131.11,deg
serial:COM8/phase_u_v,4996168,1786326467724,0.000,V
serial:COM8/phase_v_v,4996168,1786326467724,0.000,V
serial:COM8/phase_w_v,4996168,1786326467724,0.000,V
serial:COM8/motor_angle,4996170,1786326467724,131.18,deg
serial:COM8/phase_u_v,4996170,1786326467724,0.005,V
serial:COM8/phase_v_v,4996170,1786326467724,0.000,V
serial:COM8/phase_w_v,4996170,1786326467724,0.005,V
serial:COM8/motor_angle,4996172,1786326467724,131.11,deg
serial:COM8/phase_u_v,4996172,1786326467724,0.005,V
serial:COM8/phase_v_v,4996172,1786326467724,0.005,V
serial:COM8/phase_w_v,4996172,1786326467724,0.000,V
serial:COM8/motor_angle,4996174,1786326467724,131.11,deg
serial:COM8/phase_u_v,4996174,1786326467724,0.324,V
serial:COM8/phase_v_v,4996174,1786326467724,0.005,V
serial:COM8/phase_w_v,4996174,1786326467724,0.000,V
serial:COM8/motor_angle,4996176,1786326467724,131.11,deg
serial:COM8/phase_u_v,4996176,1786326467724,0.005,V
serial:COM8/phase_v_v,4996176,1786326467724,0.005,V
serial:COM8/phase_w_v,4996176,1786326467724,0.000,V
serial:COM8/motor_angle,4996178,1786326467797,131.07,deg
serial:COM8/phase_u_v,4996178,1786326467797,0.005,V
serial:COM8/phase_v_v,4996178,1786326467797,0.005,V
serial:COM8/phase_w_v,4996178,1786326467797,0.000,V
serial:COM8/motor_angle,4996180,1786326467797,131.11,deg
serial:COM8/phase_u_v,4996180,1786326467797,0.005,V
serial:COM8/phase_v_v,4996180,1786326467797,0.000,V
serial:COM8/phase_w_v,4996180,1786326467797,0.000,V
serial:COM8/motor_angle,4996182,1786326467797,131.13,deg
serial:COM8/phase_u_v,4996182,1786326467797,0.140,V
serial:COM8/phase_v_v,4996182,1786326467797,0.005,V
serial:COM8/phase_w_v,4996182,1786326467797,0.000,V
serial:COM8/motor_angle,4996184,1786326467797,131.15,deg
serial:COM8/phase_u_v,4996184,1786326467797,0.005,V
serial:COM8/phase_v_v,4996184,1786326467797,0.005,V
serial:COM8/phase_w_v,4996184,1786326467797,0.000,V
serial:COM8/motor_angle,4996186,1786326467797,131.13,deg
serial:COM8/phase_u_v,4996186,1786326467797,0.005,V
serial:COM8/phase_v_v,4996186,1786326467797,0.000,V
serial:COM8/phase_w_v,4996186,1786326467797,0.000,V
serial:COM8/motor_angle,4996188,1786326467797,131.13,deg
serial:COM8/phase_u_v,4996188,1786326467797,0.000,V
serial:COM8/phase_v_v,4996188,1786326467797,0.000,V
serial:COM8/phase_w_v,4996188,1786326467797,0.005,V
serial:COM8/motor_angle,4996190,1786326467797,131.13,deg
serial:COM8/phase_u_v,4996190,1786326467797,0.005,V
serial:COM8/phase_v_v,4996190,1786326467797,0.000,V
serial:COM8/phase_w_v,4996190,1786326467797,0.000,V
serial:COM8/motor_angle,4996192,1786326467797,131.18,deg
serial:COM8/phase_u_v,4996192,1786326467797,0.000,V
serial:COM8/phase_v_v,4996192,1786326467797,0.005,V
serial:COM8/phase_w_v,4996192,1786326467797,0.000,V
serial:COM8/motor_angle,4996194,1786326467797,131.13,deg
serial:COM8/phase_u_v,4996194,1786326467797,0.005,V
serial:COM8/phase_v_v,4996194,1786326467797,0.005,V
serial:COM8/phase_w_v,4996194,1786326467797,0.000,V
serial:COM8/motor_angle,4996196,1786326467797,131.09,deg
serial:COM8/phase_u_v,4996196,1786326467797,0.000,V
serial:COM8/phase_v_v,4996196,1786326467797,0.005,V
serial:COM8/phase_w_v,4996196,1786326467797,0.005,V
serial:COM8/motor_angle,4996198,1786326467797,131.15,deg
serial:COM8/phase_u_v,4996198,1786326467797,0.000,V
serial:COM8/phase_v_v,4996198,1786326467797,0.000,V
serial:COM8/phase_w_v,4996198,1786326467797,0.000,V
serial:COM8/motor_angle,4996200,1786326467797,131.18,deg
serial:COM8/phase_u_v,4996200,1786326467797,0.005,V
serial:COM8/phase_v_v,4996200,1786326467797,0.005,V
serial:COM8/phase_w_v,4996200,1786326467797,0.005,V
serial:COM8/motor_angle,4996202,1786326467797,131.09,deg
serial:COM8/phase_u_v,4996202,1786326467797,0.000,V
serial:COM8/phase_v_v,4996202,1786326467797,0.005,V
serial:COM8/phase_w_v,4996202,1786326467797,0.000,V
serial:COM8/motor_angle,4996204,1786326467797,131.11,deg
serial:COM8/phase_u_v,4996204,1786326467797,0.005,V
serial:COM8/phase_v_v,4996204,1786326467797,0.005,V
serial:COM8/phase_w_v,4996204,1786326467797,0.000,V
serial:COM8/motor_angle,4996206,1786326467797,131.09,deg
serial:COM8/phase_u_v,4996206,1786326467797,0.005,V
serial:COM8/phase_v_v,4996206,1786326467797,0.005,V
serial:COM8/phase_w_v,4996206,1786326467797,0.005,V
serial:COM8/motor_angle,4996208,1786326467797,131.15,deg
serial:COM8/phase_u_v,4996208,1786326467797,0.005,V
serial:COM8/phase_v_v,4996208,1786326467797,0.005,V
serial:COM8/phase_w_v,4996208,1786326467797,0.000,V
serial:COM8/motor_angle,4996210,1786326467797,131.15,deg
serial:COM8/phase_u_v,4996210,1786326467797,0.005,V
serial:COM8/phase_v_v,4996210,1786326467797,0.005,V
serial:COM8/phase_w_v,4996210,1786326467797,0.000,V
serial:COM8/motor_angle,4996212,1786326467797,131.15,deg
serial:COM8/phase_u_v,4996212,1786326467797,0.005,V
serial:COM8/phase_v_v,4996212,1786326467797,0.005,V
serial:COM8/phase_w_v,4996212,1786326467797,0.005,V
serial:COM8/motor_angle,4996214,1786326467797,131.13,deg
serial:COM8/phase_u_v,4996214,1786326467797,0.005,V
serial:COM8/phase_v_v,4996214,1786326467797,0.000,V
serial:COM8/phase_w_v,4996214,1786326467797,0.000,V
serial:COM8/motor_angle,4996216,1786326467797,131.11,deg
serial:COM8/phase_u_v,4996216,1786326467797,0.005,V
serial:COM8/phase_v_v,4996216,1786326467797,0.000,V
serial:COM8/phase_w_v,4996216,1786326467797,0.000,V
serial:COM8/motor_angle,4996218,1786326467797,131.15,deg
serial:COM8/phase_u_v,4996218,1786326467797,0.000,V
serial:COM8/phase_v_v,4996218,1786326467797,0.005,V
serial:COM8/phase_w_v,4996218,1786326467797,0.005,V
serial:COM8/motor_angle,4996220,1786326467797,131.11,deg
serial:COM8/phase_u_v,4996220,1786326467797,0.000,V
serial:COM8/phase_v_v,4996220,1786326467797,0.000,V
serial:COM8/phase_w_v,4996220,1786326467797,0.000,V
serial:COM8/motor_angle,4996222,1786326467797,131.18,deg
serial:COM8/phase_u_v,4996222,1786326467797,0.005,V
serial:COM8/phase_v_v,4996222,1786326467797,0.005,V
serial:COM8/phase_w_v,4996222,1786326467797,0.005,V
serial:COM8/motor_angle,4996224,1786326467797,131.13,deg
serial:COM8/phase_u_v,4996224,1786326467797,0.005,V
serial:COM8/phase_v_v,4996224,1786326467797,0.000,V
serial:COM8/phase_w_v,4996224,1786326467797,0.000,V
serial:COM8/motor_angle,4996226,1786326467797,131.15,deg
serial:COM8/phase_u_v,4996226,1786326467797,0.005,V
serial:COM8/phase_v_v,4996226,1786326467797,0.005,V
serial:COM8/phase_w_v,4996226,1786326467797,0.000,V
serial:COM8/motor_angle,4996228,1786326467797,131.13,deg
serial:COM8/phase_u_v,4996228,1786326467797,0.005,V
serial:COM8/phase_v_v,4996228,1786326467797,0.005,V
serial:COM8/phase_w_v,4996228,1786326467797,0.005,V
serial:COM8/motor_angle,4996230,1786326467797,131.11,deg
serial:COM8/phase_u_v,4996230,1786326467797,0.000,V
serial:COM8/phase_v_v,4996230,1786326467797,0.000,V
serial:COM8/phase_w_v,4996230,1786326467797,0.000,V
serial:COM8/motor_angle,4996232,1786326467797,131.13,deg
serial:COM8/phase_u_v,4996232,1786326467797,0.000,V
serial:COM8/phase_v_v,4996232,1786326467797,0.005,V
serial:COM8/phase_w_v,4996232,1786326467797,0.005,V
serial:COM8/motor_angle,4996234,1786326467797,131.13,deg
serial:COM8/phase_u_v,4996234,1786326467797,0.005,V
serial:COM8/phase_v_v,4996234,1786326467797,0.000,V
serial:COM8/phase_w_v,4996234,1786326467797,0.005,V
serial:COM8/motor_angle,4996236,1786326467797,131.13,deg
serial:COM8/phase_u_v,4996236,1786326467797,0.005,V
serial:COM8/phase_v_v,4996236,1786326467797,0.005,V
serial:COM8/phase_w_v,4996236,1786326467797,0.000,V
serial:COM8/motor_angle,4996238,1786326467797,131.18,deg
serial:COM8/phase_u_v,4996238,1786326467797,0.005,V
serial:COM8/phase_v_v,4996238,1786326467797,0.005,V
serial:COM8/phase_w_v,4996238,1786326467797,0.005,V
serial:COM8/motor_angle,4996240,1786326467797,131.15,deg
serial:COM8/phase_u_v,4996240,1786326467797,0.005,V
serial:COM8/phase_v_v,4996240,1786326467797,0.000,V
serial:COM8/phase_w_v,4996240,1786326467797,0.000,V
serial:COM8/motor_angle,4996242,1786326467797,131.13,deg
serial:COM8/phase_u_v,4996242,1786326467797,0.005,V
serial:COM8/phase_v_v,4996242,1786326467797,0.005,V
serial:COM8/phase_w_v,4996242,1786326467797,0.000,V
serial:COM8/motor_angle,4996244,1786326467797,131.11,deg
serial:COM8/phase_u_v,4996244,1786326467797,0.000,V
serial:COM8/phase_v_v,4996244,1786326467797,0.005,V
serial:COM8/phase_w_v,4996244,1786326467797,0.000,V
serial:COM8/motor_angle,4996246,1786326467797,131.15,deg
serial:COM8/phase_u_v,4996246,1786326467797,0.005,V
serial:COM8/phase_v_v,4996246,1786326467797,0.005,V
serial:COM8/phase_w_v,4996246,1786326467797,0.000,V
serial:COM8/motor_angle,4996248,1786326467797,131.11,deg
serial:COM8/phase_u_v,4996248,1786326467797,0.005,V
serial:COM8/phase_v_v,4996248,1786326467797,0.005,V
serial:COM8/phase_w_v,4996248,1786326467797,0.000,V
serial:COM8/motor_angle,4996250,1786326467868,131.18,deg
serial:COM8/phase_u_v,4996250,1786326467868,0.005,V
serial:COM8/phase_v_v,4996250,1786326467868,0.005,V
serial:COM8/phase_w_v,4996250,1786326467868,0.000,V
serial:COM8/motor_angle,4996252,1786326467868,131.11,deg
serial:COM8/phase_u_v,4996252,1786326467868,0.005,V
serial:COM8/phase_v_v,4996252,1786326467868,0.005,V
serial:COM8/phase_w_v,4996252,1786326467868,0.005,V
serial:COM8/motor_angle,4996254,1786326467868,131.15,deg
serial:COM8/phase_u_v,4996254,1786326467868,0.005,V
serial:COM8/phase_v_v,4996254,1786326467868,0.000,V
serial:COM8/phase_w_v,4996254,1786326467868,0.000,V
serial:COM8/motor_angle,4996256,1786326467868,131.13,deg
serial:COM8/phase_u_v,4996256,1786326467868,0.005,V
serial:COM8/phase_v_v,4996256,1786326467868,0.000,V
serial:COM8/phase_w_v,4996256,1786326467868,0.000,V
serial:COM8/motor_angle,4996258,1786326467868,131.13,deg
serial:COM8/phase_u_v,4996258,1786326467868,0.000,V
serial:COM8/phase_v_v,4996258,1786326467868,0.005,V
serial:COM8/phase_w_v,4996258,1786326467868,0.005,V
serial:COM8/motor_angle,4996260,1786326467868,131.15,deg
serial:COM8/phase_u_v,4996260,1786326467868,0.383,V
serial:COM8/phase_v_v,4996260,1786326467868,0.005,V
serial:COM8/phase_w_v,4996260,1786326467868,0.005,V
serial:COM8/motor_angle,4996262,1786326467868,131.13,deg
serial:COM8/phase_u_v,4996262,1786326467868,0.005,V
serial:COM8/phase_v_v,4996262,1786326467868,0.005,V
serial:COM8/phase_w_v,4996262,1786326467868,0.000,V
serial:COM8/motor_angle,4996264,1786326467868,131.15,deg
serial:COM8/phase_u_v,4996264,1786326467868,0.000,V
serial:COM8/phase_v_v,4996264,1786326467868,0.005,V
serial:COM8/phase_w_v,4996264,1786326467868,0.005,V
serial:COM8/motor_angle,4996266,1786326467868,131.13,deg
serial:COM8/phase_u_v,4996266,1786326467868,0.005,V
serial:COM8/phase_v_v,4996266,1786326467868,0.005,V
serial:COM8/phase_w_v,4996266,1786326467868,0.000,V
serial:COM8/motor_angle,4996268,1786326467868,131.13,deg
serial:COM8/phase_u_v,4996268,1786326467868,0.000,V
serial:COM8/phase_v_v,4996268,1786326467868,0.005,V
serial:COM8/phase_w_v,4996268,1786326467868,0.000,V
serial:COM8/motor_angle,4996270,1786326467868,131.09,deg
serial:COM8/phase_u_v,4996270,1786326467868,0.005,V
serial:COM8/phase_v_v,4996270,1786326467868,0.005,V
serial:COM8/phase_w_v,4996270,1786326467868,0.000,V
serial:COM8/motor_angle,4996272,1786326467868,131.13,deg
serial:COM8/phase_u_v,4996272,1786326467868,0.000,V
serial:COM8/phase_v_v,4996272,1786326467868,0.000,V
serial:COM8/phase_w_v,4996272,1786326467868,0.005,V
serial:COM8/motor_angle,4996274,1786326467868,131.18,deg
serial:COM8/phase_u_v,4996274,1786326467868,0.005,V
serial:COM8/phase_v_v,4996274,1786326467868,0.000,V
serial:COM8/phase_w_v,4996274,1786326467868,0.000,V
serial:COM8/motor_angle,4996276,1786326467868,131.11,deg
serial:COM8/phase_u_v,4996276,1786326467868,0.000,V
serial:COM8/phase_v_v,4996276,1786326467868,0.005,V
serial:COM8/phase_w_v,4996276,1786326467868,0.000,V
serial:COM8/motor_angle,4996278,1786326467868,131.15,deg
serial:COM8/phase_u_v,4996278,1786326467868,0.000,V
serial:COM8/phase_v_v,4996278,1786326467868,0.005,V
serial:COM8/phase_w_v,4996278,1786326467868,0.000,V
serial:COM8/motor_angle,4996280,1786326467868,131.15,deg
serial:COM8/phase_u_v,4996280,1786326467868,0.005,V
serial:COM8/phase_v_v,4996280,1786326467868,0.005,V
serial:COM8/phase_w_v,4996280,1786326467868,0.005,V
serial:COM8/motor_angle,4996282,1786326467868,131.11,deg
serial:COM8/phase_u_v,4996282,1786326467868,0.005,V
serial:COM8/phase_v_v,4996282,1786326467868,0.005,V
serial:COM8/phase_w_v,4996282,1786326467868,0.000,V
serial:COM8/motor_angle,4996284,1786326467868,131.13,deg
serial:COM8/phase_u_v,4996284,1786326467868,0.011,V
serial:COM8/phase_v_v,4996284,1786326467868,0.005,V
serial:COM8/phase_w_v,4996284,1786326467868,0.005,V
serial:COM8/motor_angle,4996286,1786326467868,131.15,deg
serial:COM8/phase_u_v,4996286,1786326467868,0.005,V
serial:COM8/phase_v_v,4996286,1786326467868,0.000,V
serial:COM8/phase_w_v,4996286,1786326467868,0.000,V
serial:COM8/motor_angle,4996288,1786326467868,131.11,deg
serial:COM8/phase_u_v,4996288,1786326467868,0.005,V
serial:COM8/phase_v_v,4996288,1786326467868,0.000,V
serial:COM8/phase_w_v,4996288,1786326467868,0.000,V
serial:COM8/motor_angle,4996290,1786326467868,131.15,deg
serial:COM8/phase_u_v,4996290,1786326467868,0.005,V
serial:COM8/phase_v_v,4996290,1786326467868,0.000,V
serial:COM8/phase_w_v,4996290,1786326467868,0.000,V
serial:COM8/motor_angle,4996292,1786326467868,131.15,deg
serial:COM8/phase_u_v,4996292,1786326467868,0.005,V
serial:COM8/phase_v_v,4996292,1786326467868,0.005,V
serial:COM8/phase_w_v,4996292,1786326467868,0.005,V
serial:COM8/motor_angle,4996294,1786326467868,131.20,deg
serial:COM8/phase_u_v,4996294,1786326467868,0.000,V
serial:COM8/phase_v_v,4996294,1786326467868,0.005,V
serial:COM8/phase_w_v,4996294,1786326467868,0.000,V
serial:COM8/motor_angle,4996296,1786326467868,131.18,deg
serial:COM8/phase_u_v,4996296,1786326467868,0.005,V
serial:COM8/phase_v_v,4996296,1786326467868,0.000,V
serial:COM8/phase_w_v,4996296,1786326467868,0.000,V
serial:COM8/motor_angle,4996298,1786326467868,131.07,deg
serial:COM8/phase_u_v,4996298,1786326467868,0.005,V
serial:COM8/phase_v_v,4996298,1786326467868,0.005,V
serial:COM8/phase_w_v,4996298,1786326467868,0.000,V
serial:COM8/motor_angle,4996300,1786326467868,131.09,deg
serial:COM8/phase_u_v,4996300,1786326467868,0.005,V
serial:COM8/phase_v_v,4996300,1786326467868,0.005,V
serial:COM8/phase_w_v,4996300,1786326467868,0.000,V
serial:COM8/motor_angle,4996302,1786326467868,131.09,deg
serial:COM8/phase_u_v,4996302,1786326467868,0.005,V
serial:COM8/phase_v_v,4996302,1786326467868,0.005,V
serial:COM8/phase_w_v,4996302,1786326467868,0.005,V
serial:COM8/motor_angle,4996304,1786326467868,131.11,deg
serial:COM8/phase_u_v,4996304,1786326467868,0.005,V
serial:COM8/phase_v_v,4996304,1786326467868,0.005,V
serial:COM8/phase_w_v,4996304,1786326467868,0.000,V
serial:COM8/motor_angle,4996306,1786326467868,131.11,deg
serial:COM8/phase_u_v,4996306,1786326467868,0.005,V
serial:COM8/phase_v_v,4996306,1786326467868,0.005,V
serial:COM8/phase_w_v,4996306,1786326467868,0.005,V
serial:COM8/motor_angle,4996308,1786326467868,131.11,deg
serial:COM8/phase_u_v,4996308,1786326467868,0.005,V
serial:COM8/phase_v_v,4996308,1786326467868,0.005,V
serial:COM8/phase_w_v,4996308,1786326467868,0.000,V
serial:COM8/motor_angle,4996310,1786326467868,131.13,deg
serial:COM8/phase_u_v,4996310,1786326467868,0.005,V
serial:COM8/phase_v_v,4996310,1786326467868,0.005,V
serial:COM8/phase_w_v,4996310,1786326467868,0.005,V
serial:COM8/motor_angle,4996312,1786326467868,131.11,deg
serial:COM8/phase_u_v,4996312,1786326467868,0.005,V
serial:COM8/phase_v_v,4996312,1786326467868,0.000,V
serial:COM8/phase_w_v,4996312,1786326467868,0.005,V
serial:COM8/motor_angle,4996314,1786326467868,131.13,deg
serial:COM8/phase_u_v,4996314,1786326467868,0.000,V
serial:COM8/phase_v_v,4996314,1786326467868,0.000,V
serial:COM8/phase_w_v,4996314,1786326467868,0.000,V
serial:COM8/motor_angle,4996316,1786326467868,131.15,deg
serial:COM8/phase_u_v,4996316,1786326467868,0.005,V
serial:COM8/phase_v_v,4996316,1786326467868,0.005,V
serial:COM8/phase_w_v,4996316,1786326467868,0.000,V
serial:COM8/motor_angle,4996318,1786326467868,131.15,deg
serial:COM8/phase_u_v,4996318,1786326467868,0.000,V
serial:COM8/phase_v_v,4996318,1786326467868,0.000,V
serial:COM8/phase_w_v,4996318,1786326467868,0.000,V
serial:COM8/motor_angle,4996320,1786326467868,131.09,deg
serial:COM8/phase_u_v,4996320,1786326467868,0.000,V
serial:COM8/phase_v_v,4996320,1786326467868,0.000,V
serial:COM8/phase_w_v,4996320,1786326467868,0.000,V
serial:COM8/motor_angle,4996322,1786326467868,131.11,deg
serial:COM8/phase_u_v,4996322,1786326467868,0.005,V
serial:COM8/phase_v_v,4996322,1786326467868,0.005,V
serial:COM8/phase_w_v,4996322,1786326467868,0.000,V
serial:COM8/motor_angle,4996324,1786326467942,131.13,deg
serial:COM8/phase_u_v,4996324,1786326467942,0.000,V
serial:COM8/phase_v_v,4996324,1786326467942,0.005,V
serial:COM8/phase_w_v,4996324,1786326467942,0.005,V
serial:COM8/motor_angle,4996326,1786326467942,131.13,deg
serial:COM8/phase_u_v,4996326,1786326467942,0.000,V
serial:COM8/phase_v_v,4996326,1786326467942,0.005,V
serial:COM8/phase_w_v,4996326,1786326467942,0.000,V
serial:COM8/motor_angle,4996328,1786326467942,131.11,deg
serial:COM8/phase_u_v,4996328,1786326467942,0.000,V
serial:COM8/phase_v_v,4996328,1786326467942,0.005,V
serial:COM8/phase_w_v,4996328,1786326467942,0.000,V
serial:COM8/motor_angle,4996330,1786326467942,131.13,deg
serial:COM8/phase_u_v,4996330,1786326467942,0.000,V
serial:COM8/phase_v_v,4996330,1786326467942,0.000,V
serial:COM8/phase_w_v,4996330,1786326467942,0.005,V
serial:COM8/motor_angle,4996332,1786326467942,131.15,deg
serial:COM8/phase_u_v,4996332,1786326467942,0.000,V
serial:COM8/phase_v_v,4996332,1786326467942,0.005,V
serial:COM8/phase_w_v,4996332,1786326467942,0.005,V
serial:COM8/motor_angle,4996334,1786326467942,131.13,deg
serial:COM8/phase_u_v,4996334,1786326467942,0.005,V
serial:COM8/phase_v_v,4996334,1786326467942,0.005,V
serial:COM8/phase_w_v,4996334,1786326467942,0.000,V
serial:COM8/motor_angle,4996336,1786326467942,131.15,deg
serial:COM8/phase_u_v,4996336,1786326467942,0.005,V
serial:COM8/phase_v_v,4996336,1786326467942,0.005,V
serial:COM8/phase_w_v,4996336,1786326467942,0.000,V
serial:COM8/motor_angle,4996338,1786326467942,131.13,deg
serial:COM8/phase_u_v,4996338,1786326467942,0.005,V
serial:COM8/phase_v_v,4996338,1786326467942,0.000,V
serial:COM8/phase_w_v,4996338,1786326467942,0.005,V
serial:COM8/motor_angle,4996340,1786326467942,131.13,deg
serial:COM8/phase_u_v,4996340,1786326467942,0.005,V
serial:COM8/phase_v_v,4996340,1786326467942,0.005,V
serial:COM8/phase_w_v,4996340,1786326467942,0.000,V
serial:COM8/motor_angle,4996342,1786326467942,131.13,deg
serial:COM8/phase_u_v,4996342,1786326467942,0.005,V
serial:COM8/phase_v_v,4996342,1786326467942,0.000,V
serial:COM8/phase_w_v,4996342,1786326467942,0.005,V
serial:COM8/motor_angle,4996344,1786326467942,131.20,deg
serial:COM8/phase_u_v,4996344,1786326467942,0.000,V
serial:COM8/phase_v_v,4996344,1786326467942,0.000,V
serial:COM8/phase_w_v,4996344,1786326467942,0.005,V
serial:COM8/motor_angle,4996346,1786326467942,131.13,deg
serial:COM8/phase_u_v,4996346,1786326467942,0.000,V
serial:COM8/phase_v_v,4996346,1786326467942,0.005,V
serial:COM8/phase_w_v,4996346,1786326467942,0.000,V
serial:COM8/motor_angle,4996348,1786326467942,131.18,deg
serial:COM8/phase_u_v,4996348,1786326467942,0.232,V
serial:COM8/phase_v_v,4996348,1786326467942,0.011,V
serial:COM8/phase_w_v,4996348,1786326467942,0.000,V
serial:COM8/motor_angle,4996350,1786326467942,131.18,deg
serial:COM8/phase_u_v,4996350,1786326467942,0.011,V
serial:COM8/phase_v_v,4996350,1786326467942,0.005,V
serial:COM8/phase_w_v,4996350,1786326467942,0.000,V
serial:COM8/motor_angle,4996352,1786326467942,131.15,deg
serial:COM8/phase_u_v,4996352,1786326467942,0.005,V
serial:COM8/phase_v_v,4996352,1786326467942,0.000,V
serial:COM8/phase_w_v,4996352,1786326467942,0.005,V
serial:COM8/motor_angle,4996354,1786326467942,131.13,deg
serial:COM8/phase_u_v,4996354,1786326467942,0.011,V
serial:COM8/phase_v_v,4996354,1786326467942,0.000,V
serial:COM8/phase_w_v,4996354,1786326467942,0.005,V
serial:COM8/motor_angle,4996356,1786326467942,131.11,deg
serial:COM8/phase_u_v,4996356,1786326467942,0.324,V
serial:COM8/phase_v_v,4996356,1786326467942,0.011,V
serial:COM8/phase_w_v,4996356,1786326467942,0.005,V
serial:COM8/motor_angle,4996358,1786326467942,131.13,deg
serial:COM8/phase_u_v,4996358,1786326467942,0.005,V
serial:COM8/phase_v_v,4996358,1786326467942,0.005,V
serial:COM8/phase_w_v,4996358,1786326467942,0.005,V
serial:COM8/motor_angle,4996360,1786326467942,131.09,deg
serial:COM8/phase_u_v,4996360,1786326467942,0.005,V
serial:COM8/phase_v_v,4996360,1786326467942,0.000,V
serial:COM8/phase_w_v,4996360,1786326467942,0.000,V
serial:COM8/motor_angle,4996362,1786326467942,131.13,deg
serial:COM8/phase_u_v,4996362,1786326467942,0.000,V
serial:COM8/phase_v_v,4996362,1786326467942,0.000,V
serial:COM8/phase_w_v,4996362,1786326467942,0.000,V
serial:COM8/motor_angle,4996364,1786326467942,131.13,deg
serial:COM8/phase_u_v,4996364,1786326467942,0.059,V
serial:COM8/phase_v_v,4996364,1786326467942,0.005,V
serial:COM8/phase_w_v,4996364,1786326467942,0.000,V
serial:COM8/motor_angle,4996366,1786326467942,131.18,deg
serial:COM8/phase_u_v,4996366,1786326467942,0.005,V
serial:COM8/phase_v_v,4996366,1786326467942,0.000,V
serial:COM8/phase_w_v,4996366,1786326467942,0.000,V
serial:COM8/motor_angle,4996368,1786326467942,131.11,deg
serial:COM8/phase_u_v,4996368,1786326467942,0.005,V
serial:COM8/phase_v_v,4996368,1786326467942,0.005,V
serial:COM8/phase_w_v,4996368,1786326467942,0.000,V
serial:COM8/motor_angle,4996370,1786326467942,131.15,deg
serial:COM8/phase_u_v,4996370,1786326467942,0.005,V
serial:COM8/phase_v_v,4996370,1786326467942,0.005,V
serial:COM8/phase_w_v,4996370,1786326467942,0.005,V
serial:COM8/motor_angle,4996372,1786326467942,131.18,deg
serial:COM8/phase_u_v,4996372,1786326467942,0.081,V
serial:COM8/phase_v_v,4996372,1786326467942,0.005,V
serial:COM8/phase_w_v,4996372,1786326467942,0.005,V
serial:COM8/motor_angle,4996374,1786326467942,131.11,deg
serial:COM8/phase_u_v,4996374,1786326467942,0.005,V
serial:COM8/phase_v_v,4996374,1786326467942,0.005,V
serial:COM8/phase_w_v,4996374,1786326467942,0.005,V
serial:COM8/motor_angle,4996376,1786326467942,131.15,deg
serial:COM8/phase_u_v,4996376,1786326467942,0.005,V
serial:COM8/phase_v_v,4996376,1786326467942,0.005,V
serial:COM8/phase_w_v,4996376,1786326467942,0.005,V
serial:COM8/motor_angle,4996378,1786326467942,131.13,deg
serial:COM8/phase_u_v,4996378,1786326467942,0.005,V
serial:COM8/phase_v_v,4996378,1786326467942,0.000,V
serial:COM8/phase_w_v,4996378,1786326467942,0.000,V
serial:COM8/motor_angle,4996380,1786326467942,131.13,deg
serial:COM8/phase_u_v,4996380,1786326467942,0.005,V
serial:COM8/phase_v_v,4996380,1786326467942,0.005,V
serial:COM8/phase_w_v,4996380,1786326467942,0.000,V
serial:COM8/motor_angle,4996382,1786326467942,131.13,deg
serial:COM8/phase_u_v,4996382,1786326467942,0.005,V
serial:COM8/phase_v_v,4996382,1786326467942,0.005,V
serial:COM8/phase_w_v,4996382,1786326467942,0.000,V
serial:COM8/motor_angle,4996384,1786326467942,131.11,deg
serial:COM8/phase_u_v,4996384,1786326467942,0.000,V
serial:COM8/phase_v_v,4996384,1786326467942,0.000,V
serial:COM8/phase_w_v,4996384,1786326467942,0.000,V
serial:COM8/motor_angle,4996386,1786326467942,131.11,deg
serial:COM8/phase_u_v,4996386,1786326467942,0.005,V
serial:COM8/phase_v_v,4996386,1786326467942,0.000,V
serial:COM8/phase_w_v,4996386,1786326467942,0.000,V
serial:COM8/motor_angle,4996388,1786326467942,131.15,deg
serial:COM8/phase_u_v,4996388,1786326467942,0.000,V
serial:COM8/phase_v_v,4996388,1786326467942,0.000,V
serial:COM8/phase_w_v,4996388,1786326467942,0.000,V
serial:COM8/motor_angle,4996390,1786326467942,131.15,deg
serial:COM8/phase_u_v,4996390,1786326467942,0.022,V
serial:COM8/phase_v_v,4996390,1786326467942,0.005,V
serial:COM8/phase_w_v,4996390,1786326467942,0.000,V
serial:COM8/motor_angle,4996392,1786326467942,131.18,deg
serial:COM8/phase_u_v,4996392,1786326467942,0.000,V
serial:COM8/phase_v_v,4996392,1786326467942,0.005,V
serial:COM8/phase_w_v,4996392,1786326467942,0.000,V
serial:COM8/motor_angle,4996394,1786326467942,131.07,deg
serial:COM8/phase_u_v,4996394,1786326467942,0.005,V
serial:COM8/phase_v_v,4996394,1786326467942,0.005,V
serial:COM8/phase_w_v,4996394,1786326467942,0.005,V
serial:COM8/motor_angle,4996396,1786326468014,131.11,deg
serial:COM8/phase_u_v,4996396,1786326468014,0.000,V
serial:COM8/phase_v_v,4996396,1786326468014,0.000,V
serial:COM8/phase_w_v,4996396,1786326468014,0.000,V
serial:COM8/motor_angle,4996398,1786326468014,131.13,deg
serial:COM8/phase_u_v,4996398,1786326468014,0.005,V
serial:COM8/phase_v_v,4996398,1786326468014,0.005,V
serial:COM8/phase_w_v,4996398,1786326468014,0.005,V
serial:COM8/motor_angle,4996400,1786326468014,131.15,deg
serial:COM8/phase_u_v,4996400,1786326468014,0.022,V
serial:COM8/phase_v_v,4996400,1786326468014,0.005,V
serial:COM8/phase_w_v,4996400,1786326468014,0.000,V
serial:COM8/motor_angle,4996402,1786326468014,131.04,deg
serial:COM8/phase_u_v,4996402,1786326468014,0.005,V
serial:COM8/phase_v_v,4996402,1786326468014,0.000,V
serial:COM8/phase_w_v,4996402,1786326468014,0.005,V
serial:COM8/motor_angle,4996404,1786326468014,131.11,deg
serial:COM8/phase_u_v,4996404,1786326468014,0.005,V
serial:COM8/phase_v_v,4996404,1786326468014,0.005,V
serial:COM8/phase_w_v,4996404,1786326468014,0.000,V
serial:COM8/motor_angle,4996406,1786326468014,131.13,deg
serial:COM8/phase_u_v,4996406,1786326468014,0.005,V
serial:COM8/phase_v_v,4996406,1786326468014,0.005,V
serial:COM8/phase_w_v,4996406,1786326468014,0.000,V
serial:COM8/motor_angle,4996408,1786326468014,131.09,deg
serial:COM8/phase_u_v,4996408,1786326468014,0.005,V
serial:COM8/phase_v_v,4996408,1786326468014,0.011,V
serial:COM8/phase_w_v,4996408,1786326468014,0.005,V
serial:COM8/motor_angle,4996410,1786326468014,131.15,deg
serial:COM8/phase_u_v,4996410,1786326468014,0.000,V
serial:COM8/phase_v_v,4996410,1786326468014,0.005,V
serial:COM8/phase_w_v,4996410,1786326468014,0.000,V
serial:COM8/motor_angle,4996412,1786326468014,131.13,deg
serial:COM8/phase_u_v,4996412,1786326468014,0.005,V
serial:COM8/phase_v_v,4996412,1786326468014,0.000,V
serial:COM8/phase_w_v,4996412,1786326468014,0.000,V
serial:COM8/motor_angle,4996414,1786326468014,131.18,deg
serial:COM8/phase_u_v,4996414,1786326468014,0.000,V
serial:COM8/phase_v_v,4996414,1786326468014,0.005,V
serial:COM8/phase_w_v,4996414,1786326468014,0.005,V
serial:COM8/motor_angle,4996416,1786326468014,131.15,deg
serial:COM8/phase_u_v,4996416,1786326468014,0.000,V
serial:COM8/phase_v_v,4996416,1786326468014,0.005,V
serial:COM8/phase_w_v,4996416,1786326468014,0.005,V
serial:COM8/motor_angle,4996418,1786326468014,131.15,deg
serial:COM8/phase_u_v,4996418,1786326468014,0.000,V
serial:COM8/phase_v_v,4996418,1786326468014,0.005,V
serial:COM8/phase_w_v,4996418,1786326468014,0.005,V
serial:COM8/motor_angle,4996420,1786326468014,131.04,deg
serial:COM8/phase_u_v,4996420,1786326468014,0.005,V
serial:COM8/phase_v_v,4996420,1786326468014,0.005,V
serial:COM8/phase_w_v,4996420,1786326468014,0.000,V
serial:COM8/motor_angle,4996422,1786326468014,131.15,deg
serial:COM8/phase_u_v,4996422,1786326468014,0.000,V
serial:COM8/phase_v_v,4996422,1786326468014,0.005,V
serial:COM8/phase_w_v,4996422,1786326468014,0.005,V
serial:COM8/motor_angle,4996424,1786326468014,131.11,deg
serial:COM8/phase_u_v,4996424,1786326468014,0.005,V
serial:COM8/phase_v_v,4996424,1786326468014,0.005,V
serial:COM8/phase_w_v,4996424,1786326468014,0.005,V
serial:COM8/motor_angle,4996426,1786326468014,131.11,deg
serial:COM8/phase_u_v,4996426,1786326468014,0.000,V
serial:COM8/phase_v_v,4996426,1786326468014,0.005,V
serial:COM8/phase_w_v,4996426,1786326468014,0.005,V
serial:COM8/motor_angle,4996428,1786326468014,131.15,deg
serial:COM8/phase_u_v,4996428,1786326468014,0.000,V
serial:COM8/phase_v_v,4996428,1786326468014,0.005,V
serial:COM8/phase_w_v,4996428,1786326468014,0.005,V
serial:COM8/motor_angle,4996430,1786326468014,131.13,deg
serial:COM8/phase_u_v,4996430,1786326468014,0.005,V
serial:COM8/phase_v_v,4996430,1786326468014,0.000,V
serial:COM8/phase_w_v,4996430,1786326468014,0.000,V
serial:COM8/motor_angle,4996432,1786326468014,131.11,deg
serial:COM8/phase_u_v,4996432,1786326468014,0.005,V
serial:COM8/phase_v_v,4996432,1786326468014,0.005,V
serial:COM8/phase_w_v,4996432,1786326468014,0.000,V
serial:COM8/motor_angle,4996434,1786326468014,131.13,deg
serial:COM8/phase_u_v,4996434,1786326468014,0.011,V
serial:COM8/phase_v_v,4996434,1786326468014,0.000,V
serial:COM8/phase_w_v,4996434,1786326468014,0.005,V
serial:COM8/motor_angle,4996436,1786326468014,131.13,deg
serial:COM8/phase_u_v,4996436,1786326468014,0.000,V
serial:COM8/phase_v_v,4996436,1786326468014,0.005,V
serial:COM8/phase_w_v,4996436,1786326468014,0.000,V
serial:COM8/motor_angle,4996438,1786326468014,131.11,deg
serial:COM8/phase_u_v,4996438,1786326468014,0.000,V
serial:COM8/phase_v_v,4996438,1786326468014,0.005,V
serial:COM8/phase_w_v,4996438,1786326468014,0.005,V
serial:COM8/motor_angle,4996440,1786326468014,131.13,deg
serial:COM8/phase_u_v,4996440,1786326468014,0.005,V
serial:COM8/phase_v_v,4996440,1786326468014,0.000,V
serial:COM8/phase_w_v,4996440,1786326468014,0.005,V
serial:COM8/motor_angle,4996442,1786326468014,131.24,deg
serial:COM8/phase_u_v,4996442,1786326468014,0.000,V
serial:COM8/phase_v_v,4996442,1786326468014,0.005,V
serial:COM8/phase_w_v,4996442,1786326468014,0.000,V
serial:COM8/motor_angle,4996444,1786326468014,131.15,deg
serial:COM8/phase_u_v,4996444,1786326468014,0.005,V
serial:COM8/phase_v_v,4996444,1786326468014,0.005,V
serial:COM8/phase_w_v,4996444,1786326468014,0.005,V
serial:COM8/motor_angle,4996446,1786326468014,131.15,deg
serial:COM8/phase_u_v,4996446,1786326468014,0.005,V
serial:COM8/phase_v_v,4996446,1786326468014,0.000,V
serial:COM8/phase_w_v,4996446,1786326468014,0.005,V
serial:COM8/motor_angle,4996448,1786326468014,131.13,deg
serial:COM8/phase_u_v,4996448,1786326468014,0.005,V
serial:COM8/phase_v_v,4996448,1786326468014,0.005,V
serial:COM8/phase_w_v,4996448,1786326468014,0.005,V
serial:COM8/motor_angle,4996450,1786326468014,131.09,deg
serial:COM8/phase_u_v,4996450,1786326468014,0.005,V
serial:COM8/phase_v_v,4996450,1786326468014,0.005,V
serial:COM8/phase_w_v,4996450,1786326468014,0.000,V
serial:COM8/motor_angle,4996452,1786326468014,131.18,deg
serial:COM8/phase_u_v,4996452,1786326468014,0.005,V
serial:COM8/phase_v_v,4996452,1786326468014,0.000,V
serial:COM8/phase_w_v,4996452,1786326468014,0.000,V
serial:COM8/motor_angle,4996454,1786326468014,131.13,deg
serial:COM8/phase_u_v,4996454,1786326468014,0.005,V
serial:COM8/phase_v_v,4996454,1786326468014,0.000,V
serial:COM8/phase_w_v,4996454,1786326468014,0.000,V
serial:COM8/motor_angle,4996456,1786326468014,131.09,deg
serial:COM8/phase_u_v,4996456,1786326468014,0.259,V
serial:COM8/phase_v_v,4996456,1786326468014,0.011,V
serial:COM8/phase_w_v,4996456,1786326468014,0.000,V
serial:COM8/motor_angle,4996458,1786326468014,131.18,deg
serial:COM8/phase_u_v,4996458,1786326468014,0.005,V
serial:COM8/phase_v_v,4996458,1786326468014,0.000,V
serial:COM8/phase_w_v,4996458,1786326468014,0.000,V
serial:COM8/motor_angle,4996460,1786326468014,131.13,deg
serial:COM8/phase_u_v,4996460,1786326468014,0.000,V
serial:COM8/phase_v_v,4996460,1786326468014,0.005,V
serial:COM8/phase_w_v,4996460,1786326468014,0.005,V
serial:COM8/motor_angle,4996462,1786326468014,131.13,deg
serial:COM8/phase_u_v,4996462,1786326468014,0.000,V
serial:COM8/phase_v_v,4996462,1786326468014,0.005,V
serial:COM8/phase_w_v,4996462,1786326468014,0.000,V
serial:COM8/motor_angle,4996464,1786326468014,131.15,deg
serial:COM8/phase_u_v,4996464,1786326468014,0.216,V
serial:COM8/phase_v_v,4996464,1786326468014,0.011,V
serial:COM8/phase_w_v,4996464,1786326468014,0.000,V
serial:COM8/motor_angle,4996466,1786326468014,131.15,deg
serial:COM8/phase_u_v,4996466,1786326468014,0.005,V
serial:COM8/phase_v_v,4996466,1786326468014,0.005,V
serial:COM8/phase_w_v,4996466,1786326468014,0.000,V
serial:COM8/motor_angle,4996468,1786326468087,131.15,deg
serial:COM8/phase_u_v,4996468,1786326468087,0.000,V
serial:COM8/phase_v_v,4996468,1786326468087,0.000,V
serial:COM8/phase_w_v,4996468,1786326468087,0.005,V
serial:COM8/motor_angle,4996470,1786326468087,131.18,deg
serial:COM8/phase_u_v,4996470,1786326468087,0.005,V
serial:COM8/phase_v_v,4996470,1786326468087,0.005,V
serial:COM8/phase_w_v,4996470,1786326468087,0.000,V
serial:COM8/motor_angle,4996472,1786326468087,131.13,deg
serial:COM8/phase_u_v,4996472,1786326468087,0.000,V
serial:COM8/phase_v_v,4996472,1786326468087,0.005,V
serial:COM8/phase_w_v,4996472,1786326468087,0.005,V
serial:COM8/motor_angle,4996474,1786326468087,131.18,deg
serial:COM8/phase_u_v,4996474,1786326468087,0.000,V
serial:COM8/phase_v_v,4996474,1786326468087,0.000,V
serial:COM8/phase_w_v,4996474,1786326468087,0.005,V
serial:COM8/motor_angle,4996476,1786326468087,131.18,deg
serial:COM8/phase_u_v,4996476,1786326468087,0.000,V
serial:COM8/phase_v_v,4996476,1786326468087,0.005,V
serial:COM8/phase_w_v,4996476,1786326468087,0.000,V
serial:COM8/motor_angle,4996478,1786326468087,131.13,deg
serial:COM8/phase_u_v,4996478,1786326468087,0.054,V
serial:COM8/phase_v_v,4996478,1786326468087,0.000,V
serial:COM8/phase_w_v,4996478,1786326468087,0.000,V
serial:COM8/motor_angle,4996480,1786326468087,131.09,deg
serial:COM8/phase_u_v,4996480,1786326468087,0.005,V
serial:COM8/phase_v_v,4996480,1786326468087,0.005,V
serial:COM8/phase_w_v,4996480,1786326468087,0.005,V
serial:COM8/motor_angle,4996482,1786326468087,131.13,deg
serial:COM8/phase_u_v,4996482,1786326468087,0.000,V
serial:COM8/phase_v_v,4996482,1786326468087,0.005,V
serial:COM8/phase_w_v,4996482,1786326468087,0.000,V
serial:COM8/motor_angle,4996484,1786326468087,131.13,deg
serial:COM8/phase_u_v,4996484,1786326468087,0.000,V
serial:COM8/phase_v_v,4996484,1786326468087,0.000,V
serial:COM8/phase_w_v,4996484,1786326468087,0.005,V
serial:COM8/motor_angle,4996486,1786326468087,131.09,deg
serial:COM8/phase_u_v,4996486,1786326468087,0.000,V
serial:COM8/phase_v_v,4996486,1786326468087,0.005,V
serial:COM8/phase_w_v,4996486,1786326468087,0.000,V
serial:COM8/motor_angle,4996488,1786326468087,131.09,deg
serial:COM8/phase_u_v,4996488,1786326468087,0.005,V
serial:COM8/phase_v_v,4996488,1786326468087,0.005,V
serial:COM8/phase_w_v,4996488,1786326468087,0.000,V
serial:COM8/motor_angle,4996490,1786326468087,131.15,deg
serial:COM8/phase_u_v,4996490,1786326468087,0.005,V
serial:COM8/phase_v_v,4996490,1786326468087,0.000,V
serial:COM8/phase_w_v,4996490,1786326468087,0.000,V
serial:COM8/motor_angle,4996492,1786326468087,131.13,deg
serial:COM8/phase_u_v,4996492,1786326468087,0.005,V
serial:COM8/phase_v_v,4996492,1786326468087,0.005,V
serial:COM8/phase_w_v,4996492,1786326468087,0.005,V
serial:COM8/motor_angle,4996494,1786326468087,131.04,deg
serial:COM8/phase_u_v,4996494,1786326468087,0.005,V
serial:COM8/phase_v_v,4996494,1786326468087,0.000,V
serial:COM8/phase_w_v,4996494,1786326468087,0.000,V
serial:COM8/motor_angle,4996496,1786326468087,131.09,deg
serial:COM8/phase_u_v,4996496,1786326468087,0.043,V
serial:COM8/phase_v_v,4996496,1786326468087,0.005,V
serial:COM8/phase_w_v,4996496,1786326468087,0.005,V
serial:COM8/motor_angle,4996498,1786326468087,131.20,deg
serial:COM8/phase_u_v,4996498,1786326468087,0.005,V
serial:COM8/phase_v_v,4996498,1786326468087,0.005,V
serial:COM8/phase_w_v,4996498,1786326468087,0.000,V
serial:COM8/motor_angle,4996500,1786326468087,131.09,deg
serial:COM8/phase_u_v,4996500,1786326468087,0.005,V
serial:COM8/phase_v_v,4996500,1786326468087,0.011,V
serial:COM8/phase_w_v,4996500,1786326468087,0.005,V
serial:COM8/motor_angle,4996502,1786326468087,131.13,deg
serial:COM8/phase_u_v,4996502,1786326468087,0.005,V
serial:COM8/phase_v_v,4996502,1786326468087,0.005,V
serial:COM8/phase_w_v,4996502,1786326468087,0.000,V
serial:COM8/motor_angle,4996504,1786326468087,131.13,deg
serial:COM8/phase_u_v,4996504,1786326468087,0.000,V
serial:COM8/phase_v_v,4996504,1786326468087,0.005,V
serial:COM8/phase_w_v,4996504,1786326468087,0.005,V
serial:COM8/motor_angle,4996506,1786326468087,131.13,deg
serial:COM8/phase_u_v,4996506,1786326468087,0.184,V
serial:COM8/phase_v_v,4996506,1786326468087,0.005,V
serial:COM8/phase_w_v,4996506,1786326468087,0.000,V
serial:COM8/motor_angle,4996508,1786326468087,131.18,deg
serial:COM8/phase_u_v,4996508,1786326468087,0.005,V
serial:COM8/phase_v_v,4996508,1786326468087,0.000,V
serial:COM8/phase_w_v,4996508,1786326468087,0.005,V
serial:COM8/motor_angle,4996510,1786326468087,131.13,deg
serial:COM8/phase_u_v,4996510,1786326468087,0.011,V
serial:COM8/phase_v_v,4996510,1786326468087,0.005,V
serial:COM8/phase_w_v,4996510,1786326468087,0.000,V
serial:COM8/motor_angle,4996512,1786326468087,131.09,deg
serial:COM8/phase_u_v,4996512,1786326468087,0.000,V
serial:COM8/phase_v_v,4996512,1786326468087,0.005,V
serial:COM8/phase_w_v,4996512,1786326468087,0.005,V
serial:COM8/motor_angle,4996514,1786326468087,131.15,deg
serial:COM8/phase_u_v,4996514,1786326468087,0.000,V
serial:COM8/phase_v_v,4996514,1786326468087,0.005,V
serial:COM8/phase_w_v,4996514,1786326468087,0.005,V
serial:COM8/motor_angle,4996516,1786326468087,131.11,deg
serial:COM8/phase_u_v,4996516,1786326468087,0.270,V
serial:COM8/phase_v_v,4996516,1786326468087,0.005,V
serial:COM8/phase_w_v,4996516,1786326468087,0.000,V
serial:COM8/motor_angle,4996518,1786326468087,131.15,deg
serial:COM8/phase_u_v,4996518,1786326468087,0.005,V
serial:COM8/phase_v_v,4996518,1786326468087,0.005,V
serial:COM8/phase_w_v,4996518,1786326468087,0.000,V
serial:COM8/motor_angle,4996520,1786326468087,131.13,deg
serial:COM8/phase_u_v,4996520,1786326468087,0.005,V
serial:COM8/phase_v_v,4996520,1786326468087,0.005,V
serial:COM8/phase_w_v,4996520,1786326468087,0.000,V
serial:COM8/motor_angle,4996522,1786326468087,131.15,deg
serial:COM8/phase_u_v,4996522,1786326468087,0.005,V
serial:COM8/phase_v_v,4996522,1786326468087,0.005,V
serial:COM8/phase_w_v,4996522,1786326468087,0.005,V
serial:COM8/motor_angle,4996524,1786326468087,131.15,deg
serial:COM8/phase_u_v,4996524,1786326468087,0.173,V
serial:COM8/phase_v_v,4996524,1786326468087,0.005,V
serial:COM8/phase_w_v,4996524,1786326468087,0.000,V
serial:COM8/motor_angle,4996526,1786326468087,131.13,deg
serial:COM8/phase_u_v,4996526,1786326468087,0.005,V
serial:COM8/phase_v_v,4996526,1786326468087,0.005,V
serial:COM8/phase_w_v,4996526,1786326468087,0.000,V
serial:COM8/motor_angle,4996528,1786326468087,131.11,deg
serial:COM8/phase_u_v,4996528,1786326468087,0.005,V
serial:COM8/phase_v_v,4996528,1786326468087,0.000,V
serial:COM8/phase_w_v,4996528,1786326468087,0.005,V
serial:COM8/motor_angle,4996530,1786326468087,131.11,deg
serial:COM8/phase_u_v,4996530,1786326468087,0.005,V
serial:COM8/phase_v_v,4996530,1786326468087,0.000,V
serial:COM8/phase_w_v,4996530,1786326468087,0.005,V
serial:COM8/motor_angle,4996532,1786326468087,131.13,deg
serial:COM8/phase_u_v,4996532,1786326468087,0.005,V
serial:COM8/phase_v_v,4996532,1786326468087,0.005,V
serial:COM8/phase_w_v,4996532,1786326468087,0.005,V
serial:COM8/motor_angle,4996534,1786326468087,131.15,deg
serial:COM8/phase_u_v,4996534,1786326468087,0.000,V
serial:COM8/phase_v_v,4996534,1786326468087,0.005,V
serial:COM8/phase_w_v,4996534,1786326468087,0.000,V
serial:COM8/motor_angle,4996536,1786326468087,131.15,deg
serial:COM8/phase_u_v,4996536,1786326468087,0.005,V
serial:COM8/phase_v_v,4996536,1786326468087,0.005,V
serial:COM8/phase_w_v,4996536,1786326468087,0.000,V
serial:COM8/motor_angle,4996538,1786326468087,131.15,deg
serial:COM8/phase_u_v,4996538,1786326468087,0.005,V
serial:COM8/phase_v_v,4996538,1786326468087,0.005,V
serial:COM8/phase_w_v,4996538,1786326468087,0.000,V
serial:COM8/motor_angle,4996540,1786326468158,131.15,deg
serial:COM8/phase_u_v,4996540,1786326468158,0.005,V
serial:COM8/phase_v_v,4996540,1786326468158,0.005,V
serial:COM8/phase_w_v,4996540,1786326468158,0.000,V
serial:COM8/motor_angle,4996542,1786326468158,131.13,deg
serial:COM8/phase_u_v,4996542,1786326468158,0.005,V
serial:COM8/phase_v_v,4996542,1786326468158,0.005,V
serial:COM8/phase_w_v,4996542,1786326468158,0.000,V
serial:COM8/motor_angle,4996544,1786326468158,131.15,deg
serial:COM8/phase_u_v,4996544,1786326468158,0.005,V
serial:COM8/phase_v_v,4996544,1786326468158,0.005,V
serial:COM8/phase_w_v,4996544,1786326468158,0.005,V
serial:COM8/motor_angle,4996546,1786326468158,131.11,deg
serial:COM8/phase_u_v,4996546,1786326468158,0.005,V
serial:COM8/phase_v_v,4996546,1786326468158,0.005,V
serial:COM8/phase_w_v,4996546,1786326468158,0.000,V
serial:COM8/motor_angle,4996548,1786326468158,131.18,deg
serial:COM8/phase_u_v,4996548,1786326468158,0.000,V
serial:COM8/phase_v_v,4996548,1786326468158,0.005,V
serial:COM8/phase_w_v,4996548,1786326468158,0.000,V
serial:COM8/motor_angle,4996550,1786326468158,131.13,deg
serial:COM8/phase_u_v,4996550,1786326468158,0.005,V
serial:COM8/phase_v_v,4996550,1786326468158,0.000,V
serial:COM8/phase_w_v,4996550,1786326468158,0.005,V
serial:COM8/motor_angle,4996552,1786326468158,131.13,deg
serial:COM8/phase_u_v,4996552,1786326468158,0.000,V
serial:COM8/phase_v_v,4996552,1786326468158,0.005,V
serial:COM8/phase_w_v,4996552,1786326468158,0.005,V
serial:COM8/motor_angle,4996554,1786326468158,131.13,deg
serial:COM8/phase_u_v,4996554,1786326468158,0.005,V
serial:COM8/phase_v_v,4996554,1786326468158,0.005,V
serial:COM8/phase_w_v,4996554,1786326468158,0.000,V
serial:COM8/motor_angle,4996556,1786326468158,131.15,deg
serial:COM8/phase_u_v,4996556,1786326468158,0.000,V
serial:COM8/phase_v_v,4996556,1786326468158,0.000,V
serial:COM8/phase_w_v,4996556,1786326468158,0.000,V
serial:COM8/motor_angle,4996558,1786326468158,131.20,deg
serial:COM8/phase_u_v,4996558,1786326468158,0.005,V
serial:COM8/phase_v_v,4996558,1786326468158,0.000,V
serial:COM8/phase_w_v,4996558,1786326468158,0.000,V
serial:COM8/motor_angle,4996560,1786326468158,131.13,deg
serial:COM8/phase_u_v,4996560,1786326468158,0.005,V
serial:COM8/phase_v_v,4996560,1786326468158,0.000,V
serial:COM8/phase_w_v,4996560,1786326468158,0.005,V
serial:COM8/motor_angle,4996562,1786326468158,131.11,deg
serial:COM8/phase_u_v,4996562,1786326468158,0.005,V
serial:COM8/phase_v_v,4996562,1786326468158,0.005,V
serial:COM8/phase_w_v,4996562,1786326468158,0.000,V
serial:COM8/motor_angle,4996564,1786326468158,131.13,deg
serial:COM8/phase_u_v,4996564,1786326468158,0.005,V
serial:COM8/phase_v_v,4996564,1786326468158,0.005,V
serial:COM8/phase_w_v,4996564,1786326468158,0.000,V
serial:COM8/motor_angle,4996566,1786326468158,131.11,deg
serial:COM8/phase_u_v,4996566,1786326468158,0.005,V
serial:COM8/phase_v_v,4996566,1786326468158,0.005,V
serial:COM8/phase_w_v,4996566,1786326468158,0.000,V
serial:COM8/motor_angle,4996568,1786326468158,131.15,deg
serial:COM8/phase_u_v,4996568,1786326468158,0.005,V
serial:COM8/phase_v_v,4996568,1786326468158,0.000,V
serial:COM8/phase_w_v,4996568,1786326468158,0.000,V
serial:COM8/motor_angle,4996570,1786326468158,131.11,deg
serial:COM8/phase_u_v,4996570,1786326468158,0.005,V
serial:COM8/phase_v_v,4996570,1786326468158,0.005,V
serial:COM8/phase_w_v,4996570,1786326468158,0.000,V
serial:COM8/motor_angle,4996572,1786326468158,131.13,deg
serial:COM8/phase_u_v,4996572,1786326468158,0.005,V
serial:COM8/phase_v_v,4996572,1786326468158,0.005,V
serial:COM8/phase_w_v,4996572,1786326468158,0.000,V
serial:COM8/motor_angle,4996574,1786326468158,131.11,deg
serial:COM8/phase_u_v,4996574,1786326468158,0.005,V
serial:COM8/phase_v_v,4996574,1786326468158,0.000,V
serial:COM8/phase_w_v,4996574,1786326468158,0.000,V
serial:COM8/motor_angle,4996576,1786326468158,131.13,deg
serial:COM8/phase_u_v,4996576,1786326468158,0.005,V
serial:COM8/phase_v_v,4996576,1786326468158,0.005,V
serial:COM8/phase_w_v,4996576,1786326468158,0.005,V
serial:COM8/motor_angle,4996578,1786326468158,131.13,deg
serial:COM8/phase_u_v,4996578,1786326468158,0.005,V
serial:COM8/phase_v_v,4996578,1786326468158,0.005,V
serial:COM8/phase_w_v,4996578,1786326468158,0.005,V
serial:COM8/motor_angle,4996580,1786326468158,131.15,deg
serial:COM8/phase_u_v,4996580,1786326468158,0.000,V
serial:COM8/phase_v_v,4996580,1786326468158,0.005,V
serial:COM8/phase_w_v,4996580,1786326468158,0.000,V
serial:COM8/motor_angle,4996582,1786326468158,131.13,deg
serial:COM8/phase_u_v,4996582,1786326468158,0.005,V
serial:COM8/phase_v_v,4996582,1786326468158,0.005,V
serial:COM8/phase_w_v,4996582,1786326468158,0.005,V
serial:COM8/motor_angle,4996584,1786326468158,131.15,deg
serial:COM8/phase_u_v,4996584,1786326468158,0.005,V
serial:COM8/phase_v_v,4996584,1786326468158,0.005,V
serial:COM8/phase_w_v,4996584,1786326468158,0.000,V
serial:COM8/motor_angle,4996586,1786326468158,131.13,deg
serial:COM8/phase_u_v,4996586,1786326468158,0.005,V
serial:COM8/phase_v_v,4996586,1786326468158,0.005,V
serial:COM8/phase_w_v,4996586,1786326468158,0.005,V
serial:COM8/motor_angle,4996588,1786326468158,131.15,deg
serial:COM8/phase_u_v,4996588,1786326468158,0.005,V
serial:COM8/phase_v_v,4996588,1786326468158,0.000,V
serial:COM8/phase_w_v,4996588,1786326468158,0.000,V
serial:COM8/motor_angle,4996590,1786326468158,131.15,deg
serial:COM8/phase_u_v,4996590,1786326468158,0.005,V
serial:COM8/phase_v_v,4996590,1786326468158,0.005,V
serial:COM8/phase_w_v,4996590,1786326468158,0.000,V
serial:COM8/motor_angle,4996592,1786326468158,131.11,deg
serial:COM8/phase_u_v,4996592,1786326468158,0.000,V
serial:COM8/phase_v_v,4996592,1786326468158,0.000,V
serial:COM8/phase_w_v,4996592,1786326468158,0.000,V
serial:COM8/motor_angle,4996594,1786326468158,131.20,deg
serial:COM8/phase_u_v,4996594,1786326468158,0.005,V
serial:COM8/phase_v_v,4996594,1786326468158,0.000,V
serial:COM8/phase_w_v,4996594,1786326468158,0.005,V
serial:COM8/motor_angle,4996596,1786326468158,131.18,deg
serial:COM8/phase_u_v,4996596,1786326468158,0.000,V
serial:COM8/phase_v_v,4996596,1786326468158,0.000,V
serial:COM8/phase_w_v,4996596,1786326468158,0.000,V
serial:COM8/motor_angle,4996598,1786326468158,131.11,deg
serial:COM8/phase_u_v,4996598,1786326468158,0.005,V
serial:COM8/phase_v_v,4996598,1786326468158,0.000,V
serial:COM8/phase_w_v,4996598,1786326468158,0.000,V
serial:COM8/motor_angle,4996600,1786326468158,131.13,deg
serial:COM8/phase_u_v,4996600,1786326468158,0.005,V
serial:COM8/phase_v_v,4996600,1786326468158,0.000,V
serial:COM8/phase_w_v,4996600,1786326468158,0.000,V
serial:COM8/motor_angle,4996602,1786326468158,131.13,deg
serial:COM8/phase_u_v,4996602,1786326468158,0.000,V
serial:COM8/phase_v_v,4996602,1786326468158,0.005,V
serial:COM8/phase_w_v,4996602,1786326468158,0.005,V
serial:COM8/motor_angle,4996604,1786326468158,131.18,deg
serial:COM8/phase_u_v,4996604,1786326468158,0.000,V
serial:COM8/phase_v_v,4996604,1786326468158,0.005,V
serial:COM8/phase_w_v,4996604,1786326468158,0.000,V
serial:COM8/motor_angle,4996606,1786326468158,131.13,deg
serial:COM8/phase_u_v,4996606,1786326468158,0.005,V
serial:COM8/phase_v_v,4996606,1786326468158,0.005,V
serial:COM8/phase_w_v,4996606,1786326468158,0.000,V
serial:COM8/motor_angle,4996608,1786326468158,131.13,deg
serial:COM8/phase_u_v,4996608,1786326468158,0.005,V
serial:COM8/phase_v_v,4996608,1786326468158,0.005,V
serial:COM8/phase_w_v,4996608,1786326468158,0.000,V
serial:COM8/motor_angle,4996610,1786326468158,131.15,deg
serial:COM8/phase_u_v,4996610,1786326468158,0.005,V
serial:COM8/phase_v_v,4996610,1786326468158,0.005,V
serial:COM8/phase_w_v,4996610,1786326468158,0.005,V
serial:COM8/motor_angle,4996612,1786326468232,131.15,deg
serial:COM8/phase_u_v,4996612,1786326468232,0.000,V
serial:COM8/phase_v_v,4996612,1786326468232,0.000,V
serial:COM8/phase_w_v,4996612,1786326468232,0.005,V
serial:COM8/motor_angle,4996614,1786326468232,131.13,deg
serial:COM8/phase_u_v,4996614,1786326468232,0.000,V
serial:COM8/phase_v_v,4996614,1786326468232,0.005,V
serial:COM8/phase_w_v,4996614,1786326468232,0.000,V
serial:COM8/motor_angle,4996616,1786326468232,131.13,deg
serial:COM8/phase_u_v,4996616,1786326468232,0.005,V
serial:COM8/phase_v_v,4996616,1786326468232,0.000,V
serial:COM8/phase_w_v,4996616,1786326468232,0.000,V
serial:COM8/motor_angle,4996618,1786326468232,131.13,deg
serial:COM8/phase_u_v,4996618,1786326468232,0.005,V
serial:COM8/phase_v_v,4996618,1786326468232,0.005,V
serial:COM8/phase_w_v,4996618,1786326468232,0.005,V
serial:COM8/motor_angle,4996620,1786326468232,131.18,deg
serial:COM8/phase_u_v,4996620,1786326468232,0.005,V
serial:COM8/phase_v_v,4996620,1786326468232,0.005,V
serial:COM8/phase_w_v,4996620,1786326468232,0.000,V
serial:COM8/motor_angle,4996622,1786326468232,131.09,deg
serial:COM8/phase_u_v,4996622,1786326468232,0.000,V
serial:COM8/phase_v_v,4996622,1786326468232,0.000,V
serial:COM8/phase_w_v,4996622,1786326468232,0.000,V
serial:COM8/motor_angle,4996624,1786326468232,131.13,deg
serial:COM8/phase_u_v,4996624,1786326468232,0.000,V
serial:COM8/phase_v_v,4996624,1786326468232,0.005,V
serial:COM8/phase_w_v,4996624,1786326468232,0.000,V
serial:COM8/motor_angle,4996626,1786326468232,131.18,deg
serial:COM8/phase_u_v,4996626,1786326468232,0.000,V
serial:COM8/phase_v_v,4996626,1786326468232,0.005,V
serial:COM8/phase_w_v,4996626,1786326468232,0.000,V
serial:COM8/motor_angle,4996628,1786326468232,131.20,deg
serial:COM8/phase_u_v,4996628,1786326468232,0.005,V
serial:COM8/phase_v_v,4996628,1786326468232,0.005,V
serial:COM8/phase_w_v,4996628,1786326468232,0.005,V
serial:COM8/motor_angle,4996630,1786326468232,131.18,deg
serial:COM8/phase_u_v,4996630,1786326468232,0.005,V
serial:COM8/phase_v_v,4996630,1786326468232,0.005,V
serial:COM8/phase_w_v,4996630,1786326468232,0.000,V
serial:COM8/motor_angle,4996632,1786326468232,131.09,deg
serial:COM8/phase_u_v,4996632,1786326468232,0.000,V
serial:COM8/phase_v_v,4996632,1786326468232,0.000,V
serial:COM8/phase_w_v,4996632,1786326468232,0.000,V
serial:COM8/motor_angle,4996634,1786326468232,131.11,deg
serial:COM8/phase_u_v,4996634,1786326468232,0.000,V
serial:COM8/phase_v_v,4996634,1786326468232,0.005,V
serial:COM8/phase_w_v,4996634,1786326468232,0.005,V
serial:COM8/motor_angle,4996636,1786326468232,131.15,deg
serial:COM8/phase_u_v,4996636,1786326468232,0.000,V
serial:COM8/phase_v_v,4996636,1786326468232,0.005,V
serial:COM8/phase_w_v,4996636,1786326468232,0.005,V
serial:COM8/motor_angle,4996638,1786326468232,131.15,deg
serial:COM8/phase_u_v,4996638,1786326468232,0.000,V
serial:COM8/phase_v_v,4996638,1786326468232,0.005,V
serial:COM8/phase_w_v,4996638,1786326468232,0.000,V
serial:COM8/motor_angle,4996640,1786326468232,131.13,deg
serial:COM8/phase_u_v,4996640,1786326468232,0.005,V
serial:COM8/phase_v_v,4996640,1786326468232,0.011,V
serial:COM8/phase_w_v,4996640,1786326468232,0.000,V
serial:COM8/motor_angle,4996642,1786326468232,131.13,deg
serial:COM8/phase_u_v,4996642,1786326468232,0.005,V
serial:COM8/phase_v_v,4996642,1786326468232,0.005,V
serial:COM8/phase_w_v,4996642,1786326468232,0.000,V
serial:COM8/motor_angle,4996644,1786326468232,131.18,deg
serial:COM8/phase_u_v,4996644,1786326468232,0.005,V
serial:COM8/phase_v_v,4996644,1786326468232,0.005,V
serial:COM8/phase_w_v,4996644,1786326468232,0.005,V
serial:COM8/motor_angle,4996646,1786326468232,131.09,deg
serial:COM8/phase_u_v,4996646,1786326468232,0.005,V
serial:COM8/phase_v_v,4996646,1786326468232,0.005,V
serial:COM8/phase_w_v,4996646,1786326468232,0.000,V
serial:COM8/motor_angle,4996648,1786326468232,131.15,deg
serial:COM8/phase_u_v,4996648,1786326468232,0.005,V
serial:COM8/phase_v_v,4996648,1786326468232,0.000,V
serial:COM8/phase_w_v,4996648,1786326468232,0.000,V
serial:COM8/motor_angle,4996650,1786326468232,131.09,deg
serial:COM8/phase_u_v,4996650,1786326468232,0.000,V
serial:COM8/phase_v_v,4996650,1786326468232,0.005,V
serial:COM8/phase_w_v,4996650,1786326468232,0.000,V
serial:COM8/motor_angle,4996652,1786326468232,131.15,deg
serial:COM8/phase_u_v,4996652,1786326468232,0.005,V
serial:COM8/phase_v_v,4996652,1786326468232,0.005,V
serial:COM8/phase_w_v,4996652,1786326468232,0.000,V
serial:COM8/motor_angle,4996654,1786326468232,131.07,deg
serial:COM8/phase_u_v,4996654,1786326468232,0.000,V
serial:COM8/phase_v_v,4996654,1786326468232,0.000,V
serial:COM8/phase_w_v,4996654,1786326468232,0.005,V
serial:COM8/motor_angle,4996656,1786326468232,131.15,deg
serial:COM8/phase_u_v,4996656,1786326468232,0.000,V
serial:COM8/phase_v_v,4996656,1786326468232,0.005,V
serial:COM8/phase_w_v,4996656,1786326468232,0.000,V
serial:COM8/motor_angle,4996658,1786326468232,131.18,deg
serial:COM8/phase_u_v,4996658,1786326468232,0.005,V
serial:COM8/phase_v_v,4996658,1786326468232,0.000,V
serial:COM8/phase_w_v,4996658,1786326468232,0.005,V
serial:COM8/motor_angle,4996660,1786326468232,131.15,deg
serial:COM8/phase_u_v,4996660,1786326468232,0.005,V
serial:COM8/phase_v_v,4996660,1786326468232,0.005,V
serial:COM8/phase_w_v,4996660,1786326468232,0.000,V
serial:COM8/motor_angle,4996662,1786326468232,131.13,deg
serial:COM8/phase_u_v,4996662,1786326468232,0.005,V
serial:COM8/phase_v_v,4996662,1786326468232,0.005,V
serial:COM8/phase_w_v,4996662,1786326468232,0.000,V
serial:COM8/motor_angle,4996664,1786326468232,131.11,deg
serial:COM8/phase_u_v,4996664,1786326468232,0.005,V
serial:COM8/phase_v_v,4996664,1786326468232,0.000,V
serial:COM8/phase_w_v,4996664,1786326468232,0.000,V
serial:COM8/motor_angle,4996666,1786326468232,131.18,deg
serial:COM8/phase_u_v,4996666,1786326468232,0.000,V
serial:COM8/phase_v_v,4996666,1786326468232,0.005,V
serial:COM8/phase_w_v,4996666,1786326468232,0.000,V
serial:COM8/motor_angle,4996668,1786326468232,131.18,deg
serial:COM8/phase_u_v,4996668,1786326468232,0.005,V
serial:COM8/phase_v_v,4996668,1786326468232,0.005,V
serial:COM8/phase_w_v,4996668,1786326468232,0.000,V
serial:COM8/motor_angle,4996670,1786326468232,131.11,deg
serial:COM8/phase_u_v,4996670,1786326468232,0.000,V
serial:COM8/phase_v_v,4996670,1786326468232,0.000,V
serial:COM8/phase_w_v,4996670,1786326468232,0.000,V
serial:COM8/motor_angle,4996672,1786326468232,131.11,deg
serial:COM8/phase_u_v,4996672,1786326468232,0.005,V
serial:COM8/phase_v_v,4996672,1786326468232,0.000,V
serial:COM8/phase_w_v,4996672,1786326468232,0.005,V
serial:COM8/motor_angle,4996674,1786326468232,131.11,deg
serial:COM8/phase_u_v,4996674,1786326468232,0.000,V
serial:COM8/phase_v_v,4996674,1786326468232,0.005,V
serial:COM8/phase_w_v,4996674,1786326468232,0.005,V
serial:COM8/motor_angle,4996676,1786326468232,131.13,deg
serial:COM8/phase_u_v,4996676,1786326468232,0.000,V
serial:COM8/phase_v_v,4996676,1786326468232,0.000,V
serial:COM8/phase_w_v,4996676,1786326468232,0.000,V
serial:COM8/motor_angle,4996678,1786326468232,131.09,deg
serial:COM8/phase_u_v,4996678,1786326468232,0.346,V
serial:COM8/phase_v_v,4996678,1786326468232,0.005,V
serial:COM8/phase_w_v,4996678,1786326468232,0.005,V
serial:COM8/motor_angle,4996680,1786326468232,131.13,deg
serial:COM8/phase_u_v,4996680,1786326468232,0.005,V
serial:COM8/phase_v_v,4996680,1786326468232,0.005,V
serial:COM8/phase_w_v,4996680,1786326468232,0.005,V
serial:COM8/motor_angle,4996682,1786326468232,131.22,deg
serial:COM8/phase_u_v,4996682,1786326468232,0.000,V
serial:COM8/phase_v_v,4996682,1786326468232,0.000,V
serial:COM8/phase_w_v,4996682,1786326468232,0.005,V
serial:COM8/motor_angle,4996684,1786326468232,131.18,deg
serial:COM8/phase_u_v,4996684,1786326468232,0.005,V
serial:COM8/phase_v_v,4996684,1786326468232,0.005,V
serial:COM8/phase_w_v,4996684,1786326468232,0.000,V
serial:COM8/motor_angle,4996686,1786326468304,131.13,deg
serial:COM8/phase_u_v,4996686,1786326468304,0.000,V
serial:COM8/phase_v_v,4996686,1786326468304,0.005,V
serial:COM8/phase_w_v,4996686,1786326468304,0.005,V
serial:COM8/motor_angle,4996688,1786326468304,131.15,deg
serial:COM8/phase_u_v,4996688,1786326468304,0.005,V
serial:COM8/phase_v_v,4996688,1786326468304,0.005,V
serial:COM8/phase_w_v,4996688,1786326468304,0.000,V
serial:COM8/motor_angle,4996690,1786326468304,131.11,deg
serial:COM8/phase_u_v,4996690,1786326468304,0.005,V
serial:COM8/phase_v_v,4996690,1786326468304,0.000,V
serial:COM8/phase_w_v,4996690,1786326468304,0.000,V
serial:COM8/motor_angle,4996692,1786326468304,131.15,deg
serial:COM8/phase_u_v,4996692,1786326468304,0.000,V
serial:COM8/phase_v_v,4996692,1786326468304,0.005,V
serial:COM8/phase_w_v,4996692,1786326468304,0.000,V
serial:COM8/motor_angle,4996694,1786326468304,131.15,deg
serial:COM8/phase_u_v,4996694,1786326468304,0.005,V
serial:COM8/phase_v_v,4996694,1786326468304,0.000,V
serial:COM8/phase_w_v,4996694,1786326468304,0.000,V
serial:COM8/motor_angle,4996696,1786326468304,131.15,deg
serial:COM8/phase_u_v,4996696,1786326468304,0.005,V
serial:COM8/phase_v_v,4996696,1786326468304,0.000,V
serial:COM8/phase_w_v,4996696,1786326468304,0.000,V
serial:COM8/motor_angle,4996698,1786326468304,131.13,deg
serial:COM8/phase_u_v,4996698,1786326468304,0.000,V
serial:COM8/phase_v_v,4996698,1786326468304,0.000,V
serial:COM8/phase_w_v,4996698,1786326468304,0.000,V
serial:COM8/motor_angle,4996700,1786326468304,131.11,deg
serial:COM8/phase_u_v,4996700,1786326468304,0.005,V
serial:COM8/phase_v_v,4996700,1786326468304,0.005,V
serial:COM8/phase_w_v,4996700,1786326468304,0.005,V
serial:COM8/motor_angle,4996702,1786326468304,131.11,deg
serial:COM8/phase_u_v,4996702,1786326468304,0.005,V
serial:COM8/phase_v_v,4996702,1786326468304,0.005,V
serial:COM8/phase_w_v,4996702,1786326468304,0.000,V
serial:COM8/motor_angle,4996704,1786326468304,131.18,deg
serial:COM8/phase_u_v,4996704,1786326468304,0.005,V
serial:COM8/phase_v_v,4996704,1786326468304,0.000,V
serial:COM8/phase_w_v,4996704,1786326468304,0.000,V
serial:COM8/motor_angle,4996706,1786326468304,131.15,deg
serial:COM8/phase_u_v,4996706,1786326468304,0.005,V
serial:COM8/phase_v_v,4996706,1786326468304,0.000,V
serial:COM8/phase_w_v,4996706,1786326468304,0.005,V
serial:COM8/motor_angle,4996708,1786326468304,131.13,deg
serial:COM8/phase_u_v,4996708,1786326468304,0.005,V
serial:COM8/phase_v_v,4996708,1786326468304,0.005,V
serial:COM8/phase_w_v,4996708,1786326468304,0.000,V
serial:COM8/motor_angle,4996710,1786326468304,131.15,deg
serial:COM8/phase_u_v,4996710,1786326468304,0.000,V
serial:COM8/phase_v_v,4996710,1786326468304,0.000,V
serial:COM8/phase_w_v,4996710,1786326468304,0.000,V
serial:COM8/motor_angle,4996712,1786326468304,131.13,deg
serial:COM8/phase_u_v,4996712,1786326468304,0.005,V
serial:COM8/phase_v_v,4996712,1786326468304,0.005,V
serial:COM8/phase_w_v,4996712,1786326468304,0.000,V
serial:COM8/motor_angle,4996714,1786326468304,131.13,deg
serial:COM8/phase_u_v,4996714,1786326468304,0.011,V
serial:COM8/phase_v_v,4996714,1786326468304,0.005,V
serial:COM8/phase_w_v,4996714,1786326468304,0.000,V
serial:COM8/motor_angle,4996716,1786326468304,131.11,deg
serial:COM8/phase_u_v,4996716,1786326468304,0.000,V
serial:COM8/phase_v_v,4996716,1786326468304,0.000,V
serial:COM8/phase_w_v,4996716,1786326468304,0.000,V
serial:COM8/motor_angle,4996718,1786326468304,131.13,deg
serial:COM8/phase_u_v,4996718,1786326468304,0.005,V
serial:COM8/phase_v_v,4996718,1786326468304,0.005,V
serial:COM8/phase_w_v,4996718,1786326468304,0.000,V
serial:COM8/motor_angle,4996720,1786326468304,131.13,deg
serial:COM8/phase_u_v,4996720,1786326468304,0.000,V
serial:COM8/phase_v_v,4996720,1786326468304,0.000,V
serial:COM8/phase_w_v,4996720,1786326468304,0.000,V
serial:COM8/motor_angle,4996722,1786326468304,131.11,deg
serial:COM8/phase_u_v,4996722,1786326468304,0.005,V
serial:COM8/phase_v_v,4996722,1786326468304,0.005,V
serial:COM8/phase_w_v,4996722,1786326468304,0.005,V
serial:COM8/motor_angle,4996724,1786326468304,131.11,deg
serial:COM8/phase_u_v,4996724,1786326468304,0.005,V
serial:COM8/phase_v_v,4996724,1786326468304,0.005,V
serial:COM8/phase_w_v,4996724,1786326468304,0.000,V
serial:COM8/motor_angle,4996726,1786326468304,131.11,deg
serial:COM8/phase_u_v,4996726,1786326468304,0.000,V
serial:COM8/phase_v_v,4996726,1786326468304,0.000,V
serial:COM8/phase_w_v,4996726,1786326468304,0.005,V
serial:COM8/motor_angle,4996728,1786326468304,131.20,deg
serial:COM8/phase_u_v,4996728,1786326468304,0.000,V
serial:COM8/phase_v_v,4996728,1786326468304,0.000,V
serial:COM8/phase_w_v,4996728,1786326468304,0.005,V
serial:COM8/motor_angle,4996730,1786326468304,131.15,deg
serial:COM8/phase_u_v,4996730,1786326468304,0.005,V
serial:COM8/phase_v_v,4996730,1786326468304,0.000,V
serial:COM8/phase_w_v,4996730,1786326468304,0.005,V
serial:COM8/motor_angle,4996732,1786326468304,131.18,deg
serial:COM8/phase_u_v,4996732,1786326468304,0.000,V
serial:COM8/phase_v_v,4996732,1786326468304,0.005,V
serial:COM8/phase_w_v,4996732,1786326468304,0.000,V
serial:COM8/motor_angle,4996734,1786326468304,131.15,deg
serial:COM8/phase_u_v,4996734,1786326468304,0.005,V
serial:COM8/phase_v_v,4996734,1786326468304,0.005,V
serial:COM8/phase_w_v,4996734,1786326468304,0.000,V
serial:COM8/motor_angle,4996736,1786326468304,131.13,deg
serial:COM8/phase_u_v,4996736,1786326468304,0.000,V
serial:COM8/phase_v_v,4996736,1786326468304,0.005,V
serial:COM8/phase_w_v,4996736,1786326468304,0.005,V
serial:COM8/motor_angle,4996738,1786326468304,131.15,deg
serial:COM8/phase_u_v,4996738,1786326468304,0.000,V
serial:COM8/phase_v_v,4996738,1786326468304,0.005,V
serial:COM8/phase_w_v,4996738,1786326468304,0.000,V
serial:COM8/motor_angle,4996740,1786326468304,131.13,deg
serial:COM8/phase_u_v,4996740,1786326468304,0.005,V
serial:COM8/phase_v_v,4996740,1786326468304,0.000,V
serial:COM8/phase_w_v,4996740,1786326468304,0.000,V
serial:COM8/motor_angle,4996742,1786326468304,131.09,deg
serial:COM8/phase_u_v,4996742,1786326468304,0.005,V
serial:COM8/phase_v_v,4996742,1786326468304,0.000,V
serial:COM8/phase_w_v,4996742,1786326468304,0.000,V
serial:COM8/motor_angle,4996744,1786326468304,131.11,deg
serial:COM8/phase_u_v,4996744,1786326468304,0.000,V
serial:COM8/phase_v_v,4996744,1786326468304,0.005,V
serial:COM8/phase_w_v,4996744,1786326468304,0.005,V
serial:COM8/motor_angle,4996746,1786326468304,131.09,deg
serial:COM8/phase_u_v,4996746,1786326468304,0.005,V
serial:COM8/phase_v_v,4996746,1786326468304,0.005,V
serial:COM8/phase_w_v,4996746,1786326468304,0.005,V
serial:COM8/motor_angle,4996748,1786326468304,131.13,deg
serial:COM8/phase_u_v,4996748,1786326468304,0.005,V
serial:COM8/phase_v_v,4996748,1786326468304,0.005,V
serial:COM8/phase_w_v,4996748,1786326468304,0.000,V
serial:COM8/motor_angle,4996750,1786326468304,131.18,deg
serial:COM8/phase_u_v,4996750,1786326468304,0.000,V
serial:COM8/phase_v_v,4996750,1786326468304,0.000,V
serial:COM8/phase_w_v,4996750,1786326468304,0.000,V
serial:COM8/motor_angle,4996752,1786326468304,131.11,deg
serial:COM8/phase_u_v,4996752,1786326468304,0.005,V
serial:COM8/phase_v_v,4996752,1786326468304,0.005,V
serial:COM8/phase_w_v,4996752,1786326468304,0.000,V
serial:COM8/motor_angle,4996754,1786326468304,131.15,deg
serial:COM8/phase_u_v,4996754,1786326468304,0.000,V
serial:COM8/phase_v_v,4996754,1786326468304,0.005,V
serial:COM8/phase_w_v,4996754,1786326468304,0.005,V
serial:COM8/motor_angle,4996756,1786326468304,131.20,deg
serial:COM8/phase_u_v,4996756,1786326468304,0.005,V
serial:COM8/phase_v_v,4996756,1786326468304,0.005,V
serial:COM8/phase_w_v,4996756,1786326468304,0.005,V
serial:COM8/motor_angle,4996758,1786326468377,131.11,deg
serial:COM8/phase_u_v,4996758,1786326468377,0.000,V
serial:COM8/phase_v_v,4996758,1786326468377,0.000,V
serial:COM8/phase_w_v,4996758,1786326468377,0.000,V
serial:COM8/motor_angle,4996760,1786326468377,131.15,deg
serial:COM8/phase_u_v,4996760,1786326468377,0.000,V
serial:COM8/phase_v_v,4996760,1786326468377,0.000,V
serial:COM8/phase_w_v,4996760,1786326468377,0.005,V
serial:COM8/motor_angle,4996762,1786326468377,131.07,deg
serial:COM8/phase_u_v,4996762,1786326468377,0.005,V
serial:COM8/phase_v_v,4996762,1786326468377,0.005,V
serial:COM8/phase_w_v,4996762,1786326468377,0.005,V
serial:COM8/motor_angle,4996764,1786326468377,131.13,deg
serial:COM8/phase_u_v,4996764,1786326468377,0.005,V
serial:COM8/phase_v_v,4996764,1786326468377,0.005,V
serial:COM8/phase_w_v,4996764,1786326468377,0.005,V
serial:COM8/motor_angle,4996766,1786326468377,131.13,deg
serial:COM8/phase_u_v,4996766,1786326468377,0.065,V
serial:COM8/phase_v_v,4996766,1786326468377,0.005,V
serial:COM8/phase_w_v,4996766,1786326468377,0.005,V
serial:COM8/motor_angle,4996768,1786326468377,131.11,deg
serial:COM8/phase_u_v,4996768,1786326468377,0.005,V
serial:COM8/phase_v_v,4996768,1786326468377,0.005,V
serial:COM8/phase_w_v,4996768,1786326468377,0.000,V
serial:COM8/motor_angle,4996770,1786326468377,131.11,deg
serial:COM8/phase_u_v,4996770,1786326468377,0.005,V
serial:COM8/phase_v_v,4996770,1786326468377,0.005,V
serial:COM8/phase_w_v,4996770,1786326468377,0.000,V
serial:COM8/motor_angle,4996772,1786326468377,131.15,deg
serial:COM8/phase_u_v,4996772,1786326468377,0.005,V
serial:COM8/phase_v_v,4996772,1786326468377,0.005,V
serial:COM8/phase_w_v,4996772,1786326468377,0.005,V
serial:COM8/motor_angle,4996774,1786326468377,131.15,deg
serial:COM8/phase_u_v,4996774,1786326468377,0.005,V
serial:COM8/phase_v_v,4996774,1786326468377,0.005,V
serial:COM8/phase_w_v,4996774,1786326468377,0.000,V
serial:COM8/motor_angle,4996776,1786326468377,131.11,deg
serial:COM8/phase_u_v,4996776,1786326468377,0.005,V
serial:COM8/phase_v_v,4996776,1786326468377,0.005,V
serial:COM8/phase_w_v,4996776,1786326468377,0.005,V
serial:COM8/motor_angle,4996778,1786326468377,131.13,deg
serial:COM8/phase_u_v,4996778,1786326468377,0.000,V
serial:COM8/phase_v_v,4996778,1786326468377,0.000,V
serial:COM8/phase_w_v,4996778,1786326468377,0.005,V
serial:COM8/motor_angle,4996780,1786326468377,131.15,deg
serial:COM8/phase_u_v,4996780,1786326468377,0.005,V
serial:COM8/phase_v_v,4996780,1786326468377,0.005,V
serial:COM8/phase_w_v,4996780,1786326468377,0.005,V
serial:COM8/motor_angle,4996782,1786326468377,131.13,deg
serial:COM8/phase_u_v,4996782,1786326468377,0.005,V
serial:COM8/phase_v_v,4996782,1786326468377,0.005,V
serial:COM8/phase_w_v,4996782,1786326468377,0.000,V
serial:COM8/motor_angle,4996784,1786326468377,131.13,deg
serial:COM8/phase_u_v,4996784,1786326468377,0.000,V
serial:COM8/phase_v_v,4996784,1786326468377,0.005,V
serial:COM8/phase_w_v,4996784,1786326468377,0.000,V
serial:COM8/motor_angle,4996786,1786326468377,131.18,deg
serial:COM8/phase_u_v,4996786,1786326468377,0.005,V
serial:COM8/phase_v_v,4996786,1786326468377,0.005,V
serial:COM8/phase_w_v,4996786,1786326468377,0.000,V
serial:COM8/motor_angle,4996788,1786326468377,131.18,deg
serial:COM8/phase_u_v,4996788,1786326468377,0.000,V
serial:COM8/phase_v_v,4996788,1786326468377,0.005,V
serial:COM8/phase_w_v,4996788,1786326468377,0.005,V
serial:COM8/motor_angle,4996790,1786326468377,131.13,deg
serial:COM8/phase_u_v,4996790,1786326468377,0.000,V
serial:COM8/phase_v_v,4996790,1786326468377,0.005,V
serial:COM8/phase_w_v,4996790,1786326468377,0.000,V
serial:COM8/motor_angle,4996792,1786326468377,131.09,deg
serial:COM8/phase_u_v,4996792,1786326468377,0.005,V
serial:COM8/phase_v_v,4996792,1786326468377,0.011,V
serial:COM8/phase_w_v,4996792,1786326468377,0.000,V
serial:COM8/motor_angle,4996794,1786326468377,131.11,deg
serial:COM8/phase_u_v,4996794,1786326468377,0.000,V
serial:COM8/phase_v_v,4996794,1786326468377,0.005,V
serial:COM8/phase_w_v,4996794,1786326468377,0.000,V
serial:COM8/motor_angle,4996796,1786326468377,131.15,deg
serial:COM8/phase_u_v,4996796,1786326468377,0.005,V
serial:COM8/phase_v_v,4996796,1786326468377,0.005,V
serial:COM8/phase_w_v,4996796,1786326468377,0.005,V
serial:COM8/motor_angle,4996798,1786326468377,131.15,deg
serial:COM8/phase_u_v,4996798,1786326468377,0.000,V
serial:COM8/phase_v_v,4996798,1786326468377,0.005,V
serial:COM8/phase_w_v,4996798,1786326468377,0.000,V
serial:COM8/motor_angle,4996800,1786326468377,131.15,deg
serial:COM8/phase_u_v,4996800,1786326468377,0.005,V
serial:COM8/phase_v_v,4996800,1786326468377,0.005,V
serial:COM8/phase_w_v,4996800,1786326468377,0.000,V
serial:COM8/motor_angle,4996802,1786326468377,131.13,deg
serial:COM8/phase_u_v,4996802,1786326468377,0.000,V
serial:COM8/phase_v_v,4996802,1786326468377,0.000,V
serial:COM8/phase_w_v,4996802,1786326468377,0.000,V
serial:COM8/motor_angle,4996804,1786326468377,131.15,deg
serial:COM8/phase_u_v,4996804,1786326468377,0.092,V
serial:COM8/phase_v_v,4996804,1786326468377,0.005,V
serial:COM8/phase_w_v,4996804,1786326468377,0.000,V
serial:COM8/motor_angle,4996806,1786326468377,131.09,deg
serial:COM8/phase_u_v,4996806,1786326468377,0.005,V
serial:COM8/phase_v_v,4996806,1786326468377,0.005,V
serial:COM8/phase_w_v,4996806,1786326468377,0.000,V
serial:COM8/motor_angle,4996808,1786326468377,131.13,deg
serial:COM8/phase_u_v,4996808,1786326468377,0.005,V
serial:COM8/phase_v_v,4996808,1786326468377,0.000,V
serial:COM8/phase_w_v,4996808,1786326468377,0.000,V
serial:COM8/motor_angle,4996810,1786326468377,131.18,deg
serial:COM8/phase_u_v,4996810,1786326468377,0.005,V
serial:COM8/phase_v_v,4996810,1786326468377,0.005,V
serial:COM8/phase_w_v,4996810,1786326468377,0.000,V
serial:COM8/motor_angle,4996812,1786326468377,131.15,deg
serial:COM8/phase_u_v,4996812,1786326468377,0.005,V
serial:COM8/phase_v_v,4996812,1786326468377,0.005,V
serial:COM8/phase_w_v,4996812,1786326468377,0.000,V
serial:COM8/motor_angle,4996814,1786326468377,131.15,deg
serial:COM8/phase_u_v,4996814,1786326468377,0.065,V
serial:COM8/phase_v_v,4996814,1786326468377,0.005,V
serial:COM8/phase_w_v,4996814,1786326468377,0.000,V
serial:COM8/motor_angle,4996816,1786326468377,131.13,deg
serial:COM8/phase_u_v,4996816,1786326468377,0.005,V
serial:COM8/phase_v_v,4996816,1786326468377,0.005,V
serial:COM8/phase_w_v,4996816,1786326468377,0.000,V
serial:COM8/motor_angle,4996818,1786326468377,131.15,deg
serial:COM8/phase_u_v,4996818,1786326468377,0.005,V
serial:COM8/phase_v_v,4996818,1786326468377,0.005,V
serial:COM8/phase_w_v,4996818,1786326468377,0.005,V
serial:COM8/motor_angle,4996820,1786326468377,131.15,deg
serial:COM8/phase_u_v,4996820,1786326468377,0.005,V
serial:COM8/phase_v_v,4996820,1786326468377,0.005,V
serial:COM8/phase_w_v,4996820,1786326468377,0.000,V
serial:COM8/motor_angle,4996822,1786326468377,131.15,deg
serial:COM8/phase_u_v,4996822,1786326468377,0.005,V
serial:COM8/phase_v_v,4996822,1786326468377,0.005,V
serial:COM8/phase_w_v,4996822,1786326468377,0.005,V
serial:COM8/motor_angle,4996824,1786326468377,131.11,deg
serial:COM8/phase_u_v,4996824,1786326468377,0.005,V
serial:COM8/phase_v_v,4996824,1786326468377,0.005,V
serial:COM8/phase_w_v,4996824,1786326468377,0.000,V
serial:COM8/motor_angle,4996826,1786326468377,131.18,deg
serial:COM8/phase_u_v,4996826,1786326468377,0.000,V
serial:COM8/phase_v_v,4996826,1786326468377,0.000,V
serial:COM8/phase_w_v,4996826,1786326468377,0.005,V
serial:COM8/motor_angle,4996828,1786326468377,131.15,deg
serial:COM8/phase_u_v,4996828,1786326468377,0.135,V
serial:COM8/phase_v_v,4996828,1786326468377,0.011,V
serial:COM8/phase_w_v,4996828,1786326468377,0.005,V
serial:COM8/motor_angle,4996830,1786326468448,131.13,deg
serial:COM8/phase_u_v,4996830,1786326468448,0.000,V
serial:COM8/phase_v_v,4996830,1786326468448,0.005,V
serial:COM8/phase_w_v,4996830,1786326468448,0.000,V
serial:COM8/motor_angle,4996832,1786326468448,131.18,deg
serial:COM8/phase_u_v,4996832,1786326468448,0.000,V
serial:COM8/phase_v_v,4996832,1786326468448,0.005,V
serial:COM8/phase_w_v,4996832,1786326468448,0.000,V
serial:COM8/motor_angle,4996834,1786326468448,131.11,deg
serial:COM8/phase_u_v,4996834,1786326468448,0.005,V
serial:COM8/phase_v_v,4996834,1786326468448,0.005,V
serial:COM8/phase_w_v,4996834,1786326468448,0.005,V
serial:COM8/motor_angle,4996836,1786326468448,131.11,deg
serial:COM8/phase_u_v,4996836,1786326468448,0.000,V
serial:COM8/phase_v_v,4996836,1786326468448,0.005,V
serial:COM8/phase_w_v,4996836,1786326468448,0.005,V
serial:COM8/motor_angle,4996838,1786326468448,131.20,deg
serial:COM8/phase_u_v,4996838,1786326468448,0.005,V
serial:COM8/phase_v_v,4996838,1786326468448,0.000,V
serial:COM8/phase_w_v,4996838,1786326468448,0.000,V
serial:COM8/motor_angle,4996840,1786326468448,131.11,deg
serial:COM8/phase_u_v,4996840,1786326468448,0.000,V
serial:COM8/phase_v_v,4996840,1786326468448,0.000,V
serial:COM8/phase_w_v,4996840,1786326468448,0.005,V
serial:COM8/motor_angle,4996842,1786326468448,131.09,deg
serial:COM8/phase_u_v,4996842,1786326468448,0.000,V
serial:COM8/phase_v_v,4996842,1786326468448,0.005,V
serial:COM8/phase_w_v,4996842,1786326468448,0.005,V
serial:COM8/motor_angle,4996844,1786326468448,131.11,deg
serial:COM8/phase_u_v,4996844,1786326468448,0.011,V
serial:COM8/phase_v_v,4996844,1786326468448,0.005,V
serial:COM8/phase_w_v,4996844,1786326468448,0.000,V
serial:COM8/motor_angle,4996846,1786326468448,131.15,deg
serial:COM8/phase_u_v,4996846,1786326468448,0.000,V
serial:COM8/phase_v_v,4996846,1786326468448,0.005,V
serial:COM8/phase_w_v,4996846,1786326468448,0.005,V
serial:COM8/motor_angle,4996848,1786326468448,131.09,deg
serial:COM8/phase_u_v,4996848,1786326468448,0.005,V
serial:COM8/phase_v_v,4996848,1786326468448,0.005,V
serial:COM8/phase_w_v,4996848,1786326468448,0.005,V
serial:COM8/motor_angle,4996850,1786326468448,131.13,deg
serial:COM8/phase_u_v,4996850,1786326468448,0.005,V
serial:COM8/phase_v_v,4996850,1786326468448,0.005,V
serial:COM8/phase_w_v,4996850,1786326468448,0.000,V
serial:COM8/motor_angle,4996852,1786326468448,131.13,deg
serial:COM8/phase_u_v,4996852,1786326468448,0.000,V
serial:COM8/phase_v_v,4996852,1786326468448,0.005,V
serial:COM8/phase_w_v,4996852,1786326468448,0.005,V
serial:COM8/motor_angle,4996854,1786326468448,131.18,deg
serial:COM8/phase_u_v,4996854,1786326468448,0.238,V
serial:COM8/phase_v_v,4996854,1786326468448,0.005,V
serial:COM8/phase_w_v,4996854,1786326468448,0.000,V
serial:COM8/motor_angle,4996856,1786326468448,131.13,deg
serial:COM8/phase_u_v,4996856,1786326468448,0.000,V
serial:COM8/phase_v_v,4996856,1786326468448,0.005,V
serial:COM8/phase_w_v,4996856,1786326468448,0.000,V
serial:COM8/motor_angle,4996858,1786326468448,131.11,deg
serial:COM8/phase_u_v,4996858,1786326468448,0.000,V
serial:COM8/phase_v_v,4996858,1786326468448,0.005,V
serial:COM8/phase_w_v,4996858,1786326468448,0.000,V
serial:COM8/motor_angle,4996860,1786326468448,131.15,deg
serial:COM8/phase_u_v,4996860,1786326468448,0.005,V
serial:COM8/phase_v_v,4996860,1786326468448,0.005,V
serial:COM8/phase_w_v,4996860,1786326468448,0.005,V
serial:COM8/motor_angle,4996862,1786326468448,131.11,deg
serial:COM8/phase_u_v,4996862,1786326468448,0.005,V
serial:COM8/phase_v_v,4996862,1786326468448,0.005,V
serial:COM8/phase_w_v,4996862,1786326468448,0.000,V
serial:COM8/motor_angle,4996864,1786326468448,131.13,deg
serial:COM8/phase_u_v,4996864,1786326468448,0.005,V
serial:COM8/phase_v_v,4996864,1786326468448,0.005,V
serial:COM8/phase_w_v,4996864,1786326468448,0.000,V
serial:COM8/motor_angle,4996866,1786326468448,131.09,deg
serial:COM8/phase_u_v,4996866,1786326468448,0.005,V
serial:COM8/phase_v_v,4996866,1786326468448,0.005,V
serial:COM8/phase_w_v,4996866,1786326468448,0.000,V
serial:COM8/motor_angle,4996868,1786326468448,131.15,deg
serial:COM8/phase_u_v,4996868,1786326468448,0.000,V
serial:COM8/phase_v_v,4996868,1786326468448,0.005,V
serial:COM8/phase_w_v,4996868,1786326468448,0.005,V
serial:COM8/motor_angle,4996870,1786326468448,131.13,deg
serial:COM8/phase_u_v,4996870,1786326468448,0.005,V
serial:COM8/phase_v_v,4996870,1786326468448,0.005,V
serial:COM8/phase_w_v,4996870,1786326468448,0.000,V
serial:COM8/motor_angle,4996872,1786326468448,131.15,deg
serial:COM8/phase_u_v,4996872,1786326468448,0.005,V
serial:COM8/phase_v_v,4996872,1786326468448,0.005,V
serial:COM8/phase_w_v,4996872,1786326468448,0.000,V
serial:COM8/motor_angle,4996874,1786326468448,131.11,deg
serial:COM8/phase_u_v,4996874,1786326468448,0.000,V
serial:COM8/phase_v_v,4996874,1786326468448,0.000,V
serial:COM8/phase_w_v,4996874,1786326468448,0.000,V
serial:COM8/motor_angle,4996876,1786326468448,131.15,deg
serial:COM8/phase_u_v,4996876,1786326468448,0.005,V
serial:COM8/phase_v_v,4996876,1786326468448,0.000,V
serial:COM8/phase_w_v,4996876,1786326468448,0.000,V
serial:COM8/motor_angle,4996878,1786326468448,131.09,deg
serial:COM8/phase_u_v,4996878,1786326468448,0.000,V
serial:COM8/phase_v_v,4996878,1786326468448,0.000,V
serial:COM8/phase_w_v,4996878,1786326468448,0.005,V
serial:COM8/motor_angle,4996880,1786326468448,131.09,deg
serial:COM8/phase_u_v,4996880,1786326468448,0.005,V
serial:COM8/phase_v_v,4996880,1786326468448,0.005,V
serial:COM8/phase_w_v,4996880,1786326468448,0.005,V
serial:COM8/motor_angle,4996882,1786326468448,131.13,deg
serial:COM8/phase_u_v,4996882,1786326468448,0.005,V
serial:COM8/phase_v_v,4996882,1786326468448,0.005,V
serial:COM8/phase_w_v,4996882,1786326468448,0.005,V
serial:COM8/motor_angle,4996884,1786326468448,131.13,deg
serial:COM8/phase_u_v,4996884,1786326468448,0.000,V
serial:COM8/phase_v_v,4996884,1786326468448,0.005,V
serial:COM8/phase_w_v,4996884,1786326468448,0.000,V
serial:COM8/motor_angle,4996886,1786326468448,131.11,deg
serial:COM8/phase_u_v,4996886,1786326468448,0.005,V
serial:COM8/phase_v_v,4996886,1786326468448,0.005,V
serial:COM8/phase_w_v,4996886,1786326468448,0.000,V
serial:COM8/motor_angle,4996888,1786326468448,131.15,deg
serial:COM8/phase_u_v,4996888,1786326468448,0.005,V
serial:COM8/phase_v_v,4996888,1786326468448,0.000,V
serial:COM8/phase_w_v,4996888,1786326468448,0.000,V
serial:COM8/motor_angle,4996890,1786326468448,131.15,deg
serial:COM8/phase_u_v,4996890,1786326468448,0.000,V
serial:COM8/phase_v_v,4996890,1786326468448,0.005,V
serial:COM8/phase_w_v,4996890,1786326468448,0.000,V
serial:COM8/motor_angle,4996892,1786326468448,131.13,deg
serial:COM8/phase_u_v,4996892,1786326468448,0.005,V
serial:COM8/phase_v_v,4996892,1786326468448,0.005,V
serial:COM8/phase_w_v,4996892,1786326468448,0.000,V
serial:COM8/motor_angle,4996894,1786326468448,131.07,deg
serial:COM8/phase_u_v,4996894,1786326468448,0.000,V
serial:COM8/phase_v_v,4996894,1786326468448,0.005,V
serial:COM8/phase_w_v,4996894,1786326468448,0.000,V
serial:COM8/motor_angle,4996896,1786326468448,131.11,deg
serial:COM8/phase_u_v,4996896,1786326468448,0.005,V
serial:COM8/phase_v_v,4996896,1786326468448,0.000,V
serial:COM8/phase_w_v,4996896,1786326468448,0.005,V
serial:COM8/motor_angle,4996898,1786326468448,131.18,deg
serial:COM8/phase_u_v,4996898,1786326468448,0.005,V
serial:COM8/phase_v_v,4996898,1786326468448,0.005,V
serial:COM8/phase_w_v,4996898,1786326468448,0.000,V
serial:COM8/motor_angle,4996900,1786326468448,131.11,deg
serial:COM8/phase_u_v,4996900,1786326468448,0.000,V
serial:COM8/phase_v_v,4996900,1786326468448,0.000,V
serial:COM8/phase_w_v,4996900,1786326468448,0.000,V
serial:COM8/motor_angle,4996902,1786326468522,131.15,deg
serial:COM8/phase_u_v,4996902,1786326468522,0.005,V
serial:COM8/phase_v_v,4996902,1786326468522,0.005,V
serial:COM8/phase_w_v,4996902,1786326468522,0.005,V
serial:COM8/motor_angle,4996904,1786326468522,131.15,deg
serial:COM8/phase_u_v,4996904,1786326468522,0.005,V
serial:COM8/phase_v_v,4996904,1786326468522,0.011,V
serial:COM8/phase_w_v,4996904,1786326468522,0.000,V
serial:COM8/motor_angle,4996906,1786326468522,131.18,deg
serial:COM8/phase_u_v,4996906,1786326468522,0.005,V
serial:COM8/phase_v_v,4996906,1786326468522,0.005,V
serial:COM8/phase_w_v,4996906,1786326468522,0.005,V
serial:COM8/motor_angle,4996908,1786326468522,131.15,deg
serial:COM8/phase_u_v,4996908,1786326468522,0.005,V
serial:COM8/phase_v_v,4996908,1786326468522,0.000,V
serial:COM8/phase_w_v,4996908,1786326468522,0.000,V
serial:COM8/motor_angle,4996910,1786326468522,131.18,deg
serial:COM8/phase_u_v,4996910,1786326468522,0.005,V
serial:COM8/phase_v_v,4996910,1786326468522,0.000,V
serial:COM8/phase_w_v,4996910,1786326468522,0.005,V
serial:COM8/motor_angle,4996912,1786326468522,131.15,deg
serial:COM8/phase_u_v,4996912,1786326468522,0.130,V
serial:COM8/phase_v_v,4996912,1786326468522,0.005,V
serial:COM8/phase_w_v,4996912,1786326468522,0.005,V
serial:COM8/motor_angle,4996914,1786326468522,131.09,deg
serial:COM8/phase_u_v,4996914,1786326468522,0.000,V
serial:COM8/phase_v_v,4996914,1786326468522,0.005,V
serial:COM8/phase_w_v,4996914,1786326468522,0.005,V
serial:COM8/motor_angle,4996916,1786326468522,131.15,deg
serial:COM8/phase_u_v,4996916,1786326468522,0.000,V
serial:COM8/phase_v_v,4996916,1786326468522,0.005,V
serial:COM8/phase_w_v,4996916,1786326468522,0.000,V
serial:COM8/motor_angle,4996918,1786326468522,131.11,deg
serial:COM8/phase_u_v,4996918,1786326468522,0.086,V
serial:COM8/phase_v_v,4996918,1786326468522,0.011,V
serial:COM8/phase_w_v,4996918,1786326468522,0.005,V
serial:COM8/motor_angle,4996920,1786326468522,131.18,deg
serial:COM8/phase_u_v,4996920,1786326468522,0.005,V
serial:COM8/phase_v_v,4996920,1786326468522,0.005,V
serial:COM8/phase_w_v,4996920,1786326468522,0.000,V
serial:COM8/motor_angle,4996922,1786326468522,131.11,deg
serial:COM8/phase_u_v,4996922,1786326468522,0.005,V
serial:COM8/phase_v_v,4996922,1786326468522,0.005,V
serial:COM8/phase_w_v,4996922,1786326468522,0.005,V
serial:COM8/motor_angle,4996924,1786326468522,131.15,deg
serial:COM8/phase_u_v,4996924,1786326468522,0.005,V
serial:COM8/phase_v_v,4996924,1786326468522,0.005,V
serial:COM8/phase_w_v,4996924,1786326468522,0.005,V
serial:COM8/motor_angle,4996926,1786326468522,131.13,deg
serial:COM8/phase_u_v,4996926,1786326468522,0.005,V
serial:COM8/phase_v_v,4996926,1786326468522,0.005,V
serial:COM8/phase_w_v,4996926,1786326468522,0.000,V
serial:COM8/motor_angle,4996928,1786326468522,131.09,deg
serial:COM8/phase_u_v,4996928,1786326468522,0.000,V
serial:COM8/phase_v_v,4996928,1786326468522,0.005,V
serial:COM8/phase_w_v,4996928,1786326468522,0.005,V
serial:COM8/motor_angle,4996930,1786326468522,131.13,deg
serial:COM8/phase_u_v,4996930,1786326468522,0.011,V
serial:COM8/phase_v_v,4996930,1786326468522,0.005,V
serial:COM8/phase_w_v,4996930,1786326468522,0.000,V
serial:COM8/motor_angle,4996932,1786326468522,131.15,deg
serial:COM8/phase_u_v,4996932,1786326468522,0.011,V
serial:COM8/phase_v_v,4996932,1786326468522,0.000,V
serial:COM8/phase_w_v,4996932,1786326468522,0.000,V
serial:COM8/motor_angle,4996934,1786326468522,131.15,deg
serial:COM8/phase_u_v,4996934,1786326468522,0.005,V
serial:COM8/phase_v_v,4996934,1786326468522,0.000,V
serial:COM8/phase_w_v,4996934,1786326468522,0.000,V
serial:COM8/motor_angle,4996936,1786326468522,131.13,deg
serial:COM8/phase_u_v,4996936,1786326468522,0.005,V
serial:COM8/phase_v_v,4996936,1786326468522,0.005,V
serial:COM8/phase_w_v,4996936,1786326468522,0.000,V
serial:COM8/motor_angle,4996938,1786326468522,131.13,deg
serial:COM8/phase_u_v,4996938,1786326468522,0.000,V
serial:COM8/phase_v_v,4996938,1786326468522,0.000,V
serial:COM8/phase_w_v,4996938,1786326468522,0.000,V
serial:COM8/motor_angle,4996940,1786326468522,131.15,deg
serial:COM8/phase_u_v,4996940,1786326468522,0.005,V
serial:COM8/phase_v_v,4996940,1786326468522,0.005,V
serial:COM8/phase_w_v,4996940,1786326468522,0.000,V
serial:COM8/motor_angle,4996942,1786326468522,131.15,deg
serial:COM8/phase_u_v,4996942,1786326468522,0.005,V
serial:COM8/phase_v_v,4996942,1786326468522,0.005,V
serial:COM8/phase_w_v,4996942,1786326468522,0.000,V
serial:COM8/motor_angle,4996944,1786326468522,131.11,deg
serial:COM8/phase_u_v,4996944,1786326468522,0.000,V
serial:COM8/phase_v_v,4996944,1786326468522,0.005,V
serial:COM8/phase_w_v,4996944,1786326468522,0.005,V
serial:COM8/motor_angle,4996946,1786326468522,131.15,deg
serial:COM8/phase_u_v,4996946,1786326468522,0.005,V
serial:COM8/phase_v_v,4996946,1786326468522,0.000,V
serial:COM8/phase_w_v,4996946,1786326468522,0.000,V
serial:COM8/motor_angle,4996948,1786326468522,131.07,deg
serial:COM8/phase_u_v,4996948,1786326468522,0.005,V
serial:COM8/phase_v_v,4996948,1786326468522,0.000,V
serial:COM8/phase_w_v,4996948,1786326468522,0.000,V
serial:COM8/motor_angle,4996950,1786326468522,131.15,deg
serial:COM8/phase_u_v,4996950,1786326468522,0.005,V
serial:COM8/phase_v_v,4996950,1786326468522,0.000,V
serial:COM8/phase_w_v,4996950,1786326468522,0.005,V
serial:COM8/motor_angle,4996952,1786326468522,131.13,deg
serial:COM8/phase_u_v,4996952,1786326468522,0.005,V
serial:COM8/phase_v_v,4996952,1786326468522,0.000,V
serial:COM8/phase_w_v,4996952,1786326468522,0.000,V
serial:COM8/motor_angle,4996954,1786326468522,131.15,deg
serial:COM8/phase_u_v,4996954,1786326468522,0.005,V
serial:COM8/phase_v_v,4996954,1786326468522,0.005,V
serial:COM8/phase_w_v,4996954,1786326468522,0.005,V
serial:COM8/motor_angle,4996956,1786326468522,131.11,deg
serial:COM8/phase_u_v,4996956,1786326468522,0.000,V
serial:COM8/phase_v_v,4996956,1786326468522,0.000,V
serial:COM8/phase_w_v,4996956,1786326468522,0.005,V
serial:COM8/motor_angle,4996958,1786326468522,131.11,deg
serial:COM8/phase_u_v,4996958,1786326468522,0.005,V
serial:COM8/phase_v_v,4996958,1786326468522,0.011,V
serial:COM8/phase_w_v,4996958,1786326468522,0.000,V
serial:COM8/motor_angle,4996960,1786326468522,131.11,deg
serial:COM8/phase_u_v,4996960,1786326468522,0.005,V
serial:COM8/phase_v_v,4996960,1786326468522,0.005,V
serial:COM8/phase_w_v,4996960,1786326468522,0.000,V
serial:COM8/motor_angle,4996962,1786326468522,131.15,deg
serial:COM8/phase_u_v,4996962,1786326468522,0.005,V
serial:COM8/phase_v_v,4996962,1786326468522,0.000,V
serial:COM8/phase_w_v,4996962,1786326468522,0.000,V
serial:COM8/motor_angle,4996964,1786326468522,131.11,deg
serial:COM8/phase_u_v,4996964,1786326468522,0.000,V
serial:COM8/phase_v_v,4996964,1786326468522,0.000,V
serial:COM8/phase_w_v,4996964,1786326468522,0.000,V
serial:COM8/motor_angle,4996966,1786326468522,131.11,deg
serial:COM8/phase_u_v,4996966,1786326468522,0.000,V
serial:COM8/phase_v_v,4996966,1786326468522,0.005,V
serial:COM8/phase_w_v,4996966,1786326468522,0.000,V
serial:COM8/motor_angle,4996968,1786326468522,131.18,deg
serial:COM8/phase_u_v,4996968,1786326468522,0.016,V
serial:COM8/phase_v_v,4996968,1786326468522,0.005,V
serial:COM8/phase_w_v,4996968,1786326468522,0.000,V
serial:COM8/motor_angle,4996970,1786326468522,131.11,deg
serial:COM8/phase_u_v,4996970,1786326468522,0.005,V
serial:COM8/phase_v_v,4996970,1786326468522,0.000,V
serial:COM8/phase_w_v,4996970,1786326468522,0.000,V
serial:COM8/motor_angle,4996972,1786326468522,131.13,deg
serial:COM8/phase_u_v,4996972,1786326468522,0.005,V
serial:COM8/phase_v_v,4996972,1786326468522,0.005,V
serial:COM8/phase_w_v,4996972,1786326468522,0.000,V
serial:COM8/motor_angle,4996974,1786326468522,131.09,deg
serial:COM8/phase_u_v,4996974,1786326468522,0.005,V
serial:COM8/phase_v_v,4996974,1786326468522,0.005,V
serial:COM8/phase_w_v,4996974,1786326468522,0.005,V
serial:COM8/motor_angle,4996976,1786326468594,131.07,deg
serial:COM8/phase_u_v,4996976,1786326468594,0.005,V
serial:COM8/phase_v_v,4996976,1786326468594,0.005,V
serial:COM8/phase_w_v,4996976,1786326468594,0.000,V
serial:COM8/motor_angle,4996978,1786326468594,131.11,deg
serial:COM8/phase_u_v,4996978,1786326468594,0.000,V
serial:COM8/phase_v_v,4996978,1786326468594,0.005,V
serial:COM8/phase_w_v,4996978,1786326468594,0.000,V
serial:COM8/motor_angle,4996980,1786326468594,131.11,deg
serial:COM8/phase_u_v,4996980,1786326468594,0.005,V
serial:COM8/phase_v_v,4996980,1786326468594,0.005,V
serial:COM8/phase_w_v,4996980,1786326468594,0.005,V
serial:COM8/motor_angle,4996982,1786326468594,131.18,deg
serial:COM8/phase_u_v,4996982,1786326468594,0.000,V
serial:COM8/phase_v_v,4996982,1786326468594,0.000,V
serial:COM8/phase_w_v,4996982,1786326468594,0.000,V
serial:COM8/motor_angle,4996984,1786326468594,131.13,deg
serial:COM8/phase_u_v,4996984,1786326468594,0.178,V
serial:COM8/phase_v_v,4996984,1786326468594,0.005,V
serial:COM8/phase_w_v,4996984,1786326468594,0.000,V
serial:COM8/motor_angle,4996986,1786326468594,131.13,deg
serial:COM8/phase_u_v,4996986,1786326468594,0.005,V
serial:COM8/phase_v_v,4996986,1786326468594,0.000,V
serial:COM8/phase_w_v,4996986,1786326468594,0.005,V
serial:COM8/motor_angle,4996988,1786326468594,131.18,deg
serial:COM8/phase_u_v,4996988,1786326468594,0.000,V
serial:COM8/phase_v_v,4996988,1786326468594,0.005,V
serial:COM8/phase_w_v,4996988,1786326468594,0.005,V
serial:COM8/motor_angle,4996990,1786326468594,131.13,deg
serial:COM8/phase_u_v,4996990,1786326468594,0.000,V
serial:COM8/phase_v_v,4996990,1786326468594,0.005,V
serial:COM8/phase_w_v,4996990,1786326468594,0.005,V
serial:COM8/motor_angle,4996992,1786326468594,131.11,deg
serial:COM8/phase_u_v,4996992,1786326468594,0.005,V
serial:COM8/phase_v_v,4996992,1786326468594,0.005,V
serial:COM8/phase_w_v,4996992,1786326468594,0.005,V
serial:COM8/motor_angle,4996994,1786326468594,131.15,deg
serial:COM8/phase_u_v,4996994,1786326468594,0.011,V
serial:COM8/phase_v_v,4996994,1786326468594,0.005,V
serial:COM8/phase_w_v,4996994,1786326468594,0.000,V
serial:COM8/motor_angle,4996996,1786326468594,131.15,deg
serial:COM8/phase_u_v,4996996,1786326468594,0.005,V
serial:COM8/phase_v_v,4996996,1786326468594,0.000,V
serial:COM8/phase_w_v,4996996,1786326468594,0.000,V
serial:COM8/motor_angle,4996998,1786326468594,131.09,deg
serial:COM8/phase_u_v,4996998,1786326468594,0.005,V
serial:COM8/phase_v_v,4996998,1786326468594,0.005,V
serial:COM8/phase_w_v,4996998,1786326468594,0.000,V
serial:COM8/motor_angle,4997000,1786326468594,131.11,deg
serial:COM8/phase_u_v,4997000,1786326468594,0.005,V
serial:COM8/phase_v_v,4997000,1786326468594,0.005,V
serial:COM8/phase_w_v,4997000,1786326468594,0.000,V
serial:COM8/motor_angle,4997002,1786326468594,131.11,deg
serial:COM8/phase_u_v,4997002,1786326468594,0.005,V
serial:COM8/phase_v_v,4997002,1786326468594,0.000,V
serial:COM8/phase_w_v,4997002,1786326468594,0.000,V
serial:COM8/motor_angle,4997004,1786326468594,131.11,deg
serial:COM8/phase_u_v,4997004,1786326468594,0.005,V
serial:COM8/phase_v_v,4997004,1786326468594,0.000,V
serial:COM8/phase_w_v,4997004,1786326468594,0.005,V
serial:COM8/motor_angle,4997006,1786326468594,131.09,deg
serial:COM8/phase_u_v,4997006,1786326468594,0.005,V
serial:COM8/phase_v_v,4997006,1786326468594,0.005,V
serial:COM8/phase_w_v,4997006,1786326468594,0.005,V
serial:COM8/motor_angle,4997008,1786326468594,131.15,deg
serial:COM8/phase_u_v,4997008,1786326468594,0.000,V
serial:COM8/phase_v_v,4997008,1786326468594,0.005,V
serial:COM8/phase_w_v,4997008,1786326468594,0.000,V
serial:COM8/motor_angle,4997010,1786326468594,131.13,deg
serial:COM8/phase_u_v,4997010,1786326468594,0.005,V
serial:COM8/phase_v_v,4997010,1786326468594,0.005,V
serial:COM8/phase_w_v,4997010,1786326468594,0.005,V
serial:COM8/motor_angle,4997012,1786326468594,131.15,deg
serial:COM8/phase_u_v,4997012,1786326468594,0.005,V
serial:COM8/phase_v_v,4997012,1786326468594,0.005,V
serial:COM8/phase_w_v,4997012,1786326468594,0.000,V
serial:COM8/motor_angle,4997014,1786326468594,131.13,deg
serial:COM8/phase_u_v,4997014,1786326468594,0.005,V
serial:COM8/phase_v_v,4997014,1786326468594,0.005,V
serial:COM8/phase_w_v,4997014,1786326468594,0.000,V
serial:COM8/motor_angle,4997016,1786326468594,131.11,deg
serial:COM8/phase_u_v,4997016,1786326468594,0.005,V
serial:COM8/phase_v_v,4997016,1786326468594,0.005,V
serial:COM8/phase_w_v,4997016,1786326468594,0.005,V
serial:COM8/motor_angle,4997018,1786326468594,131.15,deg
serial:COM8/phase_u_v,4997018,1786326468594,0.005,V
serial:COM8/phase_v_v,4997018,1786326468594,0.000,V
serial:COM8/phase_w_v,4997018,1786326468594,0.005,V
serial:COM8/motor_angle,4997020,1786326468594,131.11,deg
serial:COM8/phase_u_v,4997020,1786326468594,0.005,V
serial:COM8/phase_v_v,4997020,1786326468594,0.005,V
serial:COM8/phase_w_v,4997020,1786326468594,0.005,V
serial:COM8/motor_angle,4997022,1786326468594,131.13,deg
serial:COM8/phase_u_v,4997022,1786326468594,0.005,V
serial:COM8/phase_v_v,4997022,1786326468594,0.005,V
serial:COM8/phase_w_v,4997022,1786326468594,0.005,V
serial:COM8/motor_angle,4997024,1786326468594,131.11,deg
serial:COM8/phase_u_v,4997024,1786326468594,0.157,V
serial:COM8/phase_v_v,4997024,1786326468594,0.005,V
serial:COM8/phase_w_v,4997024,1786326468594,0.000,V
serial:COM8/motor_angle,4997026,1786326468594,131.15,deg
serial:COM8/phase_u_v,4997026,1786326468594,0.005,V
serial:COM8/phase_v_v,4997026,1786326468594,0.005,V
serial:COM8/phase_w_v,4997026,1786326468594,0.000,V
serial:COM8/motor_angle,4997028,1786326468594,131.13,deg
serial:COM8/phase_u_v,4997028,1786326468594,0.005,V
serial:COM8/phase_v_v,4997028,1786326468594,0.005,V
serial:COM8/phase_w_v,4997028,1786326468594,0.005,V
serial:COM8/motor_angle,4997030,1786326468594,131.18,deg
serial:COM8/phase_u_v,4997030,1786326468594,0.000,V
serial:COM8/phase_v_v,4997030,1786326468594,0.005,V
serial:COM8/phase_w_v,4997030,1786326468594,0.000,V
serial:COM8/motor_angle,4997032,1786326468594,131.15,deg
serial:COM8/phase_u_v,4997032,1786326468594,0.005,V
serial:COM8/phase_v_v,4997032,1786326468594,0.005,V
serial:COM8/phase_w_v,4997032,1786326468594,0.005,V
serial:COM8/motor_angle,4997034,1786326468594,131.04,deg
serial:COM8/phase_u_v,4997034,1786326468594,0.005,V
serial:COM8/phase_v_v,4997034,1786326468594,0.005,V
serial:COM8/phase_w_v,4997034,1786326468594,0.000,V
serial:COM8/motor_angle,4997036,1786326468594,131.15,deg
serial:COM8/phase_u_v,4997036,1786326468594,0.000,V
serial:COM8/phase_v_v,4997036,1786326468594,0.005,V
serial:COM8/phase_w_v,4997036,1786326468594,0.000,V
serial:COM8/motor_angle,4997038,1786326468594,131.11,deg
serial:COM8/phase_u_v,4997038,1786326468594,0.000,V
serial:COM8/phase_v_v,4997038,1786326468594,0.005,V
serial:COM8/phase_w_v,4997038,1786326468594,0.005,V
serial:COM8/motor_angle,4997040,1786326468594,131.09,deg
serial:COM8/phase_u_v,4997040,1786326468594,0.005,V
serial:COM8/phase_v_v,4997040,1786326468594,0.005,V
serial:COM8/phase_w_v,4997040,1786326468594,0.000,V
serial:COM8/motor_angle,4997042,1786326468594,131.15,deg
serial:COM8/phase_u_v,4997042,1786326468594,0.005,V
serial:COM8/phase_v_v,4997042,1786326468594,0.005,V
serial:COM8/phase_w_v,4997042,1786326468594,0.000,V
serial:COM8/motor_angle,4997044,1786326468594,131.09,deg
serial:COM8/phase_u_v,4997044,1786326468594,0.000,V
serial:COM8/phase_v_v,4997044,1786326468594,0.000,V
serial:COM8/phase_w_v,4997044,1786326468594,0.005,V
serial:COM8/motor_angle,4997046,1786326468594,131.07,deg
serial:COM8/phase_u_v,4997046,1786326468594,0.005,V
serial:COM8/phase_v_v,4997046,1786326468594,0.005,V
serial:COM8/phase_w_v,4997046,1786326468594,0.000,V
serial:COM8/motor_angle,4997048,1786326468667,131.09,deg
serial:COM8/phase_u_v,4997048,1786326468667,0.005,V
serial:COM8/phase_v_v,4997048,1786326468667,0.005,V
serial:COM8/phase_w_v,4997048,1786326468667,0.000,V
serial:COM8/motor_angle,4997050,1786326468667,131.15,deg
serial:COM8/phase_u_v,4997050,1786326468667,0.005,V
serial:COM8/phase_v_v,4997050,1786326468667,0.005,V
serial:COM8/phase_w_v,4997050,1786326468667,0.000,V
serial:COM8/motor_angle,4997052,1786326468667,131.15,deg
serial:COM8/phase_u_v,4997052,1786326468667,0.005,V
serial:COM8/phase_v_v,4997052,1786326468667,0.005,V
serial:COM8/phase_w_v,4997052,1786326468667,0.005,V
serial:COM8/motor_angle,4997054,1786326468667,131.13,deg
serial:COM8/phase_u_v,4997054,1786326468667,0.005,V
serial:COM8/phase_v_v,4997054,1786326468667,0.005,V
serial:COM8/phase_w_v,4997054,1786326468667,0.000,V
serial:COM8/motor_angle,4997056,1786326468667,131.13,deg
serial:COM8/phase_u_v,4997056,1786326468667,0.005,V
serial:COM8/phase_v_v,4997056,1786326468667,0.005,V
serial:COM8/phase_w_v,4997056,1786326468667,0.000,V
serial:COM8/motor_angle,4997058,1786326468667,131.20,deg
serial:COM8/phase_u_v,4997058,1786326468667,0.005,V
serial:COM8/phase_v_v,4997058,1786326468667,0.005,V
serial:COM8/phase_w_v,4997058,1786326468667,0.000,V
serial:COM8/motor_angle,4997060,1786326468667,131.15,deg
serial:COM8/phase_u_v,4997060,1786326468667,0.005,V
serial:COM8/phase_v_v,4997060,1786326468667,0.011,V
serial:COM8/phase_w_v,4997060,1786326468667,0.005,V
serial:COM8/motor_angle,4997062,1786326468667,131.11,deg
serial:COM8/phase_u_v,4997062,1786326468667,0.005,V
serial:COM8/phase_v_v,4997062,1786326468667,0.005,V
serial:COM8/phase_w_v,4997062,1786326468667,0.000,V
serial:COM8/motor_angle,4997064,1786326468667,131.18,deg
serial:COM8/phase_u_v,4997064,1786326468667,0.000,V
serial:COM8/phase_v_v,4997064,1786326468667,0.005,V
serial:COM8/phase_w_v,4997064,1786326468667,0.000,V
serial:COM8/motor_angle,4997066,1786326468667,131.15,deg
serial:COM8/phase_u_v,4997066,1786326468667,0.005,V
serial:COM8/phase_v_v,4997066,1786326468667,0.011,V
serial:COM8/phase_w_v,4997066,1786326468667,0.000,V
serial:COM8/motor_angle,4997068,1786326468667,131.13,deg
serial:COM8/phase_u_v,4997068,1786326468667,0.005,V
serial:COM8/phase_v_v,4997068,1786326468667,0.005,V
serial:COM8/phase_w_v,4997068,1786326468667,0.000,V
serial:COM8/motor_angle,4997070,1786326468667,131.13,deg
serial:COM8/phase_u_v,4997070,1786326468667,0.281,V
serial:COM8/phase_v_v,4997070,1786326468667,0.005,V
serial:COM8/phase_w_v,4997070,1786326468667,0.005,V
serial:COM8/motor_angle,4997072,1786326468667,131.15,deg
serial:COM8/phase_u_v,4997072,1786326468667,0.005,V
serial:COM8/phase_v_v,4997072,1786326468667,0.000,V
serial:COM8/phase_w_v,4997072,1786326468667,0.005,V
serial:COM8/motor_angle,4997074,1786326468667,131.11,deg
serial:COM8/phase_u_v,4997074,1786326468667,0.005,V
serial:COM8/phase_v_v,4997074,1786326468667,0.000,V
serial:COM8/phase_w_v,4997074,1786326468667,0.000,V
serial:COM8/motor_angle,4997076,1786326468667,131.15,deg
serial:COM8/phase_u_v,4997076,1786326468667,0.426,V
serial:COM8/phase_v_v,4997076,1786326468667,0.005,V
serial:COM8/phase_w_v,4997076,1786326468667,0.005,V
serial:COM8/motor_angle,4997078,1786326468667,131.11,deg
serial:COM8/phase_u_v,4997078,1786326468667,0.005,V
serial:COM8/phase_v_v,4997078,1786326468667,0.005,V
serial:COM8/phase_w_v,4997078,1786326468667,0.005,V
serial:COM8/motor_angle,4997080,1786326468667,131.15,deg
serial:COM8/phase_u_v,4997080,1786326468667,0.005,V
serial:COM8/phase_v_v,4997080,1786326468667,0.011,V
serial:COM8/phase_w_v,4997080,1786326468667,0.005,V
serial:COM8/motor_angle,4997082,1786326468667,131.15,deg
serial:COM8/phase_u_v,4997082,1786326468667,0.000,V
serial:COM8/phase_v_v,4997082,1786326468667,0.005,V
serial:COM8/phase_w_v,4997082,1786326468667,0.005,V
serial:COM8/motor_angle,4997084,1786326468667,131.13,deg
serial:COM8/phase_u_v,4997084,1786326468667,0.005,V
serial:COM8/phase_v_v,4997084,1786326468667,0.005,V
serial:COM8/phase_w_v,4997084,1786326468667,0.000,V
serial:COM8/motor_angle,4997086,1786326468667,131.11,deg
serial:COM8/phase_u_v,4997086,1786326468667,0.000,V
serial:COM8/phase_v_v,4997086,1786326468667,0.005,V
serial:COM8/phase_w_v,4997086,1786326468667,0.000,V
serial:COM8/motor_angle,4997088,1786326468667,131.13,deg
serial:COM8/phase_u_v,4997088,1786326468667,0.005,V
serial:COM8/phase_v_v,4997088,1786326468667,0.005,V
serial:COM8/phase_w_v,4997088,1786326468667,0.000,V
serial:COM8/motor_angle,4997090,1786326468667,131.15,deg
serial:COM8/phase_u_v,4997090,1786326468667,0.005,V
serial:COM8/phase_v_v,4997090,1786326468667,0.000,V
serial:COM8/phase_w_v,4997090,1786326468667,0.005,V
serial:COM8/motor_angle,4997092,1786326468667,131.15,deg
serial:COM8/phase_u_v,4997092,1786326468667,0.005,V
serial:COM8/phase_v_v,4997092,1786326468667,0.005,V
serial:COM8/phase_w_v,4997092,1786326468667,0.000,V
serial:COM8/motor_angle,4997094,1786326468667,131.11,deg
serial:COM8/phase_u_v,4997094,1786326468667,0.140,V
serial:COM8/phase_v_v,4997094,1786326468667,0.005,V
serial:COM8/phase_w_v,4997094,1786326468667,0.000,V
serial:COM8/motor_angle,4997096,1786326468667,131.13,deg
serial:COM8/phase_u_v,4997096,1786326468667,0.000,V
serial:COM8/phase_v_v,4997096,1786326468667,0.005,V
serial:COM8/phase_w_v,4997096,1786326468667,0.000,V
serial:COM8/motor_angle,4997098,1786326468667,131.15,deg
serial:COM8/phase_u_v,4997098,1786326468667,0.000,V
serial:COM8/phase_v_v,4997098,1786326468667,0.000,V
serial:COM8/phase_w_v,4997098,1786326468667,0.000,V
serial:COM8/motor_angle,4997100,1786326468667,131.11,deg
serial:COM8/phase_u_v,4997100,1786326468667,0.005,V
serial:COM8/phase_v_v,4997100,1786326468667,0.005,V
serial:COM8/phase_w_v,4997100,1786326468667,0.000,V
serial:COM8/motor_angle,4997102,1786326468667,131.09,deg
serial:COM8/phase_u_v,4997102,1786326468667,0.005,V
serial:COM8/phase_v_v,4997102,1786326468667,0.005,V
serial:COM8/phase_w_v,4997102,1786326468667,0.005,V
serial:COM8/motor_angle,4997104,1786326468667,131.11,deg
serial:COM8/phase_u_v,4997104,1786326468667,0.011,V
serial:COM8/phase_v_v,4997104,1786326468667,0.005,V
serial:COM8/phase_w_v,4997104,1786326468667,0.000,V
serial:COM8/motor_angle,4997106,1786326468667,131.11,deg
serial:COM8/phase_u_v,4997106,1786326468667,0.005,V
serial:COM8/phase_v_v,4997106,1786326468667,0.005,V
serial:COM8/phase_w_v,4997106,1786326468667,0.000,V
serial:COM8/motor_angle,4997108,1786326468667,131.20,deg
serial:COM8/phase_u_v,4997108,1786326468667,0.005,V
serial:COM8/phase_v_v,4997108,1786326468667,0.005,V
serial:COM8/phase_w_v,4997108,1786326468667,0.000,V
serial:COM8/motor_angle,4997110,1786326468667,131.13,deg
serial:COM8/phase_u_v,4997110,1786326468667,0.005,V
serial:COM8/phase_v_v,4997110,1786326468667,0.000,V
serial:COM8/phase_w_v,4997110,1786326468667,0.005,V
serial:COM8/motor_angle,4997112,1786326468667,131.15,deg
serial:COM8/phase_u_v,4997112,1786326468667,0.005,V
serial:COM8/phase_v_v,4997112,1786326468667,0.005,V
serial:COM8/phase_w_v,4997112,1786326468667,0.000,V
serial:COM8/motor_angle,4997114,1786326468667,131.15,deg
serial:COM8/phase_u_v,4997114,1786326468667,0.005,V
serial:COM8/phase_v_v,4997114,1786326468667,0.000,V
serial:COM8/phase_w_v,4997114,1786326468667,0.000,V
serial:COM8/motor_angle,4997116,1786326468667,131.13,deg
serial:COM8/phase_u_v,4997116,1786326468667,0.000,V
serial:COM8/phase_v_v,4997116,1786326468667,0.005,V
serial:COM8/phase_w_v,4997116,1786326468667,0.005,V
serial:COM8/motor_angle,4997118,1786326468667,131.18,deg
serial:COM8/phase_u_v,4997118,1786326468667,0.005,V
serial:COM8/phase_v_v,4997118,1786326468667,0.005,V
serial:COM8/phase_w_v,4997118,1786326468667,0.005,V
serial:COM8/motor_angle,4997120,1786326468738,131.18,deg
serial:COM8/phase_u_v,4997120,1786326468738,0.005,V
serial:COM8/phase_v_v,4997120,1786326468738,0.005,V
serial:COM8/phase_w_v,4997120,1786326468738,0.005,V
serial:COM8/motor_angle,4997122,1786326468738,131.11,deg
serial:COM8/phase_u_v,4997122,1786326468738,0.005,V
serial:COM8/phase_v_v,4997122,1786326468738,0.005,V
serial:COM8/phase_w_v,4997122,1786326468738,0.000,V
serial:COM8/motor_angle,4997124,1786326468738,131.13,deg
serial:COM8/phase_u_v,4997124,1786326468738,0.005,V
serial:COM8/phase_v_v,4997124,1786326468738,0.000,V
serial:COM8/phase_w_v,4997124,1786326468738,0.000,V
serial:COM8/motor_angle,4997126,1786326468738,131.13,deg
serial:COM8/phase_u_v,4997126,1786326468738,0.000,V
serial:COM8/phase_v_v,4997126,1786326468738,0.005,V
serial:COM8/phase_w_v,4997126,1786326468738,0.000,V
serial:COM8/motor_angle,4997128,1786326468738,131.15,deg
serial:COM8/phase_u_v,4997128,1786326468738,0.005,V
serial:COM8/phase_v_v,4997128,1786326468738,0.005,V
serial:COM8/phase_w_v,4997128,1786326468738,0.000,V
serial:COM8/motor_angle,4997130,1786326468738,131.11,deg
serial:COM8/phase_u_v,4997130,1786326468738,0.000,V
serial:COM8/phase_v_v,4997130,1786326468738,0.005,V
serial:COM8/phase_w_v,4997130,1786326468738,0.000,V
serial:COM8/motor_angle,4997132,1786326468738,131.11,deg
serial:COM8/phase_u_v,4997132,1786326468738,0.097,V
serial:COM8/phase_v_v,4997132,1786326468738,0.005,V
serial:COM8/phase_w_v,4997132,1786326468738,0.005,V
serial:COM8/motor_angle,4997134,1786326468738,131.15,deg
serial:COM8/phase_u_v,4997134,1786326468738,0.000,V
serial:COM8/phase_v_v,4997134,1786326468738,0.005,V
serial:COM8/phase_w_v,4997134,1786326468738,0.000,V
serial:COM8/motor_angle,4997136,1786326468738,131.11,deg
serial:COM8/phase_u_v,4997136,1786326468738,0.000,V
serial:COM8/phase_v_v,4997136,1786326468738,0.005,V
serial:COM8/phase_w_v,4997136,1786326468738,0.000,V
serial:COM8/motor_angle,4997138,1786326468738,131.18,deg
serial:COM8/phase_u_v,4997138,1786326468738,0.005,V
serial:COM8/phase_v_v,4997138,1786326468738,0.005,V
serial:COM8/phase_w_v,4997138,1786326468738,0.000,V
serial:COM8/motor_angle,4997140,1786326468738,131.18,deg
serial:COM8/phase_u_v,4997140,1786326468738,0.140,V
serial:COM8/phase_v_v,4997140,1786326468738,0.005,V
serial:COM8/phase_w_v,4997140,1786326468738,0.000,V
serial:COM8/motor_angle,4997142,1786326468738,131.15,deg
serial:COM8/phase_u_v,4997142,1786326468738,0.000,V
serial:COM8/phase_v_v,4997142,1786326468738,0.005,V
serial:COM8/phase_w_v,4997142,1786326468738,0.000,V
serial:COM8/motor_angle,4997144,1786326468738,131.18,deg
serial:COM8/phase_u_v,4997144,1786326468738,0.005,V
serial:COM8/phase_v_v,4997144,1786326468738,0.005,V
serial:COM8/phase_w_v,4997144,1786326468738,0.000,V
serial:COM8/motor_angle,4997146,1786326468738,131.15,deg
serial:COM8/phase_u_v,4997146,1786326468738,0.005,V
serial:COM8/phase_v_v,4997146,1786326468738,0.000,V
serial:COM8/phase_w_v,4997146,1786326468738,0.005,V
serial:COM8/motor_angle,4997148,1786326468738,131.20,deg
serial:COM8/phase_u_v,4997148,1786326468738,0.362,V
serial:COM8/phase_v_v,4997148,1786326468738,0.005,V
serial:COM8/phase_w_v,4997148,1786326468738,0.005,V
serial:COM8/motor_angle,4997150,1786326468738,131.15,deg
serial:COM8/phase_u_v,4997150,1786326468738,0.005,V
serial:COM8/phase_v_v,4997150,1786326468738,0.005,V
serial:COM8/phase_w_v,4997150,1786326468738,0.000,V
serial:COM8/motor_angle,4997152,1786326468738,131.11,deg
serial:COM8/phase_u_v,4997152,1786326468738,0.005,V
serial:COM8/phase_v_v,4997152,1786326468738,0.011,V
serial:COM8/phase_w_v,4997152,1786326468738,0.005,V
serial:COM8/motor_angle,4997154,1786326468738,131.18,deg
serial:COM8/phase_u_v,4997154,1786326468738,0.005,V
serial:COM8/phase_v_v,4997154,1786326468738,0.005,V
serial:COM8/phase_w_v,4997154,1786326468738,0.000,V
serial:COM8/motor_angle,4997156,1786326468738,131.11,deg
serial:COM8/phase_u_v,4997156,1786326468738,0.000,V
serial:COM8/phase_v_v,4997156,1786326468738,0.005,V
serial:COM8/phase_w_v,4997156,1786326468738,0.000,V
serial:COM8/motor_angle,4997158,1786326468738,131.13,deg
serial:COM8/phase_u_v,4997158,1786326468738,0.005,V
serial:COM8/phase_v_v,4997158,1786326468738,0.000,V
serial:COM8/phase_w_v,4997158,1786326468738,0.000,V
serial:COM8/motor_angle,4997160,1786326468738,131.04,deg
serial:COM8/phase_u_v,4997160,1786326468738,0.005,V
serial:COM8/phase_v_v,4997160,1786326468738,0.000,V
serial:COM8/phase_w_v,4997160,1786326468738,0.000,V
serial:COM8/motor_angle,4997162,1786326468738,131.13,deg
serial:COM8/phase_u_v,4997162,1786326468738,0.005,V
serial:COM8/phase_v_v,4997162,1786326468738,0.005,V
serial:COM8/phase_w_v,4997162,1786326468738,0.000,V
serial:COM8/motor_angle,4997164,1786326468738,131.15,deg
serial:COM8/phase_u_v,4997164,1786326468738,0.000,V
serial:COM8/phase_v_v,4997164,1786326468738,0.005,V
serial:COM8/phase_w_v,4997164,1786326468738,0.005,V
serial:COM8/motor_angle,4997166,1786326468738,131.15,deg
serial:COM8/phase_u_v,4997166,1786326468738,0.005,V
serial:COM8/phase_v_v,4997166,1786326468738,0.005,V
serial:COM8/phase_w_v,4997166,1786326468738,0.000,V
serial:COM8/motor_angle,4997168,1786326468738,131.15,deg
serial:COM8/phase_u_v,4997168,1786326468738,0.000,V
serial:COM8/phase_v_v,4997168,1786326468738,0.000,V
serial:COM8/phase_w_v,4997168,1786326468738,0.000,V
serial:COM8/motor_angle,4997170,1786326468738,131.15,deg
serial:COM8/phase_u_v,4997170,1786326468738,0.005,V
serial:COM8/phase_v_v,4997170,1786326468738,0.005,V
serial:COM8/phase_w_v,4997170,1786326468738,0.005,V
serial:COM8/motor_angle,4997172,1786326468738,131.09,deg
serial:COM8/phase_u_v,4997172,1786326468738,0.000,V
serial:COM8/phase_v_v,4997172,1786326468738,0.005,V
serial:COM8/phase_w_v,4997172,1786326468738,0.000,V
serial:COM8/motor_angle,4997174,1786326468738,131.13,deg
serial:COM8/phase_u_v,4997174,1786326468738,0.005,V
serial:COM8/phase_v_v,4997174,1786326468738,0.005,V
serial:COM8/phase_w_v,4997174,1786326468738,0.000,V
serial:COM8/motor_angle,4997176,1786326468738,131.07,deg
serial:COM8/phase_u_v,4997176,1786326468738,0.000,V
serial:COM8/phase_v_v,4997176,1786326468738,0.000,V
serial:COM8/phase_w_v,4997176,1786326468738,0.000,V
serial:COM8/motor_angle,4997178,1786326468738,131.15,deg
serial:COM8/phase_u_v,4997178,1786326468738,0.005,V
serial:COM8/phase_v_v,4997178,1786326468738,0.005,V
serial:COM8/phase_w_v,4997178,1786326468738,0.000,V
serial:COM8/motor_angle,4997180,1786326468738,131.09,deg
serial:COM8/phase_u_v,4997180,1786326468738,0.005,V
serial:COM8/phase_v_v,4997180,1786326468738,0.005,V
serial:COM8/phase_w_v,4997180,1786326468738,0.005,V
serial:COM8/motor_angle,4997182,1786326468738,131.18,deg
serial:COM8/phase_u_v,4997182,1786326468738,0.005,V
serial:COM8/phase_v_v,4997182,1786326468738,0.000,V
serial:COM8/phase_w_v,4997182,1786326468738,0.000,V
serial:COM8/motor_angle,4997184,1786326468738,131.11,deg
serial:COM8/phase_u_v,4997184,1786326468738,0.005,V
serial:COM8/phase_v_v,4997184,1786326468738,0.005,V
serial:COM8/phase_w_v,4997184,1786326468738,0.000,V
serial:COM8/motor_angle,4997186,1786326468738,131.13,deg
serial:COM8/phase_u_v,4997186,1786326468738,0.000,V
serial:COM8/phase_v_v,4997186,1786326468738,0.005,V
serial:COM8/phase_w_v,4997186,1786326468738,0.000,V
serial:COM8/motor_angle,4997188,1786326468738,131.13,deg
serial:COM8/phase_u_v,4997188,1786326468738,0.005,V
serial:COM8/phase_v_v,4997188,1786326468738,0.005,V
serial:COM8/phase_w_v,4997188,1786326468738,0.000,V
serial:COM8/motor_angle,4997190,1786326468738,131.20,deg
serial:COM8/phase_u_v,4997190,1786326468738,0.005,V
serial:COM8/phase_v_v,4997190,1786326468738,0.005,V
serial:COM8/phase_w_v,4997190,1786326468738,0.000,V
serial:COM8/motor_angle,4997192,1786326468812,131.13,deg
serial:COM8/phase_u_v,4997192,1786326468812,0.000,V
serial:COM8/phase_v_v,4997192,1786326468812,0.005,V
serial:COM8/phase_w_v,4997192,1786326468812,0.000,V
serial:COM8/motor_angle,4997194,1786326468812,131.15,deg
serial:COM8/phase_u_v,4997194,1786326468812,0.000,V
serial:COM8/phase_v_v,4997194,1786326468812,0.005,V
serial:COM8/phase_w_v,4997194,1786326468812,0.000,V
serial:COM8/motor_angle,4997196,1786326468812,131.09,deg
serial:COM8/phase_u_v,4997196,1786326468812,0.140,V
serial:COM8/phase_v_v,4997196,1786326468812,0.005,V
serial:COM8/phase_w_v,4997196,1786326468812,0.005,V
serial:COM8/motor_angle,4997198,1786326468812,131.15,deg
serial:COM8/phase_u_v,4997198,1786326468812,0.011,V
serial:COM8/phase_v_v,4997198,1786326468812,0.005,V
serial:COM8/phase_w_v,4997198,1786326468812,0.005,V
serial:COM8/motor_angle,4997200,1786326468812,131.15,deg
serial:COM8/phase_u_v,4997200,1786326468812,0.005,V
serial:COM8/phase_v_v,4997200,1786326468812,0.000,V
serial:COM8/phase_w_v,4997200,1786326468812,0.000,V
serial:COM8/motor_angle,4997202,1786326468812,131.13,deg
serial:COM8/phase_u_v,4997202,1786326468812,0.000,V
serial:COM8/phase_v_v,4997202,1786326468812,0.005,V
serial:COM8/phase_w_v,4997202,1786326468812,0.000,V
serial:COM8/motor_angle,4997204,1786326468812,131.13,deg
serial:COM8/phase_u_v,4997204,1786326468812,0.005,V
serial:COM8/phase_v_v,4997204,1786326468812,0.005,V
serial:COM8/phase_w_v,4997204,1786326468812,0.000,V
serial:COM8/motor_angle,4997206,1786326468812,131.15,deg
serial:COM8/phase_u_v,4997206,1786326468812,0.000,V
serial:COM8/phase_v_v,4997206,1786326468812,0.005,V
serial:COM8/phase_w_v,4997206,1786326468812,0.000,V
serial:COM8/motor_angle,4997208,1786326468812,131.15,deg
serial:COM8/phase_u_v,4997208,1786326468812,0.000,V
serial:COM8/phase_v_v,4997208,1786326468812,0.005,V
serial:COM8/phase_w_v,4997208,1786326468812,0.000,V
serial:COM8/motor_angle,4997210,1786326468812,131.13,deg
serial:COM8/phase_u_v,4997210,1786326468812,0.000,V
serial:COM8/phase_v_v,4997210,1786326468812,0.005,V
serial:COM8/phase_w_v,4997210,1786326468812,0.000,V
serial:COM8/motor_angle,4997212,1786326468812,131.11,deg
serial:COM8/phase_u_v,4997212,1786326468812,0.005,V
serial:COM8/phase_v_v,4997212,1786326468812,0.005,V
serial:COM8/phase_w_v,4997212,1786326468812,0.000,V
serial:COM8/motor_angle,4997214,1786326468812,131.11,deg
serial:COM8/phase_u_v,4997214,1786326468812,0.005,V
serial:COM8/phase_v_v,4997214,1786326468812,0.000,V
serial:COM8/phase_w_v,4997214,1786326468812,0.000,V
serial:COM8/motor_angle,4997216,1786326468812,131.11,deg
serial:COM8/phase_u_v,4997216,1786326468812,0.005,V
serial:COM8/phase_v_v,4997216,1786326468812,0.005,V
serial:COM8/phase_w_v,4997216,1786326468812,0.000,V
serial:COM8/motor_angle,4997218,1786326468812,131.13,deg
serial:COM8/phase_u_v,4997218,1786326468812,0.000,V
serial:COM8/phase_v_v,4997218,1786326468812,0.005,V
serial:COM8/phase_w_v,4997218,1786326468812,0.000,V
serial:COM8/motor_angle,4997220,1786326468812,131.13,deg
serial:COM8/phase_u_v,4997220,1786326468812,0.000,V
serial:COM8/phase_v_v,4997220,1786326468812,0.005,V
serial:COM8/phase_w_v,4997220,1786326468812,0.000,V
serial:COM8/motor_angle,4997222,1786326468812,131.15,deg
serial:COM8/phase_u_v,4997222,1786326468812,0.005,V
serial:COM8/phase_v_v,4997222,1786326468812,0.005,V
serial:COM8/phase_w_v,4997222,1786326468812,0.000,V
serial:COM8/motor_angle,4997224,1786326468812,131.13,deg
serial:COM8/phase_u_v,4997224,1786326468812,0.000,V
serial:COM8/phase_v_v,4997224,1786326468812,0.005,V
serial:COM8/phase_w_v,4997224,1786326468812,0.000,V
serial:COM8/motor_angle,4997226,1786326468812,131.18,deg
serial:COM8/phase_u_v,4997226,1786326468812,0.005,V
serial:COM8/phase_v_v,4997226,1786326468812,0.005,V
serial:COM8/phase_w_v,4997226,1786326468812,0.000,V
serial:COM8/motor_angle,4997228,1786326468812,131.15,deg
serial:COM8/phase_u_v,4997228,1786326468812,0.000,V
serial:COM8/phase_v_v,4997228,1786326468812,0.011,V
serial:COM8/phase_w_v,4997228,1786326468812,0.000,V
serial:COM8/motor_angle,4997230,1786326468812,131.13,deg
serial:COM8/phase_u_v,4997230,1786326468812,0.000,V
serial:COM8/phase_v_v,4997230,1786326468812,0.000,V
serial:COM8/phase_w_v,4997230,1786326468812,0.000,V
serial:COM8/motor_angle,4997232,1786326468812,131.15,deg
serial:COM8/phase_u_v,4997232,1786326468812,0.011,V
serial:COM8/phase_v_v,4997232,1786326468812,0.005,V
serial:COM8/phase_w_v,4997232,1786326468812,0.005,V
serial:COM8/motor_angle,4997234,1786326468812,131.11,deg
serial:COM8/phase_u_v,4997234,1786326468812,0.000,V
serial:COM8/phase_v_v,4997234,1786326468812,0.005,V
serial:COM8/phase_w_v,4997234,1786326468812,0.005,V
serial:COM8/motor_angle,4997236,1786326468812,131.22,deg
serial:COM8/phase_u_v,4997236,1786326468812,0.005,V
serial:COM8/phase_v_v,4997236,1786326468812,0.005,V
serial:COM8/phase_w_v,4997236,1786326468812,0.005,V
serial:COM8/motor_angle,4997238,1786326468812,131.13,deg
serial:COM8/phase_u_v,4997238,1786326468812,0.043,V
serial:COM8/phase_v_v,4997238,1786326468812,0.005,V
serial:COM8/phase_w_v,4997238,1786326468812,0.000,V
serial:COM8/motor_angle,4997240,1786326468812,131.20,deg
serial:COM8/phase_u_v,4997240,1786326468812,0.005,V
serial:COM8/phase_v_v,4997240,1786326468812,0.005,V
serial:COM8/phase_w_v,4997240,1786326468812,0.005,V
serial:COM8/motor_angle,4997242,1786326468812,131.15,deg
serial:COM8/phase_u_v,4997242,1786326468812,0.005,V
serial:COM8/phase_v_v,4997242,1786326468812,0.005,V
serial:COM8/phase_w_v,4997242,1786326468812,0.000,V
serial:COM8/motor_angle,4997244,1786326468812,131.13,deg
serial:COM8/phase_u_v,4997244,1786326468812,0.005,V
serial:COM8/phase_v_v,4997244,1786326468812,0.000,V
serial:COM8/phase_w_v,4997244,1786326468812,0.005,V
serial:COM8/motor_angle,4997246,1786326468812,131.18,deg
serial:COM8/phase_u_v,4997246,1786326468812,0.070,V
serial:COM8/phase_v_v,4997246,1786326468812,0.005,V
serial:COM8/phase_w_v,4997246,1786326468812,0.000,V
serial:COM8/motor_angle,4997248,1786326468812,131.13,deg
serial:COM8/phase_u_v,4997248,1786326468812,0.005,V
serial:COM8/phase_v_v,4997248,1786326468812,0.000,V
serial:COM8/phase_w_v,4997248,1786326468812,0.000,V
serial:COM8/motor_angle,4997250,1786326468812,131.15,deg
serial:COM8/phase_u_v,4997250,1786326468812,0.005,V
serial:COM8/phase_v_v,4997250,1786326468812,0.005,V
serial:COM8/phase_w_v,4997250,1786326468812,0.000,V
serial:COM8/motor_angle,4997252,1786326468812,131.18,deg
serial:COM8/phase_u_v,4997252,1786326468812,0.005,V
serial:COM8/phase_v_v,4997252,1786326468812,0.005,V
serial:COM8/phase_w_v,4997252,1786326468812,0.000,V
serial:COM8/motor_angle,4997254,1786326468812,131.15,deg
serial:COM8/phase_u_v,4997254,1786326468812,0.000,V
serial:COM8/phase_v_v,4997254,1786326468812,0.005,V
serial:COM8/phase_w_v,4997254,1786326468812,0.000,V
serial:COM8/motor_angle,4997256,1786326468812,131.13,deg
serial:COM8/phase_u_v,4997256,1786326468812,0.005,V
serial:COM8/phase_v_v,4997256,1786326468812,0.005,V
serial:COM8/phase_w_v,4997256,1786326468812,0.005,V
serial:COM8/motor_angle,4997258,1786326468812,131.13,deg
serial:COM8/phase_u_v,4997258,1786326468812,0.005,V
serial:COM8/phase_v_v,4997258,1786326468812,0.000,V
serial:COM8/phase_w_v,4997258,1786326468812,0.000,V
serial:COM8/motor_angle,4997260,1786326468812,131.13,deg
serial:COM8/phase_u_v,4997260,1786326468812,0.005,V
serial:COM8/phase_v_v,4997260,1786326468812,0.005,V
serial:COM8/phase_w_v,4997260,1786326468812,0.000,V
serial:COM8/motor_angle,4997262,1786326468812,131.20,deg
serial:COM8/phase_u_v,4997262,1786326468812,0.005,V
serial:COM8/phase_v_v,4997262,1786326468812,0.005,V
serial:COM8/phase_w_v,4997262,1786326468812,0.005,V
serial:COM8/motor_angle,4997264,1786326468812,131.20,deg
serial:COM8/phase_u_v,4997264,1786326468812,0.005,V
serial:COM8/phase_v_v,4997264,1786326468812,0.005,V
serial:COM8/phase_w_v,4997264,1786326468812,0.000,V
serial:COM8/motor_angle,4997266,1786326468884,131.15,deg
serial:COM8/phase_u_v,4997266,1786326468884,0.022,V
serial:COM8/phase_v_v,4997266,1786326468884,0.000,V
serial:COM8/phase_w_v,4997266,1786326468884,0.000,V
serial:COM8/motor_angle,4997268,1786326468884,131.18,deg
serial:COM8/phase_u_v,4997268,1786326468884,0.005,V
serial:COM8/phase_v_v,4997268,1786326468884,0.000,V
serial:COM8/phase_w_v,4997268,1786326468884,0.005,V
serial:COM8/motor_angle,4997270,1786326468884,131.15,deg
serial:COM8/phase_u_v,4997270,1786326468884,0.005,V
serial:COM8/phase_v_v,4997270,1786326468884,0.005,V
serial:COM8/phase_w_v,4997270,1786326468884,0.005,V
serial:COM8/motor_angle,4997272,1786326468884,131.15,deg
serial:COM8/phase_u_v,4997272,1786326468884,0.000,V
serial:COM8/phase_v_v,4997272,1786326468884,0.005,V
serial:COM8/phase_w_v,4997272,1786326468884,0.000,V
serial:COM8/motor_angle,4997274,1786326468884,131.13,deg
serial:COM8/phase_u_v,4997274,1786326468884,0.092,V
serial:COM8/phase_v_v,4997274,1786326468884,0.000,V
serial:COM8/phase_w_v,4997274,1786326468884,0.005,V
serial:COM8/motor_angle,4997276,1786326468884,131.20,deg
serial:COM8/phase_u_v,4997276,1786326468884,0.005,V
serial:COM8/phase_v_v,4997276,1786326468884,0.005,V
serial:COM8/phase_w_v,4997276,1786326468884,0.000,V
serial:COM8/motor_angle,4997278,1786326468884,131.11,deg
serial:COM8/phase_u_v,4997278,1786326468884,0.000,V
serial:COM8/phase_v_v,4997278,1786326468884,0.005,V
serial:COM8/phase_w_v,4997278,1786326468884,0.005,V
serial:COM8/motor_angle,4997280,1786326468884,131.13,deg
serial:COM8/phase_u_v,4997280,1786326468884,0.005,V
serial:COM8/phase_v_v,4997280,1786326468884,0.005,V
serial:COM8/phase_w_v,4997280,1786326468884,0.000,V
serial:COM8/motor_angle,4997282,1786326468884,131.15,deg
serial:COM8/phase_u_v,4997282,1786326468884,0.194,V
serial:COM8/phase_v_v,4997282,1786326468884,0.005,V
serial:COM8/phase_w_v,4997282,1786326468884,0.000,V
serial:COM8/motor_angle,4997284,1786326468884,131.15,deg
serial:COM8/phase_u_v,4997284,1786326468884,0.000,V
serial:COM8/phase_v_v,4997284,1786326468884,0.000,V
serial:COM8/phase_w_v,4997284,1786326468884,0.005,V
serial:COM8/motor_angle,4997286,1786326468884,131.11,deg
serial:COM8/phase_u_v,4997286,1786326468884,0.000,V
serial:COM8/phase_v_v,4997286,1786326468884,0.000,V
serial:COM8/phase_w_v,4997286,1786326468884,0.005,V
serial:COM8/motor_angle,4997288,1786326468884,131.15,deg
serial:COM8/phase_u_v,4997288,1786326468884,0.000,V
serial:COM8/phase_v_v,4997288,1786326468884,0.005,V
serial:COM8/phase_w_v,4997288,1786326468884,0.000,V
serial:COM8/motor_angle,4997290,1786326468884,131.13,deg
serial:COM8/phase_u_v,4997290,1786326468884,0.000,V
serial:COM8/phase_v_v,4997290,1786326468884,0.005,V
serial:COM8/phase_w_v,4997290,1786326468884,0.005,V
serial:COM8/motor_angle,4997292,1786326468884,131.15,deg
serial:COM8/phase_u_v,4997292,1786326468884,0.005,V
serial:COM8/phase_v_v,4997292,1786326468884,0.005,V
serial:COM8/phase_w_v,4997292,1786326468884,0.005,V
serial:COM8/motor_angle,4997294,1786326468884,131.11,deg
serial:COM8/phase_u_v,4997294,1786326468884,0.005,V
serial:COM8/phase_v_v,4997294,1786326468884,0.005,V
serial:COM8/phase_w_v,4997294,1786326468884,0.005,V
serial:COM8/motor_angle,4997296,1786326468884,131.11,deg
serial:COM8/phase_u_v,4997296,1786326468884,0.000,V
serial:COM8/phase_v_v,4997296,1786326468884,0.005,V
serial:COM8/phase_w_v,4997296,1786326468884,0.000,V
serial:COM8/motor_angle,4997298,1786326468884,131.15,deg
serial:COM8/phase_u_v,4997298,1786326468884,0.005,V
serial:COM8/phase_v_v,4997298,1786326468884,0.005,V
serial:COM8/phase_w_v,4997298,1786326468884,0.005,V
serial:COM8/motor_angle,4997300,1786326468884,131.11,deg
serial:COM8/phase_u_v,4997300,1786326468884,0.097,V
serial:COM8/phase_v_v,4997300,1786326468884,0.005,V
serial:COM8/phase_w_v,4997300,1786326468884,0.005,V
serial:COM8/motor_angle,4997302,1786326468884,131.13,deg
serial:COM8/phase_u_v,4997302,1786326468884,0.005,V
serial:COM8/phase_v_v,4997302,1786326468884,0.005,V
serial:COM8/phase_w_v,4997302,1786326468884,0.000,V
serial:COM8/motor_angle,4997304,1786326468884,131.11,deg
serial:COM8/phase_u_v,4997304,1786326468884,0.000,V
serial:COM8/phase_v_v,4997304,1786326468884,0.000,V
serial:COM8/phase_w_v,4997304,1786326468884,0.005,V
serial:COM8/motor_angle,4997306,1786326468884,131.15,deg
serial:COM8/phase_u_v,4997306,1786326468884,0.000,V
serial:COM8/phase_v_v,4997306,1786326468884,0.005,V
serial:COM8/phase_w_v,4997306,1786326468884,0.005,V
serial:COM8/motor_angle,4997308,1786326468884,131.13,deg
serial:COM8/phase_u_v,4997308,1786326468884,0.270,V
serial:COM8/phase_v_v,4997308,1786326468884,0.011,V
serial:COM8/phase_w_v,4997308,1786326468884,0.000,V
serial:COM8/motor_angle,4997310,1786326468884,131.18,deg
serial:COM8/phase_u_v,4997310,1786326468884,0.005,V
serial:COM8/phase_v_v,4997310,1786326468884,0.000,V
serial:COM8/phase_w_v,4997310,1786326468884,0.000,V
serial:COM8/motor_angle,4997312,1786326468884,131.15,deg
serial:COM8/phase_u_v,4997312,1786326468884,0.000,V
serial:COM8/phase_v_v,4997312,1786326468884,0.000,V
serial:COM8/phase_w_v,4997312,1786326468884,0.000,V
serial:COM8/motor_angle,4997314,1786326468884,131.13,deg
serial:COM8/phase_u_v,4997314,1786326468884,0.016,V
serial:COM8/phase_v_v,4997314,1786326468884,0.005,V
serial:COM8/phase_w_v,4997314,1786326468884,0.011,V
serial:COM8/motor_angle,4997316,1786326468884,131.15,deg
serial:COM8/phase_u_v,4997316,1786326468884,0.005,V
serial:COM8/phase_v_v,4997316,1786326468884,0.005,V
serial:COM8/phase_w_v,4997316,1786326468884,0.005,V
serial:COM8/motor_angle,4997318,1786326468884,131.18,deg
serial:COM8/phase_u_v,4997318,1786326468884,0.005,V
serial:COM8/phase_v_v,4997318,1786326468884,0.005,V
serial:COM8/phase_w_v,4997318,1786326468884,0.000,V
serial:COM8/motor_angle,4997320,1786326468884,131.09,deg
serial:COM8/phase_u_v,4997320,1786326468884,0.000,V
serial:COM8/phase_v_v,4997320,1786326468884,0.005,V
serial:COM8/phase_w_v,4997320,1786326468884,0.005,V
serial:COM8/motor_angle,4997322,1786326468884,131.20,deg
serial:COM8/phase_u_v,4997322,1786326468884,0.000,V
serial:COM8/phase_v_v,4997322,1786326468884,0.005,V
serial:COM8/phase_w_v,4997322,1786326468884,0.000,V
serial:COM8/motor_angle,4997324,1786326468884,131.13,deg
serial:COM8/phase_u_v,4997324,1786326468884,0.005,V
serial:COM8/phase_v_v,4997324,1786326468884,0.005,V
serial:COM8/phase_w_v,4997324,1786326468884,0.000,V
serial:COM8/motor_angle,4997326,1786326468884,131.13,deg
serial:COM8/phase_u_v,4997326,1786326468884,0.005,V
serial:COM8/phase_v_v,4997326,1786326468884,0.005,V
serial:COM8/phase_w_v,4997326,1786326468884,0.000,V
serial:COM8/motor_angle,4997328,1786326468884,131.20,deg
serial:COM8/phase_u_v,4997328,1786326468884,0.005,V
serial:COM8/phase_v_v,4997328,1786326468884,0.005,V
serial:COM8/phase_w_v,4997328,1786326468884,0.000,V
serial:COM8/motor_angle,4997330,1786326468884,131.13,deg
serial:COM8/phase_u_v,4997330,1786326468884,0.005,V
serial:COM8/phase_v_v,4997330,1786326468884,0.005,V
serial:COM8/phase_w_v,4997330,1786326468884,0.000,V
serial:COM8/motor_angle,4997332,1786326468884,131.11,deg
serial:COM8/phase_u_v,4997332,1786326468884,0.000,V
serial:COM8/phase_v_v,4997332,1786326468884,0.000,V
serial:COM8/phase_w_v,4997332,1786326468884,0.000,V
serial:COM8/motor_angle,4997334,1786326468884,131.13,deg
serial:COM8/phase_u_v,4997334,1786326468884,0.005,V
serial:COM8/phase_v_v,4997334,1786326468884,0.000,V
serial:COM8/phase_w_v,4997334,1786326468884,0.005,V
serial:COM8/motor_angle,4997336,1786326468884,131.07,deg
serial:COM8/phase_u_v,4997336,1786326468884,0.005,V
serial:COM8/phase_v_v,4997336,1786326468884,0.000,V
serial:COM8/phase_w_v,4997336,1786326468884,0.000,V
serial:COM8/motor_angle,4997338,1786326468957,131.15,deg
serial:COM8/phase_u_v,4997338,1786326468957,0.027,V
serial:COM8/phase_v_v,4997338,1786326468957,0.005,V
serial:COM8/phase_w_v,4997338,1786326468957,0.000,V
serial:COM8/motor_angle,4997340,1786326468957,131.15,deg
serial:COM8/phase_u_v,4997340,1786326468957,0.005,V
serial:COM8/phase_v_v,4997340,1786326468957,0.005,V
serial:COM8/phase_w_v,4997340,1786326468957,0.005,V
serial:COM8/motor_angle,4997342,1786326468957,131.13,deg
serial:COM8/phase_u_v,4997342,1786326468957,0.005,V
serial:COM8/phase_v_v,4997342,1786326468957,0.000,V
serial:COM8/phase_w_v,4997342,1786326468957,0.005,V
serial:COM8/motor_angle,4997344,1786326468957,131.11,deg
serial:COM8/phase_u_v,4997344,1786326468957,0.005,V
serial:COM8/phase_v_v,4997344,1786326468957,0.005,V
serial:COM8/phase_w_v,4997344,1786326468957,0.000,V
serial:COM8/motor_angle,4997346,1786326468957,131.20,deg
serial:COM8/phase_u_v,4997346,1786326468957,0.054,V
serial:COM8/phase_v_v,4997346,1786326468957,0.005,V
serial:COM8/phase_w_v,4997346,1786326468957,0.005,V
serial:COM8/motor_angle,4997348,1786326468957,131.13,deg
serial:COM8/phase_u_v,4997348,1786326468957,0.005,V
serial:COM8/phase_v_v,4997348,1786326468957,0.000,V
serial:COM8/phase_w_v,4997348,1786326468957,0.000,V
serial:COM8/motor_angle,4997350,1786326468957,131.11,deg
serial:COM8/phase_u_v,4997350,1786326468957,0.000,V
serial:COM8/phase_v_v,4997350,1786326468957,0.005,V
serial:COM8/phase_w_v,4997350,1786326468957,0.000,V
serial:COM8/motor_angle,4997352,1786326468957,131.13,deg
serial:COM8/phase_u_v,4997352,1786326468957,0.005,V
serial:COM8/phase_v_v,4997352,1786326468957,0.005,V
serial:COM8/phase_w_v,4997352,1786326468957,0.000,V
serial:COM8/motor_angle,4997354,1786326468957,131.07,deg
serial:COM8/phase_u_v,4997354,1786326468957,0.000,V
serial:COM8/phase_v_v,4997354,1786326468957,0.005,V
serial:COM8/phase_w_v,4997354,1786326468957,0.000,V
serial:COM8/motor_angle,4997356,1786326468957,131.20,deg
serial:COM8/phase_u_v,4997356,1786326468957,0.005,V
serial:COM8/phase_v_v,4997356,1786326468957,0.005,V
serial:COM8/phase_w_v,4997356,1786326468957,0.005,V
serial:COM8/motor_angle,4997358,1786326468957,131.13,deg
serial:COM8/phase_u_v,4997358,1786326468957,0.005,V
serial:COM8/phase_v_v,4997358,1786326468957,0.000,V
serial:COM8/phase_w_v,4997358,1786326468957,0.005,V
serial:COM8/motor_angle,4997360,1786326468957,131.11,deg
serial:COM8/phase_u_v,4997360,1786326468957,0.000,V
serial:COM8/phase_v_v,4997360,1786326468957,0.005,V
serial:COM8/phase_w_v,4997360,1786326468957,0.000,V
serial:COM8/motor_angle,4997362,1786326468957,131.15,deg
serial:COM8/phase_u_v,4997362,1786326468957,0.005,V
serial:COM8/phase_v_v,4997362,1786326468957,0.005,V
serial:COM8/phase_w_v,4997362,1786326468957,0.005,V
serial:COM8/motor_angle,4997364,1786326468957,131.13,deg
serial:COM8/phase_u_v,4997364,1786326468957,0.005,V
serial:COM8/phase_v_v,4997364,1786326468957,0.005,V
serial:COM8/phase_w_v,4997364,1786326468957,0.000,V
serial:COM8/motor_angle,4997366,1786326468957,131.15,deg
serial:COM8/phase_u_v,4997366,1786326468957,0.005,V
serial:COM8/phase_v_v,4997366,1786326468957,0.005,V
serial:COM8/phase_w_v,4997366,1786326468957,0.005,V
serial:COM8/motor_angle,4997368,1786326468957,131.20,deg
serial:COM8/phase_u_v,4997368,1786326468957,0.005,V
serial:COM8/phase_v_v,4997368,1786326468957,0.000,V
serial:COM8/phase_w_v,4997368,1786326468957,0.000,V
serial:COM8/motor_angle,4997370,1786326468957,131.18,deg
serial:COM8/phase_u_v,4997370,1786326468957,0.000,V
serial:COM8/phase_v_v,4997370,1786326468957,0.005,V
serial:COM8/phase_w_v,4997370,1786326468957,0.000,V
serial:COM8/motor_angle,4997372,1786326468957,131.13,deg
serial:COM8/phase_u_v,4997372,1786326468957,0.005,V
serial:COM8/phase_v_v,4997372,1786326468957,0.005,V
serial:COM8/phase_w_v,4997372,1786326468957,0.000,V
serial:COM8/motor_angle,4997374,1786326468957,131.15,deg
serial:COM8/phase_u_v,4997374,1786326468957,0.005,V
serial:COM8/phase_v_v,4997374,1786326468957,0.000,V
serial:COM8/phase_w_v,4997374,1786326468957,0.000,V
serial:COM8/motor_angle,4997376,1786326468957,131.22,deg
serial:COM8/phase_u_v,4997376,1786326468957,0.000,V
serial:COM8/phase_v_v,4997376,1786326468957,0.005,V
serial:COM8/phase_w_v,4997376,1786326468957,0.000,V
serial:COM8/motor_angle,4997378,1786326468957,131.15,deg
serial:COM8/phase_u_v,4997378,1786326468957,0.270,V
serial:COM8/phase_v_v,4997378,1786326468957,0.005,V
serial:COM8/phase_w_v,4997378,1786326468957,0.000,V
serial:COM8/motor_angle,4997380,1786326468957,131.15,deg
serial:COM8/phase_u_v,4997380,1786326468957,0.005,V
serial:COM8/phase_v_v,4997380,1786326468957,0.000,V
serial:COM8/phase_w_v,4997380,1786326468957,0.005,V
serial:COM8/motor_angle,4997382,1786326468957,131.15,deg
serial:COM8/phase_u_v,4997382,1786326468957,0.000,V
serial:COM8/phase_v_v,4997382,1786326468957,0.005,V
serial:COM8/phase_w_v,4997382,1786326468957,0.000,V
serial:COM8/motor_angle,4997384,1786326468957,131.11,deg
serial:COM8/phase_u_v,4997384,1786326468957,0.005,V
serial:COM8/phase_v_v,4997384,1786326468957,0.005,V
serial:COM8/phase_w_v,4997384,1786326468957,0.005,V
serial:COM8/motor_angle,4997386,1786326468957,131.15,deg
serial:COM8/phase_u_v,4997386,1786326468957,0.005,V
serial:COM8/phase_v_v,4997386,1786326468957,0.000,V
serial:COM8/phase_w_v,4997386,1786326468957,0.000,V
serial:COM8/motor_angle,4997388,1786326468957,131.18,deg
serial:COM8/phase_u_v,4997388,1786326468957,0.005,V
serial:COM8/phase_v_v,4997388,1786326468957,0.005,V
serial:COM8/phase_w_v,4997388,1786326468957,0.000,V
serial:COM8/motor_angle,4997390,1786326468957,131.15,deg
serial:COM8/phase_u_v,4997390,1786326468957,0.000,V
serial:COM8/phase_v_v,4997390,1786326468957,0.005,V
serial:COM8/phase_w_v,4997390,1786326468957,0.000,V
serial:COM8/motor_angle,4997392,1786326468957,131.13,deg
serial:COM8/phase_u_v,4997392,1786326468957,0.022,V
serial:COM8/phase_v_v,4997392,1786326468957,0.000,V
serial:COM8/phase_w_v,4997392,1786326468957,0.000,V
serial:COM8/motor_angle,4997394,1786326468957,131.18,deg
serial:COM8/phase_u_v,4997394,1786326468957,0.000,V
serial:COM8/phase_v_v,4997394,1786326468957,0.000,V
serial:COM8/phase_w_v,4997394,1786326468957,0.000,V
serial:COM8/motor_angle,4997396,1786326468957,131.18,deg
serial:COM8/phase_u_v,4997396,1786326468957,0.000,V
serial:COM8/phase_v_v,4997396,1786326468957,0.000,V
serial:COM8/phase_w_v,4997396,1786326468957,0.005,V
serial:COM8/motor_angle,4997398,1786326468957,131.15,deg
serial:COM8/phase_u_v,4997398,1786326468957,0.005,V
serial:COM8/phase_v_v,4997398,1786326468957,0.000,V
serial:COM8/phase_w_v,4997398,1786326468957,0.005,V
serial:COM8/motor_angle,4997400,1786326468957,131.15,deg
serial:COM8/phase_u_v,4997400,1786326468957,0.000,V
serial:COM8/phase_v_v,4997400,1786326468957,0.005,V
serial:COM8/phase_w_v,4997400,1786326468957,0.005,V
serial:COM8/motor_angle,4997402,1786326468957,131.11,deg
serial:COM8/phase_u_v,4997402,1786326468957,0.005,V
serial:COM8/phase_v_v,4997402,1786326468957,0.005,V
serial:COM8/phase_w_v,4997402,1786326468957,0.000,V
serial:COM8/motor_angle,4997404,1786326468957,131.13,deg
serial:COM8/phase_u_v,4997404,1786326468957,0.000,V
serial:COM8/phase_v_v,4997404,1786326468957,0.000,V
serial:COM8/phase_w_v,4997404,1786326468957,0.000,V
serial:COM8/motor_angle,4997406,1786326468957,131.09,deg
serial:COM8/phase_u_v,4997406,1786326468957,0.292,V
serial:COM8/phase_v_v,4997406,1786326468957,0.005,V
serial:COM8/phase_w_v,4997406,1786326468957,0.000,V
serial:COM8/motor_angle,4997408,1786326468957,131.18,deg
serial:COM8/phase_u_v,4997408,1786326468957,0.005,V
serial:COM8/phase_v_v,4997408,1786326468957,0.000,V
serial:COM8/phase_w_v,4997408,1786326468957,0.005,V
serial:COM8/motor_angle,4997410,1786326469028,131.15,deg
serial:COM8/phase_u_v,4997410,1786326469028,0.000,V
serial:COM8/phase_v_v,4997410,1786326469028,0.005,V
serial:COM8/phase_w_v,4997410,1786326469028,0.000,V
serial:COM8/motor_angle,4997412,1786326469028,131.15,deg
serial:COM8/phase_u_v,4997412,1786326469028,0.000,V
serial:COM8/phase_v_v,4997412,1786326469028,0.005,V
serial:COM8/phase_w_v,4997412,1786326469028,0.005,V
serial:COM8/motor_angle,4997414,1786326469028,131.11,deg
serial:COM8/phase_u_v,4997414,1786326469028,0.005,V
serial:COM8/phase_v_v,4997414,1786326469028,0.005,V
serial:COM8/phase_w_v,4997414,1786326469028,0.000,V
serial:COM8/motor_angle,4997416,1786326469028,131.09,deg
serial:COM8/phase_u_v,4997416,1786326469028,0.000,V
serial:COM8/phase_v_v,4997416,1786326469028,0.000,V
serial:COM8/phase_w_v,4997416,1786326469028,0.000,V
serial:COM8/motor_angle,4997418,1786326469028,131.15,deg
serial:COM8/phase_u_v,4997418,1786326469028,0.005,V
serial:COM8/phase_v_v,4997418,1786326469028,0.005,V
serial:COM8/phase_w_v,4997418,1786326469028,0.000,V
serial:COM8/motor_angle,4997420,1786326469028,131.15,deg
serial:COM8/phase_u_v,4997420,1786326469028,0.000,V
serial:COM8/phase_v_v,4997420,1786326469028,0.005,V
serial:COM8/phase_w_v,4997420,1786326469028,0.005,V
serial:COM8/motor_angle,4997422,1786326469028,131.15,deg
serial:COM8/phase_u_v,4997422,1786326469028,0.005,V
serial:COM8/phase_v_v,4997422,1786326469028,0.005,V
serial:COM8/phase_w_v,4997422,1786326469028,0.005,V
serial:COM8/motor_angle,4997424,1786326469028,131.15,deg
serial:COM8/phase_u_v,4997424,1786326469028,0.005,V
serial:COM8/phase_v_v,4997424,1786326469028,0.011,V
serial:COM8/phase_w_v,4997424,1786326469028,0.000,V
serial:COM8/motor_angle,4997426,1786326469028,131.13,deg
serial:COM8/phase_u_v,4997426,1786326469028,0.005,V
serial:COM8/phase_v_v,4997426,1786326469028,0.005,V
serial:COM8/phase_w_v,4997426,1786326469028,0.000,V
serial:COM8/motor_angle,4997428,1786326469028,131.13,deg
serial:COM8/phase_u_v,4997428,1786326469028,0.000,V
serial:COM8/phase_v_v,4997428,1786326469028,0.000,V
serial:COM8/phase_w_v,4997428,1786326469028,0.005,V
serial:COM8/motor_angle,4997430,1786326469028,131.13,deg
serial:COM8/phase_u_v,4997430,1786326469028,0.000,V
serial:COM8/phase_v_v,4997430,1786326469028,0.000,V
serial:COM8/phase_w_v,4997430,1786326469028,0.000,V
serial:COM8/motor_angle,4997432,1786326469028,131.13,deg
serial:COM8/phase_u_v,4997432,1786326469028,0.000,V
serial:COM8/phase_v_v,4997432,1786326469028,0.005,V
serial:COM8/phase_w_v,4997432,1786326469028,0.000,V
serial:COM8/motor_angle,4997434,1786326469028,131.18,deg
serial:COM8/phase_u_v,4997434,1786326469028,0.000,V
serial:COM8/phase_v_v,4997434,1786326469028,0.005,V
serial:COM8/phase_w_v,4997434,1786326469028,0.000,V
serial:COM8/motor_angle,4997436,1786326469028,131.09,deg
serial:COM8/phase_u_v,4997436,1786326469028,0.005,V
serial:COM8/phase_v_v,4997436,1786326469028,0.005,V
serial:COM8/phase_w_v,4997436,1786326469028,0.000,V
serial:COM8/motor_angle,4997438,1786326469028,131.18,deg
serial:COM8/phase_u_v,4997438,1786326469028,0.000,V
serial:COM8/phase_v_v,4997438,1786326469028,0.005,V
serial:COM8/phase_w_v,4997438,1786326469028,0.005,V
serial:COM8/motor_angle,4997440,1786326469028,131.15,deg
serial:COM8/phase_u_v,4997440,1786326469028,0.005,V
serial:COM8/phase_v_v,4997440,1786326469028,0.005,V
serial:COM8/phase_w_v,4997440,1786326469028,0.000,V
serial:COM8/motor_angle,4997442,1786326469028,131.18,deg
serial:COM8/phase_u_v,4997442,1786326469028,0.000,V
serial:COM8/phase_v_v,4997442,1786326469028,0.005,V
serial:COM8/phase_w_v,4997442,1786326469028,0.005,V
serial:COM8/motor_angle,4997444,1786326469028,131.13,deg
serial:COM8/phase_u_v,4997444,1786326469028,0.000,V
serial:COM8/phase_v_v,4997444,1786326469028,0.011,V
serial:COM8/phase_w_v,4997444,1786326469028,0.005,V
serial:COM8/motor_angle,4997446,1786326469028,131.13,deg
serial:COM8/phase_u_v,4997446,1786326469028,0.005,V
serial:COM8/phase_v_v,4997446,1786326469028,0.011,V
serial:COM8/phase_w_v,4997446,1786326469028,0.000,V
serial:COM8/motor_angle,4997448,1786326469028,131.13,deg
serial:COM8/phase_u_v,4997448,1786326469028,0.005,V
serial:COM8/phase_v_v,4997448,1786326469028,0.005,V
serial:COM8/phase_w_v,4997448,1786326469028,0.005,V
serial:COM8/motor_angle,4997450,1786326469028,131.18,deg
serial:COM8/phase_u_v,4997450,1786326469028,0.000,V
serial:COM8/phase_v_v,4997450,1786326469028,0.005,V
serial:COM8/phase_w_v,4997450,1786326469028,0.000,V
serial:COM8/motor_angle,4997452,1786326469028,131.11,deg
serial:COM8/phase_u_v,4997452,1786326469028,0.135,V
serial:COM8/phase_v_v,4997452,1786326469028,0.000,V
serial:COM8/phase_w_v,4997452,1786326469028,0.000,V
serial:COM8/motor_angle,4997454,1786326469028,131.18,deg
serial:COM8/phase_u_v,4997454,1786326469028,0.000,V
serial:COM8/phase_v_v,4997454,1786326469028,0.005,V
serial:COM8/phase_w_v,4997454,1786326469028,0.005,V
serial:COM8/motor_angle,4997456,1786326469028,131.20,deg
serial:COM8/phase_u_v,4997456,1786326469028,0.005,V
serial:COM8/phase_v_v,4997456,1786326469028,0.011,V
serial:COM8/phase_w_v,4997456,1786326469028,0.005,V
serial:COM8/motor_angle,4997458,1786326469028,131.15,deg
serial:COM8/phase_u_v,4997458,1786326469028,0.000,V
serial:COM8/phase_v_v,4997458,1786326469028,0.000,V
serial:COM8/phase_w_v,4997458,1786326469028,0.000,V
serial:COM8/motor_angle,4997460,1786326469028,131.15,deg
serial:COM8/phase_u_v,4997460,1786326469028,0.011,V
serial:COM8/phase_v_v,4997460,1786326469028,0.005,V
serial:COM8/phase_w_v,4997460,1786326469028,0.005,V
serial:COM8/motor_angle,4997462,1786326469028,131.15,deg
serial:COM8/phase_u_v,4997462,1786326469028,0.000,V
serial:COM8/phase_v_v,4997462,1786326469028,0.005,V
serial:COM8/phase_w_v,4997462,1786326469028,0.005,V
serial:COM8/motor_angle,4997464,1786326469028,131.15,deg
serial:COM8/phase_u_v,4997464,1786326469028,0.005,V
serial:COM8/phase_v_v,4997464,1786326469028,0.005,V
serial:COM8/phase_w_v,4997464,1786326469028,0.005,V
serial:COM8/motor_angle,4997466,1786326469028,131.13,deg
serial:COM8/phase_u_v,4997466,1786326469028,0.005,V
serial:COM8/phase_v_v,4997466,1786326469028,0.005,V
serial:COM8/phase_w_v,4997466,1786326469028,0.005,V
serial:COM8/motor_angle,4997468,1786326469028,131.13,deg
serial:COM8/phase_u_v,4997468,1786326469028,0.000,V
serial:COM8/phase_v_v,4997468,1786326469028,0.005,V
serial:COM8/phase_w_v,4997468,1786326469028,0.000,V
serial:COM8/motor_angle,4997470,1786326469028,131.13,deg
serial:COM8/phase_u_v,4997470,1786326469028,0.005,V
serial:COM8/phase_v_v,4997470,1786326469028,0.005,V
serial:COM8/phase_w_v,4997470,1786326469028,0.000,V
serial:COM8/motor_angle,4997472,1786326469028,131.09,deg
serial:COM8/phase_u_v,4997472,1786326469028,0.005,V
serial:COM8/phase_v_v,4997472,1786326469028,0.005,V
serial:COM8/phase_w_v,4997472,1786326469028,0.005,V
serial:COM8/motor_angle,4997474,1786326469028,131.13,deg
serial:COM8/phase_u_v,4997474,1786326469028,0.005,V
serial:COM8/phase_v_v,4997474,1786326469028,0.005,V
serial:COM8/phase_w_v,4997474,1786326469028,0.000,V
serial:COM8/motor_angle,4997476,1786326469028,131.18,deg
serial:COM8/phase_u_v,4997476,1786326469028,0.005,V
serial:COM8/phase_v_v,4997476,1786326469028,0.005,V
serial:COM8/phase_w_v,4997476,1786326469028,0.000,V
serial:COM8/motor_angle,4997478,1786326469028,131.15,deg
serial:COM8/phase_u_v,4997478,1786326469028,0.005,V
serial:COM8/phase_v_v,4997478,1786326469028,0.005,V
serial:COM8/phase_w_v,4997478,1786326469028,0.000,V
serial:COM8/motor_angle,4997480,1786326469028,131.11,deg
serial:COM8/phase_u_v,4997480,1786326469028,0.005,V
serial:COM8/phase_v_v,4997480,1786326469028,0.000,V
serial:COM8/phase_w_v,4997480,1786326469028,0.000,V
serial:COM8/motor_angle,4997482,1786326469102,131.13,deg
serial:COM8/phase_u_v,4997482,1786326469102,0.005,V
serial:COM8/phase_v_v,4997482,1786326469102,0.000,V
serial:COM8/phase_w_v,4997482,1786326469102,0.000,V
serial:COM8/motor_angle,4997484,1786326469102,131.15,deg
serial:COM8/phase_u_v,4997484,1786326469102,0.005,V
serial:COM8/phase_v_v,4997484,1786326469102,0.005,V
serial:COM8/phase_w_v,4997484,1786326469102,0.000,V
serial:COM8/motor_angle,4997486,1786326469102,131.13,deg
serial:COM8/phase_u_v,4997486,1786326469102,0.049,V
serial:COM8/phase_v_v,4997486,1786326469102,0.005,V
serial:COM8/phase_w_v,4997486,1786326469102,0.000,V
serial:COM8/motor_angle,4997488,1786326469102,131.11,deg
serial:COM8/phase_u_v,4997488,1786326469102,0.005,V
serial:COM8/phase_v_v,4997488,1786326469102,0.000,V
serial:COM8/phase_w_v,4997488,1786326469102,0.005,V
serial:COM8/motor_angle,4997490,1786326469102,131.15,deg
serial:COM8/phase_u_v,4997490,1786326469102,0.005,V
serial:COM8/phase_v_v,4997490,1786326469102,0.005,V
serial:COM8/phase_w_v,4997490,1786326469102,0.000,V
serial:COM8/motor_angle,4997492,1786326469102,131.13,deg
serial:COM8/phase_u_v,4997492,1786326469102,0.000,V
serial:COM8/phase_v_v,4997492,1786326469102,0.005,V
serial:COM8/phase_w_v,4997492,1786326469102,0.005,V
serial:COM8/motor_angle,4997494,1786326469102,131.18,deg
serial:COM8/phase_u_v,4997494,1786326469102,0.000,V
serial:COM8/phase_v_v,4997494,1786326469102,0.000,V
serial:COM8/phase_w_v,4997494,1786326469102,0.005,V
serial:COM8/motor_angle,4997496,1786326469102,131.13,deg
serial:COM8/phase_u_v,4997496,1786326469102,0.000,V
serial:COM8/phase_v_v,4997496,1786326469102,0.005,V
serial:COM8/phase_w_v,4997496,1786326469102,0.005,V
serial:COM8/motor_angle,4997498,1786326469102,131.20,deg
serial:COM8/phase_u_v,4997498,1786326469102,0.005,V
serial:COM8/phase_v_v,4997498,1786326469102,0.000,V
serial:COM8/phase_w_v,4997498,1786326469102,0.000,V
serial:COM8/motor_angle,4997500,1786326469102,131.15,deg
serial:COM8/phase_u_v,4997500,1786326469102,0.000,V
serial:COM8/phase_v_v,4997500,1786326469102,0.000,V
serial:COM8/phase_w_v,4997500,1786326469102,0.000,V
serial:COM8/motor_angle,4997502,1786326469102,131.13,deg
serial:COM8/phase_u_v,4997502,1786326469102,0.000,V
serial:COM8/phase_v_v,4997502,1786326469102,0.005,V
serial:COM8/phase_w_v,4997502,1786326469102,0.005,V
serial:COM8/motor_angle,4997504,1786326469102,131.18,deg
serial:COM8/phase_u_v,4997504,1786326469102,0.000,V
serial:COM8/phase_v_v,4997504,1786326469102,0.000,V
serial:COM8/phase_w_v,4997504,1786326469102,0.000,V
serial:COM8/motor_angle,4997506,1786326469102,131.15,deg
serial:COM8/phase_u_v,4997506,1786326469102,0.005,V
serial:COM8/phase_v_v,4997506,1786326469102,0.005,V
serial:COM8/phase_w_v,4997506,1786326469102,0.005,V
serial:COM8/motor_angle,4997508,1786326469102,131.18,deg
serial:COM8/phase_u_v,4997508,1786326469102,0.005,V
serial:COM8/phase_v_v,4997508,1786326469102,0.005,V
serial:COM8/phase_w_v,4997508,1786326469102,0.000,V
serial:COM8/motor_angle,4997510,1786326469102,131.15,deg
serial:COM8/phase_u_v,4997510,1786326469102,0.005,V
serial:COM8/phase_v_v,4997510,1786326469102,0.000,V
serial:COM8/phase_w_v,4997510,1786326469102,0.005,V
serial:COM8/motor_angle,4997512,1786326469102,131.15,deg
serial:COM8/phase_u_v,4997512,1786326469102,0.005,V
serial:COM8/phase_v_v,4997512,1786326469102,0.005,V
serial:COM8/phase_w_v,4997512,1786326469102,0.000,V
serial:COM8/motor_angle,4997514,1786326469102,131.09,deg
serial:COM8/phase_u_v,4997514,1786326469102,0.000,V
serial:COM8/phase_v_v,4997514,1786326469102,0.000,V
serial:COM8/phase_w_v,4997514,1786326469102,0.005,V
serial:COM8/motor_angle,4997516,1786326469102,131.18,deg
serial:COM8/phase_u_v,4997516,1786326469102,0.005,V
serial:COM8/phase_v_v,4997516,1786326469102,0.011,V
serial:COM8/phase_w_v,4997516,1786326469102,0.000,V
serial:COM8/motor_angle,4997518,1786326469102,131.09,deg
serial:COM8/phase_u_v,4997518,1786326469102,0.005,V
serial:COM8/phase_v_v,4997518,1786326469102,0.000,V
serial:COM8/phase_w_v,4997518,1786326469102,0.000,V
serial:COM8/motor_angle,4997520,1786326469102,131.13,deg
serial:COM8/phase_u_v,4997520,1786326469102,0.005,V
serial:COM8/phase_v_v,4997520,1786326469102,0.000,V
serial:COM8/phase_w_v,4997520,1786326469102,0.000,V
serial:COM8/motor_angle,4997522,1786326469102,131.13,deg
serial:COM8/phase_u_v,4997522,1786326469102,0.000,V
serial:COM8/phase_v_v,4997522,1786326469102,0.000,V
serial:COM8/phase_w_v,4997522,1786326469102,0.000,V
serial:COM8/motor_angle,4997524,1786326469102,131.15,deg
serial:COM8/phase_u_v,4997524,1786326469102,0.005,V
serial:COM8/phase_v_v,4997524,1786326469102,0.005,V
serial:COM8/phase_w_v,4997524,1786326469102,0.005,V
serial:COM8/motor_angle,4997526,1786326469102,131.15,deg
serial:COM8/phase_u_v,4997526,1786326469102,0.005,V
serial:COM8/phase_v_v,4997526,1786326469102,0.000,V
serial:COM8/phase_w_v,4997526,1786326469102,0.000,V
serial:COM8/motor_angle,4997528,1786326469102,131.09,deg
serial:COM8/phase_u_v,4997528,1786326469102,0.005,V
serial:COM8/phase_v_v,4997528,1786326469102,0.005,V
serial:COM8/phase_w_v,4997528,1786326469102,0.000,V
serial:COM8/motor_angle,4997530,1786326469102,131.15,deg
serial:COM8/phase_u_v,4997530,1786326469102,0.005,V
serial:COM8/phase_v_v,4997530,1786326469102,0.000,V
serial:COM8/phase_w_v,4997530,1786326469102,0.000,V
serial:COM8/motor_angle,4997532,1786326469102,131.15,deg
serial:COM8/phase_u_v,4997532,1786326469102,0.000,V
serial:COM8/phase_v_v,4997532,1786326469102,0.000,V
serial:COM8/phase_w_v,4997532,1786326469102,0.000,V
serial:COM8/motor_angle,4997534,1786326469102,131.09,deg
serial:COM8/phase_u_v,4997534,1786326469102,0.005,V
serial:COM8/phase_v_v,4997534,1786326469102,0.005,V
serial:COM8/phase_w_v,4997534,1786326469102,0.005,V
serial:COM8/motor_angle,4997536,1786326469102,131.11,deg
serial:COM8/phase_u_v,4997536,1786326469102,0.005,V
serial:COM8/phase_v_v,4997536,1786326469102,0.005,V
serial:COM8/phase_w_v,4997536,1786326469102,0.000,V
serial:COM8/motor_angle,4997538,1786326469102,131.09,deg
serial:COM8/phase_u_v,4997538,1786326469102,0.005,V
serial:COM8/phase_v_v,4997538,1786326469102,0.005,V
serial:COM8/phase_w_v,4997538,1786326469102,0.005,V
serial:COM8/motor_angle,4997540,1786326469102,131.11,deg
serial:COM8/phase_u_v,4997540,1786326469102,0.005,V
serial:COM8/phase_v_v,4997540,1786326469102,0.000,V
serial:COM8/phase_w_v,4997540,1786326469102,0.000,V
serial:COM8/motor_angle,4997542,1786326469102,131.13,deg
serial:COM8/phase_u_v,4997542,1786326469102,0.421,V
serial:COM8/phase_v_v,4997542,1786326469102,0.005,V
serial:COM8/phase_w_v,4997542,1786326469102,0.000,V
serial:COM8/motor_angle,4997544,1786326469102,131.13,deg
serial:COM8/phase_u_v,4997544,1786326469102,0.005,V
serial:COM8/phase_v_v,4997544,1786326469102,0.005,V
serial:COM8/phase_w_v,4997544,1786326469102,0.000,V
serial:COM8/motor_angle,4997546,1786326469102,131.15,deg
serial:COM8/phase_u_v,4997546,1786326469102,0.000,V
serial:COM8/phase_v_v,4997546,1786326469102,0.005,V
serial:COM8/phase_w_v,4997546,1786326469102,0.000,V
serial:COM8/motor_angle,4997548,1786326469102,131.15,deg
serial:COM8/phase_u_v,4997548,1786326469102,0.005,V
serial:COM8/phase_v_v,4997548,1786326469102,0.000,V
serial:COM8/phase_w_v,4997548,1786326469102,0.000,V
serial:COM8/motor_angle,4997550,1786326469102,131.13,deg
serial:COM8/phase_u_v,4997550,1786326469102,0.000,V
serial:COM8/phase_v_v,4997550,1786326469102,0.005,V
serial:COM8/phase_w_v,4997550,1786326469102,0.000,V
serial:COM8/motor_angle,4997552,1786326469102,131.07,deg
serial:COM8/phase_u_v,4997552,1786326469102,0.005,V
serial:COM8/phase_v_v,4997552,1786326469102,0.005,V
serial:COM8/phase_w_v,4997552,1786326469102,0.000,V
serial:COM8/motor_angle,4997554,1786326469102,131.18,deg
serial:COM8/phase_u_v,4997554,1786326469102,0.000,V
serial:COM8/phase_v_v,4997554,1786326469102,0.005,V
serial:COM8/phase_w_v,4997554,1786326469102,0.005,V
serial:COM8/motor_angle,4997556,1786326469174,131.18,deg
serial:COM8/phase_u_v,4997556,1786326469174,0.005,V
serial:COM8/phase_v_v,4997556,1786326469174,0.000,V
serial:COM8/phase_w_v,4997556,1786326469174,0.000,V
serial:COM8/motor_angle,4997558,1786326469174,131.18,deg
serial:COM8/phase_u_v,4997558,1786326469174,0.000,V
serial:COM8/phase_v_v,4997558,1786326469174,0.000,V
serial:COM8/phase_w_v,4997558,1786326469174,0.000,V
serial:COM8/motor_angle,4997560,1786326469174,131.18,deg
serial:COM8/phase_u_v,4997560,1786326469174,0.000,V
serial:COM8/phase_v_v,4997560,1786326469174,0.005,V
serial:COM8/phase_w_v,4997560,1786326469174,0.005,V
serial:COM8/motor_angle,4997562,1786326469174,131.15,deg
serial:COM8/phase_u_v,4997562,1786326469174,0.005,V
serial:COM8/phase_v_v,4997562,1786326469174,0.005,V
serial:COM8/phase_w_v,4997562,1786326469174,0.000,V
serial:COM8/motor_angle,4997564,1786326469174,131.13,deg
serial:COM8/phase_u_v,4997564,1786326469174,0.000,V
serial:COM8/phase_v_v,4997564,1786326469174,0.000,V
serial:COM8/phase_w_v,4997564,1786326469174,0.005,V
serial:COM8/motor_angle,4997566,1786326469174,131.13,deg
serial:COM8/phase_u_v,4997566,1786326469174,0.005,V
serial:COM8/phase_v_v,4997566,1786326469174,0.005,V
serial:COM8/phase_w_v,4997566,1786326469174,0.005,V
serial:COM8/motor_angle,4997568,1786326469174,131.15,deg
serial:COM8/phase_u_v,4997568,1786326469174,0.000,V
serial:COM8/phase_v_v,4997568,1786326469174,0.005,V
serial:COM8/phase_w_v,4997568,1786326469174,0.000,V
serial:COM8/motor_angle,4997570,1786326469174,131.13,deg
serial:COM8/phase_u_v,4997570,1786326469174,0.000,V
serial:COM8/phase_v_v,4997570,1786326469174,0.005,V
serial:COM8/phase_w_v,4997570,1786326469174,0.000,V
serial:COM8/motor_angle,4997572,1786326469174,131.13,deg
serial:COM8/phase_u_v,4997572,1786326469174,0.005,V
serial:COM8/phase_v_v,4997572,1786326469174,0.005,V
serial:COM8/phase_w_v,4997572,1786326469174,0.000,V
serial:COM8/motor_angle,4997574,1786326469174,131.11,deg
serial:COM8/phase_u_v,4997574,1786326469174,0.000,V
serial:COM8/phase_v_v,4997574,1786326469174,0.005,V
serial:COM8/phase_w_v,4997574,1786326469174,0.000,V
serial:COM8/motor_angle,4997576,1786326469174,131.15,deg
serial:COM8/phase_u_v,4997576,1786326469174,0.000,V
serial:COM8/phase_v_v,4997576,1786326469174,0.005,V
serial:COM8/phase_w_v,4997576,1786326469174,0.005,V
serial:COM8/motor_angle,4997578,1786326469174,131.15,deg
serial:COM8/phase_u_v,4997578,1786326469174,0.059,V
serial:COM8/phase_v_v,4997578,1786326469174,0.005,V
serial:COM8/phase_w_v,4997578,1786326469174,0.000,V
serial:COM8/motor_angle,4997580,1786326469174,131.15,deg
serial:COM8/phase_u_v,4997580,1786326469174,0.005,V
serial:COM8/phase_v_v,4997580,1786326469174,0.005,V
serial:COM8/phase_w_v,4997580,1786326469174,0.000,V
serial:COM8/motor_angle,4997582,1786326469174,131.07,deg
serial:COM8/phase_u_v,4997582,1786326469174,0.005,V
serial:COM8/phase_v_v,4997582,1786326469174,0.005,V
serial:COM8/phase_w_v,4997582,1786326469174,0.000,V
serial:COM8/motor_angle,4997584,1786326469174,131.13,deg
serial:COM8/phase_u_v,4997584,1786326469174,0.038,V
serial:COM8/phase_v_v,4997584,1786326469174,0.005,V
serial:COM8/phase_w_v,4997584,1786326469174,0.005,V
serial:COM8/motor_angle,4997586,1786326469174,131.13,deg
serial:COM8/phase_u_v,4997586,1786326469174,0.000,V
serial:COM8/phase_v_v,4997586,1786326469174,0.005,V
serial:COM8/phase_w_v,4997586,1786326469174,0.000,V
serial:COM8/motor_angle,4997588,1786326469174,131.13,deg
serial:COM8/phase_u_v,4997588,1786326469174,0.000,V
serial:COM8/phase_v_v,4997588,1786326469174,0.005,V
serial:COM8/phase_w_v,4997588,1786326469174,0.000,V
serial:COM8/motor_angle,4997590,1786326469174,131.15,deg
serial:COM8/phase_u_v,4997590,1786326469174,0.005,V
serial:COM8/phase_v_v,4997590,1786326469174,0.005,V
serial:COM8/phase_w_v,4997590,1786326469174,0.005,V
serial:COM8/motor_angle,4997592,1786326469174,131.13,deg
serial:COM8/phase_u_v,4997592,1786326469174,0.000,V
serial:COM8/phase_v_v,4997592,1786326469174,0.000,V
serial:COM8/phase_w_v,4997592,1786326469174,0.000,V
serial:COM8/motor_angle,4997594,1786326469174,131.18,deg
serial:COM8/phase_u_v,4997594,1786326469174,0.000,V
serial:COM8/phase_v_v,4997594,1786326469174,0.000,V
serial:COM8/phase_w_v,4997594,1786326469174,0.000,V
serial:COM8/motor_angle,4997596,1786326469174,131.09,deg
serial:COM8/phase_u_v,4997596,1786326469174,0.000,V
serial:COM8/phase_v_v,4997596,1786326469174,0.000,V
serial:COM8/phase_w_v,4997596,1786326469174,0.000,V
serial:COM8/motor_angle,4997598,1786326469174,131.15,deg
serial:COM8/phase_u_v,4997598,1786326469174,0.005,V
serial:COM8/phase_v_v,4997598,1786326469174,0.005,V
serial:COM8/phase_w_v,4997598,1786326469174,0.000,V
serial:COM8/motor_angle,4997600,1786326469174,131.09,deg
serial:COM8/phase_u_v,4997600,1786326469174,0.005,V
serial:COM8/phase_v_v,4997600,1786326469174,0.000,V
serial:COM8/phase_w_v,4997600,1786326469174,0.005,V
serial:COM8/motor_angle,4997602,1786326469174,131.15,deg
serial:COM8/phase_u_v,4997602,1786326469174,0.000,V
serial:COM8/phase_v_v,4997602,1786326469174,0.005,V
serial:COM8/phase_w_v,4997602,1786326469174,0.000,V
serial:COM8/motor_angle,4997604,1786326469174,131.18,deg
serial:COM8/phase_u_v,4997604,1786326469174,0.005,V
serial:COM8/phase_v_v,4997604,1786326469174,0.005,V
serial:COM8/phase_w_v,4997604,1786326469174,0.000,V
serial:COM8/motor_angle,4997606,1786326469174,131.15,deg
serial:COM8/phase_u_v,4997606,1786326469174,0.005,V
serial:COM8/phase_v_v,4997606,1786326469174,0.000,V
serial:COM8/phase_w_v,4997606,1786326469174,0.005,V
serial:COM8/motor_angle,4997608,1786326469174,131.13,deg
serial:COM8/phase_u_v,4997608,1786326469174,0.000,V
serial:COM8/phase_v_v,4997608,1786326469174,0.005,V
serial:COM8/phase_w_v,4997608,1786326469174,0.000,V
serial:COM8/motor_angle,4997610,1786326469174,131.13,deg
serial:COM8/phase_u_v,4997610,1786326469174,0.005,V
serial:COM8/phase_v_v,4997610,1786326469174,0.005,V
serial:COM8/phase_w_v,4997610,1786326469174,0.000,V
serial:COM8/motor_angle,4997612,1786326469174,131.20,deg
serial:COM8/phase_u_v,4997612,1786326469174,0.000,V
serial:COM8/phase_v_v,4997612,1786326469174,0.000,V
serial:COM8/phase_w_v,4997612,1786326469174,0.000,V
serial:COM8/motor_angle,4997614,1786326469174,131.11,deg
serial:COM8/phase_u_v,4997614,1786326469174,0.005,V
serial:COM8/phase_v_v,4997614,1786326469174,0.005,V
serial:COM8/phase_w_v,4997614,1786326469174,0.000,V
serial:COM8/motor_angle,4997616,1786326469174,131.22,deg
serial:COM8/phase_u_v,4997616,1786326469174,0.005,V
serial:COM8/phase_v_v,4997616,1786326469174,0.005,V
serial:COM8/phase_w_v,4997616,1786326469174,0.005,V
serial:COM8/motor_angle,4997618,1786326469174,131.15,deg
serial:COM8/phase_u_v,4997618,1786326469174,0.005,V
serial:COM8/phase_v_v,4997618,1786326469174,0.005,V
serial:COM8/phase_w_v,4997618,1786326469174,0.005,V
serial:COM8/motor_angle,4997620,1786326469174,131.13,deg
serial:COM8/phase_u_v,4997620,1786326469174,0.000,V
serial:COM8/phase_v_v,4997620,1786326469174,0.005,V
serial:COM8/phase_w_v,4997620,1786326469174,0.005,V
serial:COM8/motor_angle,4997622,1786326469174,131.11,deg
serial:COM8/phase_u_v,4997622,1786326469174,0.005,V
serial:COM8/phase_v_v,4997622,1786326469174,0.005,V
serial:COM8/phase_w_v,4997622,1786326469174,0.000,V
serial:COM8/motor_angle,4997624,1786326469174,131.18,deg
serial:COM8/phase_u_v,4997624,1786326469174,0.005,V
serial:COM8/phase_v_v,4997624,1786326469174,0.000,V
serial:COM8/phase_w_v,4997624,1786326469174,0.005,V
serial:COM8/motor_angle,4997626,1786326469174,131.18,deg
serial:COM8/phase_u_v,4997626,1786326469174,0.000,V
serial:COM8/phase_v_v,4997626,1786326469174,0.005,V
serial:COM8/phase_w_v,4997626,1786326469174,0.005,V
serial:COM8/motor_angle,4997628,1786326469247,131.15,deg
serial:COM8/phase_u_v,4997628,1786326469247,0.005,V
serial:COM8/phase_v_v,4997628,1786326469247,0.005,V
serial:COM8/phase_w_v,4997628,1786326469247,0.005,V
serial:COM8/motor_angle,4997630,1786326469247,131.11,deg
serial:COM8/phase_u_v,4997630,1786326469247,0.011,V
serial:COM8/phase_v_v,4997630,1786326469247,0.005,V
serial:COM8/phase_w_v,4997630,1786326469247,0.000,V
serial:COM8/motor_angle,4997632,1786326469247,131.13,deg
serial:COM8/phase_u_v,4997632,1786326469247,0.011,V
serial:COM8/phase_v_v,4997632,1786326469247,0.005,V
serial:COM8/phase_w_v,4997632,1786326469247,0.005,V
serial:COM8/motor_angle,4997634,1786326469247,131.15,deg
serial:COM8/phase_u_v,4997634,1786326469247,0.005,V
serial:COM8/phase_v_v,4997634,1786326469247,0.005,V
serial:COM8/phase_w_v,4997634,1786326469247,0.005,V
serial:COM8/motor_angle,4997636,1786326469247,131.15,deg
serial:COM8/phase_u_v,4997636,1786326469247,0.005,V
serial:COM8/phase_v_v,4997636,1786326469247,0.000,V
serial:COM8/phase_w_v,4997636,1786326469247,0.005,V
serial:COM8/motor_angle,4997638,1786326469247,131.18,deg
serial:COM8/phase_u_v,4997638,1786326469247,0.005,V
serial:COM8/phase_v_v,4997638,1786326469247,0.005,V
serial:COM8/phase_w_v,4997638,1786326469247,0.000,V
serial:COM8/motor_angle,4997640,1786326469247,131.11,deg
serial:COM8/phase_u_v,4997640,1786326469247,0.011,V
serial:COM8/phase_v_v,4997640,1786326469247,0.005,V
serial:COM8/phase_w_v,4997640,1786326469247,0.000,V
serial:COM8/motor_angle,4997642,1786326469247,131.13,deg
serial:COM8/phase_u_v,4997642,1786326469247,0.005,V
serial:COM8/phase_v_v,4997642,1786326469247,0.005,V
serial:COM8/phase_w_v,4997642,1786326469247,0.000,V
serial:COM8/motor_angle,4997644,1786326469247,131.15,deg
serial:COM8/phase_u_v,4997644,1786326469247,0.005,V
serial:COM8/phase_v_v,4997644,1786326469247,0.005,V
serial:COM8/phase_w_v,4997644,1786326469247,0.000,V
serial:COM8/motor_angle,4997646,1786326469247,131.15,deg
serial:COM8/phase_u_v,4997646,1786326469247,0.000,V
serial:COM8/phase_v_v,4997646,1786326469247,0.005,V
serial:COM8/phase_w_v,4997646,1786326469247,0.000,V
serial:COM8/motor_angle,4997648,1786326469247,131.20,deg
serial:COM8/phase_u_v,4997648,1786326469247,0.005,V
serial:COM8/phase_v_v,4997648,1786326469247,0.000,V
serial:COM8/phase_w_v,4997648,1786326469247,0.000,V
serial:COM8/motor_angle,4997650,1786326469247,131.15,deg
serial:COM8/phase_u_v,4997650,1786326469247,0.005,V
serial:COM8/phase_v_v,4997650,1786326469247,0.005,V
serial:COM8/phase_w_v,4997650,1786326469247,0.005,V
serial:COM8/motor_angle,4997652,1786326469247,131.15,deg
serial:COM8/phase_u_v,4997652,1786326469247,0.005,V
serial:COM8/phase_v_v,4997652,1786326469247,0.005,V
serial:COM8/phase_w_v,4997652,1786326469247,0.000,V
serial:COM8/motor_angle,4997654,1786326469247,131.18,deg
serial:COM8/phase_u_v,4997654,1786326469247,0.005,V
serial:COM8/phase_v_v,4997654,1786326469247,0.005,V
serial:COM8/phase_w_v,4997654,1786326469247,0.000,V
serial:COM8/motor_angle,4997656,1786326469247,131.15,deg
serial:COM8/phase_u_v,4997656,1786326469247,0.000,V
serial:COM8/phase_v_v,4997656,1786326469247,0.005,V
serial:COM8/phase_w_v,4997656,1786326469247,0.005,V
serial:COM8/motor_angle,4997658,1786326469247,131.13,deg
serial:COM8/phase_u_v,4997658,1786326469247,0.005,V
serial:COM8/phase_v_v,4997658,1786326469247,0.000,V
serial:COM8/phase_w_v,4997658,1786326469247,0.005,V
serial:COM8/motor_angle,4997660,1786326469247,131.15,deg
serial:COM8/phase_u_v,4997660,1786326469247,0.000,V
serial:COM8/phase_v_v,4997660,1786326469247,0.005,V
serial:COM8/phase_w_v,4997660,1786326469247,0.000,V
serial:COM8/motor_angle,4997662,1786326469247,131.11,deg
serial:COM8/phase_u_v,4997662,1786326469247,0.232,V
serial:COM8/phase_v_v,4997662,1786326469247,0.005,V
serial:COM8/phase_w_v,4997662,1786326469247,0.005,V
serial:COM8/motor_angle,4997664,1786326469247,131.13,deg
serial:COM8/phase_u_v,4997664,1786326469247,0.005,V
serial:COM8/phase_v_v,4997664,1786326469247,0.000,V
serial:COM8/phase_w_v,4997664,1786326469247,0.005,V
serial:COM8/motor_angle,4997666,1786326469247,131.15,deg
serial:COM8/phase_u_v,4997666,1786326469247,0.000,V
serial:COM8/phase_v_v,4997666,1786326469247,0.000,V
serial:COM8/phase_w_v,4997666,1786326469247,0.000,V
serial:COM8/motor_angle,4997668,1786326469247,131.15,deg
serial:COM8/phase_u_v,4997668,1786326469247,0.005,V
serial:COM8/phase_v_v,4997668,1786326469247,0.011,V
serial:COM8/phase_w_v,4997668,1786326469247,0.000,V
serial:COM8/motor_angle,4997670,1786326469247,131.07,deg
serial:COM8/phase_u_v,4997670,1786326469247,0.005,V
serial:COM8/phase_v_v,4997670,1786326469247,0.000,V
serial:COM8/phase_w_v,4997670,1786326469247,0.000,V
serial:COM8/motor_angle,4997672,1786326469247,131.11,deg
serial:COM8/phase_u_v,4997672,1786326469247,0.000,V
serial:COM8/phase_v_v,4997672,1786326469247,0.005,V
serial:COM8/phase_w_v,4997672,1786326469247,0.000,V
serial:COM8/motor_angle,4997674,1786326469247,131.22,deg
serial:COM8/phase_u_v,4997674,1786326469247,0.005,V
serial:COM8/phase_v_v,4997674,1786326469247,0.005,V
serial:COM8/phase_w_v,4997674,1786326469247,0.000,V
serial:COM8/motor_angle,4997676,1786326469247,131.18,deg
serial:COM8/phase_u_v,4997676,1786326469247,0.005,V
serial:COM8/phase_v_v,4997676,1786326469247,0.000,V
serial:COM8/phase_w_v,4997676,1786326469247,0.000,V
serial:COM8/motor_angle,4997678,1786326469247,131.11,deg
serial:COM8/phase_u_v,4997678,1786326469247,0.005,V
serial:COM8/phase_v_v,4997678,1786326469247,0.000,V
serial:COM8/phase_w_v,4997678,1786326469247,0.000,V
serial:COM8/motor_angle,4997680,1786326469247,131.09,deg
serial:COM8/phase_u_v,4997680,1786326469247,0.005,V
serial:COM8/phase_v_v,4997680,1786326469247,0.000,V
serial:COM8/phase_w_v,4997680,1786326469247,0.000,V
serial:COM8/motor_angle,4997682,1786326469247,131.15,deg
serial:COM8/phase_u_v,4997682,1786326469247,0.005,V
serial:COM8/phase_v_v,4997682,1786326469247,0.005,V
serial:COM8/phase_w_v,4997682,1786326469247,0.000,V
serial:COM8/motor_angle,4997684,1786326469247,131.15,deg
serial:COM8/phase_u_v,4997684,1786326469247,0.005,V
serial:COM8/phase_v_v,4997684,1786326469247,0.005,V
serial:COM8/phase_w_v,4997684,1786326469247,0.000,V
serial:COM8/motor_angle,4997686,1786326469247,131.11,deg
serial:COM8/phase_u_v,4997686,1786326469247,0.000,V
serial:COM8/phase_v_v,4997686,1786326469247,0.005,V
serial:COM8/phase_w_v,4997686,1786326469247,0.000,V
serial:COM8/motor_angle,4997688,1786326469247,131.15,deg
serial:COM8/phase_u_v,4997688,1786326469247,0.005,V
serial:COM8/phase_v_v,4997688,1786326469247,0.005,V
serial:COM8/phase_w_v,4997688,1786326469247,0.005,V
serial:COM8/motor_angle,4997690,1786326469247,131.11,deg
serial:COM8/phase_u_v,4997690,1786326469247,0.000,V
serial:COM8/phase_v_v,4997690,1786326469247,0.000,V
serial:COM8/phase_w_v,4997690,1786326469247,0.000,V
serial:COM8/motor_angle,4997692,1786326469247,131.07,deg
serial:COM8/phase_u_v,4997692,1786326469247,0.005,V
serial:COM8/phase_v_v,4997692,1786326469247,0.005,V
serial:COM8/phase_w_v,4997692,1786326469247,0.000,V
serial:COM8/motor_angle,4997694,1786326469247,131.15,deg
serial:COM8/phase_u_v,4997694,1786326469247,0.005,V
serial:COM8/phase_v_v,4997694,1786326469247,0.005,V
serial:COM8/phase_w_v,4997694,1786326469247,0.000,V
serial:COM8/motor_angle,4997696,1786326469247,131.13,deg
serial:COM8/phase_u_v,4997696,1786326469247,0.005,V
serial:COM8/phase_v_v,4997696,1786326469247,0.000,V
serial:COM8/phase_w_v,4997696,1786326469247,0.000,V
serial:COM8/motor_angle,4997698,1786326469247,131.11,deg
serial:COM8/phase_u_v,4997698,1786326469247,0.200,V
serial:COM8/phase_v_v,4997698,1786326469247,0.005,V
serial:COM8/phase_w_v,4997698,1786326469247,0.000,V
serial:COM8/motor_angle,4997700,1786326469317,131.13,deg
serial:COM8/phase_u_v,4997700,1786326469317,0.016,V
serial:COM8/phase_v_v,4997700,1786326469317,0.011,V
serial:COM8/phase_w_v,4997700,1786326469317,0.005,V
serial:COM8/motor_angle,4997702,1786326469317,131.18,deg
serial:COM8/phase_u_v,4997702,1786326469317,0.005,V
serial:COM8/phase_v_v,4997702,1786326469317,0.005,V
serial:COM8/phase_w_v,4997702,1786326469317,0.005,V
serial:COM8/motor_angle,4997704,1786326469317,131.15,deg
serial:COM8/phase_u_v,4997704,1786326469317,0.005,V
serial:COM8/phase_v_v,4997704,1786326469317,0.000,V
serial:COM8/phase_w_v,4997704,1786326469317,0.000,V
serial:COM8/motor_angle,4997706,1786326469317,131.07,deg
serial:COM8/phase_u_v,4997706,1786326469317,0.405,V
serial:COM8/phase_v_v,4997706,1786326469317,0.005,V
serial:COM8/phase_w_v,4997706,1786326469317,0.000,V
serial:COM8/motor_angle,4997708,1786326469317,131.13,deg
serial:COM8/phase_u_v,4997708,1786326469317,0.005,V
serial:COM8/phase_v_v,4997708,1786326469317,0.005,V
serial:COM8/phase_w_v,4997708,1786326469317,0.000,V
serial:COM8/motor_angle,4997710,1786326469317,131.15,deg
serial:COM8/phase_u_v,4997710,1786326469317,0.005,V
serial:COM8/phase_v_v,4997710,1786326469317,0.005,V
serial:COM8/phase_w_v,4997710,1786326469317,0.000,V
serial:COM8/motor_angle,4997712,1786326469317,131.18,deg
serial:COM8/phase_u_v,4997712,1786326469317,0.005,V
serial:COM8/phase_v_v,4997712,1786326469317,0.000,V
serial:COM8/phase_w_v,4997712,1786326469317,0.000,V
serial:COM8/motor_angle,4997714,1786326469317,131.13,deg
serial:COM8/phase_u_v,4997714,1786326469317,0.367,V
serial:COM8/phase_v_v,4997714,1786326469317,0.005,V
serial:COM8/phase_w_v,4997714,1786326469317,0.005,V
serial:COM8/motor_angle,4997716,1786326469317,131.13,deg
serial:COM8/phase_u_v,4997716,1786326469317,0.005,V
serial:COM8/phase_v_v,4997716,1786326469317,0.005,V
serial:COM8/phase_w_v,4997716,1786326469317,0.000,V
serial:COM8/motor_angle,4997718,1786326469317,131.11,deg
serial:COM8/phase_u_v,4997718,1786326469317,0.005,V
serial:COM8/phase_v_v,4997718,1786326469317,0.005,V
serial:COM8/phase_w_v,4997718,1786326469317,0.005,V
serial:COM8/motor_angle,4997720,1786326469317,131.13,deg
serial:COM8/phase_u_v,4997720,1786326469317,0.000,V
serial:COM8/phase_v_v,4997720,1786326469317,0.005,V
serial:COM8/phase_w_v,4997720,1786326469317,0.000,V
serial:COM8/motor_angle,4997722,1786326469317,131.15,deg
serial:COM8/phase_u_v,4997722,1786326469317,0.005,V
serial:COM8/phase_v_v,4997722,1786326469317,0.005,V
serial:COM8/phase_w_v,4997722,1786326469317,0.000,V
serial:COM8/motor_angle,4997724,1786326469317,131.13,deg
serial:COM8/phase_u_v,4997724,1786326469317,0.005,V
serial:COM8/phase_v_v,4997724,1786326469317,0.005,V
serial:COM8/phase_w_v,4997724,1786326469317,0.005,V
serial:COM8/motor_angle,4997726,1786326469317,131.15,deg
serial:COM8/phase_u_v,4997726,1786326469317,0.005,V
serial:COM8/phase_v_v,4997726,1786326469317,0.005,V
serial:COM8/phase_w_v,4997726,1786326469317,0.005,V
serial:COM8/motor_angle,4997728,1786326469317,131.13,deg
serial:COM8/phase_u_v,4997728,1786326469317,0.167,V
serial:COM8/phase_v_v,4997728,1786326469317,0.005,V
serial:COM8/phase_w_v,4997728,1786326469317,0.000,V
serial:COM8/motor_angle,4997730,1786326469317,131.15,deg
serial:COM8/phase_u_v,4997730,1786326469317,0.005,V
serial:COM8/phase_v_v,4997730,1786326469317,0.005,V
serial:COM8/phase_w_v,4997730,1786326469317,0.005,V
serial:COM8/motor_angle,4997732,1786326469317,131.13,deg
serial:COM8/phase_u_v,4997732,1786326469317,0.000,V
serial:COM8/phase_v_v,4997732,1786326469317,0.005,V
serial:COM8/phase_w_v,4997732,1786326469317,0.000,V
serial:COM8/motor_angle,4997734,1786326469317,131.15,deg
serial:COM8/phase_u_v,4997734,1786326469317,0.005,V
serial:COM8/phase_v_v,4997734,1786326469317,0.005,V
serial:COM8/phase_w_v,4997734,1786326469317,0.005,V
serial:COM8/motor_angle,4997736,1786326469317,131.11,deg
serial:COM8/phase_u_v,4997736,1786326469317,0.005,V
serial:COM8/phase_v_v,4997736,1786326469317,0.005,V
serial:COM8/phase_w_v,4997736,1786326469317,0.005,V
serial:COM8/motor_angle,4997738,1786326469317,131.18,deg
serial:COM8/phase_u_v,4997738,1786326469317,0.000,V
serial:COM8/phase_v_v,4997738,1786326469317,0.000,V
serial:COM8/phase_w_v,4997738,1786326469317,0.000,V
serial:COM8/motor_angle,4997740,1786326469317,131.20,deg
serial:COM8/phase_u_v,4997740,1786326469317,0.005,V
serial:COM8/phase_v_v,4997740,1786326469317,0.000,V
serial:COM8/phase_w_v,4997740,1786326469317,0.000,V
serial:COM8/motor_angle,4997742,1786326469317,131.13,deg
serial:COM8/phase_u_v,4997742,1786326469317,0.000,V
serial:COM8/phase_v_v,4997742,1786326469317,0.005,V
serial:COM8/phase_w_v,4997742,1786326469317,0.005,V
serial:COM8/motor_angle,4997744,1786326469317,131.09,deg
serial:COM8/phase_u_v,4997744,1786326469317,0.005,V
serial:COM8/phase_v_v,4997744,1786326469317,0.000,V
serial:COM8/phase_w_v,4997744,1786326469317,0.000,V
serial:COM8/motor_angle,4997746,1786326469317,131.09,deg
serial:COM8/phase_u_v,4997746,1786326469317,0.005,V
serial:COM8/phase_v_v,4997746,1786326469317,0.005,V
serial:COM8/phase_w_v,4997746,1786326469317,0.000,V
serial:COM8/motor_angle,4997748,1786326469317,131.13,deg
serial:COM8/phase_u_v,4997748,1786326469317,0.005,V
serial:COM8/phase_v_v,4997748,1786326469317,0.005,V
serial:COM8/phase_w_v,4997748,1786326469317,0.005,V
serial:COM8/motor_angle,4997750,1786326469317,131.13,deg
serial:COM8/phase_u_v,4997750,1786326469317,0.005,V
serial:COM8/phase_v_v,4997750,1786326469317,0.000,V
serial:COM8/phase_w_v,4997750,1786326469317,0.000,V
serial:COM8/motor_angle,4997752,1786326469317,131.13,deg
serial:COM8/phase_u_v,4997752,1786326469317,0.000,V
serial:COM8/phase_v_v,4997752,1786326469317,0.005,V
serial:COM8/phase_w_v,4997752,1786326469317,0.000,V
serial:COM8/motor_angle,4997754,1786326469317,131.13,deg
serial:COM8/phase_u_v,4997754,1786326469317,0.005,V
serial:COM8/phase_v_v,4997754,1786326469317,0.005,V
serial:COM8/phase_w_v,4997754,1786326469317,0.005,V
serial:COM8/motor_angle,4997756,1786326469317,131.15,deg
serial:COM8/phase_u_v,4997756,1786326469317,0.005,V
serial:COM8/phase_v_v,4997756,1786326469317,0.005,V
serial:COM8/phase_w_v,4997756,1786326469317,0.005,V
serial:COM8/motor_angle,4997758,1786326469317,131.13,deg
serial:COM8/phase_u_v,4997758,1786326469317,0.005,V
serial:COM8/phase_v_v,4997758,1786326469317,0.005,V
serial:COM8/phase_w_v,4997758,1786326469317,0.005,V
serial:COM8/motor_angle,4997760,1786326469317,131.15,deg
serial:COM8/phase_u_v,4997760,1786326469317,0.005,V
serial:COM8/phase_v_v,4997760,1786326469317,0.005,V
serial:COM8/phase_w_v,4997760,1786326469317,0.000,V
serial:COM8/motor_angle,4997762,1786326469317,131.13,deg
serial:COM8/phase_u_v,4997762,1786326469317,0.000,V
serial:COM8/phase_v_v,4997762,1786326469317,0.005,V
serial:COM8/phase_w_v,4997762,1786326469317,0.000,V
serial:COM8/motor_angle,4997764,1786326469317,131.13,deg
serial:COM8/phase_u_v,4997764,1786326469317,0.005,V
serial:COM8/phase_v_v,4997764,1786326469317,0.005,V
serial:COM8/phase_w_v,4997764,1786326469317,0.000,V
serial:COM8/motor_angle,4997766,1786326469317,131.18,deg
serial:COM8/phase_u_v,4997766,1786326469317,0.000,V
serial:COM8/phase_v_v,4997766,1786326469317,0.005,V
serial:COM8/phase_w_v,4997766,1786326469317,0.005,V
serial:COM8/motor_angle,4997768,1786326469317,131.11,deg
serial:COM8/phase_u_v,4997768,1786326469317,0.000,V
serial:COM8/phase_v_v,4997768,1786326469317,0.005,V
serial:COM8/phase_w_v,4997768,1786326469317,0.005,V
serial:COM8/motor_angle,4997770,1786326469317,131.11,deg
serial:COM8/phase_u_v,4997770,1786326469317,0.005,V
serial:COM8/phase_v_v,4997770,1786326469317,0.005,V
serial:COM8/phase_w_v,4997770,1786326469317,0.000,V
serial:COM8/motor_angle,4997772,1786326469392,131.15,deg
serial:COM8/phase_u_v,4997772,1786326469392,0.005,V
serial:COM8/phase_v_v,4997772,1786326469392,0.005,V
serial:COM8/phase_w_v,4997772,1786326469392,0.000,V
serial:COM8/motor_angle,4997774,1786326469392,131.15,deg
serial:COM8/phase_u_v,4997774,1786326469392,0.070,V
serial:COM8/phase_v_v,4997774,1786326469392,0.005,V
serial:COM8/phase_w_v,4997774,1786326469392,0.000,V
serial:COM8/motor_angle,4997776,1786326469392,131.18,deg
serial:COM8/phase_u_v,4997776,1786326469392,0.000,V
serial:COM8/phase_v_v,4997776,1786326469392,0.005,V
serial:COM8/phase_w_v,4997776,1786326469392,0.005,V
serial:COM8/motor_angle,4997778,1786326469392,131.13,deg
serial:COM8/phase_u_v,4997778,1786326469392,0.005,V
serial:COM8/phase_v_v,4997778,1786326469392,0.000,V
serial:COM8/phase_w_v,4997778,1786326469392,0.000,V
serial:COM8/motor_angle,4997780,1786326469392,131.13,deg
serial:COM8/phase_u_v,4997780,1786326469392,0.005,V
serial:COM8/phase_v_v,4997780,1786326469392,0.000,V
serial:COM8/phase_w_v,4997780,1786326469392,0.000,V
serial:COM8/motor_angle,4997782,1786326469392,131.13,deg
serial:COM8/phase_u_v,4997782,1786326469392,0.000,V
serial:COM8/phase_v_v,4997782,1786326469392,0.005,V
serial:COM8/phase_w_v,4997782,1786326469392,0.000,V
serial:COM8/motor_angle,4997784,1786326469392,131.18,deg
serial:COM8/phase_u_v,4997784,1786326469392,0.005,V
serial:COM8/phase_v_v,4997784,1786326469392,0.000,V
serial:COM8/phase_w_v,4997784,1786326469392,0.000,V
serial:COM8/motor_angle,4997786,1786326469392,131.13,deg
serial:COM8/phase_u_v,4997786,1786326469392,0.005,V
serial:COM8/phase_v_v,4997786,1786326469392,0.005,V
serial:COM8/phase_w_v,4997786,1786326469392,0.005,V
serial:COM8/motor_angle,4997788,1786326469392,131.15,deg
serial:COM8/phase_u_v,4997788,1786326469392,0.005,V
serial:COM8/phase_v_v,4997788,1786326469392,0.000,V
serial:COM8/phase_w_v,4997788,1786326469392,0.005,V
serial:COM8/motor_angle,4997790,1786326469392,131.15,deg
serial:COM8/phase_u_v,4997790,1786326469392,0.005,V
serial:COM8/phase_v_v,4997790,1786326469392,0.005,V
serial:COM8/phase_w_v,4997790,1786326469392,0.000,V
serial:COM8/motor_angle,4997792,1786326469392,131.15,deg
serial:COM8/phase_u_v,4997792,1786326469392,0.005,V
serial:COM8/phase_v_v,4997792,1786326469392,0.005,V
serial:COM8/phase_w_v,4997792,1786326469392,0.000,V
serial:COM8/motor_angle,4997794,1786326469392,131.18,deg
serial:COM8/phase_u_v,4997794,1786326469392,0.005,V
serial:COM8/phase_v_v,4997794,1786326469392,0.005,V
serial:COM8/phase_w_v,4997794,1786326469392,0.005,V
serial:COM8/motor_angle,4997796,1786326469392,131.18,deg
serial:COM8/phase_u_v,4997796,1786326469392,0.000,V
serial:COM8/phase_v_v,4997796,1786326469392,0.005,V
serial:COM8/phase_w_v,4997796,1786326469392,0.000,V
serial:COM8/motor_angle,4997798,1786326469392,131.15,deg
serial:COM8/phase_u_v,4997798,1786326469392,0.005,V
serial:COM8/phase_v_v,4997798,1786326469392,0.005,V
serial:COM8/phase_w_v,4997798,1786326469392,0.000,V
serial:COM8/motor_angle,4997800,1786326469392,131.13,deg
serial:COM8/phase_u_v,4997800,1786326469392,0.005,V
serial:COM8/phase_v_v,4997800,1786326469392,0.000,V
serial:COM8/phase_w_v,4997800,1786326469392,0.000,V
serial:COM8/motor_angle,4997802,1786326469392,131.18,deg
serial:COM8/phase_u_v,4997802,1786326469392,0.005,V
serial:COM8/phase_v_v,4997802,1786326469392,0.000,V
serial:COM8/phase_w_v,4997802,1786326469392,0.000,V
serial:COM8/motor_angle,4997804,1786326469392,131.09,deg
serial:COM8/phase_u_v,4997804,1786326469392,0.005,V
serial:COM8/phase_v_v,4997804,1786326469392,0.000,V
serial:COM8/phase_w_v,4997804,1786326469392,0.005,V
serial:COM8/motor_angle,4997806,1786326469392,131.13,deg
serial:COM8/phase_u_v,4997806,1786326469392,0.000,V
serial:COM8/phase_v_v,4997806,1786326469392,0.005,V
serial:COM8/phase_w_v,4997806,1786326469392,0.000,V
serial:COM8/motor_angle,4997808,1786326469392,131.13,deg
serial:COM8/phase_u_v,4997808,1786326469392,0.000,V
serial:COM8/phase_v_v,4997808,1786326469392,0.000,V
serial:COM8/phase_w_v,4997808,1786326469392,0.000,V
serial:COM8/motor_angle,4997810,1786326469392,131.13,deg
serial:COM8/phase_u_v,4997810,1786326469392,0.005,V
serial:COM8/phase_v_v,4997810,1786326469392,0.005,V
serial:COM8/phase_w_v,4997810,1786326469392,0.000,V
serial:COM8/motor_angle,4997812,1786326469392,131.11,deg
serial:COM8/phase_u_v,4997812,1786326469392,0.005,V
serial:COM8/phase_v_v,4997812,1786326469392,0.005,V
serial:COM8/phase_w_v,4997812,1786326469392,0.000,V
serial:COM8/motor_angle,4997814,1786326469392,131.13,deg
serial:COM8/phase_u_v,4997814,1786326469392,0.005,V
serial:COM8/phase_v_v,4997814,1786326469392,0.005,V
serial:COM8/phase_w_v,4997814,1786326469392,0.005,V
serial:COM8/motor_angle,4997816,1786326469392,131.11,deg
serial:COM8/phase_u_v,4997816,1786326469392,0.005,V
serial:COM8/phase_v_v,4997816,1786326469392,0.005,V
serial:COM8/phase_w_v,4997816,1786326469392,0.000,V
serial:COM8/motor_angle,4997818,1786326469392,131.15,deg
serial:COM8/phase_u_v,4997818,1786326469392,0.005,V
serial:COM8/phase_v_v,4997818,1786326469392,0.005,V
serial:COM8/phase_w_v,4997818,1786326469392,0.000,V
serial:COM8/motor_angle,4997820,1786326469392,131.13,deg
serial:COM8/phase_u_v,4997820,1786326469392,0.005,V
serial:COM8/phase_v_v,4997820,1786326469392,0.005,V
serial:COM8/phase_w_v,4997820,1786326469392,0.000,V
serial:COM8/motor_angle,4997822,1786326469392,131.13,deg
serial:COM8/phase_u_v,4997822,1786326469392,0.275,V
serial:COM8/phase_v_v,4997822,1786326469392,0.011,V
serial:COM8/phase_w_v,4997822,1786326469392,0.005,V
serial:COM8/motor_angle,4997824,1786326469392,131.09,deg
serial:COM8/phase_u_v,4997824,1786326469392,0.005,V
serial:COM8/phase_v_v,4997824,1786326469392,0.005,V
serial:COM8/phase_w_v,4997824,1786326469392,0.000,V
serial:COM8/motor_angle,4997826,1786326469392,131.09,deg
serial:COM8/phase_u_v,4997826,1786326469392,0.005,V
serial:COM8/phase_v_v,4997826,1786326469392,0.005,V
serial:COM8/phase_w_v,4997826,1786326469392,0.000,V
serial:COM8/motor_angle,4997828,1786326469392,131.15,deg
serial:COM8/phase_u_v,4997828,1786326469392,0.005,V
serial:COM8/phase_v_v,4997828,1786326469392,0.005,V
serial:COM8/phase_w_v,4997828,1786326469392,0.000,V
serial:COM8/motor_angle,4997830,1786326469392,131.15,deg
serial:COM8/phase_u_v,4997830,1786326469392,0.000,V
serial:COM8/phase_v_v,4997830,1786326469392,0.005,V
serial:COM8/phase_w_v,4997830,1786326469392,0.000,V
serial:COM8/motor_angle,4997832,1786326469392,131.09,deg
serial:COM8/phase_u_v,4997832,1786326469392,0.005,V
serial:COM8/phase_v_v,4997832,1786326469392,0.011,V
serial:COM8/phase_w_v,4997832,1786326469392,0.005,V
serial:COM8/motor_angle,4997834,1786326469392,131.15,deg
serial:COM8/phase_u_v,4997834,1786326469392,0.000,V
serial:COM8/phase_v_v,4997834,1786326469392,0.005,V
serial:COM8/phase_w_v,4997834,1786326469392,0.000,V
serial:COM8/motor_angle,4997836,1786326469392,131.15,deg
serial:COM8/phase_u_v,4997836,1786326469392,0.005,V
serial:COM8/phase_v_v,4997836,1786326469392,0.005,V
serial:COM8/phase_w_v,4997836,1786326469392,0.005,V
serial:COM8/motor_angle,4997838,1786326469392,131.11,deg
serial:COM8/phase_u_v,4997838,1786326469392,0.000,V
serial:COM8/phase_v_v,4997838,1786326469392,0.005,V
serial:COM8/phase_w_v,4997838,1786326469392,0.000,V
serial:COM8/motor_angle,4997840,1786326469392,131.15,deg
serial:COM8/phase_u_v,4997840,1786326469392,0.005,V
serial:COM8/phase_v_v,4997840,1786326469392,0.000,V
serial:COM8/phase_w_v,4997840,1786326469392,0.005,V
serial:COM8/motor_angle,4997842,1786326469392,131.13,deg
serial:COM8/phase_u_v,4997842,1786326469392,0.005,V
serial:COM8/phase_v_v,4997842,1786326469392,0.000,V
serial:COM8/phase_w_v,4997842,1786326469392,0.000,V
serial:COM8/motor_angle,4997844,1786326469392,131.13,deg
serial:COM8/phase_u_v,4997844,1786326469392,0.005,V
serial:COM8/phase_v_v,4997844,1786326469392,0.005,V
serial:COM8/phase_w_v,4997844,1786326469392,0.000,V
serial:COM8/motor_angle,4997846,1786326469464,131.11,deg
serial:COM8/phase_u_v,4997846,1786326469464,0.000,V
serial:COM8/phase_v_v,4997846,1786326469464,0.005,V
serial:COM8/phase_w_v,4997846,1786326469464,0.000,V
serial:COM8/motor_angle,4997848,1786326469464,131.15,deg
serial:COM8/phase_u_v,4997848,1786326469464,0.005,V
serial:COM8/phase_v_v,4997848,1786326469464,0.005,V
serial:COM8/phase_w_v,4997848,1786326469464,0.005,V
serial:COM8/motor_angle,4997850,1786326469464,131.11,deg
serial:COM8/phase_u_v,4997850,1786326469464,0.005,V
serial:COM8/phase_v_v,4997850,1786326469464,0.000,V
serial:COM8/phase_w_v,4997850,1786326469464,0.005,V
serial:COM8/motor_angle,4997852,1786326469464,131.18,deg
serial:COM8/phase_u_v,4997852,1786326469464,0.005,V
serial:COM8/phase_v_v,4997852,1786326469464,0.005,V
serial:COM8/phase_w_v,4997852,1786326469464,0.000,V
serial:COM8/motor_angle,4997854,1786326469464,131.11,deg
serial:COM8/phase_u_v,4997854,1786326469464,0.005,V
serial:COM8/phase_v_v,4997854,1786326469464,0.005,V
serial:COM8/phase_w_v,4997854,1786326469464,0.005,V
serial:COM8/motor_angle,4997856,1786326469464,131.15,deg
serial:COM8/phase_u_v,4997856,1786326469464,0.005,V
serial:COM8/phase_v_v,4997856,1786326469464,0.005,V
serial:COM8/phase_w_v,4997856,1786326469464,0.000,V
serial:COM8/motor_angle,4997858,1786326469464,131.13,deg
serial:COM8/phase_u_v,4997858,1786326469464,0.000,V
serial:COM8/phase_v_v,4997858,1786326469464,0.005,V
serial:COM8/phase_w_v,4997858,1786326469464,0.000,V
serial:COM8/motor_angle,4997860,1786326469464,131.09,deg
serial:COM8/phase_u_v,4997860,1786326469464,0.005,V
serial:COM8/phase_v_v,4997860,1786326469464,0.005,V
serial:COM8/phase_w_v,4997860,1786326469464,0.005,V
serial:COM8/motor_angle,4997862,1786326469464,131.13,deg
serial:COM8/phase_u_v,4997862,1786326469464,0.000,V
serial:COM8/phase_v_v,4997862,1786326469464,0.005,V
serial:COM8/phase_w_v,4997862,1786326469464,0.005,V
serial:COM8/motor_angle,4997864,1786326469464,131.11,deg
serial:COM8/phase_u_v,4997864,1786326469464,0.005,V
serial:COM8/phase_v_v,4997864,1786326469464,0.005,V
serial:COM8/phase_w_v,4997864,1786326469464,0.000,V
serial:COM8/motor_angle,4997866,1786326469464,131.15,deg
serial:COM8/phase_u_v,4997866,1786326469464,0.005,V
serial:COM8/phase_v_v,4997866,1786326469464,0.005,V
serial:COM8/phase_w_v,4997866,1786326469464,0.000,V
serial:COM8/motor_angle,4997868,1786326469464,131.09,deg
serial:COM8/phase_u_v,4997868,1786326469464,0.329,V
serial:COM8/phase_v_v,4997868,1786326469464,0.005,V
serial:COM8/phase_w_v,4997868,1786326469464,0.005,V
serial:COM8/motor_angle,4997870,1786326469464,131.13,deg
serial:COM8/phase_u_v,4997870,1786326469464,0.000,V
serial:COM8/phase_v_v,4997870,1786326469464,0.005,V
serial:COM8/phase_w_v,4997870,1786326469464,0.005,V
serial:COM8/motor_angle,4997872,1786326469464,131.13,deg
serial:COM8/phase_u_v,4997872,1786326469464,0.005,V
serial:COM8/phase_v_v,4997872,1786326469464,0.005,V
serial:COM8/phase_w_v,4997872,1786326469464,0.005,V
serial:COM8/motor_angle,4997874,1786326469464,131.13,deg
serial:COM8/phase_u_v,4997874,1786326469464,0.005,V
serial:COM8/phase_v_v,4997874,1786326469464,0.005,V
serial:COM8/phase_w_v,4997874,1786326469464,0.000,V
serial:COM8/motor_angle,4997876,1786326469464,131.11,deg
serial:COM8/phase_u_v,4997876,1786326469464,0.005,V
serial:COM8/phase_v_v,4997876,1786326469464,0.005,V
serial:COM8/phase_w_v,4997876,1786326469464,0.005,V
serial:COM8/motor_angle,4997878,1786326469464,131.15,deg
serial:COM8/phase_u_v,4997878,1786326469464,0.000,V
serial:COM8/phase_v_v,4997878,1786326469464,0.005,V
serial:COM8/phase_w_v,4997878,1786326469464,0.000,V
serial:COM8/motor_angle,4997880,1786326469464,131.15,deg
serial:COM8/phase_u_v,4997880,1786326469464,0.000,V
serial:COM8/phase_v_v,4997880,1786326469464,0.005,V
serial:COM8/phase_w_v,4997880,1786326469464,0.000,V
serial:COM8/motor_angle,4997882,1786326469464,131.15,deg
serial:COM8/phase_u_v,4997882,1786326469464,0.005,V
serial:COM8/phase_v_v,4997882,1786326469464,0.000,V
serial:COM8/phase_w_v,4997882,1786326469464,0.005,V
serial:COM8/motor_angle,4997884,1786326469464,131.09,deg
serial:COM8/phase_u_v,4997884,1786326469464,0.000,V
serial:COM8/phase_v_v,4997884,1786326469464,0.005,V
serial:COM8/phase_w_v,4997884,1786326469464,0.000,V
serial:COM8/motor_angle,4997886,1786326469464,131.15,deg
serial:COM8/phase_u_v,4997886,1786326469464,0.005,V
serial:COM8/phase_v_v,4997886,1786326469464,0.005,V
serial:COM8/phase_w_v,4997886,1786326469464,0.000,V
serial:COM8/motor_angle,4997888,1786326469464,131.18,deg
serial:COM8/phase_u_v,4997888,1786326469464,0.005,V
serial:COM8/phase_v_v,4997888,1786326469464,0.000,V
serial:COM8/phase_w_v,4997888,1786326469464,0.005,V
serial:COM8/motor_angle,4997890,1786326469464,131.20,deg
serial:COM8/phase_u_v,4997890,1786326469464,0.011,V
serial:COM8/phase_v_v,4997890,1786326469464,0.000,V
serial:COM8/phase_w_v,4997890,1786326469464,0.000,V
serial:COM8/motor_angle,4997892,1786326469464,131.13,deg
serial:COM8/phase_u_v,4997892,1786326469464,0.000,V
serial:COM8/phase_v_v,4997892,1786326469464,0.005,V
serial:COM8/phase_w_v,4997892,1786326469464,0.000,V
serial:COM8/motor_angle,4997894,1786326469464,131.18,deg
serial:COM8/phase_u_v,4997894,1786326469464,0.000,V
serial:COM8/phase_v_v,4997894,1786326469464,0.005,V
serial:COM8/phase_w_v,4997894,1786326469464,0.005,V
serial:COM8/motor_angle,4997896,1786326469464,131.15,deg
serial:COM8/phase_u_v,4997896,1786326469464,0.000,V
serial:COM8/phase_v_v,4997896,1786326469464,0.000,V
serial:COM8/phase_w_v,4997896,1786326469464,0.000,V
serial:COM8/motor_angle,4997898,1786326469464,131.11,deg
serial:COM8/phase_u_v,4997898,1786326469464,0.011,V
serial:COM8/phase_v_v,4997898,1786326469464,0.000,V
serial:COM8/phase_w_v,4997898,1786326469464,0.000,V
serial:COM8/motor_angle,4997900,1786326469464,131.18,deg
serial:COM8/phase_u_v,4997900,1786326469464,0.000,V
serial:COM8/phase_v_v,4997900,1786326469464,0.000,V
serial:COM8/phase_w_v,4997900,1786326469464,0.005,V
serial:COM8/motor_angle,4997902,1786326469464,131.20,deg
serial:COM8/phase_u_v,4997902,1786326469464,0.000,V
serial:COM8/phase_v_v,4997902,1786326469464,0.005,V
serial:COM8/phase_w_v,4997902,1786326469464,0.000,V
serial:COM8/motor_angle,4997904,1786326469464,131.18,deg
serial:COM8/phase_u_v,4997904,1786326469464,0.000,V
serial:COM8/phase_v_v,4997904,1786326469464,0.005,V
serial:COM8/phase_w_v,4997904,1786326469464,0.005,V
serial:COM8/motor_angle,4997906,1786326469464,131.15,deg
serial:COM8/phase_u_v,4997906,1786326469464,0.000,V
serial:COM8/phase_v_v,4997906,1786326469464,0.005,V
serial:COM8/phase_w_v,4997906,1786326469464,0.005,V
serial:COM8/motor_angle,4997908,1786326469464,131.13,deg
serial:COM8/phase_u_v,4997908,1786326469464,0.005,V
serial:COM8/phase_v_v,4997908,1786326469464,0.005,V
serial:COM8/phase_w_v,4997908,1786326469464,0.005,V
serial:COM8/motor_angle,4997910,1786326469464,131.13,deg
serial:COM8/phase_u_v,4997910,1786326469464,0.005,V
serial:COM8/phase_v_v,4997910,1786326469464,0.005,V
serial:COM8/phase_w_v,4997910,1786326469464,0.005,V
serial:COM8/motor_angle,4997912,1786326469464,131.18,deg
serial:COM8/phase_u_v,4997912,1786326469464,0.000,V
serial:COM8/phase_v_v,4997912,1786326469464,0.005,V
serial:COM8/phase_w_v,4997912,1786326469464,0.000,V
serial:COM8/motor_angle,4997914,1786326469464,131.15,deg
serial:COM8/phase_u_v,4997914,1786326469464,0.000,V
serial:COM8/phase_v_v,4997914,1786326469464,0.005,V
serial:COM8/phase_w_v,4997914,1786326469464,0.000,V
serial:COM8/motor_angle,4997916,1786326469464,131.15,deg
serial:COM8/phase_u_v,4997916,1786326469464,0.027,V
serial:COM8/phase_v_v,4997916,1786326469464,0.005,V
serial:COM8/phase_w_v,4997916,1786326469464,0.005,V
serial:COM8/motor_angle,4997918,1786326469536,131.13,deg
serial:COM8/phase_u_v,4997918,1786326469536,0.000,V
serial:COM8/phase_v_v,4997918,1786326469536,0.005,V
serial:COM8/phase_w_v,4997918,1786326469536,0.005,V
serial:COM8/motor_angle,4997920,1786326469536,131.13,deg
serial:COM8/phase_u_v,4997920,1786326469536,0.005,V
serial:COM8/phase_v_v,4997920,1786326469536,0.000,V
serial:COM8/phase_w_v,4997920,1786326469536,0.005,V
serial:COM8/motor_angle,4997922,1786326469536,131.11,deg
serial:COM8/phase_u_v,4997922,1786326469536,0.005,V
serial:COM8/phase_v_v,4997922,1786326469536,0.005,V
serial:COM8/phase_w_v,4997922,1786326469536,0.005,V
serial:COM8/motor_angle,4997924,1786326469536,131.15,deg
serial:COM8/phase_u_v,4997924,1786326469536,0.000,V
serial:COM8/phase_v_v,4997924,1786326469536,0.005,V
serial:COM8/phase_w_v,4997924,1786326469536,0.000,V
serial:COM8/motor_angle,4997926,1786326469536,131.15,deg
serial:COM8/phase_u_v,4997926,1786326469536,0.005,V
serial:COM8/phase_v_v,4997926,1786326469536,0.005,V
serial:COM8/phase_w_v,4997926,1786326469536,0.005,V
serial:COM8/motor_angle,4997928,1786326469536,131.15,deg
serial:COM8/phase_u_v,4997928,1786326469536,0.005,V
serial:COM8/phase_v_v,4997928,1786326469536,0.000,V
serial:COM8/phase_w_v,4997928,1786326469536,0.000,V
serial:COM8/motor_angle,4997930,1786326469536,131.13,deg
serial:COM8/phase_u_v,4997930,1786326469536,0.000,V
serial:COM8/phase_v_v,4997930,1786326469536,0.000,V
serial:COM8/phase_w_v,4997930,1786326469536,0.000,V
serial:COM8/motor_angle,4997932,1786326469536,131.13,deg
serial:COM8/phase_u_v,4997932,1786326469536,0.005,V
serial:COM8/phase_v_v,4997932,1786326469536,0.000,V
serial:COM8/phase_w_v,4997932,1786326469536,0.000,V
serial:COM8/motor_angle,4997934,1786326469536,131.09,deg
serial:COM8/phase_u_v,4997934,1786326469536,0.005,V
serial:COM8/phase_v_v,4997934,1786326469536,0.005,V
serial:COM8/phase_w_v,4997934,1786326469536,0.000,V
serial:COM8/motor_angle,4997936,1786326469536,131.18,deg
serial:COM8/phase_u_v,4997936,1786326469536,0.005,V
serial:COM8/phase_v_v,4997936,1786326469536,0.000,V
serial:COM8/phase_w_v,4997936,1786326469536,0.000,V
serial:COM8/motor_angle,4997938,1786326469536,131.13,deg
serial:COM8/phase_u_v,4997938,1786326469536,0.005,V
serial:COM8/phase_v_v,4997938,1786326469536,0.005,V
serial:COM8/phase_w_v,4997938,1786326469536,0.000,V
serial:COM8/motor_angle,4997940,1786326469536,131.11,deg
serial:COM8/phase_u_v,4997940,1786326469536,0.005,V
serial:COM8/phase_v_v,4997940,1786326469536,0.005,V
serial:COM8/phase_w_v,4997940,1786326469536,0.000,V
serial:COM8/motor_angle,4997942,1786326469536,131.07,deg
serial:COM8/phase_u_v,4997942,1786326469536,0.005,V
serial:COM8/phase_v_v,4997942,1786326469536,0.005,V
serial:COM8/phase_w_v,4997942,1786326469536,0.005,V
serial:COM8/motor_angle,4997944,1786326469536,131.09,deg
serial:COM8/phase_u_v,4997944,1786326469536,0.022,V
serial:COM8/phase_v_v,4997944,1786326469536,0.011,V
serial:COM8/phase_w_v,4997944,1786326469536,0.000,V
serial:COM8/motor_angle,4997946,1786326469536,131.15,deg
serial:COM8/phase_u_v,4997946,1786326469536,0.005,V
serial:COM8/phase_v_v,4997946,1786326469536,0.005,V
serial:COM8/phase_w_v,4997946,1786326469536,0.005,V
serial:COM8/motor_angle,4997948,1786326469536,131.15,deg
serial:COM8/phase_u_v,4997948,1786326469536,0.005,V
serial:COM8/phase_v_v,4997948,1786326469536,0.005,V
serial:COM8/phase_w_v,4997948,1786326469536,0.000,V
serial:COM8/motor_angle,4997950,1786326469536,131.13,deg
serial:COM8/phase_u_v,4997950,1786326469536,0.000,V
serial:COM8/phase_v_v,4997950,1786326469536,0.005,V
serial:COM8/phase_w_v,4997950,1786326469536,0.000,V
serial:COM8/motor_angle,4997952,1786326469536,131.15,deg
serial:COM8/phase_u_v,4997952,1786326469536,0.000,V
serial:COM8/phase_v_v,4997952,1786326469536,0.005,V
serial:COM8/phase_w_v,4997952,1786326469536,0.005,V
serial:COM8/motor_angle,4997954,1786326469536,131.13,deg
serial:COM8/phase_u_v,4997954,1786326469536,0.005,V
serial:COM8/phase_v_v,4997954,1786326469536,0.005,V
serial:COM8/phase_w_v,4997954,1786326469536,0.005,V
serial:COM8/motor_angle,4997956,1786326469536,131.18,deg
serial:COM8/phase_u_v,4997956,1786326469536,0.005,V
serial:COM8/phase_v_v,4997956,1786326469536,0.000,V
serial:COM8/phase_w_v,4997956,1786326469536,0.000,V
serial:COM8/motor_angle,4997958,1786326469536,131.15,deg
serial:COM8/phase_u_v,4997958,1786326469536,0.005,V
serial:COM8/phase_v_v,4997958,1786326469536,0.005,V
serial:COM8/phase_w_v,4997958,1786326469536,0.000,V
serial:COM8/motor_angle,4997960,1786326469536,131.15,deg
serial:COM8/phase_u_v,4997960,1786326469536,0.005,V
serial:COM8/phase_v_v,4997960,1786326469536,0.005,V
serial:COM8/phase_w_v,4997960,1786326469536,0.000,V
serial:COM8/motor_angle,4997962,1786326469536,131.15,deg
serial:COM8/phase_u_v,4997962,1786326469536,0.011,V
serial:COM8/phase_v_v,4997962,1786326469536,0.000,V
serial:COM8/phase_w_v,4997962,1786326469536,0.000,V
serial:COM8/motor_angle,4997964,1786326469536,131.18,deg
serial:COM8/phase_u_v,4997964,1786326469536,0.000,V
serial:COM8/phase_v_v,4997964,1786326469536,0.005,V
serial:COM8/phase_w_v,4997964,1786326469536,0.000,V
serial:COM8/motor_angle,4997966,1786326469536,131.18,deg
serial:COM8/phase_u_v,4997966,1786326469536,0.005,V
serial:COM8/phase_v_v,4997966,1786326469536,0.000,V
serial:COM8/phase_w_v,4997966,1786326469536,0.000,V
serial:COM8/motor_angle,4997968,1786326469536,131.11,deg
serial:COM8/phase_u_v,4997968,1786326469536,0.005,V
serial:COM8/phase_v_v,4997968,1786326469536,0.005,V
serial:COM8/phase_w_v,4997968,1786326469536,0.000,V
serial:COM8/motor_angle,4997970,1786326469536,131.11,deg
serial:COM8/phase_u_v,4997970,1786326469536,0.000,V
serial:COM8/phase_v_v,4997970,1786326469536,0.005,V
serial:COM8/phase_w_v,4997970,1786326469536,0.000,V
serial:COM8/motor_angle,4997972,1786326469536,131.13,deg
serial:COM8/phase_u_v,4997972,1786326469536,0.005,V
serial:COM8/phase_v_v,4997972,1786326469536,0.005,V
serial:COM8/phase_w_v,4997972,1786326469536,0.000,V
serial:COM8/motor_angle,4997974,1786326469536,131.13,deg
serial:COM8/phase_u_v,4997974,1786326469536,0.005,V
serial:COM8/phase_v_v,4997974,1786326469536,0.000,V
serial:COM8/phase_w_v,4997974,1786326469536,0.011,V
serial:COM8/motor_angle,4997976,1786326469536,131.15,deg
serial:COM8/phase_u_v,4997976,1786326469536,0.005,V
serial:COM8/phase_v_v,4997976,1786326469536,0.000,V
serial:COM8/phase_w_v,4997976,1786326469536,0.000,V
serial:COM8/motor_angle,4997978,1786326469536,131.13,deg
serial:COM8/phase_u_v,4997978,1786326469536,0.000,V
serial:COM8/phase_v_v,4997978,1786326469536,0.005,V
serial:COM8/phase_w_v,4997978,1786326469536,0.005,V
serial:COM8/motor_angle,4997980,1786326469536,131.18,deg
serial:COM8/phase_u_v,4997980,1786326469536,0.016,V
serial:COM8/phase_v_v,4997980,1786326469536,0.005,V
serial:COM8/phase_w_v,4997980,1786326469536,0.000,V
serial:COM8/motor_angle,4997982,1786326469536,131.15,deg
serial:COM8/phase_u_v,4997982,1786326469536,0.005,V
serial:COM8/phase_v_v,4997982,1786326469536,0.005,V
serial:COM8/phase_w_v,4997982,1786326469536,0.000,V
serial:COM8/motor_angle,4997984,1786326469536,131.09,deg
serial:COM8/phase_u_v,4997984,1786326469536,0.005,V
serial:COM8/phase_v_v,4997984,1786326469536,0.000,V
serial:COM8/phase_w_v,4997984,1786326469536,0.000,V
serial:COM8/motor_angle,4997986,1786326469536,131.15,deg
serial:COM8/phase_u_v,4997986,1786326469536,0.005,V
serial:COM8/phase_v_v,4997986,1786326469536,0.005,V
serial:COM8/phase_w_v,4997986,1786326469536,0.000,V
serial:COM8/motor_angle,4997988,1786326469536,131.15,deg
serial:COM8/phase_u_v,4997988,1786326469536,0.005,V
serial:COM8/phase_v_v,4997988,1786326469536,0.005,V
serial:COM8/phase_w_v,4997988,1786326469536,0.005,V
serial:COM8/motor_angle,4997990,1786326469608,131.11,deg
serial:COM8/phase_u_v,4997990,1786326469608,0.000,V
serial:COM8/phase_v_v,4997990,1786326469608,0.000,V
serial:COM8/phase_w_v,4997990,1786326469608,0.000,V
serial:COM8/motor_angle,4997992,1786326469608,131.15,deg
serial:COM8/phase_u_v,4997992,1786326469608,0.005,V
serial:COM8/phase_v_v,4997992,1786326469608,0.005,V
serial:COM8/phase_w_v,4997992,1786326469608,0.005,V
serial:COM8/motor_angle,4997994,1786326469608,131.09,deg
serial:COM8/phase_u_v,4997994,1786326469608,0.005,V
serial:COM8/phase_v_v,4997994,1786326469608,0.005,V
serial:COM8/phase_w_v,4997994,1786326469608,0.005,V
serial:COM8/motor_angle,4997996,1786326469608,131.15,deg
serial:COM8/phase_u_v,4997996,1786326469608,0.005,V
serial:COM8/phase_v_v,4997996,1786326469608,0.011,V
serial:COM8/phase_w_v,4997996,1786326469608,0.005,V
serial:COM8/motor_angle,4997998,1786326469608,131.13,deg
serial:COM8/phase_u_v,4997998,1786326469608,0.005,V
serial:COM8/phase_v_v,4997998,1786326469608,0.000,V
serial:COM8/phase_w_v,4997998,1786326469608,0.000,V
serial:COM8/motor_angle,4998000,1786326469608,131.13,deg
serial:COM8/phase_u_v,4998000,1786326469608,0.005,V
serial:COM8/phase_v_v,4998000,1786326469608,0.005,V
serial:COM8/phase_w_v,4998000,1786326469608,0.000,V
serial:COM8/motor_angle,4998002,1786326469608,131.15,deg
serial:COM8/phase_u_v,4998002,1786326469608,0.005,V
serial:COM8/phase_v_v,4998002,1786326469608,0.005,V
serial:COM8/phase_w_v,4998002,1786326469608,0.000,V
serial:COM8/motor_angle,4998004,1786326469608,131.11,deg
serial:COM8/phase_u_v,4998004,1786326469608,0.000,V
serial:COM8/phase_v_v,4998004,1786326469608,0.005,V
serial:COM8/phase_w_v,4998004,1786326469608,0.005,V
serial:COM8/motor_angle,4998006,1786326469608,131.18,deg
serial:COM8/phase_u_v,4998006,1786326469608,0.000,V
serial:COM8/phase_v_v,4998006,1786326469608,0.000,V
serial:COM8/phase_w_v,4998006,1786326469608,0.000,V
serial:COM8/motor_angle,4998008,1786326469608,131.15,deg
serial:COM8/phase_u_v,4998008,1786326469608,0.000,V
serial:COM8/phase_v_v,4998008,1786326469608,0.005,V
serial:COM8/phase_w_v,4998008,1786326469608,0.000,V
serial:COM8/motor_angle,4998010,1786326469608,131.13,deg
serial:COM8/phase_u_v,4998010,1786326469608,0.005,V
serial:COM8/phase_v_v,4998010,1786326469608,0.000,V
serial:COM8/phase_w_v,4998010,1786326469608,0.000,V
serial:COM8/motor_angle,4998012,1786326469608,131.11,deg
serial:COM8/phase_u_v,4998012,1786326469608,0.005,V
serial:COM8/phase_v_v,4998012,1786326469608,0.000,V
serial:COM8/phase_w_v,4998012,1786326469608,0.005,V
serial:COM8/motor_angle,4998014,1786326469608,131.13,deg
serial:COM8/phase_u_v,4998014,1786326469608,0.005,V
serial:COM8/phase_v_v,4998014,1786326469608,0.005,V
serial:COM8/phase_w_v,4998014,1786326469608,0.000,V
serial:COM8/motor_angle,4998016,1786326469608,131.11,deg
serial:COM8/phase_u_v,4998016,1786326469608,0.000,V
serial:COM8/phase_v_v,4998016,1786326469608,0.005,V
serial:COM8/phase_w_v,4998016,1786326469608,0.000,V
serial:COM8/motor_angle,4998018,1786326469608,131.13,deg
serial:COM8/phase_u_v,4998018,1786326469608,0.005,V
serial:COM8/phase_v_v,4998018,1786326469608,0.000,V
serial:COM8/phase_w_v,4998018,1786326469608,0.000,V
serial:COM8/motor_angle,4998020,1786326469608,131.09,deg
serial:COM8/phase_u_v,4998020,1786326469608,0.005,V
serial:COM8/phase_v_v,4998020,1786326469608,0.005,V
serial:COM8/phase_w_v,4998020,1786326469608,0.000,V
serial:COM8/motor_angle,4998022,1786326469608,131.15,deg
serial:COM8/phase_u_v,4998022,1786326469608,0.005,V
serial:COM8/phase_v_v,4998022,1786326469608,0.005,V
serial:COM8/phase_w_v,4998022,1786326469608,0.000,V
serial:COM8/motor_angle,4998024,1786326469608,131.09,deg
serial:COM8/phase_u_v,4998024,1786326469608,0.005,V
serial:COM8/phase_v_v,4998024,1786326469608,0.005,V
serial:COM8/phase_w_v,4998024,1786326469608,0.005,V
serial:COM8/motor_angle,4998026,1786326469608,131.09,deg
serial:COM8/phase_u_v,4998026,1786326469608,0.005,V
serial:COM8/phase_v_v,4998026,1786326469608,0.005,V
serial:COM8/phase_w_v,4998026,1786326469608,0.005,V
serial:COM8/motor_angle,4998028,1786326469608,131.13,deg
serial:COM8/phase_u_v,4998028,1786326469608,0.000,V
serial:COM8/phase_v_v,4998028,1786326469608,0.000,V
serial:COM8/phase_w_v,4998028,1786326469608,0.005,V
serial:COM8/motor_angle,4998030,1786326469608,131.13,deg
serial:COM8/phase_u_v,4998030,1786326469608,0.005,V
serial:COM8/phase_v_v,4998030,1786326469608,0.011,V
serial:COM8/phase_w_v,4998030,1786326469608,0.000,V
serial:COM8/motor_angle,4998032,1786326469608,131.13,deg
serial:COM8/phase_u_v,4998032,1786326469608,0.005,V
serial:COM8/phase_v_v,4998032,1786326469608,0.005,V
serial:COM8/phase_w_v,4998032,1786326469608,0.005,V
serial:COM8/motor_angle,4998034,1786326469608,131.15,deg
serial:COM8/phase_u_v,4998034,1786326469608,0.000,V
serial:COM8/phase_v_v,4998034,1786326469608,0.005,V
serial:COM8/phase_w_v,4998034,1786326469608,0.005,V
serial:COM8/motor_angle,4998036,1786326469608,131.13,deg
serial:COM8/phase_u_v,4998036,1786326469608,0.005,V
serial:COM8/phase_v_v,4998036,1786326469608,0.005,V
serial:COM8/phase_w_v,4998036,1786326469608,0.005,V
serial:COM8/motor_angle,4998038,1786326469608,131.18,deg
serial:COM8/phase_u_v,4998038,1786326469608,0.005,V
serial:COM8/phase_v_v,4998038,1786326469608,0.000,V
serial:COM8/phase_w_v,4998038,1786326469608,0.005,V
serial:COM8/motor_angle,4998040,1786326469608,131.13,deg
serial:COM8/phase_u_v,4998040,1786326469608,0.005,V
serial:COM8/phase_v_v,4998040,1786326469608,0.005,V
serial:COM8/phase_w_v,4998040,1786326469608,0.000,V
serial:COM8/motor_angle,4998042,1786326469608,131.11,deg
serial:COM8/phase_u_v,4998042,1786326469608,0.005,V
serial:COM8/phase_v_v,4998042,1786326469608,0.000,V
serial:COM8/phase_w_v,4998042,1786326469608,0.000,V
serial:COM8/motor_angle,4998044,1786326469608,131.13,deg
serial:COM8/phase_u_v,4998044,1786326469608,0.432,V
serial:COM8/phase_v_v,4998044,1786326469608,0.005,V
serial:COM8/phase_w_v,4998044,1786326469608,0.005,V
serial:COM8/motor_angle,4998046,1786326469608,131.09,deg
serial:COM8/phase_u_v,4998046,1786326469608,0.005,V
serial:COM8/phase_v_v,4998046,1786326469608,0.005,V
serial:COM8/phase_w_v,4998046,1786326469608,0.005,V
serial:COM8/motor_angle,4998048,1786326469608,131.13,deg
serial:COM8/phase_u_v,4998048,1786326469608,0.005,V
serial:COM8/phase_v_v,4998048,1786326469608,0.005,V
serial:COM8/phase_w_v,4998048,1786326469608,0.000,V
serial:COM8/motor_angle,4998050,1786326469608,131.13,deg
serial:COM8/phase_u_v,4998050,1786326469608,0.005,V
serial:COM8/phase_v_v,4998050,1786326469608,0.005,V
serial:COM8/phase_w_v,4998050,1786326469608,0.000,V
serial:COM8/motor_angle,4998052,1786326469608,131.15,deg
serial:COM8/phase_u_v,4998052,1786326469608,0.000,V
serial:COM8/phase_v_v,4998052,1786326469608,0.000,V
serial:COM8/phase_w_v,4998052,1786326469608,0.000,V
serial:COM8/motor_angle,4998054,1786326469608,131.15,deg
serial:COM8/phase_u_v,4998054,1786326469608,0.005,V
serial:COM8/phase_v_v,4998054,1786326469608,0.005,V
serial:COM8/phase_w_v,4998054,1786326469608,0.005,V
serial:COM8/motor_angle,4998056,1786326469608,131.15,deg
serial:COM8/phase_u_v,4998056,1786326469608,0.005,V
serial:COM8/phase_v_v,4998056,1786326469608,0.005,V
serial:COM8/phase_w_v,4998056,1786326469608,0.000,V
serial:COM8/motor_angle,4998058,1786326469608,131.20,deg
serial:COM8/phase_u_v,4998058,1786326469608,0.005,V
serial:COM8/phase_v_v,4998058,1786326469608,0.011,V
serial:COM8/phase_w_v,4998058,1786326469608,0.000,V
serial:COM8/motor_angle,4998060,1786326469608,131.13,deg
serial:COM8/phase_u_v,4998060,1786326469608,0.005,V
serial:COM8/phase_v_v,4998060,1786326469608,0.005,V
serial:COM8/phase_w_v,4998060,1786326469608,0.005,V
serial:COM8/motor_angle,4998062,1786326469682,131.15,deg
serial:COM8/phase_u_v,4998062,1786326469682,0.000,V
serial:COM8/phase_v_v,4998062,1786326469682,0.005,V
serial:COM8/phase_w_v,4998062,1786326469682,0.000,V
serial:COM8/motor_angle,4998064,1786326469682,131.11,deg
serial:COM8/phase_u_v,4998064,1786326469682,0.194,V
serial:COM8/phase_v_v,4998064,1786326469682,0.005,V
serial:COM8/phase_w_v,4998064,1786326469682,0.005,V
serial:COM8/motor_angle,4998066,1786326469682,131.11,deg
serial:COM8/phase_u_v,4998066,1786326469682,0.005,V
serial:COM8/phase_v_v,4998066,1786326469682,0.000,V
serial:COM8/phase_w_v,4998066,1786326469682,0.000,V
serial:COM8/motor_angle,4998068,1786326469682,131.13,deg
serial:COM8/phase_u_v,4998068,1786326469682,0.005,V
serial:COM8/phase_v_v,4998068,1786326469682,0.005,V
serial:COM8/phase_w_v,4998068,1786326469682,0.000,V
serial:COM8/motor_angle,4998070,1786326469682,131.13,deg
serial:COM8/phase_u_v,4998070,1786326469682,0.005,V
serial:COM8/phase_v_v,4998070,1786326469682,0.005,V
serial:COM8/phase_w_v,4998070,1786326469682,0.000,V
serial:COM8/motor_angle,4998072,1786326469682,131.13,deg
serial:COM8/phase_u_v,4998072,1786326469682,0.005,V
serial:COM8/phase_v_v,4998072,1786326469682,0.005,V
serial:COM8/phase_w_v,4998072,1786326469682,0.000,V
serial:COM8/motor_angle,4998074,1786326469682,131.11,deg
serial:COM8/phase_u_v,4998074,1786326469682,0.000,V
serial:COM8/phase_v_v,4998074,1786326469682,0.000,V
serial:COM8/phase_w_v,4998074,1786326469682,0.000,V
serial:COM8/motor_angle,4998076,1786326469682,131.11,deg
serial:COM8/phase_u_v,4998076,1786326469682,0.005,V
serial:COM8/phase_v_v,4998076,1786326469682,0.005,V
serial:COM8/phase_w_v,4998076,1786326469682,0.000,V
serial:COM8/motor_angle,4998078,1786326469682,131.15,deg
serial:COM8/phase_u_v,4998078,1786326469682,0.005,V
serial:COM8/phase_v_v,4998078,1786326469682,0.000,V
serial:COM8/phase_w_v,4998078,1786326469682,0.005,V
serial:COM8/motor_angle,4998080,1786326469682,131.18,deg
serial:COM8/phase_u_v,4998080,1786326469682,0.005,V
serial:COM8/phase_v_v,4998080,1786326469682,0.005,V
serial:COM8/phase_w_v,4998080,1786326469682,0.005,V
serial:COM8/motor_angle,4998082,1786326469682,131.11,deg
serial:COM8/phase_u_v,4998082,1786326469682,0.054,V
serial:COM8/phase_v_v,4998082,1786326469682,0.005,V
serial:COM8/phase_w_v,4998082,1786326469682,0.000,V
serial:COM8/motor_angle,4998084,1786326469682,131.15,deg
serial:COM8/phase_u_v,4998084,1786326469682,0.005,V
serial:COM8/phase_v_v,4998084,1786326469682,0.005,V
serial:COM8/phase_w_v,4998084,1786326469682,0.005,V
serial:COM8/motor_angle,4998086,1786326469682,131.15,deg
serial:COM8/phase_u_v,4998086,1786326469682,0.005,V
serial:COM8/phase_v_v,4998086,1786326469682,0.005,V
serial:COM8/phase_w_v,4998086,1786326469682,0.005,V
serial:COM8/motor_angle,4998088,1786326469682,131.18,deg
serial:COM8/phase_u_v,4998088,1786326469682,0.000,V
serial:COM8/phase_v_v,4998088,1786326469682,0.000,V
serial:COM8/phase_w_v,4998088,1786326469682,0.000,V
serial:COM8/motor_angle,4998090,1786326469682,131.09,deg
serial:COM8/phase_u_v,4998090,1786326469682,0.005,V
serial:COM8/phase_v_v,4998090,1786326469682,0.000,V
serial:COM8/phase_w_v,4998090,1786326469682,0.005,V
serial:COM8/motor_angle,4998092,1786326469682,131.11,deg
serial:COM8/phase_u_v,4998092,1786326469682,0.005,V
serial:COM8/phase_v_v,4998092,1786326469682,0.005,V
serial:COM8/phase_w_v,4998092,1786326469682,0.000,V
serial:COM8/motor_angle,4998094,1786326469682,131.11,deg
serial:COM8/phase_u_v,4998094,1786326469682,0.005,V
serial:COM8/phase_v_v,4998094,1786326469682,0.005,V
serial:COM8/phase_w_v,4998094,1786326469682,0.000,V
serial:COM8/motor_angle,4998096,1786326469682,131.13,deg
serial:COM8/phase_u_v,4998096,1786326469682,0.005,V
serial:COM8/phase_v_v,4998096,1786326469682,0.005,V
serial:COM8/phase_w_v,4998096,1786326469682,0.005,V
serial:COM8/motor_angle,4998098,1786326469682,131.15,deg
serial:COM8/phase_u_v,4998098,1786326469682,0.005,V
serial:COM8/phase_v_v,4998098,1786326469682,0.005,V
serial:COM8/phase_w_v,4998098,1786326469682,0.000,V
serial:COM8/motor_angle,4998100,1786326469682,131.18,deg
serial:COM8/phase_u_v,4998100,1786326469682,0.130,V
serial:COM8/phase_v_v,4998100,1786326469682,0.005,V
serial:COM8/phase_w_v,4998100,1786326469682,0.000,V
serial:COM8/motor_angle,4998102,1786326469682,131.18,deg
serial:COM8/phase_u_v,4998102,1786326469682,0.000,V
serial:COM8/phase_v_v,4998102,1786326469682,0.005,V
serial:COM8/phase_w_v,4998102,1786326469682,0.000,V
serial:COM8/motor_angle,4998104,1786326469682,131.18,deg
serial:COM8/phase_u_v,4998104,1786326469682,0.000,V
serial:COM8/phase_v_v,4998104,1786326469682,0.005,V
serial:COM8/phase_w_v,4998104,1786326469682,0.005,V
serial:COM8/motor_angle,4998106,1786326469682,131.15,deg
serial:COM8/phase_u_v,4998106,1786326469682,0.005,V
serial:COM8/phase_v_v,4998106,1786326469682,0.005,V
serial:COM8/phase_w_v,4998106,1786326469682,0.000,V
serial:COM8/motor_angle,4998108,1786326469682,131.20,deg
serial:COM8/phase_u_v,4998108,1786326469682,0.005,V
serial:COM8/phase_v_v,4998108,1786326469682,0.005,V
serial:COM8/phase_w_v,4998108,1786326469682,0.000,V
serial:COM8/motor_angle,4998110,1786326469682,131.13,deg
serial:COM8/phase_u_v,4998110,1786326469682,0.005,V
serial:COM8/phase_v_v,4998110,1786326469682,0.011,V
serial:COM8/phase_w_v,4998110,1786326469682,0.005,V
serial:COM8/motor_angle,4998112,1786326469682,131.15,deg
serial:COM8/phase_u_v,4998112,1786326469682,0.005,V
serial:COM8/phase_v_v,4998112,1786326469682,0.005,V
serial:COM8/phase_w_v,4998112,1786326469682,0.000,V
serial:COM8/motor_angle,4998114,1786326469682,131.13,deg
serial:COM8/phase_u_v,4998114,1786326469682,0.000,V
serial:COM8/phase_v_v,4998114,1786326469682,0.000,V
serial:COM8/phase_w_v,4998114,1786326469682,0.005,V
serial:COM8/motor_angle,4998116,1786326469682,131.11,deg
serial:COM8/phase_u_v,4998116,1786326469682,0.005,V
serial:COM8/phase_v_v,4998116,1786326469682,0.005,V
serial:COM8/phase_w_v,4998116,1786326469682,0.000,V
serial:COM8/motor_angle,4998118,1786326469682,131.15,deg
serial:COM8/phase_u_v,4998118,1786326469682,0.005,V
serial:COM8/phase_v_v,4998118,1786326469682,0.005,V
serial:COM8/phase_w_v,4998118,1786326469682,0.000,V
serial:COM8/motor_angle,4998120,1786326469682,131.11,deg
serial:COM8/phase_u_v,4998120,1786326469682,0.005,V
serial:COM8/phase_v_v,4998120,1786326469682,0.005,V
serial:COM8/phase_w_v,4998120,1786326469682,0.000,V
serial:COM8/motor_angle,4998122,1786326469682,131.11,deg
serial:COM8/phase_u_v,4998122,1786326469682,0.005,V
serial:COM8/phase_v_v,4998122,1786326469682,0.005,V
serial:COM8/phase_w_v,4998122,1786326469682,0.000,V
serial:COM8/motor_angle,4998124,1786326469682,131.18,deg
serial:COM8/phase_u_v,4998124,1786326469682,0.005,V
serial:COM8/phase_v_v,4998124,1786326469682,0.000,V
serial:COM8/phase_w_v,4998124,1786326469682,0.005,V
serial:COM8/motor_angle,4998126,1786326469682,131.09,deg
serial:COM8/phase_u_v,4998126,1786326469682,0.005,V
serial:COM8/phase_v_v,4998126,1786326469682,0.000,V
serial:COM8/phase_w_v,4998126,1786326469682,0.000,V
serial:COM8/motor_angle,4998128,1786326469682,131.18,deg
serial:COM8/phase_u_v,4998128,1786326469682,0.005,V
serial:COM8/phase_v_v,4998128,1786326469682,0.005,V
serial:COM8/phase_w_v,4998128,1786326469682,0.000,V
serial:COM8/motor_angle,4998130,1786326469682,131.07,deg
serial:COM8/phase_u_v,4998130,1786326469682,0.005,V
serial:COM8/phase_v_v,4998130,1786326469682,0.000,V
serial:COM8/phase_w_v,4998130,1786326469682,0.005,V
serial:COM8/motor_angle,4998132,1786326469682,131.15,deg
serial:COM8/phase_u_v,4998132,1786326469682,0.005,V
serial:COM8/phase_v_v,4998132,1786326469682,0.005,V
serial:COM8/phase_w_v,4998132,1786326469682,0.005,V
serial:COM8/motor_angle,4998134,1786326469682,131.15,deg
serial:COM8/phase_u_v,4998134,1786326469682,0.000,V
serial:COM8/phase_v_v,4998134,1786326469682,0.005,V
serial:COM8/phase_w_v,4998134,1786326469682,0.000,V
serial:COM8/motor_angle,4998136,1786326469753,131.09,deg
serial:COM8/phase_u_v,4998136,1786326469753,0.000,V
serial:COM8/phase_v_v,4998136,1786326469753,0.005,V
serial:COM8/phase_w_v,4998136,1786326469753,0.005,V
serial:COM8/motor_angle,4998138,1786326469753,131.11,deg
serial:COM8/phase_u_v,4998138,1786326469753,0.000,V
serial:COM8/phase_v_v,4998138,1786326469753,0.005,V
serial:COM8/phase_w_v,4998138,1786326469753,0.000,V
serial:COM8/motor_angle,4998140,1786326469753,131.18,deg
serial:COM8/phase_u_v,4998140,1786326469753,0.356,V
serial:COM8/phase_v_v,4998140,1786326469753,0.005,V
serial:COM8/phase_w_v,4998140,1786326469753,0.005,V
serial:COM8/motor_angle,4998142,1786326469753,131.15,deg
serial:COM8/phase_u_v,4998142,1786326469753,0.005,V
serial:COM8/phase_v_v,4998142,1786326469753,0.000,V
serial:COM8/phase_w_v,4998142,1786326469753,0.000,V
serial:COM8/motor_angle,4998144,1786326469753,131.09,deg
serial:COM8/phase_u_v,4998144,1786326469753,0.005,V
serial:COM8/phase_v_v,4998144,1786326469753,0.000,V
serial:COM8/phase_w_v,4998144,1786326469753,0.005,V
serial:COM8/motor_angle,4998146,1786326469753,131.11,deg
serial:COM8/phase_u_v,4998146,1786326469753,0.005,V
serial:COM8/phase_v_v,4998146,1786326469753,0.005,V
serial:COM8/phase_w_v,4998146,1786326469753,0.000,V
serial:COM8/motor_angle,4998148,1786326469753,131.13,deg
serial:COM8/phase_u_v,4998148,1786326469753,0.000,V
serial:COM8/phase_v_v,4998148,1786326469753,0.005,V
serial:COM8/phase_w_v,4998148,1786326469753,0.000,V
serial:COM8/motor_angle,4998150,1786326469753,131.15,deg
serial:COM8/phase_u_v,4998150,1786326469753,0.005,V
serial:COM8/phase_v_v,4998150,1786326469753,0.000,V
serial:COM8/phase_w_v,4998150,1786326469753,0.005,V
serial:COM8/motor_angle,4998152,1786326469753,131.13,deg
serial:COM8/phase_u_v,4998152,1786326469753,0.005,V
serial:COM8/phase_v_v,4998152,1786326469753,0.000,V
serial:COM8/phase_w_v,4998152,1786326469753,0.005,V
serial:COM8/motor_angle,4998154,1786326469753,131.18,deg
serial:COM8/phase_u_v,4998154,1786326469753,0.000,V
serial:COM8/phase_v_v,4998154,1786326469753,0.005,V
serial:COM8/phase_w_v,4998154,1786326469753,0.000,V
serial:COM8/motor_angle,4998156,1786326469753,131.09,deg
serial:COM8/phase_u_v,4998156,1786326469753,0.005,V
serial:COM8/phase_v_v,4998156,1786326469753,0.005,V
serial:COM8/phase_w_v,4998156,1786326469753,0.005,V
serial:COM8/motor_angle,4998158,1786326469753,131.13,deg
serial:COM8/phase_u_v,4998158,1786326469753,0.005,V
serial:COM8/phase_v_v,4998158,1786326469753,0.005,V
serial:COM8/phase_w_v,4998158,1786326469753,0.005,V
serial:COM8/motor_angle,4998160,1786326469753,131.11,deg
serial:COM8/phase_u_v,4998160,1786326469753,0.005,V
serial:COM8/phase_v_v,4998160,1786326469753,0.005,V
serial:COM8/phase_w_v,4998160,1786326469753,0.000,V
serial:COM8/motor_angle,4998162,1786326469753,131.15,deg
serial:COM8/phase_u_v,4998162,1786326469753,0.005,V
serial:COM8/phase_v_v,4998162,1786326469753,0.005,V
serial:COM8/phase_w_v,4998162,1786326469753,0.000,V
serial:COM8/motor_angle,4998164,1786326469753,131.20,deg
serial:COM8/phase_u_v,4998164,1786326469753,0.005,V
serial:COM8/phase_v_v,4998164,1786326469753,0.005,V
serial:COM8/phase_w_v,4998164,1786326469753,0.000,V
serial:COM8/motor_angle,4998166,1786326469753,131.11,deg
serial:COM8/phase_u_v,4998166,1786326469753,0.005,V
serial:COM8/phase_v_v,4998166,1786326469753,0.000,V
serial:COM8/phase_w_v,4998166,1786326469753,0.005,V
serial:COM8/motor_angle,4998168,1786326469753,131.13,deg
serial:COM8/phase_u_v,4998168,1786326469753,0.005,V
serial:COM8/phase_v_v,4998168,1786326469753,0.000,V
serial:COM8/phase_w_v,4998168,1786326469753,0.000,V
serial:COM8/motor_angle,4998170,1786326469753,131.15,deg
serial:COM8/phase_u_v,4998170,1786326469753,0.000,V
serial:COM8/phase_v_v,4998170,1786326469753,0.000,V
serial:COM8/phase_w_v,4998170,1786326469753,0.000,V
serial:COM8/motor_angle,4998172,1786326469753,131.15,deg
serial:COM8/phase_u_v,4998172,1786326469753,0.032,V
serial:COM8/phase_v_v,4998172,1786326469753,0.000,V
serial:COM8/phase_w_v,4998172,1786326469753,0.005,V
serial:COM8/motor_angle,4998174,1786326469753,131.15,deg
serial:COM8/phase_u_v,4998174,1786326469753,0.005,V
serial:COM8/phase_v_v,4998174,1786326469753,0.005,V
serial:COM8/phase_w_v,4998174,1786326469753,0.000,V
serial:COM8/motor_angle,4998176,1786326469753,131.09,deg
serial:COM8/phase_u_v,4998176,1786326469753,0.005,V
serial:COM8/phase_v_v,4998176,1786326469753,0.005,V
serial:COM8/phase_w_v,4998176,1786326469753,0.005,V
serial:COM8/motor_angle,4998178,1786326469753,131.15,deg
serial:COM8/phase_u_v,4998178,1786326469753,0.005,V
serial:COM8/phase_v_v,4998178,1786326469753,0.005,V
serial:COM8/phase_w_v,4998178,1786326469753,0.005,V
serial:COM8/motor_angle,4998180,1786326469753,131.13,deg
serial:COM8/phase_u_v,4998180,1786326469753,0.032,V
serial:COM8/phase_v_v,4998180,1786326469753,0.005,V
serial:COM8/phase_w_v,4998180,1786326469753,0.005,V
serial:COM8/motor_angle,4998182,1786326469753,131.13,deg
serial:COM8/phase_u_v,4998182,1786326469753,0.000,V
serial:COM8/phase_v_v,4998182,1786326469753,0.000,V
serial:COM8/phase_w_v,4998182,1786326469753,0.000,V
serial:COM8/motor_angle,4998184,1786326469753,131.13,deg
serial:COM8/phase_u_v,4998184,1786326469753,0.005,V
serial:COM8/phase_v_v,4998184,1786326469753,0.000,V
serial:COM8/phase_w_v,4998184,1786326469753,0.000,V
serial:COM8/motor_angle,4998186,1786326469753,131.13,deg
serial:COM8/phase_u_v,4998186,1786326469753,0.005,V
serial:COM8/phase_v_v,4998186,1786326469753,0.005,V
serial:COM8/phase_w_v,4998186,1786326469753,0.000,V
serial:COM8/motor_angle,4998188,1786326469753,131.13,deg
serial:COM8/phase_u_v,4998188,1786326469753,0.005,V
serial:COM8/phase_v_v,4998188,1786326469753,0.005,V
serial:COM8/phase_w_v,4998188,1786326469753,0.000,V
serial:COM8/motor_angle,4998190,1786326469753,131.18,deg
serial:COM8/phase_u_v,4998190,1786326469753,0.005,V
serial:COM8/phase_v_v,4998190,1786326469753,0.000,V
serial:COM8/phase_w_v,4998190,1786326469753,0.000,V
serial:COM8/motor_angle,4998192,1786326469753,131.20,deg
serial:COM8/phase_u_v,4998192,1786326469753,0.000,V
serial:COM8/phase_v_v,4998192,1786326469753,0.005,V
serial:COM8/phase_w_v,4998192,1786326469753,0.000,V
serial:COM8/motor_angle,4998194,1786326469753,131.13,deg
serial:COM8/phase_u_v,4998194,1786326469753,0.005,V
serial:COM8/phase_v_v,4998194,1786326469753,0.011,V
serial:COM8/phase_w_v,4998194,1786326469753,0.005,V
serial:COM8/motor_angle,4998196,1786326469753,131.15,deg
serial:COM8/phase_u_v,4998196,1786326469753,0.005,V
serial:COM8/phase_v_v,4998196,1786326469753,0.005,V
serial:COM8/phase_w_v,4998196,1786326469753,0.000,V
serial:COM8/motor_angle,4998198,1786326469753,131.15,deg
serial:COM8/phase_u_v,4998198,1786326469753,0.005,V
serial:COM8/phase_v_v,4998198,1786326469753,0.000,V
serial:COM8/phase_w_v,4998198,1786326469753,0.000,V
serial:COM8/motor_angle,4998200,1786326469753,131.13,deg
serial:COM8/phase_u_v,4998200,1786326469753,0.000,V
serial:COM8/phase_v_v,4998200,1786326469753,0.005,V
serial:COM8/phase_w_v,4998200,1786326469753,0.000,V
serial:COM8/motor_angle,4998202,1786326469753,131.11,deg
serial:COM8/phase_u_v,4998202,1786326469753,0.005,V
serial:COM8/phase_v_v,4998202,1786326469753,0.005,V
serial:COM8/phase_w_v,4998202,1786326469753,0.005,V
serial:COM8/motor_angle,4998204,1786326469753,131.13,deg
serial:COM8/phase_u_v,4998204,1786326469753,0.000,V
serial:COM8/phase_v_v,4998204,1786326469753,0.005,V
serial:COM8/phase_w_v,4998204,1786326469753,0.005,V
serial:COM8/motor_angle,4998206,1786326469753,131.13,deg
serial:COM8/phase_u_v,4998206,1786326469753,0.005,V
serial:COM8/phase_v_v,4998206,1786326469753,0.005,V
serial:COM8/phase_w_v,4998206,1786326469753,0.000,V
serial:COM8/motor_angle,4998208,1786326469827,131.15,deg
serial:COM8/phase_u_v,4998208,1786326469827,0.005,V
serial:COM8/phase_v_v,4998208,1786326469827,0.005,V
serial:COM8/phase_w_v,4998208,1786326469827,0.000,V
serial:COM8/motor_angle,4998210,1786326469827,131.11,deg
serial:COM8/phase_u_v,4998210,1786326469827,0.005,V
serial:COM8/phase_v_v,4998210,1786326469827,0.005,V
serial:COM8/phase_w_v,4998210,1786326469827,0.000,V
serial:COM8/motor_angle,4998212,1786326469827,131.15,deg
serial:COM8/phase_u_v,4998212,1786326469827,0.005,V
serial:COM8/phase_v_v,4998212,1786326469827,0.005,V
serial:COM8/phase_w_v,4998212,1786326469827,0.005,V
serial:COM8/motor_angle,4998214,1786326469827,131.13,deg
serial:COM8/phase_u_v,4998214,1786326469827,0.000,V
serial:COM8/phase_v_v,4998214,1786326469827,0.005,V
serial:COM8/phase_w_v,4998214,1786326469827,0.000,V
serial:COM8/motor_angle,4998216,1786326469827,131.13,deg
serial:COM8/phase_u_v,4998216,1786326469827,0.005,V
serial:COM8/phase_v_v,4998216,1786326469827,0.011,V
serial:COM8/phase_w_v,4998216,1786326469827,0.005,V
serial:COM8/motor_angle,4998218,1786326469827,131.09,deg
serial:COM8/phase_u_v,4998218,1786326469827,0.000,V
serial:COM8/phase_v_v,4998218,1786326469827,0.005,V
serial:COM8/phase_w_v,4998218,1786326469827,0.005,V
serial:COM8/motor_angle,4998220,1786326469827,131.15,deg
serial:COM8/phase_u_v,4998220,1786326469827,0.005,V
serial:COM8/phase_v_v,4998220,1786326469827,0.005,V
serial:COM8/phase_w_v,4998220,1786326469827,0.005,V
serial:COM8/motor_angle,4998222,1786326469827,131.15,deg
serial:COM8/phase_u_v,4998222,1786326469827,0.005,V
serial:COM8/phase_v_v,4998222,1786326469827,0.005,V
serial:COM8/phase_w_v,4998222,1786326469827,0.005,V
serial:COM8/motor_angle,4998224,1786326469827,131.20,deg
serial:COM8/phase_u_v,4998224,1786326469827,0.005,V
serial:COM8/phase_v_v,4998224,1786326469827,0.005,V
serial:COM8/phase_w_v,4998224,1786326469827,0.005,V
serial:COM8/motor_angle,4998226,1786326469827,131.09,deg
serial:COM8/phase_u_v,4998226,1786326469827,0.005,V
serial:COM8/phase_v_v,4998226,1786326469827,0.000,V
serial:COM8/phase_w_v,4998226,1786326469827,0.005,V
serial:COM8/motor_angle,4998228,1786326469827,131.13,deg
serial:COM8/phase_u_v,4998228,1786326469827,0.000,V
serial:COM8/phase_v_v,4998228,1786326469827,0.005,V
serial:COM8/phase_w_v,4998228,1786326469827,0.000,V
serial:COM8/motor_angle,4998230,1786326469827,131.18,deg
serial:COM8/phase_u_v,4998230,1786326469827,0.005,V
serial:COM8/phase_v_v,4998230,1786326469827,0.005,V
serial:COM8/phase_w_v,4998230,1786326469827,0.000,V
serial:COM8/motor_angle,4998232,1786326469827,131.09,deg
serial:COM8/phase_u_v,4998232,1786326469827,0.081,V
serial:COM8/phase_v_v,4998232,1786326469827,0.005,V
serial:COM8/phase_w_v,4998232,1786326469827,0.000,V
serial:COM8/motor_angle,4998234,1786326469827,131.15,deg
serial:COM8/phase_u_v,4998234,1786326469827,0.005,V
serial:COM8/phase_v_v,4998234,1786326469827,0.005,V
serial:COM8/phase_w_v,4998234,1786326469827,0.000,V
serial:COM8/motor_angle,4998236,1786326469827,131.13,deg
serial:COM8/phase_u_v,4998236,1786326469827,0.005,V
serial:COM8/phase_v_v,4998236,1786326469827,0.005,V
serial:COM8/phase_w_v,4998236,1786326469827,0.000,V
serial:COM8/motor_angle,4998238,1786326469827,131.13,deg
serial:COM8/phase_u_v,4998238,1786326469827,0.005,V
serial:COM8/phase_v_v,4998238,1786326469827,0.000,V
serial:COM8/phase_w_v,4998238,1786326469827,0.000,V
serial:COM8/motor_angle,4998240,1786326469827,131.15,deg
serial:COM8/phase_u_v,4998240,1786326469827,0.005,V
serial:COM8/phase_v_v,4998240,1786326469827,0.005,V
serial:COM8/phase_w_v,4998240,1786326469827,0.000,V
serial:COM8/motor_angle,4998242,1786326469827,131.13,deg
serial:COM8/phase_u_v,4998242,1786326469827,0.000,V
serial:COM8/phase_v_v,4998242,1786326469827,0.005,V
serial:COM8/phase_w_v,4998242,1786326469827,0.000,V
serial:COM8/motor_angle,4998244,1786326469827,131.15,deg
serial:COM8/phase_u_v,4998244,1786326469827,0.005,V
serial:COM8/phase_v_v,4998244,1786326469827,0.005,V
serial:COM8/phase_w_v,4998244,1786326469827,0.000,V
serial:COM8/motor_angle,4998246,1786326469827,131.09,deg
serial:COM8/phase_u_v,4998246,1786326469827,0.005,V
serial:COM8/phase_v_v,4998246,1786326469827,0.005,V
serial:COM8/phase_w_v,4998246,1786326469827,0.005,V
serial:COM8/motor_angle,4998248,1786326469827,131.15,deg
serial:COM8/phase_u_v,4998248,1786326469827,0.005,V
serial:COM8/phase_v_v,4998248,1786326469827,0.005,V
serial:COM8/phase_w_v,4998248,1786326469827,0.000,V
serial:COM8/motor_angle,4998250,1786326469827,131.13,deg
serial:COM8/phase_u_v,4998250,1786326469827,0.005,V
serial:COM8/phase_v_v,4998250,1786326469827,0.005,V
serial:COM8/phase_w_v,4998250,1786326469827,0.005,V
serial:COM8/motor_angle,4998252,1786326469827,131.15,deg
serial:COM8/phase_u_v,4998252,1786326469827,0.005,V
serial:COM8/phase_v_v,4998252,1786326469827,0.005,V
serial:COM8/phase_w_v,4998252,1786326469827,0.005,V
serial:COM8/motor_angle,4998254,1786326469827,131.13,deg
serial:COM8/phase_u_v,4998254,1786326469827,0.005,V
serial:COM8/phase_v_v,4998254,1786326469827,0.005,V
serial:COM8/phase_w_v,4998254,1786326469827,0.000,V
serial:COM8/motor_angle,4998256,1786326469827,131.13,deg
serial:COM8/phase_u_v,4998256,1786326469827,0.005,V
serial:COM8/phase_v_v,4998256,1786326469827,0.005,V
serial:COM8/phase_w_v,4998256,1786326469827,0.000,V
serial:COM8/motor_angle,4998258,1786326469827,131.13,deg
serial:COM8/phase_u_v,4998258,1786326469827,0.000,V
serial:COM8/phase_v_v,4998258,1786326469827,0.005,V
serial:COM8/phase_w_v,4998258,1786326469827,0.005,V
serial:COM8/motor_angle,4998260,1786326469827,131.15,deg
serial:COM8/phase_u_v,4998260,1786326469827,0.081,V
serial:COM8/phase_v_v,4998260,1786326469827,0.005,V
serial:COM8/phase_w_v,4998260,1786326469827,0.000,V
serial:COM8/motor_angle,4998262,1786326469827,131.18,deg
serial:COM8/phase_u_v,4998262,1786326469827,0.000,V
serial:COM8/phase_v_v,4998262,1786326469827,0.000,V
serial:COM8/phase_w_v,4998262,1786326469827,0.005,V
serial:COM8/motor_angle,4998264,1786326469827,131.13,deg
serial:COM8/phase_u_v,4998264,1786326469827,0.005,V
serial:COM8/phase_v_v,4998264,1786326469827,0.005,V
serial:COM8/phase_w_v,4998264,1786326469827,0.000,V
serial:COM8/motor_angle,4998266,1786326469827,131.18,deg
serial:COM8/phase_u_v,4998266,1786326469827,0.000,V
serial:COM8/phase_v_v,4998266,1786326469827,0.005,V
serial:COM8/phase_w_v,4998266,1786326469827,0.000,V
serial:COM8/motor_angle,4998268,1786326469827,131.20,deg
serial:COM8/phase_u_v,4998268,1786326469827,0.059,V
serial:COM8/phase_v_v,4998268,1786326469827,0.005,V
serial:COM8/phase_w_v,4998268,1786326469827,0.000,V
serial:COM8/motor_angle,4998270,1786326469827,131.13,deg
serial:COM8/phase_u_v,4998270,1786326469827,0.000,V
serial:COM8/phase_v_v,4998270,1786326469827,0.005,V
serial:COM8/phase_w_v,4998270,1786326469827,0.000,V
serial:COM8/motor_angle,4998272,1786326469827,131.22,deg
serial:COM8/phase_u_v,4998272,1786326469827,0.005,V
serial:COM8/phase_v_v,4998272,1786326469827,0.005,V
serial:COM8/phase_w_v,4998272,1786326469827,0.005,V
serial:COM8/motor_angle,4998274,1786326469827,131.15,deg
serial:COM8/phase_u_v,4998274,1786326469827,0.000,V
serial:COM8/phase_v_v,4998274,1786326469827,0.000,V
serial:COM8/phase_w_v,4998274,1786326469827,0.005,V
serial:COM8/motor_angle,4998276,1786326469827,131.13,deg
serial:COM8/phase_u_v,4998276,1786326469827,0.005,V
serial:COM8/phase_v_v,4998276,1786326469827,0.005,V
serial:COM8/phase_w_v,4998276,1786326469827,0.000,V
serial:COM8/motor_angle,4998278,1786326469827,131.13,deg
serial:COM8/phase_u_v,4998278,1786326469827,0.005,V
serial:COM8/phase_v_v,4998278,1786326469827,0.005,V
serial:COM8/phase_w_v,4998278,1786326469827,0.000,V
serial:COM8/motor_angle,4998280,1786326469898,131.11,deg
serial:COM8/phase_u_v,4998280,1786326469898,0.005,V
serial:COM8/phase_v_v,4998280,1786326469898,0.005,V
serial:COM8/phase_w_v,4998280,1786326469898,0.005,V
serial:COM8/motor_angle,4998282,1786326469898,131.11,deg
serial:COM8/phase_u_v,4998282,1786326469898,0.000,V
serial:COM8/phase_v_v,4998282,1786326469898,0.005,V
serial:COM8/phase_w_v,4998282,1786326469898,0.000,V
serial:COM8/motor_angle,4998284,1786326469898,131.13,deg
serial:COM8/phase_u_v,4998284,1786326469898,0.005,V
serial:COM8/phase_v_v,4998284,1786326469898,0.005,V
serial:COM8/phase_w_v,4998284,1786326469898,0.000,V
serial:COM8/motor_angle,4998286,1786326469898,131.18,deg
serial:COM8/phase_u_v,4998286,1786326469898,0.184,V
serial:COM8/phase_v_v,4998286,1786326469898,0.005,V
serial:COM8/phase_w_v,4998286,1786326469898,0.005,V
serial:COM8/motor_angle,4998288,1786326469898,131.13,deg
serial:COM8/phase_u_v,4998288,1786326469898,0.000,V
serial:COM8/phase_v_v,4998288,1786326469898,0.000,V
serial:COM8/phase_w_v,4998288,1786326469898,0.000,V
serial:COM8/motor_angle,4998290,1786326469898,131.09,deg
serial:COM8/phase_u_v,4998290,1786326469898,0.000,V
serial:COM8/phase_v_v,4998290,1786326469898,0.005,V
serial:COM8/phase_w_v,4998290,1786326469898,0.005,V
serial:COM8/motor_angle,4998292,1786326469898,131.13,deg
serial:COM8/phase_u_v,4998292,1786326469898,0.005,V
serial:COM8/phase_v_v,4998292,1786326469898,0.005,V
serial:COM8/phase_w_v,4998292,1786326469898,0.005,V
serial:COM8/motor_angle,4998294,1786326469898,131.13,deg
serial:COM8/phase_u_v,4998294,1786326469898,0.005,V
serial:COM8/phase_v_v,4998294,1786326469898,0.005,V
serial:COM8/phase_w_v,4998294,1786326469898,0.005,V
serial:COM8/motor_angle,4998296,1786326469898,131.13,deg
serial:COM8/phase_u_v,4998296,1786326469898,0.005,V
serial:COM8/phase_v_v,4998296,1786326469898,0.005,V
serial:COM8/phase_w_v,4998296,1786326469898,0.005,V
serial:COM8/motor_angle,4998298,1786326469898,131.15,deg
serial:COM8/phase_u_v,4998298,1786326469898,0.005,V
serial:COM8/phase_v_v,4998298,1786326469898,0.000,V
serial:COM8/phase_w_v,4998298,1786326469898,0.005,V
serial:COM8/motor_angle,4998300,1786326469898,131.18,deg
serial:COM8/phase_u_v,4998300,1786326469898,0.448,V
serial:COM8/phase_v_v,4998300,1786326469898,0.011,V
serial:COM8/phase_w_v,4998300,1786326469898,0.000,V
serial:COM8/motor_angle,4998302,1786326469898,131.18,deg
serial:COM8/phase_u_v,4998302,1786326469898,0.000,V
serial:COM8/phase_v_v,4998302,1786326469898,0.005,V
serial:COM8/phase_w_v,4998302,1786326469898,0.000,V
serial:COM8/motor_angle,4998304,1786326469898,131.09,deg
serial:COM8/phase_u_v,4998304,1786326469898,0.000,V
serial:COM8/phase_v_v,4998304,1786326469898,0.000,V
serial:COM8/phase_w_v,4998304,1786326469898,0.005,V
serial:COM8/motor_angle,4998306,1786326469898,131.11,deg
serial:COM8/phase_u_v,4998306,1786326469898,0.005,V
serial:COM8/phase_v_v,4998306,1786326469898,0.005,V
serial:COM8/phase_w_v,4998306,1786326469898,0.005,V
serial:COM8/motor_angle,4998308,1786326469898,131.11,deg
serial:COM8/phase_u_v,4998308,1786326469898,0.005,V
serial:COM8/phase_v_v,4998308,1786326469898,0.000,V
serial:COM8/phase_w_v,4998308,1786326469898,0.005,V
serial:COM8/motor_angle,4998310,1786326469898,131.15,deg
serial:COM8/phase_u_v,4998310,1786326469898,0.005,V
serial:COM8/phase_v_v,4998310,1786326469898,0.005,V
serial:COM8/phase_w_v,4998310,1786326469898,0.005,V
serial:COM8/motor_angle,4998312,1786326469898,131.15,deg
serial:COM8/phase_u_v,4998312,1786326469898,0.005,V
serial:COM8/phase_v_v,4998312,1786326469898,0.005,V
serial:COM8/phase_w_v,4998312,1786326469898,0.000,V
serial:COM8/motor_angle,4998314,1786326469898,131.13,deg
serial:COM8/phase_u_v,4998314,1786326469898,0.005,V
serial:COM8/phase_v_v,4998314,1786326469898,0.000,V
serial:COM8/phase_w_v,4998314,1786326469898,0.000,V
serial:COM8/motor_angle,4998316,1786326469898,131.11,deg
serial:COM8/phase_u_v,4998316,1786326469898,0.005,V
serial:COM8/phase_v_v,4998316,1786326469898,0.005,V
serial:COM8/phase_w_v,4998316,1786326469898,0.000,V
serial:COM8/motor_angle,4998318,1786326469898,131.09,deg
serial:COM8/phase_u_v,4998318,1786326469898,0.005,V
serial:COM8/phase_v_v,4998318,1786326469898,0.005,V
serial:COM8/phase_w_v,4998318,1786326469898,0.000,V
serial:COM8/motor_angle,4998320,1786326469898,131.11,deg
serial:COM8/phase_u_v,4998320,1786326469898,0.005,V
serial:COM8/phase_v_v,4998320,1786326469898,0.005,V
serial:COM8/phase_w_v,4998320,1786326469898,0.000,V
serial:COM8/motor_angle,4998322,1786326469898,131.13,deg
serial:COM8/phase_u_v,4998322,1786326469898,0.000,V
serial:COM8/phase_v_v,4998322,1786326469898,0.000,V
serial:COM8/phase_w_v,4998322,1786326469898,0.005,V
serial:COM8/motor_angle,4998324,1786326469898,131.15,deg
serial:COM8/phase_u_v,4998324,1786326469898,0.000,V
serial:COM8/phase_v_v,4998324,1786326469898,0.011,V
serial:COM8/phase_w_v,4998324,1786326469898,0.000,V
serial:COM8/motor_angle,4998326,1786326469898,131.09,deg
serial:COM8/phase_u_v,4998326,1786326469898,0.005,V
serial:COM8/phase_v_v,4998326,1786326469898,0.005,V
serial:COM8/phase_w_v,4998326,1786326469898,0.000,V
serial:COM8/motor_angle,4998328,1786326469898,131.18,deg
serial:COM8/phase_u_v,4998328,1786326469898,0.005,V
serial:COM8/phase_v_v,4998328,1786326469898,0.005,V
serial:COM8/phase_w_v,4998328,1786326469898,0.000,V
serial:COM8/motor_angle,4998330,1786326469898,131.18,deg
serial:COM8/phase_u_v,4998330,1786326469898,0.005,V
serial:COM8/phase_v_v,4998330,1786326469898,0.011,V
serial:COM8/phase_w_v,4998330,1786326469898,0.000,V
serial:COM8/motor_angle,4998332,1786326469898,131.13,deg
serial:COM8/phase_u_v,4998332,1786326469898,0.005,V
serial:COM8/phase_v_v,4998332,1786326469898,0.005,V
serial:COM8/phase_w_v,4998332,1786326469898,0.005,V
serial:COM8/motor_angle,4998334,1786326469898,131.15,deg
serial:COM8/phase_u_v,4998334,1786326469898,0.005,V
serial:COM8/phase_v_v,4998334,1786326469898,0.005,V
serial:COM8/phase_w_v,4998334,1786326469898,0.005,V
serial:COM8/motor_angle,4998336,1786326469898,131.13,deg
serial:COM8/phase_u_v,4998336,1786326469898,0.302,V
serial:COM8/phase_v_v,4998336,1786326469898,0.005,V
serial:COM8/phase_w_v,4998336,1786326469898,0.005,V
serial:COM8/motor_angle,4998338,1786326469898,131.11,deg
serial:COM8/phase_u_v,4998338,1786326469898,0.011,V
serial:COM8/phase_v_v,4998338,1786326469898,0.000,V
serial:COM8/phase_w_v,4998338,1786326469898,0.000,V
serial:COM8/motor_angle,4998340,1786326469898,131.15,deg
serial:COM8/phase_u_v,4998340,1786326469898,0.005,V
serial:COM8/phase_v_v,4998340,1786326469898,0.005,V
serial:COM8/phase_w_v,4998340,1786326469898,0.000,V
serial:COM8/motor_angle,4998342,1786326469898,131.15,deg
serial:COM8/phase_u_v,4998342,1786326469898,0.005,V
serial:COM8/phase_v_v,4998342,1786326469898,0.000,V
serial:COM8/phase_w_v,4998342,1786326469898,0.000,V
serial:COM8/motor_angle,4998344,1786326469898,131.13,deg
serial:COM8/phase_u_v,4998344,1786326469898,0.005,V
serial:COM8/phase_v_v,4998344,1786326469898,0.005,V
serial:COM8/phase_w_v,4998344,1786326469898,0.005,V
serial:COM8/motor_angle,4998346,1786326469898,131.15,deg
serial:COM8/phase_u_v,4998346,1786326469898,0.005,V
serial:COM8/phase_v_v,4998346,1786326469898,0.005,V
serial:COM8/phase_w_v,4998346,1786326469898,0.000,V
serial:COM8/motor_angle,4998348,1786326469898,131.07,deg
serial:COM8/phase_u_v,4998348,1786326469898,0.005,V
serial:COM8/phase_v_v,4998348,1786326469898,0.005,V
serial:COM8/phase_w_v,4998348,1786326469898,0.005,V
serial:COM8/motor_angle,4998350,1786326469898,131.18,deg
serial:COM8/phase_u_v,4998350,1786326469898,0.000,V
serial:COM8/phase_v_v,4998350,1786326469898,0.005,V
serial:COM8/phase_w_v,4998350,1786326469898,0.005,V
serial:COM8/motor_angle,4998352,1786326469972,131.15,deg
serial:COM8/phase_u_v,4998352,1786326469972,0.005,V
serial:COM8/phase_v_v,4998352,1786326469972,0.005,V
serial:COM8/phase_w_v,4998352,1786326469972,0.000,V
serial:COM8/motor_angle,4998354,1786326469972,131.18,deg
serial:COM8/phase_u_v,4998354,1786326469972,0.005,V
serial:COM8/phase_v_v,4998354,1786326469972,0.000,V
serial:COM8/phase_w_v,4998354,1786326469972,0.000,V
serial:COM8/motor_angle,4998356,1786326469972,131.11,deg
serial:COM8/phase_u_v,4998356,1786326469972,0.005,V
serial:COM8/phase_v_v,4998356,1786326469972,0.005,V
serial:COM8/phase_w_v,4998356,1786326469972,0.000,V
serial:COM8/motor_angle,4998358,1786326469972,131.11,deg
serial:COM8/phase_u_v,4998358,1786326469972,0.005,V
serial:COM8/phase_v_v,4998358,1786326469972,0.005,V
serial:COM8/phase_w_v,4998358,1786326469972,0.005,V
serial:COM8/motor_angle,4998360,1786326469972,131.13,deg
serial:COM8/phase_u_v,4998360,1786326469972,0.000,V
serial:COM8/phase_v_v,4998360,1786326469972,0.005,V
serial:COM8/phase_w_v,4998360,1786326469972,0.005,V
serial:COM8/motor_angle,4998362,1786326469972,131.11,deg
serial:COM8/phase_u_v,4998362,1786326469972,0.000,V
serial:COM8/phase_v_v,4998362,1786326469972,0.005,V
serial:COM8/phase_w_v,4998362,1786326469972,0.000,V
serial:COM8/motor_angle,4998364,1786326469972,131.15,deg
serial:COM8/phase_u_v,4998364,1786326469972,0.005,V
serial:COM8/phase_v_v,4998364,1786326469972,0.005,V
serial:COM8/phase_w_v,4998364,1786326469972,0.000,V
serial:COM8/motor_angle,4998366,1786326469972,131.13,deg
serial:COM8/phase_u_v,4998366,1786326469972,0.005,V
serial:COM8/phase_v_v,4998366,1786326469972,0.005,V
serial:COM8/phase_w_v,4998366,1786326469972,0.000,V
serial:COM8/motor_angle,4998368,1786326469972,131.18,deg
serial:COM8/phase_u_v,4998368,1786326469972,0.000,V
serial:COM8/phase_v_v,4998368,1786326469972,0.005,V
serial:COM8/phase_w_v,4998368,1786326469972,0.005,V
serial:COM8/motor_angle,4998370,1786326469972,131.15,deg
serial:COM8/phase_u_v,4998370,1786326469972,0.005,V
serial:COM8/phase_v_v,4998370,1786326469972,0.005,V
serial:COM8/phase_w_v,4998370,1786326469972,0.000,V
serial:COM8/motor_angle,4998372,1786326469972,131.09,deg
serial:COM8/phase_u_v,4998372,1786326469972,0.005,V
serial:COM8/phase_v_v,4998372,1786326469972,0.005,V
serial:COM8/phase_w_v,4998372,1786326469972,0.005,V
serial:COM8/motor_angle,4998374,1786326469972,131.11,deg
serial:COM8/phase_u_v,4998374,1786326469972,0.005,V
serial:COM8/phase_v_v,4998374,1786326469972,0.005,V
serial:COM8/phase_w_v,4998374,1786326469972,0.005,V
serial:COM8/motor_angle,4998376,1786326469972,131.15,deg
serial:COM8/phase_u_v,4998376,1786326469972,0.005,V
serial:COM8/phase_v_v,4998376,1786326469972,0.005,V
serial:COM8/phase_w_v,4998376,1786326469972,0.000,V
serial:COM8/motor_angle,4998378,1786326469972,131.15,deg
serial:COM8/phase_u_v,4998378,1786326469972,0.000,V
serial:COM8/phase_v_v,4998378,1786326469972,0.005,V
serial:COM8/phase_w_v,4998378,1786326469972,0.000,V
serial:COM8/motor_angle,4998380,1786326469972,131.15,deg
serial:COM8/phase_u_v,4998380,1786326469972,0.000,V
serial:COM8/phase_v_v,4998380,1786326469972,0.000,V
serial:COM8/phase_w_v,4998380,1786326469972,0.000,V
serial:COM8/motor_angle,4998382,1786326469972,131.13,deg
serial:COM8/phase_u_v,4998382,1786326469972,0.000,V
serial:COM8/phase_v_v,4998382,1786326469972,0.005,V
serial:COM8/phase_w_v,4998382,1786326469972,0.000,V
serial:COM8/motor_angle,4998384,1786326469972,131.11,deg
serial:COM8/phase_u_v,4998384,1786326469972,0.000,V
serial:COM8/phase_v_v,4998384,1786326469972,0.005,V
serial:COM8/phase_w_v,4998384,1786326469972,0.005,V
serial:COM8/motor_angle,4998386,1786326469972,131.11,deg
serial:COM8/phase_u_v,4998386,1786326469972,0.000,V
serial:COM8/phase_v_v,4998386,1786326469972,0.000,V
serial:COM8/phase_w_v,4998386,1786326469972,0.005,V
serial:COM8/motor_angle,4998388,1786326469972,131.11,deg
serial:COM8/phase_u_v,4998388,1786326469972,0.000,V
serial:COM8/phase_v_v,4998388,1786326469972,0.005,V
serial:COM8/phase_w_v,4998388,1786326469972,0.005,V
serial:COM8/motor_angle,4998390,1786326469972,131.15,deg
serial:COM8/phase_u_v,4998390,1786326469972,0.000,V
serial:COM8/phase_v_v,4998390,1786326469972,0.005,V
serial:COM8/phase_w_v,4998390,1786326469972,0.000,V
serial:COM8/motor_angle,4998392,1786326469972,131.15,deg
serial:COM8/phase_u_v,4998392,1786326469972,0.000,V
serial:COM8/phase_v_v,4998392,1786326469972,0.005,V
serial:COM8/phase_w_v,4998392,1786326469972,0.000,V
serial:COM8/motor_angle,4998394,1786326469972,131.13,deg
serial:COM8/phase_u_v,4998394,1786326469972,0.000,V
serial:COM8/phase_v_v,4998394,1786326469972,0.005,V
serial:COM8/phase_w_v,4998394,1786326469972,0.000,V
serial:COM8/motor_angle,4998396,1786326469972,131.11,deg
serial:COM8/phase_u_v,4998396,1786326469972,0.000,V
serial:COM8/phase_v_v,4998396,1786326469972,0.005,V
serial:COM8/phase_w_v,4998396,1786326469972,0.000,V
serial:COM8/motor_angle,4998398,1786326469972,131.15,deg
serial:COM8/phase_u_v,4998398,1786326469972,0.005,V
serial:COM8/phase_v_v,4998398,1786326469972,0.005,V
serial:COM8/phase_w_v,4998398,1786326469972,0.000,V
serial:COM8/motor_angle,4998400,1786326469972,131.11,deg
serial:COM8/phase_u_v,4998400,1786326469972,0.000,V
serial:COM8/phase_v_v,4998400,1786326469972,0.005,V
serial:COM8/phase_w_v,4998400,1786326469972,0.000,V
serial:COM8/motor_angle,4998402,1786326469972,131.11,deg
serial:COM8/phase_u_v,4998402,1786326469972,0.005,V
serial:COM8/phase_v_v,4998402,1786326469972,0.005,V
serial:COM8/phase_w_v,4998402,1786326469972,0.005,V
serial:COM8/motor_angle,4998404,1786326469972,131.20,deg
serial:COM8/phase_u_v,4998404,1786326469972,0.005,V
serial:COM8/phase_v_v,4998404,1786326469972,0.005,V
serial:COM8/phase_w_v,4998404,1786326469972,0.000,V
serial:COM8/motor_angle,4998406,1786326469972,131.15,deg
serial:COM8/phase_u_v,4998406,1786326469972,0.005,V
serial:COM8/phase_v_v,4998406,1786326469972,0.000,V
serial:COM8/phase_w_v,4998406,1786326469972,0.005,V
serial:COM8/motor_angle,4998408,1786326469972,131.07,deg
serial:COM8/phase_u_v,4998408,1786326469972,0.000,V
serial:COM8/phase_v_v,4998408,1786326469972,0.005,V
serial:COM8/phase_w_v,4998408,1786326469972,0.005,V
serial:COM8/motor_angle,4998410,1786326469972,131.11,deg
serial:COM8/phase_u_v,4998410,1786326469972,0.005,V
serial:COM8/phase_v_v,4998410,1786326469972,0.005,V
serial:COM8/phase_w_v,4998410,1786326469972,0.000,V
serial:COM8/motor_angle,4998412,1786326469972,131.15,deg
serial:COM8/phase_u_v,4998412,1786326469972,0.000,V
serial:COM8/phase_v_v,4998412,1786326469972,0.005,V
serial:COM8/phase_w_v,4998412,1786326469972,0.000,V
serial:COM8/motor_angle,4998414,1786326469972,131.18,deg
serial:COM8/phase_u_v,4998414,1786326469972,0.000,V
serial:COM8/phase_v_v,4998414,1786326469972,0.005,V
serial:COM8/phase_w_v,4998414,1786326469972,0.000,V
serial:COM8/motor_angle,4998416,1786326469972,131.15,deg
serial:COM8/phase_u_v,4998416,1786326469972,0.000,V
serial:COM8/phase_v_v,4998416,1786326469972,0.005,V
serial:COM8/phase_w_v,4998416,1786326469972,0.000,V
serial:COM8/motor_angle,4998418,1786326469972,131.15,deg
serial:COM8/phase_u_v,4998418,1786326469972,0.005,V
serial:COM8/phase_v_v,4998418,1786326469972,0.005,V
serial:COM8/phase_w_v,4998418,1786326469972,0.000,V
serial:COM8/motor_angle,4998420,1786326469972,131.13,deg
serial:COM8/phase_u_v,4998420,1786326469972,0.005,V
serial:COM8/phase_v_v,4998420,1786326469972,0.005,V
serial:COM8/phase_w_v,4998420,1786326469972,0.000,V
serial:COM8/motor_angle,4998422,1786326469972,131.20,deg
serial:COM8/phase_u_v,4998422,1786326469972,0.005,V
serial:COM8/phase_v_v,4998422,1786326469972,0.000,V
serial:COM8/phase_w_v,4998422,1786326469972,0.005,V
serial:COM8/motor_angle,4998424,1786326469972,131.15,deg
serial:COM8/phase_u_v,4998424,1786326469972,0.005,V
serial:COM8/phase_v_v,4998424,1786326469972,0.005,V
serial:COM8/phase_w_v,4998424,1786326469972,0.005,V
serial:COM8/motor_angle,4998426,1786326470044,131.15,deg
serial:COM8/phase_u_v,4998426,1786326470044,0.005,V
serial:COM8/phase_v_v,4998426,1786326470044,0.005,V
serial:COM8/phase_w_v,4998426,1786326470044,0.000,V
serial:COM8/motor_angle,4998428,1786326470044,131.22,deg
serial:COM8/phase_u_v,4998428,1786326470044,0.005,V
serial:COM8/phase_v_v,4998428,1786326470044,0.005,V
serial:COM8/phase_w_v,4998428,1786326470044,0.000,V
serial:COM8/motor_angle,4998430,1786326470044,131.15,deg
serial:COM8/phase_u_v,4998430,1786326470044,0.005,V
serial:COM8/phase_v_v,4998430,1786326470044,0.000,V
serial:COM8/phase_w_v,4998430,1786326470044,0.005,V
serial:COM8/motor_angle,4998432,1786326470044,131.13,deg
serial:COM8/phase_u_v,4998432,1786326470044,0.005,V
serial:COM8/phase_v_v,4998432,1786326470044,0.005,V
serial:COM8/phase_w_v,4998432,1786326470044,0.000,V
serial:COM8/motor_angle,4998434,1786326470044,131.13,deg
serial:COM8/phase_u_v,4998434,1786326470044,0.005,V
serial:COM8/phase_v_v,4998434,1786326470044,0.000,V
serial:COM8/phase_w_v,4998434,1786326470044,0.005,V
serial:COM8/motor_angle,4998436,1786326470044,131.15,deg
serial:COM8/phase_u_v,4998436,1786326470044,0.005,V
serial:COM8/phase_v_v,4998436,1786326470044,0.005,V
serial:COM8/phase_w_v,4998436,1786326470044,0.000,V
serial:COM8/motor_angle,4998438,1786326470044,131.15,deg
serial:COM8/phase_u_v,4998438,1786326470044,0.005,V
serial:COM8/phase_v_v,4998438,1786326470044,0.005,V
serial:COM8/phase_w_v,4998438,1786326470044,0.005,V
serial:COM8/motor_angle,4998440,1786326470044,131.13,deg
serial:COM8/phase_u_v,4998440,1786326470044,0.005,V
serial:COM8/phase_v_v,4998440,1786326470044,0.005,V
serial:COM8/phase_w_v,4998440,1786326470044,0.005,V
serial:COM8/motor_angle,4998442,1786326470044,131.07,deg
serial:COM8/phase_u_v,4998442,1786326470044,0.005,V
serial:COM8/phase_v_v,4998442,1786326470044,0.005,V
serial:COM8/phase_w_v,4998442,1786326470044,0.005,V
serial:COM8/motor_angle,4998444,1786326470044,131.13,deg
serial:COM8/phase_u_v,4998444,1786326470044,0.005,V
serial:COM8/phase_v_v,4998444,1786326470044,0.000,V
serial:COM8/phase_w_v,4998444,1786326470044,0.000,V
serial:COM8/motor_angle,4998446,1786326470044,131.20,deg
serial:COM8/phase_u_v,4998446,1786326470044,0.000,V
serial:COM8/phase_v_v,4998446,1786326470044,0.005,V
serial:COM8/phase_w_v,4998446,1786326470044,0.000,V
serial:COM8/motor_angle,4998448,1786326470044,131.15,deg
serial:COM8/phase_u_v,4998448,1786326470044,0.000,V
serial:COM8/phase_v_v,4998448,1786326470044,0.005,V
serial:COM8/phase_w_v,4998448,1786326470044,0.000,V
serial:COM8/motor_angle,4998450,1786326470044,131.15,deg
serial:COM8/phase_u_v,4998450,1786326470044,0.005,V
serial:COM8/phase_v_v,4998450,1786326470044,0.005,V
serial:COM8/phase_w_v,4998450,1786326470044,0.000,V
serial:COM8/motor_angle,4998452,1786326470044,131.15,deg
serial:COM8/phase_u_v,4998452,1786326470044,0.005,V
serial:COM8/phase_v_v,4998452,1786326470044,0.005,V
serial:COM8/phase_w_v,4998452,1786326470044,0.005,V
serial:COM8/motor_angle,4998454,1786326470044,131.11,deg
serial:COM8/phase_u_v,4998454,1786326470044,0.005,V
serial:COM8/phase_v_v,4998454,1786326470044,0.005,V
serial:COM8/phase_w_v,4998454,1786326470044,0.005,V
serial:COM8/motor_angle,4998456,1786326470044,131.15,deg
serial:COM8/phase_u_v,4998456,1786326470044,0.000,V
serial:COM8/phase_v_v,4998456,1786326470044,0.005,V
serial:COM8/phase_w_v,4998456,1786326470044,0.000,V
serial:COM8/motor_angle,4998458,1786326470044,131.09,deg
serial:COM8/phase_u_v,4998458,1786326470044,0.000,V
serial:COM8/phase_v_v,4998458,1786326470044,0.005,V
serial:COM8/phase_w_v,4998458,1786326470044,0.005,V
serial:COM8/motor_angle,4998460,1786326470044,131.11,deg
serial:COM8/phase_u_v,4998460,1786326470044,0.005,V
serial:COM8/phase_v_v,4998460,1786326470044,0.005,V
serial:COM8/phase_w_v,4998460,1786326470044,0.005,V
serial:COM8/motor_angle,4998462,1786326470044,131.18,deg
serial:COM8/phase_u_v,4998462,1786326470044,0.005,V
serial:COM8/phase_v_v,4998462,1786326470044,0.000,V
serial:COM8/phase_w_v,4998462,1786326470044,0.005,V
serial:COM8/motor_angle,4998464,1786326470044,131.15,deg
serial:COM8/phase_u_v,4998464,1786326470044,0.005,V
serial:COM8/phase_v_v,4998464,1786326470044,0.005,V
serial:COM8/phase_w_v,4998464,1786326470044,0.005,V
serial:COM8/motor_angle,4998466,1786326470044,131.13,deg
serial:COM8/phase_u_v,4998466,1786326470044,0.005,V
serial:COM8/phase_v_v,4998466,1786326470044,0.005,V
serial:COM8/phase_w_v,4998466,1786326470044,0.000,V
serial:COM8/motor_angle,4998468,1786326470044,131.09,deg
serial:COM8/phase_u_v,4998468,1786326470044,0.000,V
serial:COM8/phase_v_v,4998468,1786326470044,0.000,V
serial:COM8/phase_w_v,4998468,1786326470044,0.005,V
serial:COM8/motor_angle,4998470,1786326470044,131.13,deg
serial:COM8/phase_u_v,4998470,1786326470044,0.097,V
serial:COM8/phase_v_v,4998470,1786326470044,0.005,V
serial:COM8/phase_w_v,4998470,1786326470044,0.000,V
serial:COM8/motor_angle,4998472,1786326470044,131.15,deg
serial:COM8/phase_u_v,4998472,1786326470044,0.005,V
serial:COM8/phase_v_v,4998472,1786326470044,0.005,V
serial:COM8/phase_w_v,4998472,1786326470044,0.005,V
serial:COM8/motor_angle,4998474,1786326470044,131.15,deg
serial:COM8/phase_u_v,4998474,1786326470044,0.000,V
serial:COM8/phase_v_v,4998474,1786326470044,0.005,V
serial:COM8/phase_w_v,4998474,1786326470044,0.005,V
serial:COM8/motor_angle,4998476,1786326470044,131.09,deg
serial:COM8/phase_u_v,4998476,1786326470044,0.005,V
serial:COM8/phase_v_v,4998476,1786326470044,0.011,V
serial:COM8/phase_w_v,4998476,1786326470044,0.005,V
serial:COM8/motor_angle,4998478,1786326470044,131.13,deg
serial:COM8/phase_u_v,4998478,1786326470044,0.076,V
serial:COM8/phase_v_v,4998478,1786326470044,0.005,V
serial:COM8/phase_w_v,4998478,1786326470044,0.005,V
serial:COM8/motor_angle,4998480,1786326470044,131.13,deg
serial:COM8/phase_u_v,4998480,1786326470044,0.005,V
serial:COM8/phase_v_v,4998480,1786326470044,0.005,V
serial:COM8/phase_w_v,4998480,1786326470044,0.000,V
serial:COM8/motor_angle,4998482,1786326470044,131.11,deg
serial:COM8/phase_u_v,4998482,1786326470044,0.005,V
serial:COM8/phase_v_v,4998482,1786326470044,0.000,V
serial:COM8/phase_w_v,4998482,1786326470044,0.005,V
serial:COM8/motor_angle,4998484,1786326470044,131.13,deg
serial:COM8/phase_u_v,4998484,1786326470044,0.005,V
serial:COM8/phase_v_v,4998484,1786326470044,0.005,V
serial:COM8/phase_w_v,4998484,1786326470044,0.005,V
serial:COM8/motor_angle,4998486,1786326470044,131.13,deg
serial:COM8/phase_u_v,4998486,1786326470044,0.000,V
serial:COM8/phase_v_v,4998486,1786326470044,0.005,V
serial:COM8/phase_w_v,4998486,1786326470044,0.000,V
serial:COM8/motor_angle,4998488,1786326470044,131.13,deg
serial:COM8/phase_u_v,4998488,1786326470044,0.005,V
serial:COM8/phase_v_v,4998488,1786326470044,0.000,V
serial:COM8/phase_w_v,4998488,1786326470044,0.000,V
serial:COM8/motor_angle,4998490,1786326470044,131.13,deg
serial:COM8/phase_u_v,4998490,1786326470044,0.005,V
serial:COM8/phase_v_v,4998490,1786326470044,0.005,V
serial:COM8/phase_w_v,4998490,1786326470044,0.000,V
serial:COM8/motor_angle,4998492,1786326470044,131.13,deg
serial:COM8/phase_u_v,4998492,1786326470044,0.000,V
serial:COM8/phase_v_v,4998492,1786326470044,0.005,V
serial:COM8/phase_w_v,4998492,1786326470044,0.005,V
serial:COM8/motor_angle,4998494,1786326470044,131.13,deg
serial:COM8/phase_u_v,4998494,1786326470044,0.005,V
serial:COM8/phase_v_v,4998494,1786326470044,0.005,V
serial:COM8/phase_w_v,4998494,1786326470044,0.000,V
serial:COM8/motor_angle,4998496,1786326470044,131.13,deg
serial:COM8/phase_u_v,4998496,1786326470044,0.005,V
serial:COM8/phase_v_v,4998496,1786326470044,0.005,V
serial:COM8/phase_w_v,4998496,1786326470044,0.005,V
serial:COM8/motor_angle,4998498,1786326470117,131.15,deg
serial:COM8/phase_u_v,4998498,1786326470117,0.000,V
serial:COM8/phase_v_v,4998498,1786326470117,0.005,V
serial:COM8/phase_w_v,4998498,1786326470117,0.005,V
serial:COM8/motor_angle,4998500,1786326470117,131.11,deg
serial:COM8/phase_u_v,4998500,1786326470117,0.000,V
serial:COM8/phase_v_v,4998500,1786326470117,0.005,V
serial:COM8/phase_w_v,4998500,1786326470117,0.005,V
serial:COM8/motor_angle,4998502,1786326470117,131.15,deg
serial:COM8/phase_u_v,4998502,1786326470117,0.005,V
serial:COM8/phase_v_v,4998502,1786326470117,0.005,V
serial:COM8/phase_w_v,4998502,1786326470117,0.005,V
serial:COM8/motor_angle,4998504,1786326470117,131.07,deg
serial:COM8/phase_u_v,4998504,1786326470117,0.000,V
serial:COM8/phase_v_v,4998504,1786326470117,0.005,V
serial:COM8/phase_w_v,4998504,1786326470117,0.000,V
serial:COM8/motor_angle,4998506,1786326470117,131.18,deg
serial:COM8/phase_u_v,4998506,1786326470117,0.005,V
serial:COM8/phase_v_v,4998506,1786326470117,0.000,V
serial:COM8/phase_w_v,4998506,1786326470117,0.000,V
serial:COM8/motor_angle,4998508,1786326470117,131.20,deg
serial:COM8/phase_u_v,4998508,1786326470117,0.000,V
serial:COM8/phase_v_v,4998508,1786326470117,0.000,V
serial:COM8/phase_w_v,4998508,1786326470117,0.005,V
serial:COM8/motor_angle,4998510,1786326470117,131.13,deg
serial:COM8/phase_u_v,4998510,1786326470117,0.000,V
serial:COM8/phase_v_v,4998510,1786326470117,0.005,V
serial:COM8/phase_w_v,4998510,1786326470117,0.000,V
serial:COM8/motor_angle,4998512,1786326470117,131.13,deg
serial:COM8/phase_u_v,4998512,1786326470117,0.005,V
serial:COM8/phase_v_v,4998512,1786326470117,0.005,V
serial:COM8/phase_w_v,4998512,1786326470117,0.000,V
serial:COM8/motor_angle,4998514,1786326470117,131.09,deg
serial:COM8/phase_u_v,4998514,1786326470117,0.005,V
serial:COM8/phase_v_v,4998514,1786326470117,0.005,V
serial:COM8/phase_w_v,4998514,1786326470117,0.000,V
serial:COM8/motor_angle,4998516,1786326470117,131.15,deg
serial:COM8/phase_u_v,4998516,1786326470117,0.000,V
serial:COM8/phase_v_v,4998516,1786326470117,0.000,V
serial:COM8/phase_w_v,4998516,1786326470117,0.000,V
serial:COM8/motor_angle,4998518,1786326470117,131.15,deg
serial:COM8/phase_u_v,4998518,1786326470117,0.043,V
serial:COM8/phase_v_v,4998518,1786326470117,0.000,V
serial:COM8/phase_w_v,4998518,1786326470117,0.000,V
serial:COM8/motor_angle,4998520,1786326470117,131.15,deg
serial:COM8/phase_u_v,4998520,1786326470117,0.005,V
serial:COM8/phase_v_v,4998520,1786326470117,0.005,V
serial:COM8/phase_w_v,4998520,1786326470117,0.000,V
serial:COM8/motor_angle,4998522,1786326470117,131.09,deg
serial:COM8/phase_u_v,4998522,1786326470117,0.005,V
serial:COM8/phase_v_v,4998522,1786326470117,0.005,V
serial:COM8/phase_w_v,4998522,1786326470117,0.005,V
serial:COM8/motor_angle,4998524,1786326470117,131.13,deg
serial:COM8/phase_u_v,4998524,1786326470117,0.005,V
serial:COM8/phase_v_v,4998524,1786326470117,0.005,V
serial:COM8/phase_w_v,4998524,1786326470117,0.000,V
serial:COM8/motor_angle,4998526,1786326470117,131.11,deg
serial:COM8/phase_u_v,4998526,1786326470117,0.005,V
serial:COM8/phase_v_v,4998526,1786326470117,0.000,V
serial:COM8/phase_w_v,4998526,1786326470117,0.000,V
serial:COM8/motor_angle,4998528,1786326470117,131.18,deg
serial:COM8/phase_u_v,4998528,1786326470117,0.005,V
serial:COM8/phase_v_v,4998528,1786326470117,0.000,V
serial:COM8/phase_w_v,4998528,1786326470117,0.005,V
serial:COM8/motor_angle,4998530,1786326470117,131.13,deg
serial:COM8/phase_u_v,4998530,1786326470117,0.000,V
serial:COM8/phase_v_v,4998530,1786326470117,0.005,V
serial:COM8/phase_w_v,4998530,1786326470117,0.000,V
serial:COM8/motor_angle,4998532,1786326470117,131.09,deg
serial:COM8/phase_u_v,4998532,1786326470117,0.000,V
serial:COM8/phase_v_v,4998532,1786326470117,0.005,V
serial:COM8/phase_w_v,4998532,1786326470117,0.000,V
serial:COM8/motor_angle,4998534,1786326470117,131.13,deg
serial:COM8/phase_u_v,4998534,1786326470117,0.151,V
serial:COM8/phase_v_v,4998534,1786326470117,0.005,V
serial:COM8/phase_w_v,4998534,1786326470117,0.005,V
serial:COM8/motor_angle,4998536,1786326470117,131.13,deg
serial:COM8/phase_u_v,4998536,1786326470117,0.005,V
serial:COM8/phase_v_v,4998536,1786326470117,0.005,V
serial:COM8/phase_w_v,4998536,1786326470117,0.005,V
serial:COM8/motor_angle,4998538,1786326470117,131.13,deg
serial:COM8/phase_u_v,4998538,1786326470117,0.011,V
serial:COM8/phase_v_v,4998538,1786326470117,0.011,V
serial:COM8/phase_w_v,4998538,1786326470117,0.005,V
serial:COM8/motor_angle,4998540,1786326470117,131.18,deg
serial:COM8/phase_u_v,4998540,1786326470117,0.005,V
serial:COM8/phase_v_v,4998540,1786326470117,0.005,V
serial:COM8/phase_w_v,4998540,1786326470117,0.000,V
serial:COM8/motor_angle,4998542,1786326470117,131.11,deg
serial:COM8/phase_u_v,4998542,1786326470117,0.005,V
serial:COM8/phase_v_v,4998542,1786326470117,0.005,V
serial:COM8/phase_w_v,4998542,1786326470117,0.000,V
serial:COM8/motor_angle,4998544,1786326470117,131.18,deg
serial:COM8/phase_u_v,4998544,1786326470117,0.146,V
serial:COM8/phase_v_v,4998544,1786326470117,0.005,V
serial:COM8/phase_w_v,4998544,1786326470117,0.000,V
serial:COM8/motor_angle,4998546,1786326470117,131.15,deg
serial:COM8/phase_u_v,4998546,1786326470117,0.005,V
serial:COM8/phase_v_v,4998546,1786326470117,0.005,V
serial:COM8/phase_w_v,4998546,1786326470117,0.000,V
serial:COM8/motor_angle,4998548,1786326470117,131.15,deg
serial:COM8/phase_u_v,4998548,1786326470117,0.000,V
serial:COM8/phase_v_v,4998548,1786326470117,0.005,V
serial:COM8/phase_w_v,4998548,1786326470117,0.000,V
serial:COM8/motor_angle,4998550,1786326470117,131.09,deg
serial:COM8/phase_u_v,4998550,1786326470117,0.005,V
serial:COM8/phase_v_v,4998550,1786326470117,0.000,V
serial:COM8/phase_w_v,4998550,1786326470117,0.005,V
serial:COM8/motor_angle,4998552,1786326470117,131.13,deg
serial:COM8/phase_u_v,4998552,1786326470117,0.000,V
serial:COM8/phase_v_v,4998552,1786326470117,0.000,V
serial:COM8/phase_w_v,4998552,1786326470117,0.000,V
serial:COM8/motor_angle,4998554,1786326470117,131.15,deg
serial:COM8/phase_u_v,4998554,1786326470117,0.000,V
serial:COM8/phase_v_v,4998554,1786326470117,0.005,V
serial:COM8/phase_w_v,4998554,1786326470117,0.005,V
serial:COM8/motor_angle,4998556,1786326470117,131.15,deg
serial:COM8/phase_u_v,4998556,1786326470117,0.005,V
serial:COM8/phase_v_v,4998556,1786326470117,0.005,V
serial:COM8/phase_w_v,4998556,1786326470117,0.000,V
serial:COM8/motor_angle,4998558,1786326470117,131.13,deg
serial:COM8/phase_u_v,4998558,1786326470117,0.005,V
serial:COM8/phase_v_v,4998558,1786326470117,0.005,V
serial:COM8/phase_w_v,4998558,1786326470117,0.005,V
serial:COM8/motor_angle,4998560,1786326470117,131.18,deg
serial:COM8/phase_u_v,4998560,1786326470117,0.000,V
serial:COM8/phase_v_v,4998560,1786326470117,0.005,V
serial:COM8/phase_w_v,4998560,1786326470117,0.005,V
serial:COM8/motor_angle,4998562,1786326470117,131.11,deg
serial:COM8/phase_u_v,4998562,1786326470117,0.000,V
serial:COM8/phase_v_v,4998562,1786326470117,0.005,V
serial:COM8/phase_w_v,4998562,1786326470117,0.005,V
serial:COM8/motor_angle,4998564,1786326470117,131.11,deg
serial:COM8/phase_u_v,4998564,1786326470117,0.005,V
serial:COM8/phase_v_v,4998564,1786326470117,0.005,V
serial:COM8/phase_w_v,4998564,1786326470117,0.000,V
serial:COM8/motor_angle,4998566,1786326470117,131.18,deg
serial:COM8/phase_u_v,4998566,1786326470117,0.005,V
serial:COM8/phase_v_v,4998566,1786326470117,0.005,V
serial:COM8/phase_w_v,4998566,1786326470117,0.005,V
serial:COM8/motor_angle,4998568,1786326470117,131.18,deg
serial:COM8/phase_u_v,4998568,1786326470117,0.000,V
serial:COM8/phase_v_v,4998568,1786326470117,0.005,V
serial:COM8/phase_w_v,4998568,1786326470117,0.000,V
serial:COM8/motor_angle,4998570,1786326470187,131.11,deg
serial:COM8/phase_u_v,4998570,1786326470187,0.005,V
serial:COM8/phase_v_v,4998570,1786326470187,0.005,V
serial:COM8/phase_w_v,4998570,1786326470187,0.000,V
serial:COM8/motor_angle,4998572,1786326470187,131.15,deg
serial:COM8/phase_u_v,4998572,1786326470187,0.000,V
serial:COM8/phase_v_v,4998572,1786326470187,0.011,V
serial:COM8/phase_w_v,4998572,1786326470187,0.005,V
serial:COM8/motor_angle,4998574,1786326470187,131.15,deg
serial:COM8/phase_u_v,4998574,1786326470187,0.000,V
serial:COM8/phase_v_v,4998574,1786326470187,0.005,V
serial:COM8/phase_w_v,4998574,1786326470187,0.005,V
serial:COM8/motor_angle,4998576,1786326470187,131.13,deg
serial:COM8/phase_u_v,4998576,1786326470187,0.005,V
serial:COM8/phase_v_v,4998576,1786326470187,0.000,V
serial:COM8/phase_w_v,4998576,1786326470187,0.000,V
serial:COM8/motor_angle,4998578,1786326470187,131.13,deg
serial:COM8/phase_u_v,4998578,1786326470187,0.000,V
serial:COM8/phase_v_v,4998578,1786326470187,0.005,V
serial:COM8/phase_w_v,4998578,1786326470187,0.005,V
serial:COM8/motor_angle,4998580,1786326470187,131.11,deg
serial:COM8/phase_u_v,4998580,1786326470187,0.000,V
serial:COM8/phase_v_v,4998580,1786326470187,0.005,V
serial:COM8/phase_w_v,4998580,1786326470187,0.000,V
serial:COM8/motor_angle,4998582,1786326470187,131.09,deg
serial:COM8/phase_u_v,4998582,1786326470187,0.005,V
serial:COM8/phase_v_v,4998582,1786326470187,0.005,V
serial:COM8/phase_w_v,4998582,1786326470187,0.000,V
serial:COM8/motor_angle,4998584,1786326470187,131.15,deg
serial:COM8/phase_u_v,4998584,1786326470187,0.005,V
serial:COM8/phase_v_v,4998584,1786326470187,0.005,V
serial:COM8/phase_w_v,4998584,1786326470187,0.005,V
serial:COM8/motor_angle,4998586,1786326470187,131.15,deg
serial:COM8/phase_u_v,4998586,1786326470187,0.011,V
serial:COM8/phase_v_v,4998586,1786326470187,0.000,V
serial:COM8/phase_w_v,4998586,1786326470187,0.000,V
serial:COM8/motor_angle,4998588,1786326470187,131.15,deg
serial:COM8/phase_u_v,4998588,1786326470187,0.005,V
serial:COM8/phase_v_v,4998588,1786326470187,0.005,V
serial:COM8/phase_w_v,4998588,1786326470187,0.005,V
serial:COM8/motor_angle,4998590,1786326470187,131.15,deg
serial:COM8/phase_u_v,4998590,1786326470187,0.086,V
serial:COM8/phase_v_v,4998590,1786326470187,0.005,V
serial:COM8/phase_w_v,4998590,1786326470187,0.005,V
serial:COM8/motor_angle,4998592,1786326470187,131.15,deg
serial:COM8/phase_u_v,4998592,1786326470187,0.005,V
serial:COM8/phase_v_v,4998592,1786326470187,0.005,V
serial:COM8/phase_w_v,4998592,1786326470187,0.000,V
serial:COM8/motor_angle,4998594,1786326470187,131.15,deg
serial:COM8/phase_u_v,4998594,1786326470187,0.000,V
serial:COM8/phase_v_v,4998594,1786326470187,0.000,V
serial:COM8/phase_w_v,4998594,1786326470187,0.005,V
serial:COM8/motor_angle,4998596,1786326470187,131.13,deg
serial:COM8/phase_u_v,4998596,1786326470187,0.005,V
serial:COM8/phase_v_v,4998596,1786326470187,0.005,V
serial:COM8/phase_w_v,4998596,1786326470187,0.000,V
serial:COM8/motor_angle,4998598,1786326470187,131.15,deg
serial:COM8/phase_u_v,4998598,1786326470187,0.000,V
serial:COM8/phase_v_v,4998598,1786326470187,0.000,V
serial:COM8/phase_w_v,4998598,1786326470187,0.005,V
serial:COM8/motor_angle,4998600,1786326470187,131.15,deg
serial:COM8/phase_u_v,4998600,1786326470187,0.005,V
serial:COM8/phase_v_v,4998600,1786326470187,0.000,V
serial:COM8/phase_w_v,4998600,1786326470187,0.005,V
serial:COM8/motor_angle,4998602,1786326470187,131.15,deg
serial:COM8/phase_u_v,4998602,1786326470187,0.005,V
serial:COM8/phase_v_v,4998602,1786326470187,0.005,V
serial:COM8/phase_w_v,4998602,1786326470187,0.005,V
serial:COM8/motor_angle,4998604,1786326470187,131.11,deg
serial:COM8/phase_u_v,4998604,1786326470187,0.005,V
serial:COM8/phase_v_v,4998604,1786326470187,0.005,V
serial:COM8/phase_w_v,4998604,1786326470187,0.000,V
serial:COM8/motor_angle,4998606,1786326470187,131.13,deg
serial:COM8/phase_u_v,4998606,1786326470187,0.005,V
serial:COM8/phase_v_v,4998606,1786326470187,0.011,V
serial:COM8/phase_w_v,4998606,1786326470187,0.005,V
serial:COM8/motor_angle,4998608,1786326470187,131.15,deg
serial:COM8/phase_u_v,4998608,1786326470187,0.005,V
serial:COM8/phase_v_v,4998608,1786326470187,0.005,V
serial:COM8/phase_w_v,4998608,1786326470187,0.005,V
serial:COM8/motor_angle,4998610,1786326470187,131.07,deg
serial:COM8/phase_u_v,4998610,1786326470187,0.005,V
serial:COM8/phase_v_v,4998610,1786326470187,0.005,V
serial:COM8/phase_w_v,4998610,1786326470187,0.000,V
serial:COM8/motor_angle,4998612,1786326470187,131.18,deg
serial:COM8/phase_u_v,4998612,1786326470187,0.005,V
serial:COM8/phase_v_v,4998612,1786326470187,0.005,V
serial:COM8/phase_w_v,4998612,1786326470187,0.005,V
serial:COM8/motor_angle,4998614,1786326470187,131.09,deg
serial:COM8/phase_u_v,4998614,1786326470187,0.005,V
serial:COM8/phase_v_v,4998614,1786326470187,0.000,V
serial:COM8/phase_w_v,4998614,1786326470187,0.000,V
serial:COM8/motor_angle,4998616,1786326470187,131.13,deg
serial:COM8/phase_u_v,4998616,1786326470187,0.005,V
serial:COM8/phase_v_v,4998616,1786326470187,0.000,V
serial:COM8/phase_w_v,4998616,1786326470187,0.000,V
serial:COM8/motor_angle,4998618,1786326470187,131.09,deg
serial:COM8/phase_u_v,4998618,1786326470187,0.000,V
serial:COM8/phase_v_v,4998618,1786326470187,0.005,V
serial:COM8/phase_w_v,4998618,1786326470187,0.000,V
serial:COM8/motor_angle,4998620,1786326470187,131.15,deg
serial:COM8/phase_u_v,4998620,1786326470187,0.005,V
serial:COM8/phase_v_v,4998620,1786326470187,0.005,V
serial:COM8/phase_w_v,4998620,1786326470187,0.005,V
serial:COM8/motor_angle,4998622,1786326470187,131.11,deg
serial:COM8/phase_u_v,4998622,1786326470187,0.005,V
serial:COM8/phase_v_v,4998622,1786326470187,0.005,V
serial:COM8/phase_w_v,4998622,1786326470187,0.005,V
serial:COM8/motor_angle,4998624,1786326470187,131.15,deg
serial:COM8/phase_u_v,4998624,1786326470187,0.005,V
serial:COM8/phase_v_v,4998624,1786326470187,0.000,V
serial:COM8/phase_w_v,4998624,1786326470187,0.000,V
serial:COM8/motor_angle,4998626,1786326470187,131.18,deg
serial:COM8/phase_u_v,4998626,1786326470187,0.000,V
serial:COM8/phase_v_v,4998626,1786326470187,0.005,V
serial:COM8/phase_w_v,4998626,1786326470187,0.000,V
serial:COM8/motor_angle,4998628,1786326470187,131.18,deg
serial:COM8/phase_u_v,4998628,1786326470187,0.000,V
serial:COM8/phase_v_v,4998628,1786326470187,0.000,V
serial:COM8/phase_w_v,4998628,1786326470187,0.005,V
serial:COM8/motor_angle,4998630,1786326470187,131.18,deg
serial:COM8/phase_u_v,4998630,1786326470187,0.005,V
serial:COM8/phase_v_v,4998630,1786326470187,0.000,V
serial:COM8/phase_w_v,4998630,1786326470187,0.005,V
serial:COM8/motor_angle,4998632,1786326470187,131.09,deg
serial:COM8/phase_u_v,4998632,1786326470187,0.000,V
serial:COM8/phase_v_v,4998632,1786326470187,0.005,V
serial:COM8/phase_w_v,4998632,1786326470187,0.000,V
serial:COM8/motor_angle,4998634,1786326470187,131.15,deg
serial:COM8/phase_u_v,4998634,1786326470187,0.000,V
serial:COM8/phase_v_v,4998634,1786326470187,0.005,V
serial:COM8/phase_w_v,4998634,1786326470187,0.000,V
serial:COM8/motor_angle,4998636,1786326470187,131.13,deg
serial:COM8/phase_u_v,4998636,1786326470187,0.000,V
serial:COM8/phase_v_v,4998636,1786326470187,0.005,V
serial:COM8/phase_w_v,4998636,1786326470187,0.005,V
serial:COM8/motor_angle,4998638,1786326470187,131.13,deg
serial:COM8/phase_u_v,4998638,1786326470187,0.000,V
serial:COM8/phase_v_v,4998638,1786326470187,0.005,V
serial:COM8/phase_w_v,4998638,1786326470187,0.005,V
serial:COM8/motor_angle,4998640,1786326470187,131.09,deg
serial:COM8/phase_u_v,4998640,1786326470187,0.000,V
serial:COM8/phase_v_v,4998640,1786326470187,0.005,V
serial:COM8/phase_w_v,4998640,1786326470187,0.005,V
serial:COM8/motor_angle,4998642,1786326470262,131.11,deg
serial:COM8/phase_u_v,4998642,1786326470262,0.005,V
serial:COM8/phase_v_v,4998642,1786326470262,0.000,V
serial:COM8/phase_w_v,4998642,1786326470262,0.005,V
serial:COM8/motor_angle,4998644,1786326470262,131.15,deg
serial:COM8/phase_u_v,4998644,1786326470262,0.005,V
serial:COM8/phase_v_v,4998644,1786326470262,0.000,V
serial:COM8/phase_w_v,4998644,1786326470262,0.005,V
serial:COM8/motor_angle,4998646,1786326470262,131.15,deg
serial:COM8/phase_u_v,4998646,1786326470262,0.000,V
serial:COM8/phase_v_v,4998646,1786326470262,0.000,V
serial:COM8/phase_w_v,4998646,1786326470262,0.000,V
serial:COM8/motor_angle,4998648,1786326470262,131.13,deg
serial:COM8/phase_u_v,4998648,1786326470262,0.000,V
serial:COM8/phase_v_v,4998648,1786326470262,0.000,V
serial:COM8/phase_w_v,4998648,1786326470262,0.005,V
serial:COM8/motor_angle,4998650,1786326470262,131.13,deg
serial:COM8/phase_u_v,4998650,1786326470262,0.005,V
serial:COM8/phase_v_v,4998650,1786326470262,0.005,V
serial:COM8/phase_w_v,4998650,1786326470262,0.000,V
serial:COM8/motor_angle,4998652,1786326470262,131.15,deg
serial:COM8/phase_u_v,4998652,1786326470262,0.005,V
serial:COM8/phase_v_v,4998652,1786326470262,0.005,V
serial:COM8/phase_w_v,4998652,1786326470262,0.000,V
serial:COM8/motor_angle,4998654,1786326470262,131.22,deg
serial:COM8/phase_u_v,4998654,1786326470262,0.005,V
serial:COM8/phase_v_v,4998654,1786326470262,0.005,V
serial:COM8/phase_w_v,4998654,1786326470262,0.000,V
serial:COM8/motor_angle,4998656,1786326470262,131.11,deg
serial:COM8/phase_u_v,4998656,1786326470262,0.000,V
serial:COM8/phase_v_v,4998656,1786326470262,0.005,V
serial:COM8/phase_w_v,4998656,1786326470262,0.005,V
serial:COM8/motor_angle,4998658,1786326470262,131.18,deg
serial:COM8/phase_u_v,4998658,1786326470262,0.005,V
serial:COM8/phase_v_v,4998658,1786326470262,0.005,V
serial:COM8/phase_w_v,4998658,1786326470262,0.000,V
serial:COM8/motor_angle,4998660,1786326470262,131.15,deg
serial:COM8/phase_u_v,4998660,1786326470262,0.005,V
serial:COM8/phase_v_v,4998660,1786326470262,0.000,V
serial:COM8/phase_w_v,4998660,1786326470262,0.005,V
serial:COM8/motor_angle,4998662,1786326470262,131.07,deg
serial:COM8/phase_u_v,4998662,1786326470262,0.005,V
serial:COM8/phase_v_v,4998662,1786326470262,0.005,V
serial:COM8/phase_w_v,4998662,1786326470262,0.000,V
serial:COM8/motor_angle,4998664,1786326470262,131.15,deg
serial:COM8/phase_u_v,4998664,1786326470262,0.005,V
serial:COM8/phase_v_v,4998664,1786326470262,0.005,V
serial:COM8/phase_w_v,4998664,1786326470262,0.005,V
serial:COM8/motor_angle,4998666,1786326470262,131.11,deg
serial:COM8/phase_u_v,4998666,1786326470262,0.005,V
serial:COM8/phase_v_v,4998666,1786326470262,0.005,V
serial:COM8/phase_w_v,4998666,1786326470262,0.005,V
serial:COM8/motor_angle,4998668,1786326470262,131.13,deg
serial:COM8/phase_u_v,4998668,1786326470262,0.005,V
serial:COM8/phase_v_v,4998668,1786326470262,0.005,V
serial:COM8/phase_w_v,4998668,1786326470262,0.000,V
serial:COM8/motor_angle,4998670,1786326470262,131.11,deg
serial:COM8/phase_u_v,4998670,1786326470262,0.005,V
serial:COM8/phase_v_v,4998670,1786326470262,0.005,V
serial:COM8/phase_w_v,4998670,1786326470262,0.000,V
serial:COM8/motor_angle,4998672,1786326470262,131.11,deg
serial:COM8/phase_u_v,4998672,1786326470262,0.005,V
serial:COM8/phase_v_v,4998672,1786326470262,0.005,V
serial:COM8/phase_w_v,4998672,1786326470262,0.000,V
serial:COM8/motor_angle,4998674,1786326470262,131.18,deg
serial:COM8/phase_u_v,4998674,1786326470262,0.000,V
serial:COM8/phase_v_v,4998674,1786326470262,0.005,V
serial:COM8/phase_w_v,4998674,1786326470262,0.005,V
serial:COM8/motor_angle,4998676,1786326470262,131.13,deg
serial:COM8/phase_u_v,4998676,1786326470262,0.108,V
serial:COM8/phase_v_v,4998676,1786326470262,0.011,V
serial:COM8/phase_w_v,4998676,1786326470262,0.005,V
serial:COM8/motor_angle,4998678,1786326470262,131.18,deg
serial:COM8/phase_u_v,4998678,1786326470262,0.000,V
serial:COM8/phase_v_v,4998678,1786326470262,0.005,V
serial:COM8/phase_w_v,4998678,1786326470262,0.000,V
serial:COM8/motor_angle,4998680,1786326470262,131.18,deg
serial:COM8/phase_u_v,4998680,1786326470262,0.000,V
serial:COM8/phase_v_v,4998680,1786326470262,0.000,V
serial:COM8/phase_w_v,4998680,1786326470262,0.000,V
serial:COM8/motor_angle,4998682,1786326470262,131.15,deg
serial:COM8/phase_u_v,4998682,1786326470262,0.000,V
serial:COM8/phase_v_v,4998682,1786326470262,0.005,V
serial:COM8/phase_w_v,4998682,1786326470262,0.005,V
serial:COM8/motor_angle,4998684,1786326470262,131.13,deg
serial:COM8/phase_u_v,4998684,1786326470262,0.335,V
serial:COM8/phase_v_v,4998684,1786326470262,0.005,V
serial:COM8/phase_w_v,4998684,1786326470262,0.005,V
serial:COM8/motor_angle,4998686,1786326470262,131.13,deg
serial:COM8/phase_u_v,4998686,1786326470262,0.000,V
serial:COM8/phase_v_v,4998686,1786326470262,0.000,V
serial:COM8/phase_w_v,4998686,1786326470262,0.000,V
serial:COM8/motor_angle,4998688,1786326470262,131.15,deg
serial:COM8/phase_u_v,4998688,1786326470262,0.005,V
serial:COM8/phase_v_v,4998688,1786326470262,0.005,V
serial:COM8/phase_w_v,4998688,1786326470262,0.005,V
serial:COM8/motor_angle,4998690,1786326470262,131.09,deg
serial:COM8/phase_u_v,4998690,1786326470262,0.005,V
serial:COM8/phase_v_v,4998690,1786326470262,0.005,V
serial:COM8/phase_w_v,4998690,1786326470262,0.000,V
serial:COM8/motor_angle,4998692,1786326470262,131.13,deg
serial:COM8/phase_u_v,4998692,1786326470262,0.005,V
serial:COM8/phase_v_v,4998692,1786326470262,0.005,V
serial:COM8/phase_w_v,4998692,1786326470262,0.000,V
serial:COM8/motor_angle,4998694,1786326470262,131.13,deg
serial:COM8/phase_u_v,4998694,1786326470262,0.005,V
serial:COM8/phase_v_v,4998694,1786326470262,0.005,V
serial:COM8/phase_w_v,4998694,1786326470262,0.005,V
serial:COM8/motor_angle,4998696,1786326470262,131.22,deg
serial:COM8/phase_u_v,4998696,1786326470262,0.000,V
serial:COM8/phase_v_v,4998696,1786326470262,0.005,V
serial:COM8/phase_w_v,4998696,1786326470262,0.005,V
serial:COM8/motor_angle,4998698,1786326470262,131.13,deg
serial:COM8/phase_u_v,4998698,1786326470262,0.005,V
serial:COM8/phase_v_v,4998698,1786326470262,0.005,V
serial:COM8/phase_w_v,4998698,1786326470262,0.000,V
serial:COM8/motor_angle,4998700,1786326470262,131.09,deg
serial:COM8/phase_u_v,4998700,1786326470262,0.005,V
serial:COM8/phase_v_v,4998700,1786326470262,0.000,V
serial:COM8/phase_w_v,4998700,1786326470262,0.000,V
serial:COM8/motor_angle,4998702,1786326470262,131.15,deg
serial:COM8/phase_u_v,4998702,1786326470262,0.000,V
serial:COM8/phase_v_v,4998702,1786326470262,0.005,V
serial:COM8/phase_w_v,4998702,1786326470262,0.000,V
serial:COM8/motor_angle,4998704,1786326470262,131.13,deg
serial:COM8/phase_u_v,4998704,1786326470262,0.005,V
serial:COM8/phase_v_v,4998704,1786326470262,0.000,V
serial:COM8/phase_w_v,4998704,1786326470262,0.000,V
serial:COM8/motor_angle,4998706,1786326470262,131.18,deg
serial:COM8/phase_u_v,4998706,1786326470262,0.000,V
serial:COM8/phase_v_v,4998706,1786326470262,0.005,V
serial:COM8/phase_w_v,4998706,1786326470262,0.000,V
serial:COM8/motor_angle,4998708,1786326470262,131.09,deg
serial:COM8/phase_u_v,4998708,1786326470262,0.005,V
serial:COM8/phase_v_v,4998708,1786326470262,0.005,V
serial:COM8/phase_w_v,4998708,1786326470262,0.000,V
serial:COM8/motor_angle,4998710,1786326470262,131.15,deg
serial:COM8/phase_u_v,4998710,1786326470262,0.000,V
serial:COM8/phase_v_v,4998710,1786326470262,0.005,V
serial:COM8/phase_w_v,4998710,1786326470262,0.005,V
serial:COM8/motor_angle,4998712,1786326470262,131.13,deg
serial:COM8/phase_u_v,4998712,1786326470262,0.005,V
serial:COM8/phase_v_v,4998712,1786326470262,0.005,V
serial:COM8/phase_w_v,4998712,1786326470262,0.005,V
serial:COM8/motor_angle,4998714,1786326470262,131.22,deg
serial:COM8/phase_u_v,4998714,1786326470262,0.005,V
serial:COM8/phase_v_v,4998714,1786326470262,0.005,V
serial:COM8/phase_w_v,4998714,1786326470262,0.000,V
serial:COM8/motor_angle,4998716,1786326470334,131.20,deg
serial:COM8/phase_u_v,4998716,1786326470334,0.005,V
serial:COM8/phase_v_v,4998716,1786326470334,0.011,V
serial:COM8/phase_w_v,4998716,1786326470334,0.005,V
serial:COM8/motor_angle,4998718,1786326470334,131.18,deg
serial:COM8/phase_u_v,4998718,1786326470334,0.000,V
serial:COM8/phase_v_v,4998718,1786326470334,0.005,V
serial:COM8/phase_w_v,4998718,1786326470334,0.005,V
serial:COM8/motor_angle,4998720,1786326470334,131.15,deg
serial:COM8/phase_u_v,4998720,1786326470334,0.189,V
serial:COM8/phase_v_v,4998720,1786326470334,0.005,V
serial:COM8/phase_w_v,4998720,1786326470334,0.005,V
serial:COM8/motor_angle,4998722,1786326470334,131.20,deg
serial:COM8/phase_u_v,4998722,1786326470334,0.005,V
serial:COM8/phase_v_v,4998722,1786326470334,0.005,V
serial:COM8/phase_w_v,4998722,1786326470334,0.000,V
serial:COM8/motor_angle,4998724,1786326470334,131.15,deg
serial:COM8/phase_u_v,4998724,1786326470334,0.000,V
serial:COM8/phase_v_v,4998724,1786326470334,0.005,V
serial:COM8/phase_w_v,4998724,1786326470334,0.000,V
serial:COM8/motor_angle,4998726,1786326470334,131.11,deg
serial:COM8/phase_u_v,4998726,1786326470334,0.000,V
serial:COM8/phase_v_v,4998726,1786326470334,0.000,V
serial:COM8/phase_w_v,4998726,1786326470334,0.005,V
serial:COM8/motor_angle,4998728,1786326470334,131.11,deg
serial:COM8/phase_u_v,4998728,1786326470334,0.000,V
serial:COM8/phase_v_v,4998728,1786326470334,0.005,V
serial:COM8/phase_w_v,4998728,1786326470334,0.000,V
serial:COM8/motor_angle,4998730,1786326470334,131.11,deg
serial:COM8/phase_u_v,4998730,1786326470334,0.000,V
serial:COM8/phase_v_v,4998730,1786326470334,0.005,V
serial:COM8/phase_w_v,4998730,1786326470334,0.005,V
serial:COM8/motor_angle,4998732,1786326470334,131.13,deg
serial:COM8/phase_u_v,4998732,1786326470334,0.005,V
serial:COM8/phase_v_v,4998732,1786326470334,0.000,V
serial:COM8/phase_w_v,4998732,1786326470334,0.005,V
serial:COM8/motor_angle,4998734,1786326470334,131.20,deg
serial:COM8/phase_u_v,4998734,1786326470334,0.005,V
serial:COM8/phase_v_v,4998734,1786326470334,0.005,V
serial:COM8/phase_w_v,4998734,1786326470334,0.000,V
serial:COM8/motor_angle,4998736,1786326470334,131.15,deg
serial:COM8/phase_u_v,4998736,1786326470334,0.000,V
serial:COM8/phase_v_v,4998736,1786326470334,0.005,V
serial:COM8/phase_w_v,4998736,1786326470334,0.005,V
serial:COM8/motor_angle,4998738,1786326470334,131.09,deg
serial:COM8/phase_u_v,4998738,1786326470334,0.000,V
serial:COM8/phase_v_v,4998738,1786326470334,0.005,V
serial:COM8/phase_w_v,4998738,1786326470334,0.000,V
serial:COM8/motor_angle,4998740,1786326470334,131.15,deg
serial:COM8/phase_u_v,4998740,1786326470334,0.005,V
serial:COM8/phase_v_v,4998740,1786326470334,0.005,V
serial:COM8/phase_w_v,4998740,1786326470334,0.000,V
serial:COM8/motor_angle,4998742,1786326470334,131.13,deg
serial:COM8/phase_u_v,4998742,1786326470334,0.005,V
serial:COM8/phase_v_v,4998742,1786326470334,0.005,V
serial:COM8/phase_w_v,4998742,1786326470334,0.005,V
serial:COM8/motor_angle,4998744,1786326470334,131.13,deg
serial:COM8/phase_u_v,4998744,1786326470334,0.005,V
serial:COM8/phase_v_v,4998744,1786326470334,0.005,V
serial:COM8/phase_w_v,4998744,1786326470334,0.000,V
serial:COM8/motor_angle,4998746,1786326470334,131.13,deg
serial:COM8/phase_u_v,4998746,1786326470334,0.005,V
serial:COM8/phase_v_v,4998746,1786326470334,0.011,V
serial:COM8/phase_w_v,4998746,1786326470334,0.005,V
serial:COM8/motor_angle,4998748,1786326470334,131.09,deg
serial:COM8/phase_u_v,4998748,1786326470334,0.005,V
serial:COM8/phase_v_v,4998748,1786326470334,0.005,V
serial:COM8/phase_w_v,4998748,1786326470334,0.005,V
serial:COM8/motor_angle,4998750,1786326470334,131.11,deg
serial:COM8/phase_u_v,4998750,1786326470334,0.000,V
serial:COM8/phase_v_v,4998750,1786326470334,0.005,V
serial:COM8/phase_w_v,4998750,1786326470334,0.000,V
serial:COM8/motor_angle,4998752,1786326470334,131.15,deg
serial:COM8/phase_u_v,4998752,1786326470334,0.005,V
serial:COM8/phase_v_v,4998752,1786326470334,0.005,V
serial:COM8/phase_w_v,4998752,1786326470334,0.005,V
serial:COM8/motor_angle,4998754,1786326470334,131.15,deg
serial:COM8/phase_u_v,4998754,1786326470334,0.005,V
serial:COM8/phase_v_v,4998754,1786326470334,0.005,V
serial:COM8/phase_w_v,4998754,1786326470334,0.005,V
serial:COM8/motor_angle,4998756,1786326470334,131.13,deg
serial:COM8/phase_u_v,4998756,1786326470334,0.005,V
serial:COM8/phase_v_v,4998756,1786326470334,0.005,V
serial:COM8/phase_w_v,4998756,1786326470334,0.005,V
serial:COM8/motor_angle,4998758,1786326470334,131.13,deg
serial:COM8/phase_u_v,4998758,1786326470334,0.000,V
serial:COM8/phase_v_v,4998758,1786326470334,0.005,V
serial:COM8/phase_w_v,4998758,1786326470334,0.000,V
serial:COM8/motor_angle,4998760,1786326470334,131.18,deg
serial:COM8/phase_u_v,4998760,1786326470334,0.005,V
serial:COM8/phase_v_v,4998760,1786326470334,0.005,V
serial:COM8/phase_w_v,4998760,1786326470334,0.000,V
serial:COM8/motor_angle,4998762,1786326470334,131.13,deg
serial:COM8/phase_u_v,4998762,1786326470334,0.005,V
serial:COM8/phase_v_v,4998762,1786326470334,0.005,V
serial:COM8/phase_w_v,4998762,1786326470334,0.005,V
serial:COM8/motor_angle,4998764,1786326470334,131.18,deg
serial:COM8/phase_u_v,4998764,1786326470334,0.005,V
serial:COM8/phase_v_v,4998764,1786326470334,0.005,V
serial:COM8/phase_w_v,4998764,1786326470334,0.000,V
serial:COM8/motor_angle,4998766,1786326470334,131.18,deg
serial:COM8/phase_u_v,4998766,1786326470334,0.000,V
serial:COM8/phase_v_v,4998766,1786326470334,0.000,V
serial:COM8/phase_w_v,4998766,1786326470334,0.005,V
serial:COM8/motor_angle,4998768,1786326470334,131.13,deg
serial:COM8/phase_u_v,4998768,1786326470334,0.005,V
serial:COM8/phase_v_v,4998768,1786326470334,0.005,V
serial:COM8/phase_w_v,4998768,1786326470334,0.005,V
serial:COM8/motor_angle,4998770,1786326470334,131.13,deg
serial:COM8/phase_u_v,4998770,1786326470334,0.000,V
serial:COM8/phase_v_v,4998770,1786326470334,0.000,V
serial:COM8/phase_w_v,4998770,1786326470334,0.005,V
serial:COM8/motor_angle,4998772,1786326470334,131.18,deg
serial:COM8/phase_u_v,4998772,1786326470334,0.005,V
serial:COM8/phase_v_v,4998772,1786326470334,0.000,V
serial:COM8/phase_w_v,4998772,1786326470334,0.000,V
serial:COM8/motor_angle,4998774,1786326470334,131.13,deg
serial:COM8/phase_u_v,4998774,1786326470334,0.005,V
serial:COM8/phase_v_v,4998774,1786326470334,0.000,V
serial:COM8/phase_w_v,4998774,1786326470334,0.000,V
serial:COM8/motor_angle,4998776,1786326470334,131.13,deg
serial:COM8/phase_u_v,4998776,1786326470334,0.059,V
serial:COM8/phase_v_v,4998776,1786326470334,0.005,V
serial:COM8/phase_w_v,4998776,1786326470334,0.000,V
serial:COM8/motor_angle,4998778,1786326470334,131.09,deg
serial:COM8/phase_u_v,4998778,1786326470334,0.005,V
serial:COM8/phase_v_v,4998778,1786326470334,0.000,V
serial:COM8/phase_w_v,4998778,1786326470334,0.000,V
serial:COM8/motor_angle,4998780,1786326470334,131.13,deg
serial:COM8/phase_u_v,4998780,1786326470334,0.000,V
serial:COM8/phase_v_v,4998780,1786326470334,0.000,V
serial:COM8/phase_w_v,4998780,1786326470334,0.000,V
serial:COM8/motor_angle,4998782,1786326470334,131.11,deg
serial:COM8/phase_u_v,4998782,1786326470334,0.005,V
serial:COM8/phase_v_v,4998782,1786326470334,0.000,V
serial:COM8/phase_w_v,4998782,1786326470334,0.005,V
serial:COM8/motor_angle,4998784,1786326470334,131.11,deg
serial:COM8/phase_u_v,4998784,1786326470334,0.005,V
serial:COM8/phase_v_v,4998784,1786326470334,0.005,V
serial:COM8/phase_w_v,4998784,1786326470334,0.000,V
serial:COM8/motor_angle,4998786,1786326470334,131.15,deg
serial:COM8/phase_u_v,4998786,1786326470334,0.000,V
serial:COM8/phase_v_v,4998786,1786326470334,0.005,V
serial:COM8/phase_w_v,4998786,1786326470334,0.005,V
serial:COM8/motor_angle,4998788,1786326470406,131.15,deg
serial:COM8/phase_u_v,4998788,1786326470406,0.005,V
serial:COM8/phase_v_v,4998788,1786326470406,0.005,V
serial:COM8/phase_w_v,4998788,1786326470406,0.005,V
serial:COM8/motor_angle,4998790,1786326470406,131.11,deg
serial:COM8/phase_u_v,4998790,1786326470406,0.000,V
serial:COM8/phase_v_v,4998790,1786326470406,0.005,V
serial:COM8/phase_w_v,4998790,1786326470406,0.000,V
serial:COM8/motor_angle,4998792,1786326470406,131.13,deg
serial:COM8/phase_u_v,4998792,1786326470406,0.000,V
serial:COM8/phase_v_v,4998792,1786326470406,0.005,V
serial:COM8/phase_w_v,4998792,1786326470406,0.005,V
serial:COM8/motor_angle,4998794,1786326470406,131.09,deg
serial:COM8/phase_u_v,4998794,1786326470406,0.000,V
serial:COM8/phase_v_v,4998794,1786326470406,0.000,V
serial:COM8/phase_w_v,4998794,1786326470406,0.005,V
serial:COM8/motor_angle,4998796,1786326470406,131.18,deg
serial:COM8/phase_u_v,4998796,1786326470406,0.005,V
serial:COM8/phase_v_v,4998796,1786326470406,0.005,V
serial:COM8/phase_w_v,4998796,1786326470406,0.000,V
serial:COM8/motor_angle,4998798,1786326470406,131.09,deg
serial:COM8/phase_u_v,4998798,1786326470406,0.005,V
serial:COM8/phase_v_v,4998798,1786326470406,0.005,V
serial:COM8/phase_w_v,4998798,1786326470406,0.000,V
serial:COM8/motor_angle,4998800,1786326470406,131.11,deg
serial:COM8/phase_u_v,4998800,1786326470406,0.005,V
serial:COM8/phase_v_v,4998800,1786326470406,0.005,V
serial:COM8/phase_w_v,4998800,1786326470406,0.000,V
serial:COM8/motor_angle,4998802,1786326470406,131.18,deg
serial:COM8/phase_u_v,4998802,1786326470406,0.005,V
serial:COM8/phase_v_v,4998802,1786326470406,0.005,V
serial:COM8/phase_w_v,4998802,1786326470406,0.000,V
serial:COM8/motor_angle,4998804,1786326470406,131.11,deg
serial:COM8/phase_u_v,4998804,1786326470406,0.005,V
serial:COM8/phase_v_v,4998804,1786326470406,0.000,V
serial:COM8/phase_w_v,4998804,1786326470406,0.000,V
serial:COM8/motor_angle,4998806,1786326470406,131.13,deg
serial:COM8/phase_u_v,4998806,1786326470406,0.000,V
serial:COM8/phase_v_v,4998806,1786326470406,0.005,V
serial:COM8/phase_w_v,4998806,1786326470406,0.000,V
serial:COM8/motor_angle,4998808,1786326470406,131.11,deg
serial:COM8/phase_u_v,4998808,1786326470406,0.005,V
serial:COM8/phase_v_v,4998808,1786326470406,0.005,V
serial:COM8/phase_w_v,4998808,1786326470406,0.005,V
serial:COM8/motor_angle,4998810,1786326470406,131.13,deg
serial:COM8/phase_u_v,4998810,1786326470406,0.000,V
serial:COM8/phase_v_v,4998810,1786326470406,0.000,V
serial:COM8/phase_w_v,4998810,1786326470406,0.005,V
serial:COM8/motor_angle,4998812,1786326470406,131.15,deg
serial:COM8/phase_u_v,4998812,1786326470406,0.000,V
serial:COM8/phase_v_v,4998812,1786326470406,0.000,V
serial:COM8/phase_w_v,4998812,1786326470406,0.000,V
serial:COM8/motor_angle,4998814,1786326470406,131.13,deg
serial:COM8/phase_u_v,4998814,1786326470406,0.005,V
serial:COM8/phase_v_v,4998814,1786326470406,0.005,V
serial:COM8/phase_w_v,4998814,1786326470406,0.005,V
serial:COM8/motor_angle,4998816,1786326470406,131.09,deg
serial:COM8/phase_u_v,4998816,1786326470406,0.000,V
serial:COM8/phase_v_v,4998816,1786326470406,0.000,V
serial:COM8/phase_w_v,4998816,1786326470406,0.000,V
serial:COM8/motor_angle,4998818,1786326470406,131.13,deg
serial:COM8/phase_u_v,4998818,1786326470406,0.000,V
serial:COM8/phase_v_v,4998818,1786326470406,0.005,V
serial:COM8/phase_w_v,4998818,1786326470406,0.005,V
serial:COM8/motor_angle,4998820,1786326470406,131.15,deg
serial:COM8/phase_u_v,4998820,1786326470406,0.000,V
serial:COM8/phase_v_v,4998820,1786326470406,0.005,V
serial:COM8/phase_w_v,4998820,1786326470406,0.000,V
serial:COM8/motor_angle,4998822,1786326470406,131.07,deg
serial:COM8/phase_u_v,4998822,1786326470406,0.005,V
serial:COM8/phase_v_v,4998822,1786326470406,0.005,V
serial:COM8/phase_w_v,4998822,1786326470406,0.000,V
serial:COM8/motor_angle,4998824,1786326470406,131.15,deg
serial:COM8/phase_u_v,4998824,1786326470406,0.005,V
serial:COM8/phase_v_v,4998824,1786326470406,0.005,V
serial:COM8/phase_w_v,4998824,1786326470406,0.005,V
serial:COM8/motor_angle,4998826,1786326470406,131.18,deg
serial:COM8/phase_u_v,4998826,1786326470406,0.000,V
serial:COM8/phase_v_v,4998826,1786326470406,0.005,V
serial:COM8/phase_w_v,4998826,1786326470406,0.000,V
serial:COM8/motor_angle,4998828,1786326470406,131.11,deg
serial:COM8/phase_u_v,4998828,1786326470406,0.027,V
serial:COM8/phase_v_v,4998828,1786326470406,0.005,V
serial:COM8/phase_w_v,4998828,1786326470406,0.005,V
serial:COM8/motor_angle,4998830,1786326470406,131.13,deg
serial:COM8/phase_u_v,4998830,1786326470406,0.005,V
serial:COM8/phase_v_v,4998830,1786326470406,0.000,V
serial:COM8/phase_w_v,4998830,1786326470406,0.000,V
serial:COM8/motor_angle,4998832,1786326470406,131.15,deg
serial:COM8/phase_u_v,4998832,1786326470406,0.005,V
serial:COM8/phase_v_v,4998832,1786326470406,0.005,V
serial:COM8/phase_w_v,4998832,1786326470406,0.000,V
serial:COM8/motor_angle,4998834,1786326470406,131.24,deg
serial:COM8/phase_u_v,4998834,1786326470406,0.000,V
serial:COM8/phase_v_v,4998834,1786326470406,0.005,V
serial:COM8/phase_w_v,4998834,1786326470406,0.000,V
serial:COM8/motor_angle,4998836,1786326470406,131.09,deg
serial:COM8/phase_u_v,4998836,1786326470406,0.005,V
serial:COM8/phase_v_v,4998836,1786326470406,0.005,V
serial:COM8/phase_w_v,4998836,1786326470406,0.000,V
serial:COM8/motor_angle,4998838,1786326470406,131.13,deg
serial:COM8/phase_u_v,4998838,1786326470406,0.005,V
serial:COM8/phase_v_v,4998838,1786326470406,0.000,V
serial:COM8/phase_w_v,4998838,1786326470406,0.005,V
serial:COM8/motor_angle,4998840,1786326470406,131.13,deg
serial:COM8/phase_u_v,4998840,1786326470406,0.000,V
serial:COM8/phase_v_v,4998840,1786326470406,0.005,V
serial:COM8/phase_w_v,4998840,1786326470406,0.005,V
serial:COM8/motor_angle,4998842,1786326470406,131.15,deg
serial:COM8/phase_u_v,4998842,1786326470406,0.005,V
serial:COM8/phase_v_v,4998842,1786326470406,0.005,V
serial:COM8/phase_w_v,4998842,1786326470406,0.005,V
serial:COM8/motor_angle,4998844,1786326470406,131.15,deg
serial:COM8/phase_u_v,4998844,1786326470406,0.000,V
serial:COM8/phase_v_v,4998844,1786326470406,0.005,V
serial:COM8/phase_w_v,4998844,1786326470406,0.000,V
serial:COM8/motor_angle,4998846,1786326470406,131.11,deg
serial:COM8/phase_u_v,4998846,1786326470406,0.005,V
serial:COM8/phase_v_v,4998846,1786326470406,0.000,V
serial:COM8/phase_w_v,4998846,1786326470406,0.000,V
serial:COM8/motor_angle,4998848,1786326470406,131.13,deg
serial:COM8/phase_u_v,4998848,1786326470406,0.000,V
serial:COM8/phase_v_v,4998848,1786326470406,0.005,V
serial:COM8/phase_w_v,4998848,1786326470406,0.005,V
serial:COM8/motor_angle,4998850,1786326470406,131.07,deg
serial:COM8/phase_u_v,4998850,1786326470406,0.005,V
serial:COM8/phase_v_v,4998850,1786326470406,0.005,V
serial:COM8/phase_w_v,4998850,1786326470406,0.005,V
serial:COM8/motor_angle,4998852,1786326470406,131.15,deg
serial:COM8/phase_u_v,4998852,1786326470406,0.005,V
serial:COM8/phase_v_v,4998852,1786326470406,0.005,V
serial:COM8/phase_w_v,4998852,1786326470406,0.000,V
serial:COM8/motor_angle,4998854,1786326470406,131.15,deg
serial:COM8/phase_u_v,4998854,1786326470406,0.005,V
serial:COM8/phase_v_v,4998854,1786326470406,0.005,V
serial:COM8/phase_w_v,4998854,1786326470406,0.005,V
serial:COM8/motor_angle,4998856,1786326470406,131.15,deg
serial:COM8/phase_u_v,4998856,1786326470406,0.000,V
serial:COM8/phase_v_v,4998856,1786326470406,0.000,V
serial:COM8/phase_w_v,4998856,1786326470406,0.000,V
serial:COM8/motor_angle,4998858,1786326470406,131.11,deg
serial:COM8/phase_u_v,4998858,1786326470406,0.000,V
serial:COM8/phase_v_v,4998858,1786326470406,0.005,V
serial:COM8/phase_w_v,4998858,1786326470406,0.005,V
serial:COM8/motor_angle,4998860,1786326470478,131.11,deg
serial:COM8/phase_u_v,4998860,1786326470478,0.005,V
serial:COM8/phase_v_v,4998860,1786326470478,0.005,V
serial:COM8/phase_w_v,4998860,1786326470478,0.000,V
serial:COM8/motor_angle,4998862,1786326470478,131.18,deg
serial:COM8/phase_u_v,4998862,1786326470478,0.000,V
serial:COM8/phase_v_v,4998862,1786326470478,0.005,V
serial:COM8/phase_w_v,4998862,1786326470478,0.000,V
serial:COM8/motor_angle,4998864,1786326470478,131.13,deg
serial:COM8/phase_u_v,4998864,1786326470478,0.372,V
serial:COM8/phase_v_v,4998864,1786326470478,0.005,V
serial:COM8/phase_w_v,4998864,1786326470478,0.000,V
serial:COM8/motor_angle,4998866,1786326470478,131.15,deg
serial:COM8/phase_u_v,4998866,1786326470478,0.000,V
serial:COM8/phase_v_v,4998866,1786326470478,0.005,V
serial:COM8/phase_w_v,4998866,1786326470478,0.005,V
serial:COM8/motor_angle,4998868,1786326470478,131.15,deg
serial:COM8/phase_u_v,4998868,1786326470478,0.000,V
serial:COM8/phase_v_v,4998868,1786326470478,0.000,V
serial:COM8/phase_w_v,4998868,1786326470478,0.005,V
serial:COM8/motor_angle,4998870,1786326470478,131.13,deg
serial:COM8/phase_u_v,4998870,1786326470478,0.005,V
serial:COM8/phase_v_v,4998870,1786326470478,0.005,V
serial:COM8/phase_w_v,4998870,1786326470478,0.005,V
serial:COM8/motor_angle,4998872,1786326470478,131.13,deg
serial:COM8/phase_u_v,4998872,1786326470478,0.005,V
serial:COM8/phase_v_v,4998872,1786326470478,0.000,V
serial:COM8/phase_w_v,4998872,1786326470478,0.005,V
serial:COM8/motor_angle,4998874,1786326470478,131.15,deg
serial:COM8/phase_u_v,4998874,1786326470478,0.005,V
serial:COM8/phase_v_v,4998874,1786326470478,0.005,V
serial:COM8/phase_w_v,4998874,1786326470478,0.000,V
serial:COM8/motor_angle,4998876,1786326470478,131.18,deg
serial:COM8/phase_u_v,4998876,1786326470478,0.000,V
serial:COM8/phase_v_v,4998876,1786326470478,0.000,V
serial:COM8/phase_w_v,4998876,1786326470478,0.005,V
serial:COM8/motor_angle,4998878,1786326470478,131.15,deg
serial:COM8/phase_u_v,4998878,1786326470478,0.000,V
serial:COM8/phase_v_v,4998878,1786326470478,0.000,V
serial:COM8/phase_w_v,4998878,1786326470478,0.000,V
serial:COM8/motor_angle,4998880,1786326470478,131.11,deg
serial:COM8/phase_u_v,4998880,1786326470478,0.000,V
serial:COM8/phase_v_v,4998880,1786326470478,0.005,V
serial:COM8/phase_w_v,4998880,1786326470478,0.005,V
serial:COM8/motor_angle,4998882,1786326470478,131.13,deg
serial:COM8/phase_u_v,4998882,1786326470478,0.000,V
serial:COM8/phase_v_v,4998882,1786326470478,0.005,V
serial:COM8/phase_w_v,4998882,1786326470478,0.000,V
serial:COM8/motor_angle,4998884,1786326470478,131.15,deg
serial:COM8/phase_u_v,4998884,1786326470478,0.005,V
serial:COM8/phase_v_v,4998884,1786326470478,0.005,V
serial:COM8/phase_w_v,4998884,1786326470478,0.005,V
serial:COM8/motor_angle,4998886,1786326470478,131.11,deg
serial:COM8/phase_u_v,4998886,1786326470478,0.000,V
serial:COM8/phase_v_v,4998886,1786326470478,0.005,V
serial:COM8/phase_w_v,4998886,1786326470478,0.005,V
serial:COM8/motor_angle,4998888,1786326470478,131.11,deg
serial:COM8/phase_u_v,4998888,1786326470478,0.005,V
serial:COM8/phase_v_v,4998888,1786326470478,0.005,V
serial:COM8/phase_w_v,4998888,1786326470478,0.000,V
serial:COM8/motor_angle,4998890,1786326470478,131.13,deg
serial:COM8/phase_u_v,4998890,1786326470478,0.005,V
serial:COM8/phase_v_v,4998890,1786326470478,0.000,V
serial:COM8/phase_w_v,4998890,1786326470478,0.005,V
serial:COM8/motor_angle,4998892,1786326470478,131.07,deg
serial:COM8/phase_u_v,4998892,1786326470478,0.000,V
serial:COM8/phase_v_v,4998892,1786326470478,0.000,V
serial:COM8/phase_w_v,4998892,1786326470478,0.005,V
serial:COM8/motor_angle,4998894,1786326470478,131.22,deg
serial:COM8/phase_u_v,4998894,1786326470478,0.005,V
serial:COM8/phase_v_v,4998894,1786326470478,0.000,V
serial:COM8/phase_w_v,4998894,1786326470478,0.005,V
serial:COM8/motor_angle,4998896,1786326470478,131.13,deg
serial:COM8/phase_u_v,4998896,1786326470478,0.005,V
serial:COM8/phase_v_v,4998896,1786326470478,0.000,V
serial:COM8/phase_w_v,4998896,1786326470478,0.000,V
serial:COM8/motor_angle,4998898,1786326470478,131.18,deg
serial:COM8/phase_u_v,4998898,1786326470478,0.000,V
serial:COM8/phase_v_v,4998898,1786326470478,0.011,V
serial:COM8/phase_w_v,4998898,1786326470478,0.005,V
serial:COM8/motor_angle,4998900,1786326470478,131.15,deg
serial:COM8/phase_u_v,4998900,1786326470478,0.005,V
serial:COM8/phase_v_v,4998900,1786326470478,0.005,V
serial:COM8/phase_w_v,4998900,1786326470478,0.000,V
serial:COM8/motor_angle,4998902,1786326470478,131.15,deg
serial:COM8/phase_u_v,4998902,1786326470478,0.038,V
serial:COM8/phase_v_v,4998902,1786326470478,0.005,V
serial:COM8/phase_w_v,4998902,1786326470478,0.000,V
serial:COM8/motor_angle,4998904,1786326470478,131.13,deg
serial:COM8/phase_u_v,4998904,1786326470478,0.005,V
serial:COM8/phase_v_v,4998904,1786326470478,0.000,V
serial:COM8/phase_w_v,4998904,1786326470478,0.005,V
serial:COM8/motor_angle,4998906,1786326470478,131.09,deg
serial:COM8/phase_u_v,4998906,1786326470478,0.005,V
serial:COM8/phase_v_v,4998906,1786326470478,0.005,V
serial:COM8/phase_w_v,4998906,1786326470478,0.005,V
serial:COM8/motor_angle,4998908,1786326470478,131.15,deg
serial:COM8/phase_u_v,4998908,1786326470478,0.000,V
serial:COM8/phase_v_v,4998908,1786326470478,0.000,V
serial:COM8/phase_w_v,4998908,1786326470478,0.000,V
serial:COM8/motor_angle,4998910,1786326470478,131.15,deg
serial:COM8/phase_u_v,4998910,1786326470478,0.000,V
serial:COM8/phase_v_v,4998910,1786326470478,0.005,V
serial:COM8/phase_w_v,4998910,1786326470478,0.000,V
serial:COM8/motor_angle,4998912,1786326470478,131.15,deg
serial:COM8/phase_u_v,4998912,1786326470478,0.005,V
serial:COM8/phase_v_v,4998912,1786326470478,0.005,V
serial:COM8/phase_w_v,4998912,1786326470478,0.000,V
serial:COM8/motor_angle,4998914,1786326470478,131.15,deg
serial:COM8/phase_u_v,4998914,1786326470478,0.005,V
serial:COM8/phase_v_v,4998914,1786326470478,0.000,V
serial:COM8/phase_w_v,4998914,1786326470478,0.000,V
serial:COM8/motor_angle,4998916,1786326470478,131.13,deg
serial:COM8/phase_u_v,4998916,1786326470478,0.000,V
serial:COM8/phase_v_v,4998916,1786326470478,0.005,V
serial:COM8/phase_w_v,4998916,1786326470478,0.000,V
serial:COM8/motor_angle,4998918,1786326470478,131.15,deg
serial:COM8/phase_u_v,4998918,1786326470478,0.005,V
serial:COM8/phase_v_v,4998918,1786326470478,0.005,V
serial:COM8/phase_w_v,4998918,1786326470478,0.005,V
serial:COM8/motor_angle,4998920,1786326470478,131.13,deg
serial:COM8/phase_u_v,4998920,1786326470478,0.005,V
serial:COM8/phase_v_v,4998920,1786326470478,0.005,V
serial:COM8/phase_w_v,4998920,1786326470478,0.005,V
serial:COM8/motor_angle,4998922,1786326470478,131.11,deg
serial:COM8/phase_u_v,4998922,1786326470478,0.005,V
serial:COM8/phase_v_v,4998922,1786326470478,0.005,V
serial:COM8/phase_w_v,4998922,1786326470478,0.005,V
serial:COM8/motor_angle,4998924,1786326470478,131.07,deg
serial:COM8/phase_u_v,4998924,1786326470478,0.005,V
serial:COM8/phase_v_v,4998924,1786326470478,0.005,V
serial:COM8/phase_w_v,4998924,1786326470478,0.000,V
serial:COM8/motor_angle,4998926,1786326470478,131.15,deg
serial:COM8/phase_u_v,4998926,1786326470478,0.005,V
serial:COM8/phase_v_v,4998926,1786326470478,0.005,V
serial:COM8/phase_w_v,4998926,1786326470478,0.000,V
serial:COM8/motor_angle,4998928,1786326470478,131.15,deg
serial:COM8/phase_u_v,4998928,1786326470478,0.000,V
serial:COM8/phase_v_v,4998928,1786326470478,0.005,V
serial:COM8/phase_w_v,4998928,1786326470478,0.000,V
serial:COM8/motor_angle,4998930,1786326470478,131.15,deg
serial:COM8/phase_u_v,4998930,1786326470478,0.005,V
serial:COM8/phase_v_v,4998930,1786326470478,0.005,V
serial:COM8/phase_w_v,4998930,1786326470478,0.000,V
serial:COM8/motor_angle,4998932,1786326470552,131.15,deg
serial:COM8/phase_u_v,4998932,1786326470552,0.000,V
serial:COM8/phase_v_v,4998932,1786326470552,0.000,V
serial:COM8/phase_w_v,4998932,1786326470552,0.000,V
serial:COM8/motor_angle,4998934,1786326470552,131.09,deg
serial:COM8/phase_u_v,4998934,1786326470552,0.005,V
serial:COM8/phase_v_v,4998934,1786326470552,0.005,V
serial:COM8/phase_w_v,4998934,1786326470552,0.005,V
serial:COM8/motor_angle,4998936,1786326470552,131.13,deg
serial:COM8/phase_u_v,4998936,1786326470552,0.005,V
serial:COM8/phase_v_v,4998936,1786326470552,0.000,V
serial:COM8/phase_w_v,4998936,1786326470552,0.005,V
serial:COM8/motor_angle,4998938,1786326470552,131.18,deg
serial:COM8/phase_u_v,4998938,1786326470552,0.076,V
serial:COM8/phase_v_v,4998938,1786326470552,0.005,V
serial:COM8/phase_w_v,4998938,1786326470552,0.005,V
serial:COM8/motor_angle,4998940,1786326470552,131.13,deg
serial:COM8/phase_u_v,4998940,1786326470552,0.000,V
serial:COM8/phase_v_v,4998940,1786326470552,0.005,V
serial:COM8/phase_w_v,4998940,1786326470552,0.005,V
serial:COM8/motor_angle,4998942,1786326470552,131.15,deg
serial:COM8/phase_u_v,4998942,1786326470552,0.005,V
serial:COM8/phase_v_v,4998942,1786326470552,0.005,V
serial:COM8/phase_w_v,4998942,1786326470552,0.005,V
serial:COM8/motor_angle,4998944,1786326470552,131.09,deg
serial:COM8/phase_u_v,4998944,1786326470552,0.005,V
serial:COM8/phase_v_v,4998944,1786326470552,0.005,V
serial:COM8/phase_w_v,4998944,1786326470552,0.000,V
serial:COM8/motor_angle,4998946,1786326470552,131.11,deg
serial:COM8/phase_u_v,4998946,1786326470552,0.005,V
serial:COM8/phase_v_v,4998946,1786326470552,0.000,V
serial:COM8/phase_w_v,4998946,1786326470552,0.000,V
serial:COM8/motor_angle,4998948,1786326470552,131.13,deg
serial:COM8/phase_u_v,4998948,1786326470552,0.005,V
serial:COM8/phase_v_v,4998948,1786326470552,0.005,V
serial:COM8/phase_w_v,4998948,1786326470552,0.005,V
serial:COM8/motor_angle,4998950,1786326470552,131.18,deg
serial:COM8/phase_u_v,4998950,1786326470552,0.005,V
serial:COM8/phase_v_v,4998950,1786326470552,0.005,V
serial:COM8/phase_w_v,4998950,1786326470552,0.000,V
serial:COM8/motor_angle,4998952,1786326470552,131.15,deg
serial:COM8/phase_u_v,4998952,1786326470552,0.000,V
serial:COM8/phase_v_v,4998952,1786326470552,0.005,V
serial:COM8/phase_w_v,4998952,1786326470552,0.005,V
serial:COM8/motor_angle,4998954,1786326470552,131.15,deg
serial:COM8/phase_u_v,4998954,1786326470552,0.005,V
serial:COM8/phase_v_v,4998954,1786326470552,0.005,V
serial:COM8/phase_w_v,4998954,1786326470552,0.005,V
serial:COM8/motor_angle,4998956,1786326470552,131.13,deg
serial:COM8/phase_u_v,4998956,1786326470552,0.286,V
serial:COM8/phase_v_v,4998956,1786326470552,0.005,V
serial:COM8/phase_w_v,4998956,1786326470552,0.005,V
serial:COM8/motor_angle,4998958,1786326470552,131.04,deg
serial:COM8/phase_u_v,4998958,1786326470552,0.000,V
serial:COM8/phase_v_v,4998958,1786326470552,0.000,V
serial:COM8/phase_w_v,4998958,1786326470552,0.000,V
serial:COM8/motor_angle,4998960,1786326470552,131.20,deg
serial:COM8/phase_u_v,4998960,1786326470552,0.005,V
serial:COM8/phase_v_v,4998960,1786326470552,0.005,V
serial:COM8/phase_w_v,4998960,1786326470552,0.005,V
serial:COM8/motor_angle,4998962,1786326470552,131.15,deg
serial:COM8/phase_u_v,4998962,1786326470552,0.000,V
serial:COM8/phase_v_v,4998962,1786326470552,0.000,V
serial:COM8/phase_w_v,4998962,1786326470552,0.000,V
serial:COM8/motor_angle,4998964,1786326470552,131.15,deg
serial:COM8/phase_u_v,4998964,1786326470552,0.000,V
serial:COM8/phase_v_v,4998964,1786326470552,0.005,V
serial:COM8/phase_w_v,4998964,1786326470552,0.000,V
serial:COM8/motor_angle,4998966,1786326470552,131.15,deg
serial:COM8/phase_u_v,4998966,1786326470552,0.000,V
serial:COM8/phase_v_v,4998966,1786326470552,0.005,V
serial:COM8/phase_w_v,4998966,1786326470552,0.000,V
serial:COM8/motor_angle,4998968,1786326470552,131.18,deg
serial:COM8/phase_u_v,4998968,1786326470552,0.005,V
serial:COM8/phase_v_v,4998968,1786326470552,0.005,V
serial:COM8/phase_w_v,4998968,1786326470552,0.005,V
serial:COM8/motor_angle,4998970,1786326470552,131.15,deg
serial:COM8/phase_u_v,4998970,1786326470552,0.000,V
serial:COM8/phase_v_v,4998970,1786326470552,0.005,V
serial:COM8/phase_w_v,4998970,1786326470552,0.005,V
serial:COM8/motor_angle,4998972,1786326470552,131.15,deg
serial:COM8/phase_u_v,4998972,1786326470552,0.005,V
serial:COM8/phase_v_v,4998972,1786326470552,0.005,V
serial:COM8/phase_w_v,4998972,1786326470552,0.000,V
serial:COM8/motor_angle,4998974,1786326470552,131.15,deg
serial:COM8/phase_u_v,4998974,1786326470552,0.005,V
serial:COM8/phase_v_v,4998974,1786326470552,0.005,V
serial:COM8/phase_w_v,4998974,1786326470552,0.005,V
serial:COM8/motor_angle,4998976,1786326470552,131.13,deg
serial:COM8/phase_u_v,4998976,1786326470552,0.000,V
serial:COM8/phase_v_v,4998976,1786326470552,0.005,V
serial:COM8/phase_w_v,4998976,1786326470552,0.000,V
serial:COM8/motor_angle,4998978,1786326470552,131.15,deg
serial:COM8/phase_u_v,4998978,1786326470552,0.005,V
serial:COM8/phase_v_v,4998978,1786326470552,0.005,V
serial:COM8/phase_w_v,4998978,1786326470552,0.000,V
serial:COM8/motor_angle,4998980,1786326470552,131.13,deg
serial:COM8/phase_u_v,4998980,1786326470552,0.005,V
serial:COM8/phase_v_v,4998980,1786326470552,0.000,V
serial:COM8/phase_w_v,4998980,1786326470552,0.005,V
serial:COM8/motor_angle,4998982,1786326470552,131.13,deg
serial:COM8/phase_u_v,4998982,1786326470552,0.005,V
serial:COM8/phase_v_v,4998982,1786326470552,0.005,V
serial:COM8/phase_w_v,4998982,1786326470552,0.000,V
serial:COM8/motor_angle,4998984,1786326470552,131.15,deg
serial:COM8/phase_u_v,4998984,1786326470552,0.000,V
serial:COM8/phase_v_v,4998984,1786326470552,0.005,V
serial:COM8/phase_w_v,4998984,1786326470552,0.005,V
serial:COM8/motor_angle,4998986,1786326470552,131.18,deg
serial:COM8/phase_u_v,4998986,1786326470552,0.000,V
serial:COM8/phase_v_v,4998986,1786326470552,0.005,V
serial:COM8/phase_w_v,4998986,1786326470552,0.005,V
serial:COM8/motor_angle,4998988,1786326470552,131.13,deg
serial:COM8/phase_u_v,4998988,1786326470552,0.005,V
serial:COM8/phase_v_v,4998988,1786326470552,0.005,V
serial:COM8/phase_w_v,4998988,1786326470552,0.000,V
serial:COM8/motor_angle,4998990,1786326470552,131.15,deg
serial:COM8/phase_u_v,4998990,1786326470552,0.000,V
serial:COM8/phase_v_v,4998990,1786326470552,0.000,V
serial:COM8/phase_w_v,4998990,1786326470552,0.000,V
serial:COM8/motor_angle,4998992,1786326470552,131.07,deg
serial:COM8/phase_u_v,4998992,1786326470552,0.005,V
serial:COM8/phase_v_v,4998992,1786326470552,0.005,V
serial:COM8/phase_w_v,4998992,1786326470552,0.005,V
serial:COM8/motor_angle,4998994,1786326470552,131.11,deg
serial:COM8/phase_u_v,4998994,1786326470552,0.005,V
serial:COM8/phase_v_v,4998994,1786326470552,0.005,V
serial:COM8/phase_w_v,4998994,1786326470552,0.000,V
serial:COM8/motor_angle,4998996,1786326470552,131.11,deg
serial:COM8/phase_u_v,4998996,1786326470552,0.426,V
serial:COM8/phase_v_v,4998996,1786326470552,0.011,V
serial:COM8/phase_w_v,4998996,1786326470552,0.000,V
serial:COM8/motor_angle,4998998,1786326470552,131.13,deg
serial:COM8/phase_u_v,4998998,1786326470552,0.005,V
serial:COM8/phase_v_v,4998998,1786326470552,0.000,V
serial:COM8/phase_w_v,4998998,1786326470552,0.000,V
serial:COM8/motor_angle,4999000,1786326470552,131.18,deg
serial:COM8/phase_u_v,4999000,1786326470552,0.000,V
serial:COM8/phase_v_v,4999000,1786326470552,0.000,V
serial:COM8/phase_w_v,4999000,1786326470552,0.000,V
serial:COM8/motor_angle,4999002,1786326470552,131.13,deg
serial:COM8/phase_u_v,4999002,1786326470552,0.005,V
serial:COM8/phase_v_v,4999002,1786326470552,0.005,V
serial:COM8/phase_w_v,4999002,1786326470552,0.000,V
serial:COM8/motor_angle,4999004,1786326470552,131.11,deg
serial:COM8/phase_u_v,4999004,1786326470552,0.005,V
serial:COM8/phase_v_v,4999004,1786326470552,0.000,V
serial:COM8/phase_w_v,4999004,1786326470552,0.000,V
serial:COM8/motor_angle,4999006,1786326470624,131.15,deg
serial:COM8/phase_u_v,4999006,1786326470624,0.005,V
serial:COM8/phase_v_v,4999006,1786326470624,0.000,V
serial:COM8/phase_w_v,4999006,1786326470624,0.000,V
serial:COM8/motor_angle,4999008,1786326470624,131.09,deg
serial:COM8/phase_u_v,4999008,1786326470624,0.000,V
serial:COM8/phase_v_v,4999008,1786326470624,0.005,V
serial:COM8/phase_w_v,4999008,1786326470624,0.000,V
serial:COM8/motor_angle,4999010,1786326470624,131.09,deg
serial:COM8/phase_u_v,4999010,1786326470624,0.000,V
serial:COM8/phase_v_v,4999010,1786326470624,0.005,V
serial:COM8/phase_w_v,4999010,1786326470624,0.005,V
serial:COM8/motor_angle,4999012,1786326470624,131.18,deg
serial:COM8/phase_u_v,4999012,1786326470624,0.005,V
serial:COM8/phase_v_v,4999012,1786326470624,0.005,V
serial:COM8/phase_w_v,4999012,1786326470624,0.005,V
serial:COM8/motor_angle,4999014,1786326470624,131.13,deg
serial:COM8/phase_u_v,4999014,1786326470624,0.005,V
serial:COM8/phase_v_v,4999014,1786326470624,0.005,V
serial:COM8/phase_w_v,4999014,1786326470624,0.005,V
serial:COM8/motor_angle,4999016,1786326470624,131.13,deg
serial:COM8/phase_u_v,4999016,1786326470624,0.005,V
serial:COM8/phase_v_v,4999016,1786326470624,0.000,V
serial:COM8/phase_w_v,4999016,1786326470624,0.005,V
serial:COM8/motor_angle,4999018,1786326470624,131.15,deg
serial:COM8/phase_u_v,4999018,1786326470624,0.005,V
serial:COM8/phase_v_v,4999018,1786326470624,0.005,V
serial:COM8/phase_w_v,4999018,1786326470624,0.000,V
serial:COM8/motor_angle,4999020,1786326470624,131.13,deg
serial:COM8/phase_u_v,4999020,1786326470624,0.000,V
serial:COM8/phase_v_v,4999020,1786326470624,0.005,V
serial:COM8/phase_w_v,4999020,1786326470624,0.000,V
serial:COM8/motor_angle,4999022,1786326470624,131.11,deg
serial:COM8/phase_u_v,4999022,1786326470624,0.005,V
serial:COM8/phase_v_v,4999022,1786326470624,0.005,V
serial:COM8/phase_w_v,4999022,1786326470624,0.000,V
serial:COM8/motor_angle,4999024,1786326470624,131.15,deg
serial:COM8/phase_u_v,4999024,1786326470624,0.005,V
serial:COM8/phase_v_v,4999024,1786326470624,0.000,V
serial:COM8/phase_w_v,4999024,1786326470624,0.005,V
serial:COM8/motor_angle,4999026,1786326470624,131.11,deg
serial:COM8/phase_u_v,4999026,1786326470624,0.005,V
serial:COM8/phase_v_v,4999026,1786326470624,0.005,V
serial:COM8/phase_w_v,4999026,1786326470624,0.005,V
serial:COM8/motor_angle,4999028,1786326470624,131.09,deg
serial:COM8/phase_u_v,4999028,1786326470624,0.005,V
serial:COM8/phase_v_v,4999028,1786326470624,0.000,V
serial:COM8/phase_w_v,4999028,1786326470624,0.000,V
serial:COM8/motor_angle,4999030,1786326470624,131.15,deg
serial:COM8/phase_u_v,4999030,1786326470624,0.005,V
serial:COM8/phase_v_v,4999030,1786326470624,0.000,V
serial:COM8/phase_w_v,4999030,1786326470624,0.000,V
serial:COM8/motor_angle,4999032,1786326470624,131.20,deg
serial:COM8/phase_u_v,4999032,1786326470624,0.000,V
serial:COM8/phase_v_v,4999032,1786326470624,0.005,V
serial:COM8/phase_w_v,4999032,1786326470624,0.000,V
serial:COM8/motor_angle,4999034,1786326470624,131.20,deg
serial:COM8/phase_u_v,4999034,1786326470624,0.000,V
serial:COM8/phase_v_v,4999034,1786326470624,0.000,V
serial:COM8/phase_w_v,4999034,1786326470624,0.005,V
serial:COM8/motor_angle,4999036,1786326470624,131.11,deg
serial:COM8/phase_u_v,4999036,1786326470624,0.005,V
serial:COM8/phase_v_v,4999036,1786326470624,0.005,V
serial:COM8/phase_w_v,4999036,1786326470624,0.005,V
serial:COM8/motor_angle,4999038,1786326470624,131.15,deg
serial:COM8/phase_u_v,4999038,1786326470624,0.000,V
serial:COM8/phase_v_v,4999038,1786326470624,0.005,V
serial:COM8/phase_w_v,4999038,1786326470624,0.000,V
serial:COM8/motor_angle,4999040,1786326470624,131.15,deg
serial:COM8/phase_u_v,4999040,1786326470624,0.005,V
serial:COM8/phase_v_v,4999040,1786326470624,0.000,V
serial:COM8/phase_w_v,4999040,1786326470624,0.005,V
serial:COM8/motor_angle,4999042,1786326470624,131.15,deg
serial:COM8/phase_u_v,4999042,1786326470624,0.000,V
serial:COM8/phase_v_v,4999042,1786326470624,0.005,V
serial:COM8/phase_w_v,4999042,1786326470624,0.000,V
serial:COM8/motor_angle,4999044,1786326470624,131.15,deg
serial:COM8/phase_u_v,4999044,1786326470624,0.000,V
serial:COM8/phase_v_v,4999044,1786326470624,0.005,V
serial:COM8/phase_w_v,4999044,1786326470624,0.000,V
serial:COM8/motor_angle,4999046,1786326470624,131.15,deg
serial:COM8/phase_u_v,4999046,1786326470624,0.000,V
serial:COM8/phase_v_v,4999046,1786326470624,0.000,V
serial:COM8/phase_w_v,4999046,1786326470624,0.005,V
serial:COM8/motor_angle,4999048,1786326470624,131.15,deg
serial:COM8/phase_u_v,4999048,1786326470624,0.005,V
serial:COM8/phase_v_v,4999048,1786326470624,0.005,V
serial:COM8/phase_w_v,4999048,1786326470624,0.000,V
serial:COM8/motor_angle,4999050,1786326470624,131.09,deg
serial:COM8/phase_u_v,4999050,1786326470624,0.038,V
serial:COM8/phase_v_v,4999050,1786326470624,0.005,V
serial:COM8/phase_w_v,4999050,1786326470624,0.005,V
serial:COM8/motor_angle,4999052,1786326470624,131.13,deg
serial:COM8/phase_u_v,4999052,1786326470624,0.005,V
serial:COM8/phase_v_v,4999052,1786326470624,0.005,V
serial:COM8/phase_w_v,4999052,1786326470624,0.005,V
serial:COM8/motor_angle,4999054,1786326470624,131.15,deg
serial:COM8/phase_u_v,4999054,1786326470624,0.000,V
serial:COM8/phase_v_v,4999054,1786326470624,0.005,V
serial:COM8/phase_w_v,4999054,1786326470624,0.005,V
serial:COM8/motor_angle,4999056,1786326470624,131.13,deg
serial:COM8/phase_u_v,4999056,1786326470624,0.005,V
serial:COM8/phase_v_v,4999056,1786326470624,0.005,V
serial:COM8/phase_w_v,4999056,1786326470624,0.000,V
serial:COM8/motor_angle,4999058,1786326470624,131.18,deg
serial:COM8/phase_u_v,4999058,1786326470624,0.000,V
serial:COM8/phase_v_v,4999058,1786326470624,0.005,V
serial:COM8/phase_w_v,4999058,1786326470624,0.000,V
serial:COM8/motor_angle,4999060,1786326470624,131.18,deg
serial:COM8/phase_u_v,4999060,1786326470624,0.022,V
serial:COM8/phase_v_v,4999060,1786326470624,0.005,V
serial:COM8/phase_w_v,4999060,1786326470624,0.000,V
serial:COM8/motor_angle,4999062,1786326470624,131.13,deg
serial:COM8/phase_u_v,4999062,1786326470624,0.005,V
serial:COM8/phase_v_v,4999062,1786326470624,0.005,V
serial:COM8/phase_w_v,4999062,1786326470624,0.000,V
serial:COM8/motor_angle,4999064,1786326470624,131.11,deg
serial:COM8/phase_u_v,4999064,1786326470624,0.000,V
serial:COM8/phase_v_v,4999064,1786326470624,0.000,V
serial:COM8/phase_w_v,4999064,1786326470624,0.005,V
serial:COM8/motor_angle,4999066,1786326470624,131.11,deg
serial:COM8/phase_u_v,4999066,1786326470624,0.000,V
serial:COM8/phase_v_v,4999066,1786326470624,0.005,V
serial:COM8/phase_w_v,4999066,1786326470624,0.000,V
serial:COM8/motor_angle,4999068,1786326470624,131.15,deg
serial:COM8/phase_u_v,4999068,1786326470624,0.383,V
serial:COM8/phase_v_v,4999068,1786326470624,0.011,V
serial:COM8/phase_w_v,4999068,1786326470624,0.005,V
serial:COM8/motor_angle,4999070,1786326470624,131.07,deg
serial:COM8/phase_u_v,4999070,1786326470624,0.005,V
serial:COM8/phase_v_v,4999070,1786326470624,0.005,V
serial:COM8/phase_w_v,4999070,1786326470624,0.000,V
serial:COM8/motor_angle,4999072,1786326470624,131.13,deg
serial:COM8/phase_u_v,4999072,1786326470624,0.000,V
serial:COM8/phase_v_v,4999072,1786326470624,0.005,V
serial:COM8/phase_w_v,4999072,1786326470624,0.000,V
serial:COM8/motor_angle,4999074,1786326470624,131.15,deg
serial:COM8/phase_u_v,4999074,1786326470624,0.005,V
serial:COM8/phase_v_v,4999074,1786326470624,0.000,V
serial:COM8/phase_w_v,4999074,1786326470624,0.000,V
serial:COM8/motor_angle,4999076,1786326470624,131.11,deg
serial:COM8/phase_u_v,4999076,1786326470624,0.157,V
serial:COM8/phase_v_v,4999076,1786326470624,0.005,V
serial:COM8/phase_w_v,4999076,1786326470624,0.005,V
serial:COM8/motor_angle,4999078,1786326470697,131.13,deg
serial:COM8/phase_u_v,4999078,1786326470697,0.005,V
serial:COM8/phase_v_v,4999078,1786326470697,0.005,V
serial:COM8/phase_w_v,4999078,1786326470697,0.000,V
serial:COM8/motor_angle,4999080,1786326470697,131.13,deg
serial:COM8/phase_u_v,4999080,1786326470697,0.000,V
serial:COM8/phase_v_v,4999080,1786326470697,0.005,V
serial:COM8/phase_w_v,4999080,1786326470697,0.000,V
serial:COM8/motor_angle,4999082,1786326470697,131.13,deg
serial:COM8/phase_u_v,4999082,1786326470697,0.000,V
serial:COM8/phase_v_v,4999082,1786326470697,0.005,V
serial:COM8/phase_w_v,4999082,1786326470697,0.000,V
serial:COM8/motor_angle,4999084,1786326470697,131.18,deg
serial:COM8/phase_u_v,4999084,1786326470697,0.005,V
serial:COM8/phase_v_v,4999084,1786326470697,0.005,V
serial:COM8/phase_w_v,4999084,1786326470697,0.005,V
serial:COM8/motor_angle,4999086,1786326470697,131.09,deg
serial:COM8/phase_u_v,4999086,1786326470697,0.000,V
serial:COM8/phase_v_v,4999086,1786326470697,0.005,V
serial:COM8/phase_w_v,4999086,1786326470697,0.000,V
serial:COM8/motor_angle,4999088,1786326470697,131.15,deg
serial:COM8/phase_u_v,4999088,1786326470697,0.005,V
serial:COM8/phase_v_v,4999088,1786326470697,0.000,V
serial:COM8/phase_w_v,4999088,1786326470697,0.000,V
serial:COM8/motor_angle,4999090,1786326470697,131.13,deg
serial:COM8/phase_u_v,4999090,1786326470697,0.000,V
serial:COM8/phase_v_v,4999090,1786326470697,0.000,V
serial:COM8/phase_w_v,4999090,1786326470697,0.000,V
serial:COM8/motor_angle,4999092,1786326470697,131.15,deg
serial:COM8/phase_u_v,4999092,1786326470697,0.000,V
serial:COM8/phase_v_v,4999092,1786326470697,0.005,V
serial:COM8/phase_w_v,4999092,1786326470697,0.005,V
serial:COM8/motor_angle,4999094,1786326470697,131.13,deg
serial:COM8/phase_u_v,4999094,1786326470697,0.005,V
serial:COM8/phase_v_v,4999094,1786326470697,0.005,V
serial:COM8/phase_w_v,4999094,1786326470697,0.000,V
serial:COM8/motor_angle,4999096,1786326470697,131.11,deg
serial:COM8/phase_u_v,4999096,1786326470697,0.005,V
serial:COM8/phase_v_v,4999096,1786326470697,0.000,V
serial:COM8/phase_w_v,4999096,1786326470697,0.005,V
serial:COM8/motor_angle,4999098,1786326470697,131.18,deg
serial:COM8/phase_u_v,4999098,1786326470697,0.005,V
serial:COM8/phase_v_v,4999098,1786326470697,0.005,V
serial:COM8/phase_w_v,4999098,1786326470697,0.000,V
serial:COM8/motor_angle,4999100,1786326470697,131.15,deg
serial:COM8/phase_u_v,4999100,1786326470697,0.000,V
serial:COM8/phase_v_v,4999100,1786326470697,0.005,V
serial:COM8/phase_w_v,4999100,1786326470697,0.005,V
serial:COM8/motor_angle,4999102,1786326470697,131.15,deg
serial:COM8/phase_u_v,4999102,1786326470697,0.005,V
serial:COM8/phase_v_v,4999102,1786326470697,0.005,V
serial:COM8/phase_w_v,4999102,1786326470697,0.000,V
serial:COM8/motor_angle,4999104,1786326470697,131.15,deg
serial:COM8/phase_u_v,4999104,1786326470697,0.372,V
serial:COM8/phase_v_v,4999104,1786326470697,0.005,V
serial:COM8/phase_w_v,4999104,1786326470697,0.000,V
serial:COM8/motor_angle,4999106,1786326470697,131.15,deg
serial:COM8/phase_u_v,4999106,1786326470697,0.005,V
serial:COM8/phase_v_v,4999106,1786326470697,0.005,V
serial:COM8/phase_w_v,4999106,1786326470697,0.005,V
serial:COM8/motor_angle,4999108,1786326470697,131.13,deg
serial:COM8/phase_u_v,4999108,1786326470697,0.000,V
serial:COM8/phase_v_v,4999108,1786326470697,0.005,V
serial:COM8/phase_w_v,4999108,1786326470697,0.005,V
serial:COM8/motor_angle,4999110,1786326470697,131.15,deg
serial:COM8/phase_u_v,4999110,1786326470697,0.292,V
serial:COM8/phase_v_v,4999110,1786326470697,0.005,V
serial:COM8/phase_w_v,4999110,1786326470697,0.005,V
serial:COM8/motor_angle,4999112,1786326470697,131.13,deg
serial:COM8/phase_u_v,4999112,1786326470697,0.000,V
serial:COM8/phase_v_v,4999112,1786326470697,0.000,V
serial:COM8/phase_w_v,4999112,1786326470697,0.005,V
serial:COM8/motor_angle,4999114,1786326470697,131.13,deg
serial:COM8/phase_u_v,4999114,1786326470697,0.005,V
serial:COM8/phase_v_v,4999114,1786326470697,0.000,V
serial:COM8/phase_w_v,4999114,1786326470697,0.005,V
serial:COM8/motor_angle,4999116,1786326470697,131.15,deg
serial:COM8/phase_u_v,4999116,1786326470697,0.000,V
serial:COM8/phase_v_v,4999116,1786326470697,0.000,V
serial:COM8/phase_w_v,4999116,1786326470697,0.000,V
serial:COM8/motor_angle,4999118,1786326470697,131.13,deg
serial:COM8/phase_u_v,4999118,1786326470697,0.000,V
serial:COM8/phase_v_v,4999118,1786326470697,0.005,V
serial:COM8/phase_w_v,4999118,1786326470697,0.005,V
serial:COM8/motor_angle,4999120,1786326470697,131.13,deg
serial:COM8/phase_u_v,4999120,1786326470697,0.000,V
serial:COM8/phase_v_v,4999120,1786326470697,0.000,V
serial:COM8/phase_w_v,4999120,1786326470697,0.000,V
serial:COM8/motor_angle,4999122,1786326470697,131.13,deg
serial:COM8/phase_u_v,4999122,1786326470697,0.000,V
serial:COM8/phase_v_v,4999122,1786326470697,0.005,V
serial:COM8/phase_w_v,4999122,1786326470697,0.005,V
serial:COM8/motor_angle,4999124,1786326470697,131.11,deg
serial:COM8/phase_u_v,4999124,1786326470697,0.000,V
serial:COM8/phase_v_v,4999124,1786326470697,0.000,V
serial:COM8/phase_w_v,4999124,1786326470697,0.000,V
serial:COM8/motor_angle,4999126,1786326470697,131.15,deg
serial:COM8/phase_u_v,4999126,1786326470697,0.005,V
serial:COM8/phase_v_v,4999126,1786326470697,0.005,V
serial:COM8/phase_w_v,4999126,1786326470697,0.000,V
serial:COM8/motor_angle,4999128,1786326470697,131.15,deg
serial:COM8/phase_u_v,4999128,1786326470697,0.005,V
serial:COM8/phase_v_v,4999128,1786326470697,0.005,V
serial:COM8/phase_w_v,4999128,1786326470697,0.005,V
serial:COM8/motor_angle,4999130,1786326470697,131.11,deg
serial:COM8/phase_u_v,4999130,1786326470697,0.000,V
serial:COM8/phase_v_v,4999130,1786326470697,0.005,V
serial:COM8/phase_w_v,4999130,1786326470697,0.005,V
serial:COM8/motor_angle,4999132,1786326470697,131.18,deg
serial:COM8/phase_u_v,4999132,1786326470697,0.005,V
serial:COM8/phase_v_v,4999132,1786326470697,0.005,V
serial:COM8/phase_w_v,4999132,1786326470697,0.000,V
serial:COM8/motor_angle,4999134,1786326470697,131.20,deg
serial:COM8/phase_u_v,4999134,1786326470697,0.005,V
serial:COM8/phase_v_v,4999134,1786326470697,0.005,V
serial:COM8/phase_w_v,4999134,1786326470697,0.005,V
serial:COM8/motor_angle,4999136,1786326470697,131.15,deg
serial:COM8/phase_u_v,4999136,1786326470697,0.000,V
serial:COM8/phase_v_v,4999136,1786326470697,0.005,V
serial:COM8/phase_w_v,4999136,1786326470697,0.005,V
serial:COM8/motor_angle,4999138,1786326470697,131.11,deg
serial:COM8/phase_u_v,4999138,1786326470697,0.005,V
serial:COM8/phase_v_v,4999138,1786326470697,0.005,V
serial:COM8/phase_w_v,4999138,1786326470697,0.005,V
serial:COM8/motor_angle,4999140,1786326470697,131.13,deg
serial:COM8/phase_u_v,4999140,1786326470697,0.356,V
serial:COM8/phase_v_v,4999140,1786326470697,0.005,V
serial:COM8/phase_w_v,4999140,1786326470697,0.000,V
serial:COM8/motor_angle,4999142,1786326470697,131.15,deg
serial:COM8/phase_u_v,4999142,1786326470697,0.005,V
serial:COM8/phase_v_v,4999142,1786326470697,0.005,V
serial:COM8/phase_w_v,4999142,1786326470697,0.000,V
serial:COM8/motor_angle,4999144,1786326470697,131.15,deg
serial:COM8/phase_u_v,4999144,1786326470697,0.005,V
serial:COM8/phase_v_v,4999144,1786326470697,0.000,V
serial:COM8/phase_w_v,4999144,1786326470697,0.005,V
serial:COM8/motor_angle,4999146,1786326470697,131.11,deg
serial:COM8/phase_u_v,4999146,1786326470697,0.005,V
serial:COM8/phase_v_v,4999146,1786326470697,0.011,V
serial:COM8/phase_w_v,4999146,1786326470697,0.000,V
serial:COM8/motor_angle,4999148,1786326470697,131.11,deg
serial:COM8/phase_u_v,4999148,1786326470697,0.005,V
serial:COM8/phase_v_v,4999148,1786326470697,0.005,V
serial:COM8/phase_w_v,4999148,1786326470697,0.000,V
serial:COM8/motor_angle,4999150,1786326470767,131.15,deg
serial:COM8/phase_u_v,4999150,1786326470767,0.005,V
serial:COM8/phase_v_v,4999150,1786326470767,0.005,V
serial:COM8/phase_w_v,4999150,1786326470767,0.005,V
serial:COM8/motor_angle,4999152,1786326470767,131.11,deg
serial:COM8/phase_u_v,4999152,1786326470767,0.000,V
serial:COM8/phase_v_v,4999152,1786326470767,0.011,V
serial:COM8/phase_w_v,4999152,1786326470767,0.005,V
serial:COM8/motor_angle,4999154,1786326470767,131.13,deg
serial:COM8/phase_u_v,4999154,1786326470767,0.005,V
serial:COM8/phase_v_v,4999154,1786326470767,0.000,V
serial:COM8/phase_w_v,4999154,1786326470767,0.000,V
serial:COM8/motor_angle,4999156,1786326470767,131.15,deg
serial:COM8/phase_u_v,4999156,1786326470767,0.000,V
serial:COM8/phase_v_v,4999156,1786326470767,0.000,V
serial:COM8/phase_w_v,4999156,1786326470767,0.005,V
serial:COM8/motor_angle,4999158,1786326470767,131.18,deg
serial:COM8/phase_u_v,4999158,1786326470767,0.000,V
serial:COM8/phase_v_v,4999158,1786326470767,0.005,V
serial:COM8/phase_w_v,4999158,1786326470767,0.005,V
serial:COM8/motor_angle,4999160,1786326470767,131.15,deg
serial:COM8/phase_u_v,4999160,1786326470767,0.005,V
serial:COM8/phase_v_v,4999160,1786326470767,0.005,V
serial:COM8/phase_w_v,4999160,1786326470767,0.005,V
serial:COM8/motor_angle,4999162,1786326470767,131.09,deg
serial:COM8/phase_u_v,4999162,1786326470767,0.005,V
serial:COM8/phase_v_v,4999162,1786326470767,0.005,V
serial:COM8/phase_w_v,4999162,1786326470767,0.000,V
serial:COM8/motor_angle,4999164,1786326470767,131.13,deg
serial:COM8/phase_u_v,4999164,1786326470767,0.005,V
serial:COM8/phase_v_v,4999164,1786326470767,0.005,V
serial:COM8/phase_w_v,4999164,1786326470767,0.000,V
serial:COM8/motor_angle,4999166,1786326470767,131.18,deg
serial:COM8/phase_u_v,4999166,1786326470767,0.005,V
serial:COM8/phase_v_v,4999166,1786326470767,0.000,V
serial:COM8/phase_w_v,4999166,1786326470767,0.000,V
serial:COM8/motor_angle,4999168,1786326470767,131.13,deg
serial:COM8/phase_u_v,4999168,1786326470767,0.000,V
serial:COM8/phase_v_v,4999168,1786326470767,0.005,V
serial:COM8/phase_w_v,4999168,1786326470767,0.000,V
serial:COM8/motor_angle,4999170,1786326470767,131.15,deg
serial:COM8/phase_u_v,4999170,1786326470767,0.178,V
serial:COM8/phase_v_v,4999170,1786326470767,0.005,V
serial:COM8/phase_w_v,4999170,1786326470767,0.000,V
serial:COM8/motor_angle,4999172,1786326470767,131.07,deg
serial:COM8/phase_u_v,4999172,1786326470767,0.005,V
serial:COM8/phase_v_v,4999172,1786326470767,0.005,V
serial:COM8/phase_w_v,4999172,1786326470767,0.000,V
serial:COM8/motor_angle,4999174,1786326470767,131.15,deg
serial:COM8/phase_u_v,4999174,1786326470767,0.000,V
serial:COM8/phase_v_v,4999174,1786326470767,0.005,V
serial:COM8/phase_w_v,4999174,1786326470767,0.000,V
serial:COM8/motor_angle,4999176,1786326470767,131.11,deg
serial:COM8/phase_u_v,4999176,1786326470767,0.005,V
serial:COM8/phase_v_v,4999176,1786326470767,0.005,V
serial:COM8/phase_w_v,4999176,1786326470767,0.000,V
serial:COM8/motor_angle,4999178,1786326470767,131.13,deg
serial:COM8/phase_u_v,4999178,1786326470767,0.000,V
serial:COM8/phase_v_v,4999178,1786326470767,0.005,V
serial:COM8/phase_w_v,4999178,1786326470767,0.000,V
serial:COM8/motor_angle,4999180,1786326470767,131.18,deg
serial:COM8/phase_u_v,4999180,1786326470767,0.000,V
serial:COM8/phase_v_v,4999180,1786326470767,0.005,V
serial:COM8/phase_w_v,4999180,1786326470767,0.000,V
serial:COM8/motor_angle,4999182,1786326470767,131.11,deg
serial:COM8/phase_u_v,4999182,1786326470767,0.000,V
serial:COM8/phase_v_v,4999182,1786326470767,0.005,V
serial:COM8/phase_w_v,4999182,1786326470767,0.000,V
serial:COM8/motor_angle,4999184,1786326470767,131.15,deg
serial:COM8/phase_u_v,4999184,1786326470767,0.005,V
serial:COM8/phase_v_v,4999184,1786326470767,0.005,V
serial:COM8/phase_w_v,4999184,1786326470767,0.005,V
serial:COM8/motor_angle,4999186,1786326470767,131.15,deg
serial:COM8/phase_u_v,4999186,1786326470767,0.005,V
serial:COM8/phase_v_v,4999186,1786326470767,0.005,V
serial:COM8/phase_w_v,4999186,1786326470767,0.005,V
serial:COM8/motor_angle,4999188,1786326470767,131.11,deg
serial:COM8/phase_u_v,4999188,1786326470767,0.000,V
serial:COM8/phase_v_v,4999188,1786326470767,0.005,V
serial:COM8/phase_w_v,4999188,1786326470767,0.000,V
serial:COM8/motor_angle,4999190,1786326470767,131.13,deg
serial:COM8/phase_u_v,4999190,1786326470767,0.059,V
serial:COM8/phase_v_v,4999190,1786326470767,0.005,V
serial:COM8/phase_w_v,4999190,1786326470767,0.005,V
serial:COM8/motor_angle,4999192,1786326470767,131.18,deg
serial:COM8/phase_u_v,4999192,1786326470767,0.000,V
serial:COM8/phase_v_v,4999192,1786326470767,0.005,V
serial:COM8/phase_w_v,4999192,1786326470767,0.005,V
serial:COM8/motor_angle,4999194,1786326470767,131.07,deg
serial:COM8/phase_u_v,4999194,1786326470767,0.005,V
serial:COM8/phase_v_v,4999194,1786326470767,0.005,V
serial:COM8/phase_w_v,4999194,1786326470767,0.000,V
serial:COM8/motor_angle,4999196,1786326470767,131.13,deg
serial:COM8/phase_u_v,4999196,1786326470767,0.005,V
serial:COM8/phase_v_v,4999196,1786326470767,0.000,V
serial:COM8/phase_w_v,4999196,1786326470767,0.000,V
serial:COM8/motor_angle,4999198,1786326470767,131.11,deg
serial:COM8/phase_u_v,4999198,1786326470767,0.005,V
serial:COM8/phase_v_v,4999198,1786326470767,0.005,V
serial:COM8/phase_w_v,4999198,1786326470767,0.005,V
serial:COM8/motor_angle,4999200,1786326470767,131.18,deg
serial:COM8/phase_u_v,4999200,1786326470767,0.005,V
serial:COM8/phase_v_v,4999200,1786326470767,0.005,V
serial:COM8/phase_w_v,4999200,1786326470767,0.005,V
serial:COM8/motor_angle,4999202,1786326470767,131.20,deg
serial:COM8/phase_u_v,4999202,1786326470767,0.005,V
serial:COM8/phase_v_v,4999202,1786326470767,0.000,V
serial:COM8/phase_w_v,4999202,1786326470767,0.000,V
serial:COM8/motor_angle,4999204,1786326470767,131.13,deg
serial:COM8/phase_u_v,4999204,1786326470767,0.124,V
serial:COM8/phase_v_v,4999204,1786326470767,0.000,V
serial:COM8/phase_w_v,4999204,1786326470767,0.005,V
serial:COM8/motor_angle,4999206,1786326470767,131.15,deg
serial:COM8/phase_u_v,4999206,1786326470767,0.000,V
serial:COM8/phase_v_v,4999206,1786326470767,0.005,V
serial:COM8/phase_w_v,4999206,1786326470767,0.000,V
serial:COM8/motor_angle,4999208,1786326470767,131.18,deg
serial:COM8/phase_u_v,4999208,1786326470767,0.005,V
serial:COM8/phase_v_v,4999208,1786326470767,0.005,V
serial:COM8/phase_w_v,4999208,1786326470767,0.005,V
serial:COM8/motor_angle,4999210,1786326470767,131.11,deg
serial:COM8/phase_u_v,4999210,1786326470767,0.005,V
serial:COM8/phase_v_v,4999210,1786326470767,0.011,V
serial:COM8/phase_w_v,4999210,1786326470767,0.000,V
serial:COM8/motor_angle,4999212,1786326470767,131.15,deg
serial:COM8/phase_u_v,4999212,1786326470767,0.005,V
serial:COM8/phase_v_v,4999212,1786326470767,0.005,V
serial:COM8/phase_w_v,4999212,1786326470767,0.005,V
serial:COM8/motor_angle,4999214,1786326470767,131.15,deg
serial:COM8/phase_u_v,4999214,1786326470767,0.005,V
serial:COM8/phase_v_v,4999214,1786326470767,0.005,V
serial:COM8/phase_w_v,4999214,1786326470767,0.000,V
serial:COM8/motor_angle,4999216,1786326470767,131.15,deg
serial:COM8/phase_u_v,4999216,1786326470767,0.005,V
serial:COM8/phase_v_v,4999216,1786326470767,0.005,V
serial:COM8/phase_w_v,4999216,1786326470767,0.000,V
serial:COM8/motor_angle,4999218,1786326470767,131.15,deg
serial:COM8/phase_u_v,4999218,1786326470767,0.000,V
serial:COM8/phase_v_v,4999218,1786326470767,0.005,V
serial:COM8/phase_w_v,4999218,1786326470767,0.000,V
serial:COM8/motor_angle,4999220,1786326470767,131.15,deg
serial:COM8/phase_u_v,4999220,1786326470767,0.005,V
serial:COM8/phase_v_v,4999220,1786326470767,0.000,V
serial:COM8/phase_w_v,4999220,1786326470767,0.005,V
serial:COM8/motor_angle,4999222,1786326470842,131.15,deg
serial:COM8/phase_u_v,4999222,1786326470842,0.005,V
serial:COM8/phase_v_v,4999222,1786326470842,0.005,V
serial:COM8/phase_w_v,4999222,1786326470842,0.000,V
serial:COM8/motor_angle,4999224,1786326470842,131.15,deg
serial:COM8/phase_u_v,4999224,1786326470842,0.000,V
serial:COM8/phase_v_v,4999224,1786326470842,0.005,V
serial:COM8/phase_w_v,4999224,1786326470842,0.000,V
serial:COM8/motor_angle,4999226,1786326470842,131.18,deg
serial:COM8/phase_u_v,4999226,1786326470842,0.005,V
serial:COM8/phase_v_v,4999226,1786326470842,0.000,V
serial:COM8/phase_w_v,4999226,1786326470842,0.000,V
serial:COM8/motor_angle,4999228,1786326470842,131.15,deg
serial:COM8/phase_u_v,4999228,1786326470842,0.005,V
serial:COM8/phase_v_v,4999228,1786326470842,0.000,V
serial:COM8/phase_w_v,4999228,1786326470842,0.000,V
serial:COM8/motor_angle,4999230,1786326470842,131.15,deg
serial:COM8/phase_u_v,4999230,1786326470842,0.000,V
serial:COM8/phase_v_v,4999230,1786326470842,0.005,V
serial:COM8/phase_w_v,4999230,1786326470842,0.000,V
serial:COM8/motor_angle,4999232,1786326470842,131.13,deg
serial:COM8/phase_u_v,4999232,1786326470842,0.005,V
serial:COM8/phase_v_v,4999232,1786326470842,0.000,V
serial:COM8/phase_w_v,4999232,1786326470842,0.005,V
serial:COM8/motor_angle,4999234,1786326470842,131.13,deg
serial:COM8/phase_u_v,4999234,1786326470842,0.005,V
serial:COM8/phase_v_v,4999234,1786326470842,0.000,V
serial:COM8/phase_w_v,4999234,1786326470842,0.000,V
serial:COM8/motor_angle,4999236,1786326470842,131.07,deg
serial:COM8/phase_u_v,4999236,1786326470842,0.000,V
serial:COM8/phase_v_v,4999236,1786326470842,0.000,V
serial:COM8/phase_w_v,4999236,1786326470842,0.005,V
serial:COM8/motor_angle,4999238,1786326470842,131.11,deg
serial:COM8/phase_u_v,4999238,1786326470842,0.000,V
serial:COM8/phase_v_v,4999238,1786326470842,0.005,V
serial:COM8/phase_w_v,4999238,1786326470842,0.005,V
serial:COM8/motor_angle,4999240,1786326470842,131.11,deg
serial:COM8/phase_u_v,4999240,1786326470842,0.005,V
serial:COM8/phase_v_v,4999240,1786326470842,0.005,V
serial:COM8/phase_w_v,4999240,1786326470842,0.000,V
serial:COM8/motor_angle,4999242,1786326470842,131.09,deg
serial:COM8/phase_u_v,4999242,1786326470842,0.000,V
serial:COM8/phase_v_v,4999242,1786326470842,0.005,V
serial:COM8/phase_w_v,4999242,1786326470842,0.005,V
serial:COM8/motor_angle,4999244,1786326470842,131.15,deg
serial:COM8/phase_u_v,4999244,1786326470842,0.184,V
serial:COM8/phase_v_v,4999244,1786326470842,0.011,V
serial:COM8/phase_w_v,4999244,1786326470842,0.005,V
serial:COM8/motor_angle,4999246,1786326470842,131.18,deg
serial:COM8/phase_u_v,4999246,1786326470842,0.005,V
serial:COM8/phase_v_v,4999246,1786326470842,0.000,V
serial:COM8/phase_w_v,4999246,1786326470842,0.005,V
serial:COM8/motor_angle,4999248,1786326470842,131.15,deg
serial:COM8/phase_u_v,4999248,1786326470842,0.005,V
serial:COM8/phase_v_v,4999248,1786326470842,0.005,V
serial:COM8/phase_w_v,4999248,1786326470842,0.005,V
serial:COM8/motor_angle,4999250,1786326470842,131.13,deg
serial:COM8/phase_u_v,4999250,1786326470842,0.000,V
serial:COM8/phase_v_v,4999250,1786326470842,0.005,V
serial:COM8/phase_w_v,4999250,1786326470842,0.005,V
serial:COM8/motor_angle,4999252,1786326470842,131.15,deg
serial:COM8/phase_u_v,4999252,1786326470842,0.005,V
serial:COM8/phase_v_v,4999252,1786326470842,0.005,V
serial:COM8/phase_w_v,4999252,1786326470842,0.005,V
serial:COM8/motor_angle,4999254,1786326470842,131.13,deg
serial:COM8/phase_u_v,4999254,1786326470842,0.302,V
serial:COM8/phase_v_v,4999254,1786326470842,0.005,V
serial:COM8/phase_w_v,4999254,1786326470842,0.005,V
serial:COM8/motor_angle,4999256,1786326470842,131.09,deg
serial:COM8/phase_u_v,4999256,1786326470842,0.005,V
serial:COM8/phase_v_v,4999256,1786326470842,0.005,V
serial:COM8/phase_w_v,4999256,1786326470842,0.005,V
serial:COM8/motor_angle,4999258,1786326470842,131.09,deg
serial:COM8/phase_u_v,4999258,1786326470842,0.005,V
serial:COM8/phase_v_v,4999258,1786326470842,0.000,V
serial:COM8/phase_w_v,4999258,1786326470842,0.000,V
serial:COM8/motor_angle,4999260,1786326470842,131.15,deg
serial:COM8/phase_u_v,4999260,1786326470842,0.000,V
serial:COM8/phase_v_v,4999260,1786326470842,0.005,V
serial:COM8/phase_w_v,4999260,1786326470842,0.000,V
serial:COM8/motor_angle,4999262,1786326470842,131.11,deg
serial:COM8/phase_u_v,4999262,1786326470842,0.000,V
serial:COM8/phase_v_v,4999262,1786326470842,0.000,V
serial:COM8/phase_w_v,4999262,1786326470842,0.000,V
serial:COM8/motor_angle,4999264,1786326470842,131.11,deg
serial:COM8/phase_u_v,4999264,1786326470842,0.005,V
serial:COM8/phase_v_v,4999264,1786326470842,0.005,V
serial:COM8/phase_w_v,4999264,1786326470842,0.005,V
serial:COM8/motor_angle,4999266,1786326470842,131.13,deg
serial:COM8/phase_u_v,4999266,1786326470842,0.000,V
serial:COM8/phase_v_v,4999266,1786326470842,0.005,V
serial:COM8/phase_w_v,4999266,1786326470842,0.000,V
serial:COM8/motor_angle,4999268,1786326470842,131.13,deg
serial:COM8/phase_u_v,4999268,1786326470842,0.000,V
serial:COM8/phase_v_v,4999268,1786326470842,0.005,V
serial:COM8/phase_w_v,4999268,1786326470842,0.005,V
serial:COM8/motor_angle,4999270,1786326470842,131.13,deg
serial:COM8/phase_u_v,4999270,1786326470842,0.011,V
serial:COM8/phase_v_v,4999270,1786326470842,0.005,V
serial:COM8/phase_w_v,4999270,1786326470842,0.000,V
serial:COM8/motor_angle,4999272,1786326470842,131.15,deg
serial:COM8/phase_u_v,4999272,1786326470842,0.005,V
serial:COM8/phase_v_v,4999272,1786326470842,0.000,V
serial:COM8/phase_w_v,4999272,1786326470842,0.005,V
serial:COM8/motor_angle,4999274,1786326470842,131.15,deg
serial:COM8/phase_u_v,4999274,1786326470842,0.000,V
serial:COM8/phase_v_v,4999274,1786326470842,0.005,V
serial:COM8/phase_w_v,4999274,1786326470842,0.000,V
serial:COM8/motor_angle,4999276,1786326470842,131.15,deg
serial:COM8/phase_u_v,4999276,1786326470842,0.005,V
serial:COM8/phase_v_v,4999276,1786326470842,0.011,V
serial:COM8/phase_w_v,4999276,1786326470842,0.005,V
serial:COM8/motor_angle,4999278,1786326470842,131.18,deg
serial:COM8/phase_u_v,4999278,1786326470842,0.005,V
serial:COM8/phase_v_v,4999278,1786326470842,0.005,V
serial:COM8/phase_w_v,4999278,1786326470842,0.000,V
serial:COM8/motor_angle,4999280,1786326470842,131.13,deg
serial:COM8/phase_u_v,4999280,1786326470842,0.005,V
serial:COM8/phase_v_v,4999280,1786326470842,0.005,V
serial:COM8/phase_w_v,4999280,1786326470842,0.005,V
serial:COM8/motor_angle,4999282,1786326470842,131.18,deg
serial:COM8/phase_u_v,4999282,1786326470842,0.005,V
serial:COM8/phase_v_v,4999282,1786326470842,0.011,V
serial:COM8/phase_w_v,4999282,1786326470842,0.000,V
serial:COM8/motor_angle,4999284,1786326470842,131.11,deg
serial:COM8/phase_u_v,4999284,1786326470842,0.005,V
serial:COM8/phase_v_v,4999284,1786326470842,0.000,V
serial:COM8/phase_w_v,4999284,1786326470842,0.000,V
serial:COM8/motor_angle,4999286,1786326470842,131.13,deg
serial:COM8/phase_u_v,4999286,1786326470842,0.005,V
serial:COM8/phase_v_v,4999286,1786326470842,0.005,V
serial:COM8/phase_w_v,4999286,1786326470842,0.005,V
serial:COM8/motor_angle,4999288,1786326470842,131.13,deg
serial:COM8/phase_u_v,4999288,1786326470842,0.005,V
serial:COM8/phase_v_v,4999288,1786326470842,0.005,V
serial:COM8/phase_w_v,4999288,1786326470842,0.005,V
serial:COM8/motor_angle,4999290,1786326470842,131.13,deg
serial:COM8/phase_u_v,4999290,1786326470842,0.000,V
serial:COM8/phase_v_v,4999290,1786326470842,0.005,V
serial:COM8/phase_w_v,4999290,1786326470842,0.000,V
serial:COM8/motor_angle,4999292,1786326470842,131.13,deg
serial:COM8/phase_u_v,4999292,1786326470842,0.000,V
serial:COM8/phase_v_v,4999292,1786326470842,0.005,V
serial:COM8/phase_w_v,4999292,1786326470842,0.000,V
serial:COM8/motor_angle,4999294,1786326470842,131.13,deg
serial:COM8/phase_u_v,4999294,1786326470842,0.005,V
serial:COM8/phase_v_v,4999294,1786326470842,0.005,V
serial:COM8/phase_w_v,4999294,1786326470842,0.000,V
serial:COM8/motor_angle,4999296,1786326470914,131.15,deg
serial:COM8/phase_u_v,4999296,1786326470914,0.005,V
serial:COM8/phase_v_v,4999296,1786326470914,0.005,V
serial:COM8/phase_w_v,4999296,1786326470914,0.005,V
serial:COM8/motor_angle,4999298,1786326470914,131.09,deg
serial:COM8/phase_u_v,4999298,1786326470914,0.000,V
serial:COM8/phase_v_v,4999298,1786326470914,0.005,V
serial:COM8/phase_w_v,4999298,1786326470914,0.005,V
serial:COM8/motor_angle,4999300,1786326470914,131.11,deg
serial:COM8/phase_u_v,4999300,1786326470914,0.000,V
serial:COM8/phase_v_v,4999300,1786326470914,0.005,V
serial:COM8/phase_w_v,4999300,1786326470914,0.000,V
serial:COM8/motor_angle,4999302,1786326470914,131.13,deg
serial:COM8/phase_u_v,4999302,1786326470914,0.167,V
serial:COM8/phase_v_v,4999302,1786326470914,0.005,V
serial:COM8/phase_w_v,4999302,1786326470914,0.005,V
serial:COM8/motor_angle,4999304,1786326470914,131.18,deg
serial:COM8/phase_u_v,4999304,1786326470914,0.000,V
serial:COM8/phase_v_v,4999304,1786326470914,0.005,V
serial:COM8/phase_w_v,4999304,1786326470914,0.005,V
serial:COM8/motor_angle,4999306,1786326470914,131.13,deg
serial:COM8/phase_u_v,4999306,1786326470914,0.005,V
serial:COM8/phase_v_v,4999306,1786326470914,0.005,V
serial:COM8/phase_w_v,4999306,1786326470914,0.000,V
serial:COM8/motor_angle,4999308,1786326470914,131.11,deg
serial:COM8/phase_u_v,4999308,1786326470914,0.005,V
serial:COM8/phase_v_v,4999308,1786326470914,0.005,V
serial:COM8/phase_w_v,4999308,1786326470914,0.005,V
serial:COM8/motor_angle,4999310,1786326470914,131.13,deg
serial:COM8/phase_u_v,4999310,1786326470914,0.005,V
serial:COM8/phase_v_v,4999310,1786326470914,0.000,V
serial:COM8/phase_w_v,4999310,1786326470914,0.000,V
serial:COM8/motor_angle,4999312,1786326470914,131.13,deg
serial:COM8/phase_u_v,4999312,1786326470914,0.000,V
serial:COM8/phase_v_v,4999312,1786326470914,0.005,V
serial:COM8/phase_w_v,4999312,1786326470914,0.000,V
serial:COM8/motor_angle,4999314,1786326470914,131.15,deg
serial:COM8/phase_u_v,4999314,1786326470914,0.005,V
serial:COM8/phase_v_v,4999314,1786326470914,0.005,V
serial:COM8/phase_w_v,4999314,1786326470914,0.005,V
serial:COM8/motor_angle,4999316,1786326470914,131.11,deg
serial:COM8/phase_u_v,4999316,1786326470914,0.005,V
serial:COM8/phase_v_v,4999316,1786326470914,0.000,V
serial:COM8/phase_w_v,4999316,1786326470914,0.005,V
serial:COM8/motor_angle,4999318,1786326470914,131.11,deg
serial:COM8/phase_u_v,4999318,1786326470914,0.005,V
serial:COM8/phase_v_v,4999318,1786326470914,0.005,V
serial:COM8/phase_w_v,4999318,1786326470914,0.005,V
serial:COM8/motor_angle,4999320,1786326470914,131.13,deg
serial:COM8/phase_u_v,4999320,1786326470914,1.074,V
serial:COM8/phase_v_v,4999320,1786326470914,1.080,V
serial:COM8/phase_w_v,4999320,1786326470914,1.085,V
serial:COM8/motor_angle,4999322,1786326470914,131.15,deg
serial:COM8/phase_u_v,4999322,1786326470914,1.074,V
serial:COM8/phase_v_v,4999322,1786326470914,1.085,V
serial:COM8/phase_w_v,4999322,1786326470914,1.091,V
serial:COM8/motor_angle,4999324,1786326470914,131.09,deg
serial:COM8/phase_u_v,4999324,1786326470914,1.080,V
serial:COM8/phase_v_v,4999324,1786326470914,1.085,V
serial:COM8/phase_w_v,4999324,1786326470914,1.085,V
serial:COM8/motor_angle,4999326,1786326470914,131.09,deg
serial:COM8/phase_u_v,4999326,1786326470914,1.274,V
serial:COM8/phase_v_v,4999326,1786326470914,1.274,V
serial:COM8/phase_w_v,4999326,1786326470914,1.285,V
serial:COM8/motor_angle,4999328,1786326470914,131.18,deg
serial:COM8/phase_u_v,4999328,1786326470914,1.117,V
serial:COM8/phase_v_v,4999328,1786326470914,1.117,V
serial:COM8/phase_w_v,4999328,1786326470914,1.123,V
serial:COM8/motor_angle,4999330,1786326470914,131.15,deg
serial:COM8/phase_u_v,4999330,1786326470914,1.474,V
serial:COM8/phase_v_v,4999330,1786326470914,1.485,V
serial:COM8/phase_w_v,4999330,1786326470914,1.479,V
serial:COM8/motor_angle,4999332,1786326470914,131.11,deg
serial:COM8/phase_u_v,4999332,1786326470914,1.269,V
serial:COM8/phase_v_v,4999332,1786326470914,1.274,V
serial:COM8/phase_w_v,4999332,1786326470914,1.279,V
serial:COM8/motor_angle,4999334,1786326470914,131.11,deg
serial:COM8/phase_u_v,4999334,1786326470914,1.657,V
serial:COM8/phase_v_v,4999334,1786326470914,1.663,V
serial:COM8/phase_w_v,4999334,1786326470914,1.663,V
serial:COM8/motor_angle,4999336,1786326470914,131.18,deg
serial:COM8/phase_u_v,4999336,1786326470914,2.057,V
serial:COM8/phase_v_v,4999336,1786326470914,2.062,V
serial:COM8/phase_w_v,4999336,1786326470914,2.073,V
serial:COM8/motor_angle,4999338,1786326470914,131.11,deg
serial:COM8/phase_u_v,4999338,1786326470914,1.814,V
serial:COM8/phase_v_v,4999338,1786326470914,1.814,V
serial:COM8/phase_w_v,4999338,1786326470914,1.819,V
serial:COM8/motor_angle,4999340,1786326470914,131.15,deg
serial:COM8/phase_u_v,4999340,1786326470914,2.192,V
serial:COM8/phase_v_v,4999340,1786326470914,2.197,V
serial:COM8/phase_w_v,4999340,1786326470914,2.203,V
serial:COM8/motor_angle,4999342,1786326470914,131.09,deg
serial:COM8/phase_u_v,4999342,1786326470914,2.586,V
serial:COM8/phase_v_v,4999342,1786326470914,2.586,V
serial:COM8/phase_w_v,4999342,1786326470914,2.586,V
serial:COM8/motor_angle,4999344,1786326470914,131.09,deg
serial:COM8/phase_u_v,4999344,1786326470914,2.305,V
serial:COM8/phase_v_v,4999344,1786326470914,2.305,V
serial:COM8/phase_w_v,4999344,1786326470914,2.311,V
serial:COM8/motor_angle,4999346,1786326470914,131.15,deg
serial:COM8/phase_u_v,4999346,1786326470914,2.667,V
serial:COM8/phase_v_v,4999346,1786326470914,2.672,V
serial:COM8/phase_w_v,4999346,1786326470914,2.688,V
serial:COM8/motor_angle,4999348,1786326470914,131.11,deg
serial:COM8/phase_u_v,4999348,1786326470914,2.386,V
serial:COM8/phase_v_v,4999348,1786326470914,2.397,V
serial:COM8/phase_w_v,4999348,1786326470914,2.402,V
serial:COM8/motor_angle,4999350,1786326470914,131.18,deg
serial:COM8/phase_u_v,4999350,1786326470914,2.737,V
serial:COM8/phase_v_v,4999350,1786326470914,2.742,V
serial:COM8/phase_w_v,4999350,1786326470914,2.753,V
serial:COM8/motor_angle,4999352,1786326470914,131.15,deg
serial:COM8/phase_u_v,4999352,1786326470914,3.088,V
serial:COM8/phase_v_v,4999352,1786326470914,3.093,V
serial:COM8/phase_w_v,4999352,1786326470914,3.104,V
serial:COM8/motor_angle,4999354,1786326470914,131.15,deg
serial:COM8/phase_u_v,4999354,1786326470914,2.791,V
serial:COM8/phase_v_v,4999354,1786326470914,2.796,V
serial:COM8/phase_w_v,4999354,1786326470914,2.807,V
serial:COM8/motor_angle,4999356,1786326470914,131.13,deg
serial:COM8/phase_u_v,4999356,1786326470914,3.126,V
serial:COM8/phase_v_v,4999356,1786326470914,3.131,V
serial:COM8/phase_w_v,4999356,1786326470914,3.147,V
serial:COM8/motor_angle,4999358,1786326470914,131.09,deg
serial:COM8/phase_u_v,4999358,1786326470914,3.460,V
serial:COM8/phase_v_v,4999358,1786326470914,3.466,V
serial:COM8/phase_w_v,4999358,1786326470914,3.477,V
serial:COM8/motor_angle,4999360,1786326470914,131.15,deg
serial:COM8/phase_u_v,4999360,1786326470914,3.147,V
serial:COM8/phase_v_v,4999360,1786326470914,3.153,V
serial:COM8/phase_w_v,4999360,1786326470914,3.164,V
serial:COM8/motor_angle,4999362,1786326470914,131.18,deg
serial:COM8/phase_u_v,4999362,1786326470914,3.466,V
serial:COM8/phase_v_v,4999362,1786326470914,3.471,V
serial:COM8/phase_w_v,4999362,1786326470914,3.477,V
serial:COM8/motor_angle,4999364,1786326470914,131.15,deg
serial:COM8/phase_u_v,4999364,1786326470914,3.790,V
serial:COM8/phase_v_v,4999364,1786326470914,3.790,V
serial:COM8/phase_w_v,4999364,1786326470914,3.811,V
serial:COM8/motor_angle,4999366,1786326470914,131.09,deg
serial:COM8/phase_u_v,4999366,1786326470914,3.455,V
serial:COM8/phase_v_v,4999366,1786326470914,3.466,V
serial:COM8/phase_w_v,4999366,1786326470914,3.477,V
serial:COM8/motor_angle,4999368,1786326470987,131.15,deg
serial:COM8/phase_u_v,4999368,1786326470987,3.763,V
serial:COM8/phase_v_v,4999368,1786326470987,3.774,V
serial:COM8/phase_w_v,4999368,1786326470987,3.790,V
serial:COM8/motor_angle,4999370,1786326470987,131.18,deg
serial:COM8/phase_u_v,4999370,1786326470987,4.081,V
serial:COM8/phase_v_v,4999370,1786326470987,4.076,V
serial:COM8/phase_w_v,4999370,1786326470987,4.092,V
serial:COM8/motor_angle,4999372,1786326470987,131.15,deg
serial:COM8/phase_u_v,4999372,1786326470987,4.378,V
serial:COM8/phase_v_v,4999372,1786326470987,4.389,V
serial:COM8/phase_w_v,4999372,1786326470987,4.405,V
serial:COM8/motor_angle,4999374,1786326470987,131.11,deg
serial:COM8/phase_u_v,4999374,1786326470987,4.027,V
serial:COM8/phase_v_v,4999374,1786326470987,4.033,V
serial:COM8/phase_w_v,4999374,1786326470987,4.044,V
serial:COM8/motor_angle,4999376,1786326470987,131.18,deg
serial:COM8/phase_u_v,4999376,1786326470987,4.319,V
serial:COM8/phase_v_v,4999376,1786326470987,4.330,V
serial:COM8/phase_w_v,4999376,1786326470987,4.346,V
serial:COM8/motor_angle,4999378,1786326470987,131.11,deg
serial:COM8/phase_u_v,4999378,1786326470987,4.621,V
serial:COM8/phase_v_v,4999378,1786326470987,4.621,V
serial:COM8/phase_w_v,4999378,1786326470987,4.643,V
serial:COM8/motor_angle,4999380,1786326470987,131.20,deg
serial:COM8/phase_u_v,4999380,1786326470987,4.259,V
serial:COM8/phase_v_v,4999380,1786326470987,4.259,V
serial:COM8/phase_w_v,4999380,1786326470987,4.270,V
serial:COM8/motor_angle,4999382,1786326470987,131.18,deg
serial:COM8/phase_u_v,4999382,1786326470987,4.540,V
serial:COM8/phase_v_v,4999382,1786326470987,4.546,V
serial:COM8/phase_w_v,4999382,1786326470987,4.556,V
serial:COM8/motor_angle,4999384,1786326470987,131.11,deg
serial:COM8/phase_u_v,4999384,1786326470987,4.821,V
serial:COM8/phase_v_v,4999384,1786326470987,4.826,V
serial:COM8/phase_w_v,4999384,1786326470987,4.842,V
serial:COM8/motor_angle,4999386,1786326470987,131.11,deg
serial:COM8/phase_u_v,4999386,1786326470987,4.448,V
serial:COM8/phase_v_v,4999386,1786326470987,4.454,V
serial:COM8/phase_w_v,4999386,1786326470987,4.470,V
serial:COM8/motor_angle,4999388,1786326470987,131.13,deg
serial:COM8/phase_u_v,4999388,1786326470987,4.729,V
serial:COM8/phase_v_v,4999388,1786326470987,4.724,V
serial:COM8/phase_w_v,4999388,1786326470987,4.745,V
serial:COM8/motor_angle,4999390,1786326470987,131.15,deg
serial:COM8/phase_u_v,4999390,1786326470987,4.988,V
serial:COM8/phase_v_v,4999390,1786326470987,5.004,V
serial:COM8/phase_w_v,4999390,1786326470987,5.026,V
serial:COM8/motor_angle,4999392,1786326470987,131.11,deg
serial:COM8/phase_u_v,4999392,1786326470987,5.269,V
serial:COM8/phase_v_v,4999392,1786326470987,5.274,V
serial:COM8/phase_w_v,4999392,1786326470987,5.296,V
serial:COM8/motor_angle,4999394,1786326470987,131.13,deg
serial:COM8/phase_u_v,4999394,1786326470987,4.880,V
serial:COM8/phase_v_v,4999394,1786326470987,4.880,V
serial:COM8/phase_w_v,4999394,1786326470987,4.902,V
serial:COM8/motor_angle,4999396,1786326470987,131.15,deg
serial:COM8/phase_u_v,4999396,1786326470987,5.139,V
serial:COM8/phase_v_v,4999396,1786326470987,5.150,V
serial:COM8/phase_w_v,4999396,1786326470987,5.166,V
serial:COM8/motor_angle,4999398,1786326470987,131.13,deg
serial:COM8/phase_u_v,4999398,1786326470987,5.404,V
serial:COM8/phase_v_v,4999398,1786326470987,5.409,V
serial:COM8/phase_w_v,4999398,1786326470987,5.426,V
serial:COM8/motor_angle,4999400,1786326470987,131.09,deg
serial:COM8/phase_u_v,4999400,1786326470987,5.015,V
serial:COM8/phase_v_v,4999400,1786326470987,5.021,V
serial:COM8/phase_w_v,4999400,1786326470987,5.037,V
serial:COM8/motor_angle,4999402,1786326470987,131.18,deg
serial:COM8/phase_u_v,4999402,1786326470987,5.264,V
serial:COM8/phase_v_v,4999402,1786326470987,5.264,V
serial:COM8/phase_w_v,4999402,1786326470987,5.285,V
serial:COM8/motor_angle,4999404,1786326470987,131.15,deg
serial:COM8/phase_u_v,4999404,1786326470987,5.517,V
serial:COM8/phase_v_v,4999404,1786326470987,5.528,V
serial:COM8/phase_w_v,4999404,1786326470987,5.539,V
serial:COM8/motor_angle,4999406,1786326470987,131.15,deg
serial:COM8/phase_u_v,4999406,1786326470987,5.766,V
serial:COM8/phase_v_v,4999406,1786326470987,5.787,V
serial:COM8/phase_w_v,4999406,1786326470987,5.787,V
serial:COM8/motor_angle,4999408,1786326470987,131.13,deg
serial:COM8/phase_u_v,4999408,1786326470987,5.355,V
serial:COM8/phase_v_v,4999408,1786326470987,5.366,V
serial:COM8/phase_w_v,4999408,1786326470987,5.382,V
serial:COM8/motor_angle,4999410,1786326470987,131.15,deg
serial:COM8/phase_u_v,4999410,1786326470987,5.598,V
serial:COM8/phase_v_v,4999410,1786326470987,5.604,V
serial:COM8/phase_w_v,4999410,1786326470987,5.625,V
serial:COM8/motor_angle,4999412,1786326470987,131.11,deg
serial:COM8/phase_u_v,4999412,1786326470987,5.841,V
serial:COM8/phase_v_v,4999412,1786326470987,5.847,V
serial:COM8/phase_w_v,4999412,1786326470987,5.868,V
serial:COM8/motor_angle,4999414,1786326470987,131.15,deg
serial:COM8/phase_u_v,4999414,1786326470987,5.426,V
serial:COM8/phase_v_v,4999414,1786326470987,5.436,V
serial:COM8/phase_w_v,4999414,1786326470987,5.453,V
serial:COM8/motor_angle,4999416,1786326470987,131.15,deg
serial:COM8/phase_u_v,4999416,1786326470987,5.663,V
serial:COM8/phase_v_v,4999416,1786326470987,5.674,V
serial:COM8/phase_w_v,4999416,1786326470987,5.690,V
serial:COM8/motor_angle,4999418,1786326470987,131.15,deg
serial:COM8/phase_u_v,4999418,1786326470987,5.895,V
serial:COM8/phase_v_v,4999418,1786326470987,5.906,V
serial:COM8/phase_w_v,4999418,1786326470987,5.917,V
serial:COM8/motor_angle,4999420,1786326470987,131.13,deg
serial:COM8/phase_u_v,4999420,1786326470987,6.133,V
serial:COM8/phase_v_v,4999420,1786326470987,6.133,V
serial:COM8/phase_w_v,4999420,1786326470987,6.149,V
serial:COM8/motor_angle,4999422,1786326470987,131.13,deg
serial:COM8/phase_u_v,4999422,1786326470987,5.706,V
serial:COM8/phase_v_v,4999422,1786326470987,5.706,V
serial:COM8/phase_w_v,4999422,1786326470987,5.728,V
serial:COM8/motor_angle,4999424,1786326470987,131.07,deg
serial:COM8/phase_u_v,4999424,1786326470987,5.928,V
serial:COM8/phase_v_v,4999424,1786326470987,5.944,V
serial:COM8/phase_w_v,4999424,1786326470987,5.960,V
serial:COM8/motor_angle,4999426,1786326470987,131.11,deg
serial:COM8/phase_u_v,4999426,1786326470987,6.160,V
serial:COM8/phase_v_v,4999426,1786326470987,6.165,V
serial:COM8/phase_w_v,4999426,1786326470987,6.171,V
serial:COM8/motor_angle,4999428,1786326470987,131.15,deg
serial:COM8/phase_u_v,4999428,1786326470987,6.376,V
serial:COM8/phase_v_v,4999428,1786326470987,6.397,V
serial:COM8/phase_w_v,4999428,1786326470987,6.408,V
serial:COM8/motor_angle,4999430,1786326470987,131.15,deg
serial:COM8/phase_u_v,4999430,1786326470987,5.938,V
serial:COM8/phase_v_v,4999430,1786326470987,5.960,V
serial:COM8/phase_w_v,4999430,1786326470987,5.976,V
serial:COM8/motor_angle,4999432,1786326470987,131.13,deg
serial:COM8/phase_u_v,4999432,1786326470987,6.171,V
serial:COM8/phase_v_v,4999432,1786326470987,6.176,V
serial:COM8/phase_w_v,4999432,1786326470987,6.192,V
serial:COM8/motor_angle,4999434,1786326470987,131.18,deg
serial:COM8/phase_u_v,4999434,1786326470987,6.392,V
serial:COM8/phase_v_v,4999434,1786326470987,6.397,V
serial:COM8/phase_w_v,4999434,1786326470987,6.413,V
serial:COM8/motor_angle,4999436,1786326470987,131.11,deg
serial:COM8/phase_u_v,4999436,1786326470987,6.619,V
serial:COM8/phase_v_v,4999436,1786326470987,6.619,V
serial:COM8/phase_w_v,4999436,1786326470987,6.646,V
serial:COM8/motor_angle,4999438,1786326470987,131.09,deg
serial:COM8/phase_u_v,4999438,1786326470987,6.171,V
serial:COM8/phase_v_v,4999438,1786326470987,6.176,V
serial:COM8/phase_w_v,4999438,1786326470987,6.198,V
serial:COM8/motor_angle,4999440,1786326471058,131.11,deg
serial:COM8/phase_u_v,4999440,1786326471058,6.381,V
serial:COM8/phase_v_v,4999440,1786326471058,6.397,V
serial:COM8/phase_w_v,4999440,1786326471058,6.408,V
serial:COM8/motor_angle,4999442,1786326471058,131.18,deg
serial:COM8/phase_u_v,4999442,1786326471058,6.592,V
serial:COM8/phase_v_v,4999442,1786326471058,6.608,V
serial:COM8/phase_w_v,4999442,1786326471058,6.629,V
serial:COM8/motor_angle,4999444,1786326471058,131.13,deg
serial:COM8/phase_u_v,4999444,1786326471058,6.160,V
serial:COM8/phase_v_v,4999444,1786326471058,6.171,V
serial:COM8/phase_w_v,4999444,1786326471058,6.192,V
serial:COM8/motor_angle,4999446,1786326471058,131.15,deg
serial:COM8/phase_u_v,4999446,1786326471058,6.365,V
serial:COM8/phase_v_v,4999446,1786326471058,6.376,V
serial:COM8/phase_w_v,4999446,1786326471058,6.397,V
serial:COM8/motor_angle,4999448,1786326471058,131.13,deg
serial:COM8/phase_u_v,4999448,1786326471058,6.570,V
serial:COM8/phase_v_v,4999448,1786326471058,6.575,V
serial:COM8/phase_w_v,4999448,1786326471058,6.597,V
serial:COM8/motor_angle,4999450,1786326471058,131.11,deg
serial:COM8/phase_u_v,4999450,1786326471058,6.775,V
serial:COM8/phase_v_v,4999450,1786326471058,6.786,V
serial:COM8/phase_w_v,4999450,1786326471058,6.813,V
serial:COM8/motor_angle,4999452,1786326471058,131.11,deg
serial:COM8/phase_u_v,4999452,1786326471058,6.327,V
serial:COM8/phase_v_v,4999452,1786326471058,6.338,V
serial:COM8/phase_w_v,4999452,1786326471058,6.359,V
serial:COM8/motor_angle,4999454,1786326471058,131.11,deg
serial:COM8/phase_u_v,4999454,1786326471058,6.532,V
serial:COM8/phase_v_v,4999454,1786326471058,6.543,V
serial:COM8/phase_w_v,4999454,1786326471058,6.554,V
serial:COM8/motor_angle,4999456,1786326471058,131.15,deg
serial:COM8/phase_u_v,4999456,1786326471058,6.732,V
serial:COM8/phase_v_v,4999456,1786326471058,6.737,V
serial:COM8/phase_w_v,4999456,1786326471058,6.759,V
serial:COM8/motor_angle,4999458,1786326471058,131.11,deg
serial:COM8/phase_u_v,4999458,1786326471058,6.932,V
serial:COM8/phase_v_v,4999458,1786326471058,6.943,V
serial:COM8/phase_w_v,4999458,1786326471058,6.964,V
serial:COM8/motor_angle,4999460,1786326471058,131.11,deg
serial:COM8/phase_u_v,4999460,1786326471058,6.478,V
serial:COM8/phase_v_v,4999460,1786326471058,6.489,V
serial:COM8/phase_w_v,4999460,1786326471058,6.505,V
serial:COM8/motor_angle,4999462,1786326471058,131.11,deg
serial:COM8/phase_u_v,4999462,1786326471058,6.667,V
serial:COM8/phase_v_v,4999462,1786326471058,6.678,V
serial:COM8/phase_w_v,4999462,1786326471058,6.694,V
serial:COM8/motor_angle,4999464,1786326471058,131.15,deg
serial:COM8/phase_u_v,4999464,1786326471058,6.867,V
serial:COM8/phase_v_v,4999464,1786326471058,6.878,V
serial:COM8/phase_w_v,4999464,1786326471058,6.894,V
serial:COM8/motor_angle,4999466,1786326471058,131.15,deg
serial:COM8/phase_u_v,4999466,1786326471058,7.056,V
serial:COM8/phase_v_v,4999466,1786326471058,7.067,V
serial:COM8/phase_w_v,4999466,1786326471058,7.088,V
serial:COM8/motor_angle,4999468,1786326471058,131.09,deg
serial:COM8/phase_u_v,4999468,1786326471058,6.602,V
serial:COM8/phase_v_v,4999468,1786326471058,6.613,V
serial:COM8/phase_w_v,4999468,1786326471058,6.635,V
serial:COM8/motor_angle,4999470,1786326471058,131.13,deg
serial:COM8/phase_u_v,4999470,1786326471058,6.791,V
serial:COM8/phase_v_v,4999470,1786326471058,6.797,V
serial:COM8/phase_w_v,4999470,1786326471058,6.829,V
serial:COM8/motor_angle,4999472,1786326471058,131.11,deg
serial:COM8/phase_u_v,4999472,1786326471058,6.986,V
serial:COM8/phase_v_v,4999472,1786326471058,6.991,V
serial:COM8/phase_w_v,4999472,1786326471058,7.018,V
serial:COM8/motor_angle,4999474,1786326471058,131.09,deg
serial:COM8/phase_u_v,4999474,1786326471058,7.180,V
serial:COM8/phase_v_v,4999474,1786326471058,7.191,V
serial:COM8/phase_w_v,4999474,1786326471058,7.207,V
serial:COM8/motor_angle,4999476,1786326471058,131.20,deg
serial:COM8/phase_u_v,4999476,1786326471058,6.710,V
serial:COM8/phase_v_v,4999476,1786326471058,6.727,V
serial:COM8/phase_w_v,4999476,1786326471058,6.743,V
serial:COM8/motor_angle,4999478,1786326471058,131.15,deg
serial:COM8/phase_u_v,4999478,1786326471058,6.894,V
serial:COM8/phase_v_v,4999478,1786326471058,6.916,V
serial:COM8/phase_w_v,4999478,1786326471058,6.932,V
serial:COM8/motor_angle,4999480,1786326471058,131.13,deg
serial:COM8/phase_u_v,4999480,1786326471058,7.088,V
serial:COM8/phase_v_v,4999480,1786326471058,7.094,V
serial:COM8/phase_w_v,4999480,1786326471058,7.121,V
serial:COM8/motor_angle,4999482,1786326471058,131.11,deg
serial:COM8/phase_u_v,4999482,1786326471058,7.272,V
serial:COM8/phase_v_v,4999482,1786326471058,7.277,V
serial:COM8/phase_w_v,4999482,1786326471058,7.310,V
serial:COM8/motor_angle,4999484,1786326471058,131.15,deg
serial:COM8/phase_u_v,4999484,1786326471058,6.802,V
serial:COM8/phase_v_v,4999484,1786326471058,6.818,V
serial:COM8/phase_w_v,4999484,1786326471058,6.835,V
serial:COM8/motor_angle,4999486,1786326471058,131.18,deg
serial:COM8/phase_u_v,4999486,1786326471058,6.986,V
serial:COM8/phase_v_v,4999486,1786326471058,6.991,V
serial:COM8/phase_w_v,4999486,1786326471058,7.018,V
serial:COM8/motor_angle,4999488,1786326471058,131.18,deg
serial:COM8/phase_u_v,4999488,1786326471058,7.164,V
serial:COM8/phase_v_v,4999488,1786326471058,7.180,V
serial:COM8/phase_w_v,4999488,1786326471058,7.207,V
serial:COM8/motor_angle,4999490,1786326471058,131.18,deg
serial:COM8/phase_u_v,4999490,1786326471058,7.353,V
serial:COM8/phase_v_v,4999490,1786326471058,7.364,V
serial:COM8/phase_w_v,4999490,1786326471058,7.385,V
serial:COM8/motor_angle,4999492,1786326471058,131.11,deg
serial:COM8/phase_u_v,4999492,1786326471058,6.883,V
serial:COM8/phase_v_v,4999492,1786326471058,6.889,V
serial:COM8/phase_w_v,4999492,1786326471058,6.916,V
serial:COM8/motor_angle,4999494,1786326471058,131.11,deg
serial:COM8/phase_u_v,4999494,1786326471058,7.050,V
serial:COM8/phase_v_v,4999494,1786326471058,7.061,V
serial:COM8/phase_w_v,4999494,1786326471058,7.094,V
serial:COM8/motor_angle,4999496,1786326471058,131.13,deg
serial:COM8/phase_u_v,4999496,1786326471058,7.234,V
serial:COM8/phase_v_v,4999496,1786326471058,7.245,V
serial:COM8/phase_w_v,4999496,1786326471058,7.272,V
serial:COM8/motor_angle,4999498,1786326471058,131.11,deg
serial:COM8/phase_u_v,4999498,1786326471058,7.418,V
serial:COM8/phase_v_v,4999498,1786326471058,7.423,V
serial:COM8/phase_w_v,4999498,1786326471058,7.450,V
serial:COM8/motor_angle,4999500,1786326471058,131.09,deg
serial:COM8/phase_u_v,4999500,1786326471058,6.937,V
serial:COM8/phase_v_v,4999500,1786326471058,6.948,V
serial:COM8/phase_w_v,4999500,1786326471058,6.975,V
serial:COM8/motor_angle,4999502,1786326471058,131.18,deg
serial:COM8/phase_u_v,4999502,1786326471058,7.121,V
serial:COM8/phase_v_v,4999502,1786326471058,7.126,V
serial:COM8/phase_w_v,4999502,1786326471058,7.142,V
serial:COM8/motor_angle,4999504,1786326471058,131.13,deg
serial:COM8/phase_u_v,4999504,1786326471058,7.293,V
serial:COM8/phase_v_v,4999504,1786326471058,7.299,V
serial:COM8/phase_w_v,4999504,1786326471058,7.326,V
serial:COM8/motor_angle,4999506,1786326471058,131.15,deg
serial:COM8/phase_u_v,4999506,1786326471058,7.472,V
serial:COM8/phase_v_v,4999506,1786326471058,7.477,V
serial:COM8/phase_w_v,4999506,1786326471058,7.509,V
serial:COM8/motor_angle,4999508,1786326471058,131.15,deg
serial:COM8/phase_u_v,4999508,1786326471058,6.997,V
serial:COM8/phase_v_v,4999508,1786326471058,7.002,V
serial:COM8/phase_w_v,4999508,1786326471058,7.023,V
serial:COM8/motor_angle,4999510,1786326471058,131.15,deg
serial:COM8/phase_u_v,4999510,1786326471058,7.169,V
serial:COM8/phase_v_v,4999510,1786326471058,7.164,V
serial:COM8/phase_w_v,4999510,1786326471058,7.196,V
serial:COM8/motor_angle,4999512,1786326471132,131.11,deg
serial:COM8/phase_u_v,4999512,1786326471132,7.337,V
serial:COM8/phase_v_v,4999512,1786326471132,7.347,V
serial:COM8/phase_w_v,4999512,1786326471132,7.374,V
serial:COM8/motor_angle,4999514,1786326471132,131.20,deg
serial:COM8/phase_u_v,4999514,1786326471132,7.515,V
serial:COM8/phase_v_v,4999514,1786326471132,7.520,V
serial:COM8/phase_w_v,4999514,1786326471132,7.553,V
serial:COM8/motor_angle,4999516,1786326471132,131.15,deg
serial:COM8/phase_u_v,4999516,1786326471132,7.693,V
serial:COM8/phase_v_v,4999516,1786326471132,7.709,V
serial:COM8/phase_w_v,4999516,1786326471132,7.725,V
serial:COM8/motor_angle,4999518,1786326471132,131.11,deg
serial:COM8/phase_u_v,4999518,1786326471132,7.207,V
serial:COM8/phase_v_v,4999518,1786326471132,7.212,V
serial:COM8/phase_w_v,4999518,1786326471132,7.234,V
serial:COM8/motor_angle,4999520,1786326471132,131.15,deg
serial:COM8/phase_u_v,4999520,1786326471132,7.380,V
serial:COM8/phase_v_v,4999520,1786326471132,7.391,V
serial:COM8/phase_w_v,4999520,1786326471132,7.407,V
serial:COM8/motor_angle,4999522,1786326471132,131.15,deg
serial:COM8/phase_u_v,4999522,1786326471132,7.547,V
serial:COM8/phase_v_v,4999522,1786326471132,7.547,V
serial:COM8/phase_w_v,4999522,1786326471132,7.585,V
serial:COM8/motor_angle,4999524,1786326471132,131.15,deg
serial:COM8/phase_u_v,4999524,1786326471132,7.725,V
serial:COM8/phase_v_v,4999524,1786326471132,7.731,V
serial:COM8/phase_w_v,4999524,1786326471132,7.763,V
serial:COM8/motor_angle,4999526,1786326471132,131.04,deg
serial:COM8/phase_u_v,4999526,1786326471132,7.239,V
serial:COM8/phase_v_v,4999526,1786326471132,7.250,V
serial:COM8/phase_w_v,4999526,1786326471132,7.266,V
serial:COM8/motor_angle,4999528,1786326471132,131.13,deg
serial:COM8/phase_u_v,4999528,1786326471132,7.401,V
serial:COM8/phase_v_v,4999528,1786326471132,7.418,V
serial:COM8/phase_w_v,4999528,1786326471132,7.434,V
serial:COM8/motor_angle,4999530,1786326471132,131.15,deg
serial:COM8/phase_u_v,4999530,1786326471132,7.574,V
serial:COM8/phase_v_v,4999530,1786326471132,7.585,V
serial:COM8/phase_w_v,4999530,1786326471132,7.612,V
serial:COM8/motor_angle,4999532,1786326471132,131.15,deg
serial:COM8/phase_u_v,4999532,1786326471132,7.747,V
serial:COM8/phase_v_v,4999532,1786326471132,7.758,V
serial:COM8/phase_w_v,4999532,1786326471132,7.790,V
serial:COM8/motor_angle,4999534,1786326471132,131.18,deg
serial:COM8/phase_u_v,4999534,1786326471132,7.261,V
serial:COM8/phase_v_v,4999534,1786326471132,7.266,V
serial:COM8/phase_w_v,4999534,1786326471132,7.293,V
serial:COM8/motor_angle,4999536,1786326471132,131.13,deg
serial:COM8/phase_u_v,4999536,1786326471132,7.423,V
serial:COM8/phase_v_v,4999536,1786326471132,7.434,V
serial:COM8/phase_w_v,4999536,1786326471132,7.461,V
serial:COM8/motor_angle,4999538,1786326471132,131.13,deg
serial:COM8/phase_u_v,4999538,1786326471132,7.590,V
serial:COM8/phase_v_v,4999538,1786326471132,7.596,V
serial:COM8/phase_w_v,4999538,1786326471132,7.628,V
serial:COM8/motor_angle,4999540,1786326471132,131.18,deg
serial:COM8/phase_u_v,4999540,1786326471132,7.758,V
serial:COM8/phase_v_v,4999540,1786326471132,7.774,V
serial:COM8/phase_w_v,4999540,1786326471132,7.795,V
serial:COM8/motor_angle,4999542,1786326471132,131.13,deg
serial:COM8/phase_u_v,4999542,1786326471132,7.277,V
serial:COM8/phase_v_v,4999542,1786326471132,7.277,V
serial:COM8/phase_w_v,4999542,1786326471132,7.310,V
serial:COM8/motor_angle,4999544,1786326471132,131.15,deg
serial:COM8/phase_u_v,4999544,1786326471132,7.434,V
serial:COM8/phase_v_v,4999544,1786326471132,7.450,V
serial:COM8/phase_w_v,4999544,1786326471132,7.466,V
serial:COM8/motor_angle,4999546,1786326471132,131.15,deg
serial:COM8/phase_u_v,4999546,1786326471132,7.607,V
serial:COM8/phase_v_v,4999546,1786326471132,7.612,V
serial:COM8/phase_w_v,4999546,1786326471132,7.634,V
serial:COM8/motor_angle,4999548,1786326471132,131.13,deg
serial:COM8/phase_u_v,4999548,1786326471132,7.768,V
serial:COM8/phase_v_v,4999548,1786326471132,7.779,V
serial:COM8/phase_w_v,4999548,1786326471132,7.801,V
serial:COM8/motor_angle,4999550,1786326471132,131.15,deg
serial:COM8/phase_u_v,4999550,1786326471132,7.283,V
serial:COM8/phase_v_v,4999550,1786326471132,7.299,V
serial:COM8/phase_w_v,4999550,1786326471132,7.310,V
serial:COM8/motor_angle,4999552,1786326471132,131.09,deg
serial:COM8/phase_u_v,4999552,1786326471132,7.439,V
serial:COM8/phase_v_v,4999552,1786326471132,7.445,V
serial:COM8/phase_w_v,4999552,1786326471132,7.466,V
serial:COM8/motor_angle,4999554,1786326471132,131.15,deg
serial:COM8/phase_u_v,4999554,1786326471132,7.601,V
serial:COM8/phase_v_v,4999554,1786326471132,7.612,V
serial:COM8/phase_w_v,4999554,1786326471132,7.639,V
serial:COM8/motor_angle,4999556,1786326471132,131.13,deg
serial:COM8/phase_u_v,4999556,1786326471132,7.779,V
serial:COM8/phase_v_v,4999556,1786326471132,7.779,V
serial:COM8/phase_w_v,4999556,1786326471132,7.806,V
serial:COM8/motor_angle,4999558,1786326471132,131.15,deg
serial:COM8/phase_u_v,4999558,1786326471132,7.277,V
serial:COM8/phase_v_v,4999558,1786326471132,7.288,V
serial:COM8/phase_w_v,4999558,1786326471132,7.315,V
serial:COM8/motor_angle,4999560,1786326471132,131.18,deg
serial:COM8/phase_u_v,4999560,1786326471132,7.434,V
serial:COM8/phase_v_v,4999560,1786326471132,7.445,V
serial:COM8/phase_w_v,4999560,1786326471132,7.472,V
serial:COM8/motor_angle,4999562,1786326471132,131.13,deg
serial:COM8/phase_u_v,4999562,1786326471132,7.601,V
serial:COM8/phase_v_v,4999562,1786326471132,7.601,V
serial:COM8/phase_w_v,4999562,1786326471132,7.634,V
serial:COM8/motor_angle,4999564,1786326471132,131.07,deg
serial:COM8/phase_u_v,4999564,1786326471132,7.763,V
serial:COM8/phase_v_v,4999564,1786326471132,7.774,V
serial:COM8/phase_w_v,4999564,1786326471132,7.806,V
serial:COM8/motor_angle,4999566,1786326471132,131.11,deg
serial:COM8/phase_u_v,4999566,1786326471132,7.266,V
serial:COM8/phase_v_v,4999566,1786326471132,7.288,V
serial:COM8/phase_w_v,4999566,1786326471132,7.596,V
serial:COM8/motor_angle,4999568,1786326471132,131.11,deg
serial:COM8/phase_u_v,4999568,1786326471132,7.428,V
serial:COM8/phase_v_v,4999568,1786326471132,7.450,V
serial:COM8/phase_w_v,4999568,1786326471132,7.466,V
serial:COM8/motor_angle,4999570,1786326471132,131.13,deg
serial:COM8/phase_u_v,4999570,1786326471132,7.596,V
serial:COM8/phase_v_v,4999570,1786326471132,7.601,V
serial:COM8/phase_w_v,4999570,1786326471132,7.623,V
serial:COM8/motor_angle,4999572,1786326471132,131.13,deg
serial:COM8/phase_u_v,4999572,1786326471132,7.747,V
serial:COM8/phase_v_v,4999572,1786326471132,7.768,V
serial:COM8/phase_w_v,4999572,1786326471132,7.785,V
serial:COM8/motor_angle,4999574,1786326471132,131.11,deg
serial:COM8/phase_u_v,4999574,1786326471132,7.925,V
serial:COM8/phase_v_v,4999574,1786326471132,7.930,V
serial:COM8/phase_w_v,4999574,1786326471132,7.957,V
serial:COM8/motor_angle,4999576,1786326471132,131.11,deg
serial:COM8/phase_u_v,4999576,1786326471132,7.428,V
serial:COM8/phase_v_v,4999576,1786326471132,7.428,V
serial:COM8/phase_w_v,4999576,1786326471132,7.455,V
serial:COM8/motor_angle,4999578,1786326471132,131.15,deg
serial:COM8/phase_u_v,4999578,1786326471132,7.585,V
serial:COM8/phase_v_v,4999578,1786326471132,7.596,V
serial:COM8/phase_w_v,4999578,1786326471132,7.623,V
serial:COM8/motor_angle,4999580,1786326471132,131.13,deg
serial:COM8/phase_u_v,4999580,1786326471132,7.742,V
serial:COM8/phase_v_v,4999580,1786326471132,7.758,V
serial:COM8/phase_w_v,4999580,1786326471132,7.774,V
serial:COM8/motor_angle,4999582,1786326471132,131.15,deg
serial:COM8/phase_u_v,4999582,1786326471132,7.909,V
serial:COM8/phase_v_v,4999582,1786326471132,7.920,V
serial:COM8/phase_w_v,4999582,1786326471132,7.947,V
serial:COM8/motor_angle,4999584,1786326471132,131.11,deg
serial:COM8/phase_u_v,4999584,1786326471132,7.407,V
serial:COM8/phase_v_v,4999584,1786326471132,7.418,V
serial:COM8/phase_w_v,4999584,1786326471132,7.445,V
serial:COM8/motor_angle,4999586,1786326471204,131.13,deg
serial:COM8/phase_u_v,4999586,1786326471204,7.563,V
serial:COM8/phase_v_v,4999586,1786326471204,7.574,V
serial:COM8/phase_w_v,4999586,1786326471204,7.596,V
serial:COM8/motor_angle,4999588,1786326471204,131.18,deg
serial:COM8/phase_u_v,4999588,1786326471204,7.725,V
serial:COM8/phase_v_v,4999588,1786326471204,7.731,V
serial:COM8/phase_w_v,4999588,1786326471204,7.763,V
serial:COM8/motor_angle,4999590,1786326471204,131.11,deg
serial:COM8/phase_u_v,4999590,1786326471204,7.887,V
serial:COM8/phase_v_v,4999590,1786326471204,7.898,V
serial:COM8/phase_w_v,4999590,1786326471204,7.930,V
serial:COM8/motor_angle,4999592,1786326471204,131.11,deg
serial:COM8/phase_u_v,4999592,1786326471204,7.385,V
serial:COM8/phase_v_v,4999592,1786326471204,7.407,V
serial:COM8/phase_w_v,4999592,1786326471204,7.423,V
serial:COM8/motor_angle,4999594,1786326471204,131.13,deg
serial:COM8/phase_u_v,4999594,1786326471204,7.553,V
serial:COM8/phase_v_v,4999594,1786326471204,7.563,V
serial:COM8/phase_w_v,4999594,1786326471204,7.585,V
serial:COM8/motor_angle,4999596,1786326471204,131.15,deg
serial:COM8/phase_u_v,4999596,1786326471204,7.715,V
serial:COM8/phase_v_v,4999596,1786326471204,7.720,V
serial:COM8/phase_w_v,4999596,1786326471204,7.742,V
serial:COM8/motor_angle,4999598,1786326471204,131.11,deg
serial:COM8/phase_u_v,4999598,1786326471204,7.866,V
serial:COM8/phase_v_v,4999598,1786326471204,7.876,V
serial:COM8/phase_w_v,4999598,1786326471204,7.903,V
serial:COM8/motor_angle,4999600,1786326471204,131.15,deg
serial:COM8/phase_u_v,4999600,1786326471204,7.369,V
serial:COM8/phase_v_v,4999600,1786326471204,7.380,V
serial:COM8/phase_w_v,4999600,1786326471204,7.412,V
serial:COM8/motor_angle,4999602,1786326471204,131.13,deg
serial:COM8/phase_u_v,4999602,1786326471204,7.526,V
serial:COM8/phase_v_v,4999602,1786326471204,7.542,V
serial:COM8/phase_w_v,4999602,1786326471204,7.563,V
serial:COM8/motor_angle,4999604,1786326471204,131.15,deg
serial:COM8/phase_u_v,4999604,1786326471204,7.693,V
serial:COM8/phase_v_v,4999604,1786326471204,7.693,V
serial:COM8/phase_w_v,4999604,1786326471204,7.720,V
serial:COM8/motor_angle,4999606,1786326471204,131.15,deg
serial:COM8/phase_u_v,4999606,1786326471204,7.844,V
serial:COM8/phase_v_v,4999606,1786326471204,7.849,V
serial:COM8/phase_w_v,4999606,1786326471204,7.876,V
serial:COM8/motor_angle,4999608,1786326471204,131.11,deg
serial:COM8/phase_u_v,4999608,1786326471204,8.011,V
serial:COM8/phase_v_v,4999608,1786326471204,8.017,V
serial:COM8/phase_w_v,4999608,1786326471204,8.044,V
serial:COM8/motor_angle,4999610,1786326471204,131.13,deg
serial:COM8/phase_u_v,4999610,1786326471204,7.509,V
serial:COM8/phase_v_v,4999610,1786326471204,7.509,V
serial:COM8/phase_w_v,4999610,1786326471204,7.536,V
serial:COM8/motor_angle,4999612,1786326471204,131.09,deg
serial:COM8/phase_u_v,4999612,1786326471204,7.655,V
serial:COM8/phase_v_v,4999612,1786326471204,7.666,V
serial:COM8/phase_w_v,4999612,1786326471204,7.693,V
serial:COM8/motor_angle,4999614,1786326471204,131.13,deg
serial:COM8/phase_u_v,4999614,1786326471204,7.817,V
serial:COM8/phase_v_v,4999614,1786326471204,7.828,V
serial:COM8/phase_w_v,4999614,1786326471204,7.855,V
serial:COM8/motor_angle,4999616,1786326471204,131.15,deg
serial:COM8/phase_u_v,4999616,1786326471204,7.979,V
serial:COM8/phase_v_v,4999616,1786326471204,7.995,V
serial:COM8/phase_w_v,4999616,1786326471204,8.017,V
serial:COM8/motor_angle,4999618,1786326471204,131.15,deg
serial:COM8/phase_u_v,4999618,1786326471204,7.482,V
serial:COM8/phase_v_v,4999618,1786326471204,7.482,V
serial:COM8/phase_w_v,4999618,1786326471204,7.509,V
serial:COM8/motor_angle,4999620,1786326471204,131.15,deg
serial:COM8/phase_u_v,4999620,1786326471204,7.639,V
serial:COM8/phase_v_v,4999620,1786326471204,7.644,V
serial:COM8/phase_w_v,4999620,1786326471204,7.671,V
serial:COM8/motor_angle,4999622,1786326471204,131.15,deg
serial:COM8/phase_u_v,4999622,1786326471204,7.795,V
serial:COM8/phase_v_v,4999622,1786326471204,7.795,V
serial:COM8/phase_w_v,4999622,1786326471204,7.822,V
serial:COM8/motor_angle,4999624,1786326471204,131.15,deg
serial:COM8/phase_u_v,4999624,1786326471204,7.957,V
serial:COM8/phase_v_v,4999624,1786326471204,7.963,V
serial:COM8/phase_w_v,4999624,1786326471204,7.990,V
serial:COM8/motor_angle,4999626,1786326471204,131.13,deg
serial:COM8/phase_u_v,4999626,1786326471204,7.450,V
serial:COM8/phase_v_v,4999626,1786326471204,7.466,V
serial:COM8/phase_w_v,4999626,1786326471204,7.488,V
serial:COM8/motor_angle,4999628,1786326471204,131.15,deg
serial:COM8/phase_u_v,4999628,1786326471204,7.607,V
serial:COM8/phase_v_v,4999628,1786326471204,7.612,V
serial:COM8/phase_w_v,4999628,1786326471204,7.639,V
serial:COM8/motor_angle,4999630,1786326471204,131.13,deg
serial:COM8/phase_u_v,4999630,1786326471204,7.774,V
serial:COM8/phase_v_v,4999630,1786326471204,7.774,V
serial:COM8/phase_w_v,4999630,1786326471204,7.801,V
serial:COM8/motor_angle,4999632,1786326471204,131.11,deg
serial:COM8/phase_u_v,4999632,1786326471204,7.925,V
serial:COM8/phase_v_v,4999632,1786326471204,7.930,V
serial:COM8/phase_w_v,4999632,1786326471204,7.957,V
serial:COM8/motor_angle,4999634,1786326471204,131.18,deg
serial:COM8/phase_u_v,4999634,1786326471204,7.428,V
serial:COM8/phase_v_v,4999634,1786326471204,7.439,V
serial:COM8/phase_w_v,4999634,1786326471204,7.455,V
serial:COM8/motor_angle,4999636,1786326471204,131.15,deg
serial:COM8/phase_u_v,4999636,1786326471204,7.580,V
serial:COM8/phase_v_v,4999636,1786326471204,7.590,V
serial:COM8/phase_w_v,4999636,1786326471204,7.612,V
serial:COM8/motor_angle,4999638,1786326471204,131.15,deg
serial:COM8/phase_u_v,4999638,1786326471204,7.742,V
serial:COM8/phase_v_v,4999638,1786326471204,7.747,V
serial:COM8/phase_w_v,4999638,1786326471204,7.774,V
serial:COM8/motor_angle,4999640,1786326471204,131.13,deg
serial:COM8/phase_u_v,4999640,1786326471204,7.893,V
serial:COM8/phase_v_v,4999640,1786326471204,7.903,V
serial:COM8/phase_w_v,4999640,1786326471204,7.936,V
serial:COM8/motor_angle,4999642,1786326471204,131.13,deg
serial:COM8/phase_u_v,4999642,1786326471204,7.401,V
serial:COM8/phase_v_v,4999642,1786326471204,8.065,V
serial:COM8/phase_w_v,4999642,1786326471204,8.098,V
serial:COM8/motor_angle,4999644,1786326471204,131.13,deg
serial:COM8/phase_u_v,4999644,1786326471204,7.558,V
serial:COM8/phase_v_v,4999644,1786326471204,7.569,V
serial:COM8/phase_w_v,4999644,1786326471204,7.590,V
serial:COM8/motor_angle,4999646,1786326471204,131.11,deg
serial:COM8/phase_u_v,4999646,1786326471204,7.715,V
serial:COM8/phase_v_v,4999646,1786326471204,7.720,V
serial:COM8/phase_w_v,4999646,1786326471204,7.747,V
serial:COM8/motor_angle,4999648,1786326471204,131.11,deg
serial:COM8/phase_u_v,4999648,1786326471204,7.866,V
serial:COM8/phase_v_v,4999648,1786326471204,7.871,V
serial:COM8/phase_w_v,4999648,1786326471204,7.898,V
serial:COM8/motor_angle,4999650,1786326471204,131.13,deg
serial:COM8/phase_u_v,4999650,1786326471204,8.028,V
serial:COM8/phase_v_v,4999650,1786326471204,8.038,V
serial:COM8/phase_w_v,4999650,1786326471204,8.065,V
serial:COM8/motor_angle,4999652,1786326471204,131.15,deg
serial:COM8/phase_u_v,4999652,1786326471204,7.531,V
serial:COM8/phase_v_v,4999652,1786326471204,7.531,V
serial:COM8/phase_w_v,4999652,1786326471204,7.563,V
serial:COM8/motor_angle,4999654,1786326471204,131.13,deg
serial:COM8/phase_u_v,4999654,1786326471204,7.677,V
serial:COM8/phase_v_v,4999654,1786326471204,7.682,V
serial:COM8/phase_w_v,4999654,1786326471204,7.709,V
serial:COM8/motor_angle,4999656,1786326471204,131.11,deg
serial:COM8/phase_u_v,4999656,1786326471204,7.833,V
serial:COM8/phase_v_v,4999656,1786326471204,7.839,V
serial:COM8/phase_w_v,4999656,1786326471204,7.866,V
serial:COM8/motor_angle,4999658,1786326471276,131.15,deg
serial:COM8/phase_u_v,4999658,1786326471276,7.995,V
serial:COM8/phase_v_v,4999658,1786326471276,8.006,V
serial:COM8/phase_w_v,4999658,1786326471276,8.028,V
serial:COM8/motor_angle,4999660,1786326471276,131.15,deg
serial:COM8/phase_u_v,4999660,1786326471276,7.499,V
serial:COM8/phase_v_v,4999660,1786326471276,7.499,V
serial:COM8/phase_w_v,4999660,1786326471276,7.531,V
serial:COM8/motor_angle,4999662,1786326471276,131.15,deg
serial:COM8/phase_u_v,4999662,1786326471276,7.644,V
serial:COM8/phase_v_v,4999662,1786326471276,7.655,V
serial:COM8/phase_w_v,4999662,1786326471276,7.688,V
serial:COM8/motor_angle,4999664,1786326471276,131.09,deg
serial:COM8/phase_u_v,4999664,1786326471276,7.801,V
serial:COM8/phase_v_v,4999664,1786326471276,7.806,V
serial:COM8/phase_w_v,4999664,1786326471276,7.839,V
serial:COM8/motor_angle,4999666,1786326471276,131.11,deg
serial:COM8/phase_u_v,4999666,1786326471276,7.963,V
serial:COM8/phase_v_v,4999666,1786326471276,7.968,V
serial:COM8/phase_w_v,4999666,1786326471276,7.990,V
serial:COM8/motor_angle,4999668,1786326471276,131.15,deg
serial:COM8/phase_u_v,4999668,1786326471276,7.466,V
serial:COM8/phase_v_v,4999668,1786326471276,7.472,V
serial:COM8/phase_w_v,4999668,1786326471276,7.488,V
serial:COM8/motor_angle,4999670,1786326471276,131.11,deg
serial:COM8/phase_u_v,4999670,1786326471276,7.617,V
serial:COM8/phase_v_v,4999670,1786326471276,7.623,V
serial:COM8/phase_w_v,4999670,1786326471276,7.650,V
serial:COM8/motor_angle,4999672,1786326471276,131.09,deg
serial:COM8/phase_u_v,4999672,1786326471276,7.774,V
serial:COM8/phase_v_v,4999672,1786326471276,7.779,V
serial:COM8/phase_w_v,4999672,1786326471276,7.795,V
serial:COM8/motor_angle,4999674,1786326471276,131.15,deg
serial:COM8/phase_u_v,4999674,1786326471276,7.920,V
serial:COM8/phase_v_v,4999674,1786326471276,7.936,V
serial:COM8/phase_w_v,4999674,1786326471276,7.957,V
serial:COM8/motor_angle,4999676,1786326471276,131.15,deg
serial:COM8/phase_u_v,4999676,1786326471276,7.428,V
serial:COM8/phase_v_v,4999676,1786326471276,7.439,V
serial:COM8/phase_w_v,4999676,1786326471276,7.466,V
serial:COM8/motor_angle,4999678,1786326471276,131.15,deg
serial:COM8/phase_u_v,4999678,1786326471276,7.580,V
serial:COM8/phase_v_v,4999678,1786326471276,7.590,V
serial:COM8/phase_w_v,4999678,1786326471276,7.617,V
serial:COM8/motor_angle,4999680,1786326471276,131.18,deg
serial:COM8/phase_u_v,4999680,1786326471276,7.736,V
serial:COM8/phase_v_v,4999680,1786326471276,7.742,V
serial:COM8/phase_w_v,4999680,1786326471276,7.768,V
serial:COM8/motor_angle,4999682,1786326471276,131.11,deg
serial:COM8/phase_u_v,4999682,1786326471276,7.898,V
serial:COM8/phase_v_v,4999682,1786326471276,7.903,V
serial:COM8/phase_w_v,4999682,1786326471276,7.925,V
serial:COM8/motor_angle,4999684,1786326471276,131.11,deg
serial:COM8/phase_u_v,4999684,1786326471276,8.049,V
serial:COM8/phase_v_v,4999684,1786326471276,8.060,V
serial:COM8/phase_w_v,4999684,1786326471276,8.098,V
serial:COM8/motor_angle,4999686,1786326471276,131.13,deg
serial:COM8/phase_u_v,4999686,1786326471276,7.547,V
serial:COM8/phase_v_v,4999686,1786326471276,7.553,V
serial:COM8/phase_w_v,4999686,1786326471276,7.580,V
serial:COM8/motor_angle,4999688,1786326471276,131.15,deg
serial:COM8/phase_u_v,4999688,1786326471276,7.698,V
serial:COM8/phase_v_v,4999688,1786326471276,7.715,V
serial:COM8/phase_w_v,4999688,1786326471276,7.742,V
serial:COM8/motor_angle,4999690,1786326471276,131.11,deg
serial:COM8/phase_u_v,4999690,1786326471276,7.860,V
serial:COM8/phase_v_v,4999690,1786326471276,7.871,V
serial:COM8/phase_w_v,4999690,1786326471276,7.893,V
serial:COM8/motor_angle,4999692,1786326471276,131.18,deg
serial:COM8/phase_u_v,4999692,1786326471276,8.017,V
serial:COM8/phase_v_v,4999692,1786326471276,8.022,V
serial:COM8/phase_w_v,4999692,1786326471276,8.055,V
serial:COM8/motor_angle,4999694,1786326471276,131.15,deg
serial:COM8/phase_u_v,4999694,1786326471276,7.515,V
serial:COM8/phase_v_v,4999694,1786326471276,7.520,V
serial:COM8/phase_w_v,4999694,1786326471276,7.553,V
serial:COM8/motor_angle,4999696,1786326471276,131.11,deg
serial:COM8/phase_u_v,4999696,1786326471276,7.677,V
serial:COM8/phase_v_v,4999696,1786326471276,7.677,V
serial:COM8/phase_w_v,4999696,1786326471276,7.698,V
serial:COM8/motor_angle,4999698,1786326471276,131.13,deg
serial:COM8/phase_u_v,4999698,1786326471276,7.828,V
serial:COM8/phase_v_v,4999698,1786326471276,7.828,V
serial:COM8/phase_w_v,4999698,1786326471276,7.855,V
serial:COM8/motor_angle,4999700,1786326471276,131.11,deg
serial:COM8/phase_u_v,4999700,1786326471276,7.984,V
serial:COM8/phase_v_v,4999700,1786326471276,7.995,V
serial:COM8/phase_w_v,4999700,1786326471276,8.022,V
serial:COM8/motor_angle,4999702,1786326471276,131.11,deg
serial:COM8/phase_u_v,4999702,1786326471276,7.493,V
serial:COM8/phase_v_v,4999702,1786326471276,7.488,V
serial:COM8/phase_w_v,4999702,1786326471276,7.520,V
serial:COM8/motor_angle,4999704,1786326471276,131.15,deg
serial:COM8/phase_u_v,4999704,1786326471276,7.639,V
serial:COM8/phase_v_v,4999704,1786326471276,7.644,V
serial:COM8/phase_w_v,4999704,1786326471276,7.666,V
serial:COM8/motor_angle,4999706,1786326471276,131.13,deg
serial:COM8/phase_u_v,4999706,1786326471276,7.790,V
serial:COM8/phase_v_v,4999706,1786326471276,7.801,V
serial:COM8/phase_w_v,4999706,1786326471276,7.822,V
serial:COM8/motor_angle,4999708,1786326471276,131.15,deg
serial:COM8/phase_u_v,4999708,1786326471276,7.952,V
serial:COM8/phase_v_v,4999708,1786326471276,7.957,V
serial:COM8/phase_w_v,4999708,1786326471276,7.979,V
serial:COM8/motor_angle,4999710,1786326471276,131.15,deg
serial:COM8/phase_u_v,4999710,1786326471276,7.450,V
serial:COM8/phase_v_v,4999710,1786326471276,7.455,V
serial:COM8/phase_w_v,4999710,1786326471276,7.482,V
serial:COM8/motor_angle,4999712,1786326471276,131.13,deg
serial:COM8/phase_u_v,4999712,1786326471276,7.601,V
serial:COM8/phase_v_v,4999712,1786326471276,7.607,V
serial:COM8/phase_w_v,4999712,1786326471276,7.634,V
serial:COM8/motor_angle,4999714,1786326471276,131.13,deg
serial:COM8/phase_u_v,4999714,1786326471276,7.758,V
serial:COM8/phase_v_v,4999714,1786326471276,7.763,V
serial:COM8/phase_w_v,4999714,1786326471276,7.779,V
serial:COM8/motor_angle,4999716,1786326471276,131.15,deg
serial:COM8/phase_u_v,4999716,1786326471276,7.909,V
serial:COM8/phase_v_v,4999716,1786326471276,7.914,V
serial:COM8/phase_w_v,4999716,1786326471276,7.947,V
serial:COM8/motor_angle,4999718,1786326471276,131.13,deg
serial:COM8/phase_u_v,4999718,1786326471276,8.076,V
serial:COM8/phase_v_v,4999718,1786326471276,8.076,V
serial:COM8/phase_w_v,4999718,1786326471276,8.103,V
serial:COM8/motor_angle,4999720,1786326471276,131.13,deg
serial:COM8/phase_u_v,4999720,1786326471276,7.563,V
serial:COM8/phase_v_v,4999720,1786326471276,7.574,V
serial:COM8/phase_w_v,4999720,1786326471276,7.601,V
serial:COM8/motor_angle,4999722,1786326471276,131.15,deg
serial:COM8/phase_u_v,4999722,1786326471276,7.715,V
serial:COM8/phase_v_v,4999722,1786326471276,7.731,V
serial:COM8/phase_w_v,4999722,1786326471276,7.752,V
serial:COM8/motor_angle,4999724,1786326471276,131.15,deg
serial:COM8/phase_u_v,4999724,1786326471276,7.866,V
serial:COM8/phase_v_v,4999724,1786326471276,7.876,V
serial:COM8/phase_w_v,4999724,1786326471276,7.903,V
serial:COM8/motor_angle,4999726,1786326471276,131.15,deg
serial:COM8/phase_u_v,4999726,1786326471276,8.033,V
serial:COM8/phase_v_v,4999726,1786326471276,8.044,V
serial:COM8/phase_w_v,4999726,1786326471276,8.065,V
serial:COM8/motor_angle,4999728,1786326471276,131.11,deg
serial:COM8/phase_u_v,4999728,1786326471276,7.526,V
serial:COM8/phase_v_v,4999728,1786326471276,7.536,V
serial:COM8/phase_w_v,4999728,1786326471276,7.558,V
serial:COM8/motor_angle,4999730,1786326471348,131.07,deg
serial:COM8/phase_u_v,4999730,1786326471348,7.682,V
serial:COM8/phase_v_v,4999730,1786326471348,7.693,V
serial:COM8/phase_w_v,4999730,1786326471348,7.720,V
serial:COM8/motor_angle,4999732,1786326471348,131.09,deg
serial:COM8/phase_u_v,4999732,1786326471348,7.833,V
serial:COM8/phase_v_v,4999732,1786326471348,7.849,V
serial:COM8/phase_w_v,4999732,1786326471348,7.871,V
serial:COM8/motor_angle,4999734,1786326471348,131.13,deg
serial:COM8/phase_u_v,4999734,1786326471348,7.984,V
serial:COM8/phase_v_v,4999734,1786326471348,8.001,V
serial:COM8/phase_w_v,4999734,1786326471348,8.022,V
serial:COM8/motor_angle,4999736,1786326471348,131.13,deg
serial:COM8/phase_u_v,4999736,1786326471348,7.493,V
serial:COM8/phase_v_v,4999736,1786326471348,7.499,V
serial:COM8/phase_w_v,4999736,1786326471348,7.531,V
serial:COM8/motor_angle,4999738,1786326471348,131.13,deg
serial:COM8/phase_u_v,4999738,1786326471348,7.650,V
serial:COM8/phase_v_v,4999738,1786326471348,7.655,V
serial:COM8/phase_w_v,4999738,1786326471348,7.677,V
serial:COM8/motor_angle,4999740,1786326471348,131.11,deg
serial:COM8/phase_u_v,4999740,1786326471348,7.801,V
serial:COM8/phase_v_v,4999740,1786326471348,7.801,V
serial:COM8/phase_w_v,4999740,1786326471348,7.828,V
serial:COM8/motor_angle,4999742,1786326471348,131.18,deg
serial:COM8/phase_u_v,4999742,1786326471348,7.952,V
serial:COM8/phase_v_v,4999742,1786326471348,7.957,V
serial:COM8/phase_w_v,4999742,1786326471348,7.984,V
serial:COM8/motor_angle,4999744,1786326471348,131.13,deg
serial:COM8/phase_u_v,4999744,1786326471348,7.828,V
serial:COM8/phase_v_v,4999744,1786326471348,8.119,V
serial:COM8/phase_w_v,4999744,1786326471348,8.152,V
serial:COM8/motor_angle,4999746,1786326471348,131.13,deg
serial:COM8/phase_u_v,4999746,1786326471348,7.612,V
serial:COM8/phase_v_v,4999746,1786326471348,7.612,V
serial:COM8/phase_w_v,4999746,1786326471348,7.634,V
serial:COM8/motor_angle,4999748,1786326471348,131.15,deg
serial:COM8/phase_u_v,4999748,1786326471348,7.758,V
serial:COM8/phase_v_v,4999748,1786326471348,7.768,V
serial:COM8/phase_w_v,4999748,1786326471348,7.790,V
serial:COM8/motor_angle,4999750,1786326471348,131.18,deg
serial:COM8/phase_u_v,4999750,1786326471348,7.914,V
serial:COM8/phase_v_v,4999750,1786326471348,7.925,V
serial:COM8/phase_w_v,4999750,1786326471348,7.947,V
serial:COM8/motor_angle,4999752,1786326471348,131.15,deg
serial:COM8/phase_u_v,4999752,1786326471348,8.071,V
serial:COM8/phase_v_v,4999752,1786326471348,8.082,V
serial:COM8/phase_w_v,4999752,1786326471348,8.103,V
serial:COM8/motor_angle,4999754,1786326471348,131.11,deg
serial:COM8/phase_u_v,4999754,1786326471348,7.569,V
serial:COM8/phase_v_v,4999754,1786326471348,7.574,V
serial:COM8/phase_w_v,4999754,1786326471348,7.601,V
serial:COM8/motor_angle,4999756,1786326471348,131.15,deg
serial:COM8/phase_u_v,4999756,1786326471348,7.720,V
serial:COM8/phase_v_v,4999756,1786326471348,7.725,V
serial:COM8/phase_w_v,4999756,1786326471348,7.752,V
serial:COM8/motor_angle,4999758,1786326471348,131.13,deg
serial:COM8/phase_u_v,4999758,1786326471348,7.871,V
serial:COM8/phase_v_v,4999758,1786326471348,7.882,V
serial:COM8/phase_w_v,4999758,1786326471348,7.903,V
serial:COM8/motor_angle,4999760,1786326471348,131.11,deg
serial:COM8/phase_u_v,4999760,1786326471348,8.033,V
serial:COM8/phase_v_v,4999760,1786326471348,8.044,V
serial:COM8/phase_w_v,4999760,1786326471348,8.065,V
serial:COM8/motor_angle,4999762,1786326471348,131.13,deg
serial:COM8/phase_u_v,4999762,1786326471348,7.526,V
serial:COM8/phase_v_v,4999762,1786326471348,7.536,V
serial:COM8/phase_w_v,4999762,1786326471348,7.569,V
serial:COM8/motor_angle,4999764,1786326471348,131.07,deg
serial:COM8/phase_u_v,4999764,1786326471348,7.677,V
serial:COM8/phase_v_v,4999764,1786326471348,7.693,V
serial:COM8/phase_w_v,4999764,1786326471348,7.709,V
serial:COM8/motor_angle,4999766,1786326471348,131.15,deg
serial:COM8/phase_u_v,4999766,1786326471348,7.833,V
serial:COM8/phase_v_v,4999766,1786326471348,7.839,V
serial:COM8/phase_w_v,4999766,1786326471348,7.871,V
serial:COM8/motor_angle,4999768,1786326471348,131.18,deg
serial:COM8/phase_u_v,4999768,1786326471348,7.984,V
serial:COM8/phase_v_v,4999768,1786326471348,7.995,V
serial:COM8/phase_w_v,4999768,1786326471348,8.028,V
serial:COM8/motor_angle,4999770,1786326471348,131.04,deg
serial:COM8/phase_u_v,4999770,1786326471348,7.493,V
serial:COM8/phase_v_v,4999770,1786326471348,7.504,V
serial:COM8/phase_w_v,4999770,1786326471348,7.531,V
serial:COM8/motor_angle,4999772,1786326471348,131.15,deg
serial:COM8/phase_u_v,4999772,1786326471348,7.639,V
serial:COM8/phase_v_v,4999772,1786326471348,7.650,V
serial:COM8/phase_w_v,4999772,1786326471348,7.677,V
serial:COM8/motor_angle,4999774,1786326471348,131.15,deg
serial:COM8/phase_u_v,4999774,1786326471348,7.795,V
serial:COM8/phase_v_v,4999774,1786326471348,7.801,V
serial:COM8/phase_w_v,4999774,1786326471348,7.828,V
serial:COM8/motor_angle,4999776,1786326471348,131.15,deg
serial:COM8/phase_u_v,4999776,1786326471348,7.952,V
serial:COM8/phase_v_v,4999776,1786326471348,7.957,V
serial:COM8/phase_w_v,4999776,1786326471348,7.979,V
serial:COM8/motor_angle,4999778,1786326471348,131.13,deg
serial:COM8/phase_u_v,4999778,1786326471348,8.109,V
serial:COM8/phase_v_v,4999778,1786326471348,8.119,V
serial:COM8/phase_w_v,4999778,1786326471348,8.152,V
serial:COM8/motor_angle,4999780,1786326471348,131.13,deg
serial:COM8/phase_u_v,4999780,1786326471348,7.596,V
serial:COM8/phase_v_v,4999780,1786326471348,7.607,V
serial:COM8/phase_w_v,4999780,1786326471348,7.639,V
serial:COM8/motor_angle,4999782,1786326471348,131.09,deg
serial:COM8/phase_u_v,4999782,1786326471348,7.752,V
serial:COM8/phase_v_v,4999782,1786326471348,7.763,V
serial:COM8/phase_w_v,4999782,1786326471348,7.785,V
serial:COM8/motor_angle,4999784,1786326471348,131.13,deg
serial:COM8/phase_u_v,4999784,1786326471348,7.903,V
serial:COM8/phase_v_v,4999784,1786326471348,7.914,V
serial:COM8/phase_w_v,4999784,1786326471348,7.936,V
serial:COM8/motor_angle,4999786,1786326471348,131.13,deg
serial:COM8/phase_u_v,4999786,1786326471348,8.060,V
serial:COM8/phase_v_v,4999786,1786326471348,8.076,V
serial:COM8/phase_w_v,4999786,1786326471348,8.103,V
serial:COM8/motor_angle,4999788,1786326471348,131.15,deg
serial:COM8/phase_u_v,4999788,1786326471348,7.558,V
serial:COM8/phase_v_v,4999788,1786326471348,7.569,V
serial:COM8/phase_w_v,4999788,1786326471348,7.596,V
serial:COM8/motor_angle,4999790,1786326471348,131.18,deg
serial:COM8/phase_u_v,4999790,1786326471348,7.720,V
serial:COM8/phase_v_v,4999790,1786326471348,7.725,V
serial:COM8/phase_w_v,4999790,1786326471348,7.747,V
serial:COM8/motor_angle,4999792,1786326471348,131.09,deg
serial:COM8/phase_u_v,4999792,1786326471348,7.871,V
serial:COM8/phase_v_v,4999792,1786326471348,7.882,V
serial:COM8/phase_w_v,4999792,1786326471348,7.903,V
serial:COM8/motor_angle,4999794,1786326471348,131.15,deg
serial:COM8/phase_u_v,4999794,1786326471348,8.022,V
serial:COM8/phase_v_v,4999794,1786326471348,8.038,V
serial:COM8/phase_w_v,4999794,1786326471348,8.065,V
serial:COM8/motor_angle,4999796,1786326471348,131.11,deg
serial:COM8/phase_u_v,4999796,1786326471348,7.531,V
serial:COM8/phase_v_v,4999796,1786326471348,7.536,V
serial:COM8/phase_w_v,4999796,1786326471348,7.558,V
serial:COM8/motor_angle,4999798,1786326471348,131.18,deg
serial:COM8/phase_u_v,4999798,1786326471348,7.677,V
serial:COM8/phase_v_v,4999798,1786326471348,7.688,V
serial:COM8/phase_w_v,4999798,1786326471348,7.709,V
serial:COM8/motor_angle,4999800,1786326471348,131.15,deg
serial:COM8/phase_u_v,4999800,1786326471348,7.828,V
serial:COM8/phase_v_v,4999800,1786326471348,7.844,V
serial:COM8/phase_w_v,4999800,1786326471348,7.876,V
serial:COM8/motor_angle,4999802,1786326471422,131.11,deg
serial:COM8/phase_u_v,4999802,1786326471422,7.984,V
serial:COM8/phase_v_v,4999802,1786326471422,7.990,V
serial:COM8/phase_w_v,4999802,1786326471422,8.028,V
serial:COM8/motor_angle,4999804,1786326471422,131.18,deg
serial:COM8/phase_u_v,4999804,1786326471422,7.488,V
serial:COM8/phase_v_v,4999804,1786326471422,7.493,V
serial:COM8/phase_w_v,4999804,1786326471422,7.520,V
serial:COM8/motor_angle,4999806,1786326471422,131.07,deg
serial:COM8/phase_u_v,4999806,1786326471422,7.639,V
serial:COM8/phase_v_v,4999806,1786326471422,7.644,V
serial:COM8/phase_w_v,4999806,1786326471422,7.677,V
serial:COM8/motor_angle,4999808,1786326471422,131.18,deg
serial:COM8/phase_u_v,4999808,1786326471422,7.785,V
serial:COM8/phase_v_v,4999808,1786326471422,7.801,V
serial:COM8/phase_w_v,4999808,1786326471422,7.822,V
serial:COM8/motor_angle,4999810,1786326471422,131.15,deg
serial:COM8/phase_u_v,4999810,1786326471422,7.947,V
serial:COM8/phase_v_v,4999810,1786326471422,7.963,V
serial:COM8/phase_w_v,4999810,1786326471422,7.979,V
serial:COM8/motor_angle,4999812,1786326471422,131.15,deg
serial:COM8/phase_u_v,4999812,1786326471422,8.114,V
serial:COM8/phase_v_v,4999812,1786326471422,8.119,V
serial:COM8/phase_w_v,4999812,1786326471422,8.146,V
serial:COM8/motor_angle,4999814,1786326471422,131.15,deg
serial:COM8/phase_u_v,4999814,1786326471422,7.596,V
serial:COM8/phase_v_v,4999814,1786326471422,7.617,V
serial:COM8/phase_w_v,4999814,1786326471422,7.639,V
serial:COM8/motor_angle,4999816,1786326471422,131.11,deg
serial:COM8/phase_u_v,4999816,1786326471422,7.752,V
serial:COM8/phase_v_v,4999816,1786326471422,7.758,V
serial:COM8/phase_w_v,4999816,1786326471422,7.790,V
serial:COM8/motor_angle,4999818,1786326471422,131.11,deg
serial:COM8/phase_u_v,4999818,1786326471422,7.903,V
serial:COM8/phase_v_v,4999818,1786326471422,7.914,V
serial:COM8/phase_w_v,4999818,1786326471422,7.947,V
serial:COM8/motor_angle,4999820,1786326471422,131.15,deg
serial:COM8/phase_u_v,4999820,1786326471422,8.060,V
serial:COM8/phase_v_v,4999820,1786326471422,8.082,V
serial:COM8/phase_w_v,4999820,1786326471422,8.098,V
serial:COM8/motor_angle,4999822,1786326471422,131.11,deg
serial:COM8/phase_u_v,4999822,1786326471422,7.563,V
serial:COM8/phase_v_v,4999822,1786326471422,7.574,V
serial:COM8/phase_w_v,4999822,1786326471422,7.601,V
serial:COM8/motor_angle,4999824,1786326471422,131.13,deg
serial:COM8/phase_u_v,4999824,1786326471422,7.715,V
serial:COM8/phase_v_v,4999824,1786326471422,7.720,V
serial:COM8/phase_w_v,4999824,1786326471422,7.747,V
serial:COM8/motor_angle,4999826,1786326471422,131.15,deg
serial:COM8/phase_u_v,4999826,1786326471422,7.866,V
serial:COM8/phase_v_v,4999826,1786326471422,7.876,V
serial:COM8/phase_w_v,4999826,1786326471422,7.903,V
serial:COM8/motor_angle,4999828,1786326471422,131.09,deg
serial:COM8/phase_u_v,4999828,1786326471422,8.028,V
serial:COM8/phase_v_v,4999828,1786326471422,8.033,V
serial:COM8/phase_w_v,4999828,1786326471422,8.065,V
serial:COM8/motor_angle,4999830,1786326471422,131.18,deg
serial:COM8/phase_u_v,4999830,1786326471422,7.526,V
serial:COM8/phase_v_v,4999830,1786326471422,7.536,V
serial:COM8/phase_w_v,4999830,1786326471422,7.563,V
serial:COM8/motor_angle,4999832,1786326471422,131.20,deg
serial:COM8/phase_u_v,4999832,1786326471422,7.677,V
serial:COM8/phase_v_v,4999832,1786326471422,7.688,V
serial:COM8/phase_w_v,4999832,1786326471422,7.709,V
serial:COM8/motor_angle,4999834,1786326471422,131.15,deg
serial:COM8/phase_u_v,4999834,1786326471422,7.828,V
serial:COM8/phase_v_v,4999834,1786326471422,7.844,V
serial:COM8/phase_w_v,4999834,1786326471422,7.871,V
serial:COM8/motor_angle,4999836,1786326471422,131.13,deg
serial:COM8/phase_u_v,4999836,1786326471422,7.984,V
serial:COM8/phase_v_v,4999836,1786326471422,8.001,V
serial:COM8/phase_w_v,4999836,1786326471422,8.022,V
serial:COM8/motor_angle,4999838,1786326471422,131.15,deg
serial:COM8/phase_u_v,4999838,1786326471422,7.488,V
serial:COM8/phase_v_v,4999838,1786326471422,7.499,V
serial:COM8/phase_w_v,4999838,1786326471422,7.526,V
serial:COM8/motor_angle,4999840,1786326471422,131.11,deg
serial:COM8/phase_u_v,4999840,1786326471422,7.634,V
serial:COM8/phase_v_v,4999840,1786326471422,7.655,V
serial:COM8/phase_w_v,4999840,1786326471422,7.671,V
serial:COM8/motor_angle,4999842,1786326471422,131.13,deg
serial:COM8/phase_u_v,4999842,1786326471422,7.790,V
serial:COM8/phase_v_v,4999842,1786326471422,7.801,V
serial:COM8/phase_w_v,4999842,1786326471422,7.828,V
serial:COM8/motor_angle,4999844,1786326471422,131.13,deg
serial:COM8/phase_u_v,4999844,1786326471422,7.941,V
serial:COM8/phase_v_v,4999844,1786326471422,7.957,V
serial:COM8/phase_w_v,4999844,1786326471422,7.984,V
serial:COM8/motor_angle,4999846,1786326471422,131.20,deg
serial:COM8/phase_u_v,4999846,1786326471422,8.114,V
serial:COM8/phase_v_v,4999846,1786326471422,8.119,V
serial:COM8/phase_w_v,4999846,1786326471422,8.141,V
serial:COM8/motor_angle,4999848,1786326471422,131.15,deg
serial:COM8/phase_u_v,4999848,1786326471422,7.601,V
serial:COM8/phase_v_v,4999848,1786326471422,7.612,V
serial:COM8/phase_w_v,4999848,1786326471422,7.639,V
serial:COM8/motor_angle,4999850,1786326471422,131.13,deg
serial:COM8/phase_u_v,4999850,1786326471422,7.752,V
serial:COM8/phase_v_v,4999850,1786326471422,7.768,V
serial:COM8/phase_w_v,4999850,1786326471422,7.785,V
serial:COM8/motor_angle,4999852,1786326471422,131.20,deg
serial:COM8/phase_u_v,4999852,1786326471422,7.914,V
serial:COM8/phase_v_v,4999852,1786326471422,7.914,V
serial:COM8/phase_w_v,4999852,1786326471422,7.941,V
serial:COM8/motor_angle,4999854,1786326471422,131.13,deg
serial:COM8/phase_u_v,4999854,1786326471422,8.060,V
serial:COM8/phase_v_v,4999854,1786326471422,8.076,V
serial:COM8/phase_w_v,4999854,1786326471422,8.103,V
serial:COM8/motor_angle,4999856,1786326471422,131.18,deg
serial:COM8/phase_u_v,4999856,1786326471422,7.563,V
serial:COM8/phase_v_v,4999856,1786326471422,7.569,V
serial:COM8/phase_w_v,4999856,1786326471422,7.596,V
serial:COM8/motor_angle,4999858,1786326471422,131.20,deg
serial:COM8/phase_u_v,4999858,1786326471422,7.709,V
serial:COM8/phase_v_v,4999858,1786326471422,7.725,V
serial:COM8/phase_w_v,4999858,1786326471422,7.747,V
serial:COM8/motor_angle,4999860,1786326471422,131.11,deg
serial:COM8/phase_u_v,4999860,1786326471422,7.860,V
serial:COM8/phase_v_v,4999860,1786326471422,7.876,V
serial:COM8/phase_w_v,4999860,1786326471422,7.903,V
serial:COM8/motor_angle,4999862,1786326471422,131.20,deg
serial:COM8/phase_u_v,4999862,1786326471422,8.022,V
serial:COM8/phase_v_v,4999862,1786326471422,8.033,V
serial:COM8/phase_w_v,4999862,1786326471422,8.060,V
serial:COM8/motor_angle,4999864,1786326471422,131.15,deg
serial:COM8/phase_u_v,4999864,1786326471422,7.526,V
serial:COM8/phase_v_v,4999864,1786326471422,7.526,V
serial:COM8/phase_w_v,4999864,1786326471422,7.553,V
serial:COM8/motor_angle,4999866,1786326471422,131.20,deg
serial:COM8/phase_u_v,4999866,1786326471422,7.671,V
serial:COM8/phase_v_v,4999866,1786326471422,7.682,V
serial:COM8/phase_w_v,4999866,1786326471422,7.709,V
serial:COM8/motor_angle,4999868,1786326471422,131.18,deg
serial:COM8/phase_u_v,4999868,1786326471422,7.822,V
serial:COM8/phase_v_v,4999868,1786326471422,7.833,V
serial:COM8/phase_w_v,4999868,1786326471422,7.860,V
serial:COM8/motor_angle,4999870,1786326471422,131.11,deg
serial:COM8/phase_u_v,4999870,1786326471422,7.979,V
serial:COM8/phase_v_v,4999870,1786326471422,7.984,V
serial:COM8/phase_w_v,4999870,1786326471422,8.011,V
serial:COM8/motor_angle,4999872,1786326471422,131.13,deg
serial:COM8/phase_u_v,4999872,1786326471422,7.482,V
serial:COM8/phase_v_v,4999872,1786326471422,7.488,V
serial:COM8/phase_w_v,4999872,1786326471422,7.515,V
serial:COM8/motor_angle,4999874,1786326471422,131.11,deg
serial:COM8/phase_u_v,4999874,1786326471422,7.634,V
serial:COM8/phase_v_v,4999874,1786326471422,7.639,V
serial:COM8/phase_w_v,4999874,1786326471422,7.666,V
serial:COM8/motor_angle,4999876,1786326471493,131.11,deg
serial:COM8/phase_u_v,4999876,1786326471493,7.785,V
serial:COM8/phase_v_v,4999876,1786326471493,7.795,V
serial:COM8/phase_w_v,4999876,1786326471493,7.817,V
serial:COM8/motor_angle,4999878,1786326471493,131.15,deg
serial:COM8/phase_u_v,4999878,1786326471493,7.941,V
serial:COM8/phase_v_v,4999878,1786326471493,7.957,V
serial:COM8/phase_w_v,4999878,1786326471493,7.974,V
serial:COM8/motor_angle,4999880,1786326471493,131.15,deg
serial:COM8/phase_u_v,4999880,1786326471493,8.103,V
serial:COM8/phase_v_v,4999880,1786326471493,8.109,V
serial:COM8/phase_w_v,4999880,1786326471493,8.130,V
serial:COM8/motor_angle,4999882,1786326471493,131.11,deg
serial:COM8/phase_u_v,4999882,1786326471493,7.596,V
serial:COM8/phase_v_v,4999882,1786326471493,7.607,V
serial:COM8/phase_w_v,4999882,1786326471493,7.628,V
serial:COM8/motor_angle,4999884,1786326471493,131.09,deg
serial:COM8/phase_u_v,4999884,1786326471493,7.742,V
serial:COM8/phase_v_v,4999884,1786326471493,7.758,V
serial:COM8/phase_w_v,4999884,1786326471493,7.779,V
serial:COM8/motor_angle,4999886,1786326471493,131.15,deg
serial:COM8/phase_u_v,4999886,1786326471493,7.893,V
serial:COM8/phase_v_v,4999886,1786326471493,7.909,V
serial:COM8/phase_w_v,4999886,1786326471493,7.941,V
serial:COM8/motor_angle,4999888,1786326471493,131.13,deg
serial:COM8/phase_u_v,4999888,1786326471493,8.055,V
serial:COM8/phase_v_v,4999888,1786326471493,8.065,V
serial:COM8/phase_w_v,4999888,1786326471493,8.092,V
serial:COM8/motor_angle,4999890,1786326471493,131.13,deg
serial:COM8/phase_u_v,4999890,1786326471493,7.553,V
serial:COM8/phase_v_v,4999890,1786326471493,7.563,V
serial:COM8/phase_w_v,4999890,1786326471493,7.585,V
serial:COM8/motor_angle,4999892,1786326471493,131.11,deg
serial:COM8/phase_u_v,4999892,1786326471493,7.704,V
serial:COM8/phase_v_v,4999892,1786326471493,7.715,V
serial:COM8/phase_w_v,4999892,1786326471493,7.742,V
serial:COM8/motor_angle,4999894,1786326471493,131.15,deg
serial:COM8/phase_u_v,4999894,1786326471493,7.855,V
serial:COM8/phase_v_v,4999894,1786326471493,7.876,V
serial:COM8/phase_w_v,4999894,1786326471493,7.893,V
serial:COM8/motor_angle,4999896,1786326471493,131.13,deg
serial:COM8/phase_u_v,4999896,1786326471493,8.011,V
serial:COM8/phase_v_v,4999896,1786326471493,8.033,V
serial:COM8/phase_w_v,4999896,1786326471493,8.049,V
serial:COM8/motor_angle,4999898,1786326471493,131.09,deg
serial:COM8/phase_u_v,4999898,1786326471493,7.520,V
serial:COM8/phase_v_v,4999898,1786326471493,7.526,V
serial:COM8/phase_w_v,4999898,1786326471493,7.547,V
serial:COM8/motor_angle,4999900,1786326471493,131.13,deg
serial:COM8/phase_u_v,4999900,1786326471493,7.666,V
serial:COM8/phase_v_v,4999900,1786326471493,7.677,V
serial:COM8/phase_w_v,4999900,1786326471493,7.709,V
serial:COM8/motor_angle,4999902,1786326471493,131.13,deg
serial:COM8/phase_u_v,4999902,1786326471493,7.822,V
serial:COM8/phase_v_v,4999902,1786326471493,7.828,V
serial:COM8/phase_w_v,4999902,1786326471493,7.855,V
serial:COM8/motor_angle,4999904,1786326471493,131.15,deg
serial:COM8/phase_u_v,4999904,1786326471493,7.974,V
serial:COM8/phase_v_v,4999904,1786326471493,7.984,V
serial:COM8/phase_w_v,4999904,1786326471493,8.011,V
serial:COM8/motor_angle,4999906,1786326471493,131.11,deg
serial:COM8/phase_u_v,4999906,1786326471493,7.488,V
serial:COM8/phase_v_v,4999906,1786326471493,7.493,V
serial:COM8/phase_w_v,4999906,1786326471493,7.509,V
serial:COM8/motor_angle,4999908,1786326471493,131.11,deg
serial:COM8/phase_u_v,4999908,1786326471493,7.623,V
serial:COM8/phase_v_v,4999908,1786326471493,7.634,V
serial:COM8/phase_w_v,4999908,1786326471493,7.655,V
serial:COM8/motor_angle,4999910,1786326471493,131.11,deg
serial:COM8/phase_u_v,4999910,1786326471493,7.779,V
serial:COM8/phase_v_v,4999910,1786326471493,7.790,V
serial:COM8/phase_w_v,4999910,1786326471493,7.806,V
serial:COM8/motor_angle,4999912,1786326471493,131.18,deg
serial:COM8/phase_u_v,4999912,1786326471493,7.936,V
serial:COM8/phase_v_v,4999912,1786326471493,7.947,V
serial:COM8/phase_w_v,4999912,1786326471493,7.968,V
serial:COM8/motor_angle,4999914,1786326471493,131.18,deg
serial:COM8/phase_u_v,4999914,1786326471493,8.098,V
serial:COM8/phase_v_v,4999914,1786326471493,8.103,V
serial:COM8/phase_w_v,4999914,1786326471493,8.130,V
serial:COM8/motor_angle,4999916,1786326471493,131.18,deg
serial:COM8/phase_u_v,4999916,1786326471493,7.590,V
serial:COM8/phase_v_v,4999916,1786326471493,7.601,V
serial:COM8/phase_w_v,4999916,1786326471493,7.623,V
serial:COM8/motor_angle,4999918,1786326471493,131.15,deg
serial:COM8/phase_u_v,4999918,1786326471493,7.736,V
serial:COM8/phase_v_v,4999918,1786326471493,7.747,V
serial:COM8/phase_w_v,4999918,1786326471493,7.774,V
serial:COM8/motor_angle,4999920,1786326471493,131.11,deg
serial:COM8/phase_u_v,4999920,1786326471493,7.898,V
serial:COM8/phase_v_v,4999920,1786326471493,7.898,V
serial:COM8/phase_w_v,4999920,1786326471493,7.925,V
serial:COM8/motor_angle,4999922,1786326471493,131.15,deg
serial:COM8/phase_u_v,4999922,1786326471493,8.049,V
serial:COM8/phase_v_v,4999922,1786326471493,8.065,V
serial:COM8/phase_w_v,4999922,1786326471493,8.082,V
serial:COM8/motor_angle,4999924,1786326471493,131.15,deg
serial:COM8/phase_u_v,4999924,1786326471493,7.553,V
serial:COM8/phase_v_v,4999924,1786326471493,7.563,V
serial:COM8/phase_w_v,4999924,1786326471493,7.580,V
serial:COM8/motor_angle,4999926,1786326471493,131.15,deg
serial:COM8/phase_u_v,4999926,1786326471493,7.693,V
serial:COM8/phase_v_v,4999926,1786326471493,7.704,V
serial:COM8/phase_w_v,4999926,1786326471493,7.736,V
serial:COM8/motor_angle,4999928,1786326471493,131.15,deg
serial:COM8/phase_u_v,4999928,1786326471493,7.849,V
serial:COM8/phase_v_v,4999928,1786326471493,7.866,V
serial:COM8/phase_w_v,4999928,1786326471493,7.882,V
serial:COM8/motor_angle,4999930,1786326471493,131.15,deg
serial:COM8/phase_u_v,4999930,1786326471493,8.006,V
serial:COM8/phase_v_v,4999930,1786326471493,8.017,V
serial:COM8/phase_w_v,4999930,1786326471493,8.033,V
serial:COM8/motor_angle,4999932,1786326471493,131.13,deg
serial:COM8/phase_u_v,4999932,1786326471493,7.504,V
serial:COM8/phase_v_v,4999932,1786326471493,7.515,V
serial:COM8/phase_w_v,4999932,1786326471493,7.542,V
serial:COM8/motor_angle,4999934,1786326471493,131.15,deg
serial:COM8/phase_u_v,4999934,1786326471493,7.655,V
serial:COM8/phase_v_v,4999934,1786326471493,7.661,V
serial:COM8/phase_w_v,4999934,1786326471493,7.693,V
serial:COM8/motor_angle,4999936,1786326471493,131.13,deg
serial:COM8/phase_u_v,4999936,1786326471493,7.806,V
serial:COM8/phase_v_v,4999936,1786326471493,7.812,V
serial:COM8/phase_w_v,4999936,1786326471493,7.844,V
serial:COM8/motor_angle,4999938,1786326471493,131.11,deg
serial:COM8/phase_u_v,4999938,1786326471493,7.963,V
serial:COM8/phase_v_v,4999938,1786326471493,7.974,V
serial:COM8/phase_w_v,4999938,1786326471493,8.001,V
serial:COM8/motor_angle,4999940,1786326471493,131.15,deg
serial:COM8/phase_u_v,4999940,1786326471493,8.130,V
serial:COM8/phase_v_v,4999940,1786326471493,8.130,V
serial:COM8/phase_w_v,4999940,1786326471493,8.157,V
serial:COM8/motor_angle,4999942,1786326471493,131.13,deg
serial:COM8/phase_u_v,4999942,1786326471493,7.612,V
serial:COM8/phase_v_v,4999942,1786326471493,7.617,V
serial:COM8/phase_w_v,4999942,1786326471493,7.650,V
serial:COM8/motor_angle,4999944,1786326471493,131.15,deg
serial:COM8/phase_u_v,4999944,1786326471493,7.768,V
serial:COM8/phase_v_v,4999944,1786326471493,7.768,V
serial:COM8/phase_w_v,4999944,1786326471493,7.806,V
serial:COM8/motor_angle,4999946,1786326471493,131.11,deg
serial:COM8/phase_u_v,4999946,1786326471493,7.920,V
serial:COM8/phase_v_v,4999946,1786326471493,7.925,V
serial:COM8/phase_w_v,4999946,1786326471493,7.957,V
serial:COM8/motor_angle,4999948,1786326471567,131.18,deg
serial:COM8/phase_u_v,4999948,1786326471567,8.076,V
serial:COM8/phase_v_v,4999948,1786326471567,8.087,V
serial:COM8/phase_w_v,4999948,1786326471567,8.114,V
serial:COM8/motor_angle,4999950,1786326471567,131.15,deg
serial:COM8/phase_u_v,4999950,1786326471567,7.580,V
serial:COM8/phase_v_v,4999950,1786326471567,7.580,V
serial:COM8/phase_w_v,4999950,1786326471567,7.612,V
serial:COM8/motor_angle,4999952,1786326471567,131.18,deg
serial:COM8/phase_u_v,4999952,1786326471567,7.715,V
serial:COM8/phase_v_v,4999952,1786326471567,7.731,V
serial:COM8/phase_w_v,4999952,1786326471567,7.763,V
serial:COM8/motor_angle,4999954,1786326471567,131.15,deg
serial:COM8/phase_u_v,4999954,1786326471567,7.887,V
serial:COM8/phase_v_v,4999954,1786326471567,7.887,V
serial:COM8/phase_w_v,4999954,1786326471567,7.914,V
serial:COM8/motor_angle,4999956,1786326471567,131.15,deg
serial:COM8/phase_u_v,4999956,1786326471567,8.038,V
serial:COM8/phase_v_v,4999956,1786326471567,8.038,V
serial:COM8/phase_w_v,4999956,1786326471567,8.071,V
serial:COM8/motor_angle,4999958,1786326471567,131.15,deg
serial:COM8/phase_u_v,4999958,1786326471567,7.536,V
serial:COM8/phase_v_v,4999958,1786326471567,7.547,V
serial:COM8/phase_w_v,4999958,1786326471567,7.569,V
serial:COM8/motor_angle,4999960,1786326471567,131.13,deg
serial:COM8/phase_u_v,4999960,1786326471567,7.688,V
serial:COM8/phase_v_v,4999960,1786326471567,7.693,V
serial:COM8/phase_w_v,4999960,1786326471567,7.720,V
serial:COM8/motor_angle,4999962,1786326471567,131.11,deg
serial:COM8/phase_u_v,4999962,1786326471567,7.844,V
serial:COM8/phase_v_v,4999962,1786326471567,7.844,V
serial:COM8/phase_w_v,4999962,1786326471567,7.866,V
serial:COM8/motor_angle,4999964,1786326471567,131.15,deg
serial:COM8/phase_u_v,4999964,1786326471567,7.990,V
serial:COM8/phase_v_v,4999964,1786326471567,8.001,V
serial:COM8/phase_w_v,4999964,1786326471567,8.028,V
serial:COM8/motor_angle,4999966,1786326471567,131.13,deg
serial:COM8/phase_u_v,4999966,1786326471567,7.499,V
serial:COM8/phase_v_v,4999966,1786326471567,7.499,V
serial:COM8/phase_w_v,4999966,1786326471567,7.526,V
serial:COM8/motor_angle,4999968,1786326471567,131.13,deg
serial:COM8/phase_u_v,4999968,1786326471567,7.639,V
serial:COM8/phase_v_v,4999968,1786326471567,7.655,V
serial:COM8/phase_w_v,4999968,1786326471567,7.666,V
serial:COM8/motor_angle,4999970,1786326471567,131.18,deg
serial:COM8/phase_u_v,4999970,1786326471567,7.801,V
serial:COM8/phase_v_v,4999970,1786326471567,7.806,V
serial:COM8/phase_w_v,4999970,1786326471567,7.833,V
serial:COM8/motor_angle,4999972,1786326471567,131.22,deg
serial:COM8/phase_u_v,4999972,1786326471567,7.957,V
serial:COM8/phase_v_v,4999972,1786326471567,7.963,V
serial:COM8/phase_w_v,4999972,1786326471567,7.984,V
serial:COM8/motor_angle,4999974,1786326471567,131.11,deg
serial:COM8/phase_u_v,4999974,1786326471567,8.114,V
serial:COM8/phase_v_v,4999974,1786326471567,8.119,V
serial:COM8/phase_w_v,4999974,1786326471567,8.146,V
serial:COM8/motor_angle,4999976,1786326471567,131.15,deg
serial:COM8/phase_u_v,4999976,1786326471567,7.607,V
serial:COM8/phase_v_v,4999976,1786326471567,7.617,V
serial:COM8/phase_w_v,4999976,1786326471567,7.634,V
serial:COM8/motor_angle,4999978,1786326471567,131.15,deg
serial:COM8/phase_u_v,4999978,1786326471567,7.747,V
serial:COM8/phase_v_v,4999978,1786326471567,7.763,V
serial:COM8/phase_w_v,4999978,1786326471567,7.785,V
serial:COM8/motor_angle,4999980,1786326471567,131.15,deg
serial:COM8/phase_u_v,4999980,1786326471567,7.909,V
serial:COM8/phase_v_v,4999980,1786326471567,7.920,V
serial:COM8/phase_w_v,4999980,1786326471567,7.941,V
serial:COM8/motor_angle,4999982,1786326471567,131.18,deg
serial:COM8/phase_u_v,4999982,1786326471567,8.065,V
serial:COM8/phase_v_v,4999982,1786326471567,8.071,V
serial:COM8/phase_w_v,4999982,1786326471567,8.098,V
serial:COM8/motor_angle,4999984,1786326471567,131.15,deg
serial:COM8/phase_u_v,4999984,1786326471567,7.553,V
serial:COM8/phase_v_v,4999984,1786326471567,7.569,V
serial:COM8/phase_w_v,4999984,1786326471567,7.590,V
serial:COM8/motor_angle,4999986,1786326471567,131.18,deg
serial:COM8/phase_u_v,4999986,1786326471567,7.715,V
serial:COM8/phase_v_v,4999986,1786326471567,7.725,V
serial:COM8/phase_w_v,4999986,1786326471567,7.747,V
serial:COM8/motor_angle,4999988,1786326471567,131.11,deg
serial:COM8/phase_u_v,4999988,1786326471567,7.866,V
serial:COM8/phase_v_v,4999988,1786326471567,7.871,V
serial:COM8/phase_w_v,4999988,1786326471567,7.898,V
serial:COM8/motor_angle,4999990,1786326471567,131.15,deg
serial:COM8/phase_u_v,4999990,1786326471567,8.022,V
serial:COM8/phase_v_v,4999990,1786326471567,8.038,V
serial:COM8/phase_w_v,4999990,1786326471567,8.060,V
serial:COM8/motor_angle,4999992,1786326471567,131.11,deg
serial:COM8/phase_u_v,4999992,1786326471567,7.531,V
serial:COM8/phase_v_v,4999992,1786326471567,7.526,V
serial:COM8/phase_w_v,4999992,1786326471567,7.553,V
serial:COM8/motor_angle,4999994,1786326471567,131.13,deg
serial:COM8/phase_u_v,4999994,1786326471567,7.677,V
serial:COM8/phase_v_v,4999994,1786326471567,7.671,V
serial:COM8/phase_w_v,4999994,1786326471567,7.698,V
serial:COM8/motor_angle,4999996,1786326471567,131.15,deg
serial:COM8/phase_u_v,4999996,1786326471567,7.828,V
serial:COM8/phase_v_v,4999996,1786326471567,7.828,V
serial:COM8/phase_w_v,4999996,1786326471567,7.855,V
serial:COM8/motor_angle,4999998,1786326471567,131.15,deg
serial:COM8/phase_u_v,4999998,1786326471567,7.979,V
serial:COM8/phase_v_v,4999998,1786326471567,7.990,V
serial:COM8/phase_w_v,4999998,1786326471567,8.011,V
serial:COM8/motor_angle,5000000,1786326471567,131.13,deg
serial:COM8/phase_u_v,5000000,1786326471567,7.488,V
serial:COM8/phase_v_v,5000000,1786326471567,7.488,V
serial:COM8/phase_w_v,5000000,1786326471567,7.515,V
serial:COM8/motor_angle,5000002,1786326471567,131.13,deg
serial:COM8/phase_u_v,5000002,1786326471567,7.634,V
serial:COM8/phase_v_v,5000002,1786326471567,7.639,V
serial:COM8/phase_w_v,5000002,1786326471567,7.661,V
serial:COM8/motor_angle,5000004,1786326471567,131.13,deg
serial:COM8/phase_u_v,5000004,1786326471567,7.790,V
serial:COM8/phase_v_v,5000004,1786326471567,7.790,V
serial:COM8/phase_w_v,5000004,1786326471567,7.812,V
serial:COM8/motor_angle,5000006,1786326471567,131.18,deg
serial:COM8/phase_u_v,5000006,1786326471567,7.936,V
serial:COM8/phase_v_v,5000006,1786326471567,7.941,V
serial:COM8/phase_w_v,5000006,1786326471567,7.974,V
serial:COM8/motor_angle,5000008,1786326471567,131.11,deg
serial:COM8/phase_u_v,5000008,1786326471567,8.098,V
serial:COM8/phase_v_v,5000008,1786326471567,8.109,V
serial:COM8/phase_w_v,5000008,1786326471567,8.130,V
serial:COM8/motor_angle,5000010,1786326471567,131.13,deg
serial:COM8/phase_u_v,5000010,1786326471567,7.596,V
serial:COM8/phase_v_v,5000010,1786326471567,7.590,V
serial:COM8/phase_w_v,5000010,1786326471567,7.628,V
serial:COM8/motor_angle,5000012,1786326471567,131.15,deg
serial:COM8/phase_u_v,5000012,1786326471567,7.736,V
serial:COM8/phase_v_v,5000012,1786326471567,7.752,V
serial:COM8/phase_w_v,5000012,1786326471567,7.779,V
serial:COM8/motor_angle,5000014,1786326471567,131.15,deg
serial:COM8/phase_u_v,5000014,1786326471567,7.893,V
serial:COM8/phase_v_v,5000014,1786326471567,7.909,V
serial:COM8/phase_w_v,5000014,1786326471567,7.936,V
serial:COM8/motor_angle,5000016,1786326471567,131.13,deg
serial:COM8/phase_u_v,5000016,1786326471567,8.055,V
serial:COM8/phase_v_v,5000016,1786326471567,8.060,V
serial:COM8/phase_w_v,5000016,1786326471567,8.087,V
serial:COM8/motor_angle,5000018,1786326471567,131.09,deg
serial:COM8/phase_u_v,5000018,1786326471567,7.536,V
serial:COM8/phase_v_v,5000018,1786326471567,7.558,V
serial:COM8/phase_w_v,5000018,1786326471567,7.585,V
serial:COM8/motor_angle,5000020,1786326471638,131.13,deg
serial:COM8/phase_u_v,5000020,1786326471638,7.704,V
serial:COM8/phase_v_v,5000020,1786326471638,7.704,V
serial:COM8/phase_w_v,5000020,1786326471638,7.731,V
serial:COM8/motor_angle,5000022,1786326471638,131.11,deg
serial:COM8/phase_u_v,5000022,1786326471638,7.855,V
serial:COM8/phase_v_v,5000022,1786326471638,7.860,V
serial:COM8/phase_w_v,5000022,1786326471638,7.898,V
serial:COM8/motor_angle,5000024,1786326471638,131.13,deg
serial:COM8/phase_u_v,5000024,1786326471638,8.011,V
serial:COM8/phase_v_v,5000024,1786326471638,8.022,V
serial:COM8/phase_w_v,5000024,1786326471638,8.049,V
serial:COM8/motor_angle,5000026,1786326471638,131.13,deg
serial:COM8/phase_u_v,5000026,1786326471638,7.515,V
serial:COM8/phase_v_v,5000026,1786326471638,7.520,V
serial:COM8/phase_w_v,5000026,1786326471638,7.542,V
serial:COM8/motor_angle,5000028,1786326471638,131.11,deg
serial:COM8/phase_u_v,5000028,1786326471638,7.661,V
serial:COM8/phase_v_v,5000028,1786326471638,7.671,V
serial:COM8/phase_w_v,5000028,1786326471638,7.693,V
serial:COM8/motor_angle,5000030,1786326471638,131.11,deg
serial:COM8/phase_u_v,5000030,1786326471638,7.817,V
serial:COM8/phase_v_v,5000030,1786326471638,7.822,V
serial:COM8/phase_w_v,5000030,1786326471638,7.855,V
serial:COM8/motor_angle,5000032,1786326471638,131.18,deg
serial:COM8/phase_u_v,5000032,1786326471638,7.968,V
serial:COM8/phase_v_v,5000032,1786326471638,7.979,V
serial:COM8/phase_w_v,5000032,1786326471638,8.006,V
serial:COM8/motor_angle,5000034,1786326471638,131.15,deg
serial:COM8/phase_u_v,5000034,1786326471638,8.136,V
serial:COM8/phase_v_v,5000034,1786326471638,8.136,V
serial:COM8/phase_w_v,5000034,1786326471638,8.163,V
serial:COM8/motor_angle,5000036,1786326471638,131.15,deg
serial:COM8/phase_u_v,5000036,1786326471638,7.623,V
serial:COM8/phase_v_v,5000036,1786326471638,7.628,V
serial:COM8/phase_w_v,5000036,1786326471638,7.655,V
serial:COM8/motor_angle,5000038,1786326471638,131.18,deg
serial:COM8/phase_u_v,5000038,1786326471638,7.774,V
serial:COM8/phase_v_v,5000038,1786326471638,7.785,V
serial:COM8/phase_w_v,5000038,1786326471638,7.806,V
serial:COM8/motor_angle,5000040,1786326471638,131.15,deg
serial:COM8/phase_u_v,5000040,1786326471638,7.930,V
serial:COM8/phase_v_v,5000040,1786326471638,7.941,V
serial:COM8/phase_w_v,5000040,1786326471638,7.963,V
serial:COM8/motor_angle,5000042,1786326471638,131.13,deg
serial:COM8/phase_u_v,5000042,1786326471638,8.087,V
serial:COM8/phase_v_v,5000042,1786326471638,8.098,V
serial:COM8/phase_w_v,5000042,1786326471638,8.125,V
serial:COM8/motor_angle,5000044,1786326471638,131.13,deg
serial:COM8/phase_u_v,5000044,1786326471638,7.585,V
serial:COM8/phase_v_v,5000044,1786326471638,7.585,V
serial:COM8/phase_w_v,5000044,1786326471638,7.617,V
serial:COM8/motor_angle,5000046,1786326471638,131.13,deg
serial:COM8/phase_u_v,5000046,1786326471638,7.731,V
serial:COM8/phase_v_v,5000046,1786326471638,7.742,V
serial:COM8/phase_w_v,5000046,1786326471638,7.768,V
serial:COM8/motor_angle,5000048,1786326471638,131.09,deg
serial:COM8/phase_u_v,5000048,1786326471638,7.893,V
serial:COM8/phase_v_v,5000048,1786326471638,7.893,V
serial:COM8/phase_w_v,5000048,1786326471638,7.920,V
serial:COM8/motor_angle,5000050,1786326471638,131.11,deg
serial:COM8/phase_u_v,5000050,1786326471638,8.044,V
serial:COM8/phase_v_v,5000050,1786326471638,8.044,V
serial:COM8/phase_w_v,5000050,1786326471638,8.082,V
serial:COM8/motor_angle,5000052,1786326471638,131.11,deg
serial:COM8/phase_u_v,5000052,1786326471638,7.547,V
serial:COM8/phase_v_v,5000052,1786326471638,7.547,V
serial:COM8/phase_w_v,5000052,1786326471638,7.574,V
serial:COM8/motor_angle,5000054,1786326471638,131.18,deg
serial:COM8/phase_u_v,5000054,1786326471638,7.688,V
serial:COM8/phase_v_v,5000054,1786326471638,7.698,V
serial:COM8/phase_w_v,5000054,1786326471638,7.720,V
serial:COM8/motor_angle,5000056,1786326471638,131.15,deg
serial:COM8/phase_u_v,5000056,1786326471638,7.844,V
serial:COM8/phase_v_v,5000056,1786326471638,7.855,V
serial:COM8/phase_w_v,5000056,1786326471638,7.876,V
serial:COM8/motor_angle,5000058,1786326471638,131.13,deg
serial:COM8/phase_u_v,5000058,1786326471638,7.995,V
serial:COM8/phase_v_v,5000058,1786326471638,8.006,V
serial:COM8/phase_w_v,5000058,1786326471638,8.038,V
serial:COM8/motor_angle,5000060,1786326471638,131.11,deg
serial:COM8/phase_u_v,5000060,1786326471638,7.504,V
serial:COM8/phase_v_v,5000060,1786326471638,7.515,V
serial:COM8/phase_w_v,5000060,1786326471638,7.536,V
serial:COM8/motor_angle,5000062,1786326471638,131.13,deg
serial:COM8/phase_u_v,5000062,1786326471638,7.650,V
serial:COM8/phase_v_v,5000062,1786326471638,7.661,V
serial:COM8/phase_w_v,5000062,1786326471638,7.688,V
serial:COM8/motor_angle,5000064,1786326471638,131.13,deg
serial:COM8/phase_u_v,5000064,1786326471638,7.812,V
serial:COM8/phase_v_v,5000064,1786326471638,7.812,V
serial:COM8/phase_w_v,5000064,1786326471638,7.839,V
serial:COM8/motor_angle,5000066,1786326471638,131.15,deg
serial:COM8/phase_u_v,5000066,1786326471638,7.957,V
serial:COM8/phase_v_v,5000066,1786326471638,7.974,V
serial:COM8/phase_w_v,5000066,1786326471638,7.995,V
serial:COM8/motor_angle,5000068,1786326471638,131.13,deg
serial:COM8/phase_u_v,5000068,1786326471638,8.125,V
serial:COM8/phase_v_v,5000068,1786326471638,8.130,V
serial:COM8/phase_w_v,5000068,1786326471638,8.157,V
serial:COM8/motor_angle,5000070,1786326471638,131.15,deg
serial:COM8/phase_u_v,5000070,1786326471638,7.612,V
serial:COM8/phase_v_v,5000070,1786326471638,7.623,V
serial:COM8/phase_w_v,5000070,1786326471638,7.644,V
serial:COM8/motor_angle,5000072,1786326471638,131.13,deg
serial:COM8/phase_u_v,5000072,1786326471638,7.763,V
serial:COM8/phase_v_v,5000072,1786326471638,7.774,V
serial:COM8/phase_w_v,5000072,1786326471638,7.806,V
serial:COM8/motor_angle,5000074,1786326471638,131.15,deg
serial:COM8/phase_u_v,5000074,1786326471638,7.920,V
serial:COM8/phase_v_v,5000074,1786326471638,7.925,V
serial:COM8/phase_w_v,5000074,1786326471638,7.952,V
serial:COM8/motor_angle,5000076,1786326471638,131.18,deg
serial:COM8/phase_u_v,5000076,1786326471638,8.076,V
serial:COM8/phase_v_v,5000076,1786326471638,8.087,V
serial:COM8/phase_w_v,5000076,1786326471638,8.103,V
serial:COM8/motor_angle,5000078,1786326471638,131.11,deg
serial:COM8/phase_u_v,5000078,1786326471638,7.574,V
serial:COM8/phase_v_v,5000078,1786326471638,7.585,V
serial:COM8/phase_w_v,5000078,1786326471638,7.607,V
serial:COM8/motor_angle,5000080,1786326471638,131.15,deg
serial:COM8/phase_u_v,5000080,1786326471638,7.725,V
serial:COM8/phase_v_v,5000080,1786326471638,7.736,V
serial:COM8/phase_w_v,5000080,1786326471638,7.763,V
serial:COM8/motor_angle,5000082,1786326471638,131.09,deg
serial:COM8/phase_u_v,5000082,1786326471638,7.876,V
serial:COM8/phase_v_v,5000082,1786326471638,7.887,V
serial:COM8/phase_w_v,5000082,1786326471638,7.920,V
serial:COM8/motor_angle,5000084,1786326471638,131.15,deg
serial:COM8/phase_u_v,5000084,1786326471638,8.038,V
serial:COM8/phase_v_v,5000084,1786326471638,8.044,V
serial:COM8/phase_w_v,5000084,1786326471638,8.071,V
serial:COM8/motor_angle,5000086,1786326471638,131.15,deg
serial:COM8/phase_u_v,5000086,1786326471638,7.536,V
serial:COM8/phase_v_v,5000086,1786326471638,7.547,V
serial:COM8/phase_w_v,5000086,1786326471638,7.574,V
serial:COM8/motor_angle,5000088,1786326471638,131.13,deg
serial:COM8/phase_u_v,5000088,1786326471638,7.688,V
serial:COM8/phase_v_v,5000088,1786326471638,7.698,V
serial:COM8/phase_w_v,5000088,1786326471638,7.715,V
serial:COM8/motor_angle,5000090,1786326471638,131.18,deg
serial:COM8/phase_u_v,5000090,1786326471638,7.833,V
serial:COM8/phase_v_v,5000090,1786326471638,7.849,V
serial:COM8/phase_w_v,5000090,1786326471638,7.876,V
serial:COM8/motor_angle,5000092,1786326471711,131.11,deg
serial:COM8/phase_u_v,5000092,1786326471711,7.995,V
serial:COM8/phase_v_v,5000092,1786326471711,8.006,V
serial:COM8/phase_w_v,5000092,1786326471711,8.028,V
serial:COM8/motor_angle,5000094,1786326471711,131.15,deg
serial:COM8/phase_u_v,5000094,1786326471711,7.499,V
serial:COM8/phase_v_v,5000094,1786326471711,7.504,V
serial:COM8/phase_w_v,5000094,1786326471711,7.536,V
serial:COM8/motor_angle,5000096,1786326471711,131.11,deg
serial:COM8/phase_u_v,5000096,1786326471711,7.644,V
serial:COM8/phase_v_v,5000096,1786326471711,7.655,V
serial:COM8/phase_w_v,5000096,1786326471711,7.682,V
serial:COM8/motor_angle,5000098,1786326471711,131.13,deg
serial:COM8/phase_u_v,5000098,1786326471711,7.795,V
serial:COM8/phase_v_v,5000098,1786326471711,7.806,V
serial:COM8/phase_w_v,5000098,1786326471711,7.828,V
serial:COM8/motor_angle,5000100,1786326471711,131.11,deg
serial:COM8/phase_u_v,5000100,1786326471711,7.952,V
serial:COM8/phase_v_v,5000100,1786326471711,7.968,V
serial:COM8/phase_w_v,5000100,1786326471711,7.990,V
serial:COM8/motor_angle,5000102,1786326471711,131.15,deg
serial:COM8/phase_u_v,5000102,1786326471711,8.114,V
serial:COM8/phase_v_v,5000102,1786326471711,8.119,V
serial:COM8/phase_w_v,5000102,1786326471711,8.152,V
serial:COM8/motor_angle,5000104,1786326471711,131.07,deg
serial:COM8/phase_u_v,5000104,1786326471711,7.601,V
serial:COM8/phase_v_v,5000104,1786326471711,7.617,V
serial:COM8/phase_w_v,5000104,1786326471711,7.644,V
serial:COM8/motor_angle,5000106,1786326471711,131.15,deg
serial:COM8/phase_u_v,5000106,1786326471711,7.758,V
serial:COM8/phase_v_v,5000106,1786326471711,7.763,V
serial:COM8/phase_w_v,5000106,1786326471711,7.790,V
serial:COM8/motor_angle,5000108,1786326471711,131.15,deg
serial:COM8/phase_u_v,5000108,1786326471711,7.914,V
serial:COM8/phase_v_v,5000108,1786326471711,7.914,V
serial:COM8/phase_w_v,5000108,1786326471711,7.941,V
serial:COM8/motor_angle,5000110,1786326471711,131.15,deg
serial:COM8/phase_u_v,5000110,1786326471711,8.065,V
serial:COM8/phase_v_v,5000110,1786326471711,8.082,V
serial:COM8/phase_w_v,5000110,1786326471711,8.103,V
serial:COM8/motor_angle,5000112,1786326471711,131.13,deg
serial:COM8/phase_u_v,5000112,1786326471711,7.569,V
serial:COM8/phase_v_v,5000112,1786326471711,7.574,V
serial:COM8/phase_w_v,5000112,1786326471711,7.607,V
serial:COM8/motor_angle,5000114,1786326471711,131.09,deg
serial:COM8/phase_u_v,5000114,1786326471711,7.715,V
serial:COM8/phase_v_v,5000114,1786326471711,7.731,V
serial:COM8/phase_w_v,5000114,1786326471711,7.752,V
serial:COM8/motor_angle,5000116,1786326471711,131.09,deg
serial:COM8/phase_u_v,5000116,1786326471711,7.871,V
serial:COM8/phase_v_v,5000116,1786326471711,7.876,V
serial:COM8/phase_w_v,5000116,1786326471711,7.909,V
serial:COM8/motor_angle,5000118,1786326471711,131.13,deg
serial:COM8/phase_u_v,5000118,1786326471711,8.022,V
serial:COM8/phase_v_v,5000118,1786326471711,8.038,V
serial:COM8/phase_w_v,5000118,1786326471711,8.060,V
serial:COM8/motor_angle,5000120,1786326471711,131.13,deg
serial:COM8/phase_u_v,5000120,1786326471711,7.531,V
serial:COM8/phase_v_v,5000120,1786326471711,7.542,V
serial:COM8/phase_w_v,5000120,1786326471711,7.558,V
serial:COM8/motor_angle,5000122,1786326471711,131.18,deg
serial:COM8/phase_u_v,5000122,1786326471711,7.677,V
serial:COM8/phase_v_v,5000122,1786326471711,7.682,V
serial:COM8/phase_w_v,5000122,1786326471711,7.709,V
serial:COM8/motor_angle,5000124,1786326471711,131.13,deg
serial:COM8/phase_u_v,5000124,1786326471711,7.828,V
serial:COM8/phase_v_v,5000124,1786326471711,7.839,V
serial:COM8/phase_w_v,5000124,1786326471711,7.871,V
serial:COM8/motor_angle,5000126,1786326471711,131.15,deg
serial:COM8/phase_u_v,5000126,1786326471711,7.984,V
serial:COM8/phase_v_v,5000126,1786326471711,7.995,V
serial:COM8/phase_w_v,5000126,1786326471711,8.022,V
serial:COM8/motor_angle,5000128,1786326471711,131.15,deg
serial:COM8/phase_u_v,5000128,1786326471711,7.482,V
serial:COM8/phase_v_v,5000128,1786326471711,7.493,V
serial:COM8/phase_w_v,5000128,1786326471711,7.520,V
serial:COM8/motor_angle,5000130,1786326471711,131.18,deg
serial:COM8/phase_u_v,5000130,1786326471711,7.634,V
serial:COM8/phase_v_v,5000130,1786326471711,7.644,V
serial:COM8/phase_w_v,5000130,1786326471711,7.666,V
serial:COM8/motor_angle,5000132,1786326471711,131.07,deg
serial:COM8/phase_u_v,5000132,1786326471711,7.790,V
serial:COM8/phase_v_v,5000132,1786326471711,7.795,V
serial:COM8/phase_w_v,5000132,1786326471711,7.828,V
serial:COM8/motor_angle,5000134,1786326471711,131.07,deg
serial:COM8/phase_u_v,5000134,1786326471711,7.936,V
serial:COM8/phase_v_v,5000134,1786326471711,7.952,V
serial:COM8/phase_w_v,5000134,1786326471711,7.979,V
serial:COM8/motor_angle,5000136,1786326471711,131.13,deg
serial:COM8/phase_u_v,5000136,1786326471711,8.098,V
serial:COM8/phase_v_v,5000136,1786326471711,8.114,V
serial:COM8/phase_w_v,5000136,1786326471711,8.136,V
serial:COM8/motor_angle,5000138,1786326471711,131.13,deg
serial:COM8/phase_u_v,5000138,1786326471711,7.596,V
serial:COM8/phase_v_v,5000138,1786326471711,7.607,V
serial:COM8/phase_w_v,5000138,1786326471711,7.634,V
serial:COM8/motor_angle,5000140,1786326471711,131.15,deg
serial:COM8/phase_u_v,5000140,1786326471711,7.747,V
serial:COM8/phase_v_v,5000140,1786326471711,7.763,V
serial:COM8/phase_w_v,5000140,1786326471711,7.785,V
serial:COM8/motor_angle,5000142,1786326471711,131.13,deg
serial:COM8/phase_u_v,5000142,1786326471711,7.909,V
serial:COM8/phase_v_v,5000142,1786326471711,7.909,V
serial:COM8/phase_w_v,5000142,1786326471711,7.936,V
serial:COM8/motor_angle,5000144,1786326471711,131.09,deg
serial:COM8/phase_u_v,5000144,1786326471711,8.065,V
serial:COM8/phase_v_v,5000144,1786326471711,8.076,V
serial:COM8/phase_w_v,5000144,1786326471711,8.087,V
serial:COM8/motor_angle,5000146,1786326471711,131.11,deg
serial:COM8/phase_u_v,5000146,1786326471711,7.553,V
serial:COM8/phase_v_v,5000146,1786326471711,7.563,V
serial:COM8/phase_w_v,5000146,1786326471711,7.590,V
serial:COM8/motor_angle,5000148,1786326471711,131.15,deg
serial:COM8/phase_u_v,5000148,1786326471711,7.709,V
serial:COM8/phase_v_v,5000148,1786326471711,7.715,V
serial:COM8/phase_w_v,5000148,1786326471711,7.742,V
serial:COM8/motor_angle,5000150,1786326471711,131.13,deg
serial:COM8/phase_u_v,5000150,1786326471711,7.860,V
serial:COM8/phase_v_v,5000150,1786326471711,7.871,V
serial:COM8/phase_w_v,5000150,1786326471711,7.898,V
serial:COM8/motor_angle,5000152,1786326471711,131.11,deg
serial:COM8/phase_u_v,5000152,1786326471711,8.011,V
serial:COM8/phase_v_v,5000152,1786326471711,8.028,V
serial:COM8/phase_w_v,5000152,1786326471711,8.060,V
serial:COM8/motor_angle,5000154,1786326471711,131.13,deg
serial:COM8/phase_u_v,5000154,1786326471711,7.520,V
serial:COM8/phase_v_v,5000154,1786326471711,7.520,V
serial:COM8/phase_w_v,5000154,1786326471711,7.542,V
serial:COM8/motor_angle,5000156,1786326471711,131.11,deg
serial:COM8/phase_u_v,5000156,1786326471711,7.666,V
serial:COM8/phase_v_v,5000156,1786326471711,7.682,V
serial:COM8/phase_w_v,5000156,1786326471711,7.704,V
serial:COM8/motor_angle,5000158,1786326471711,131.15,deg
serial:COM8/phase_u_v,5000158,1786326471711,7.822,V
serial:COM8/phase_v_v,5000158,1786326471711,7.833,V
serial:COM8/phase_w_v,5000158,1786326471711,7.855,V
serial:COM8/motor_angle,5000160,1786326471711,131.11,deg
serial:COM8/phase_u_v,5000160,1786326471711,7.974,V
serial:COM8/phase_v_v,5000160,1786326471711,7.984,V
serial:COM8/phase_w_v,5000160,1786326471711,8.017,V
serial:COM8/motor_angle,5000162,1786326471711,131.13,deg
serial:COM8/phase_u_v,5000162,1786326471711,7.477,V
serial:COM8/phase_v_v,5000162,1786326471711,8.146,V
serial:COM8/phase_w_v,5000162,1786326471711,8.179,V
serial:COM8/motor_angle,5000164,1786326471711,131.11,deg
serial:COM8/phase_u_v,5000164,1786326471711,7.623,V
serial:COM8/phase_v_v,5000164,1786326471711,7.639,V
serial:COM8/phase_w_v,5000164,1786326471711,7.666,V
serial:COM8/motor_angle,5000166,1786326471784,131.09,deg
serial:COM8/phase_u_v,5000166,1786326471784,7.774,V
serial:COM8/phase_v_v,5000166,1786326471784,7.790,V
serial:COM8/phase_w_v,5000166,1786326471784,7.812,V
serial:COM8/motor_angle,5000168,1786326471784,131.15,deg
serial:COM8/phase_u_v,5000168,1786326471784,7.936,V
serial:COM8/phase_v_v,5000168,1786326471784,7.947,V
serial:COM8/phase_w_v,5000168,1786326471784,7.974,V
serial:COM8/motor_angle,5000170,1786326471784,131.18,deg
serial:COM8/phase_u_v,5000170,1786326471784,8.087,V
serial:COM8/phase_v_v,5000170,1786326471784,8.098,V
serial:COM8/phase_w_v,5000170,1786326471784,8.136,V
serial:COM8/motor_angle,5000172,1786326471784,131.13,deg
serial:COM8/phase_u_v,5000172,1786326471784,7.585,V
serial:COM8/phase_v_v,5000172,1786326471784,7.596,V
serial:COM8/phase_w_v,5000172,1786326471784,7.623,V
serial:COM8/motor_angle,5000174,1786326471784,131.15,deg
serial:COM8/phase_u_v,5000174,1786326471784,7.742,V
serial:COM8/phase_v_v,5000174,1786326471784,7.752,V
serial:COM8/phase_w_v,5000174,1786326471784,7.779,V
serial:COM8/motor_angle,5000176,1786326471784,131.11,deg
serial:COM8/phase_u_v,5000176,1786326471784,7.898,V
serial:COM8/phase_v_v,5000176,1786326471784,7.909,V
serial:COM8/phase_w_v,5000176,1786326471784,7.936,V
serial:COM8/motor_angle,5000178,1786326471784,131.13,deg
serial:COM8/phase_u_v,5000178,1786326471784,8.055,V
serial:COM8/phase_v_v,5000178,1786326471784,8.071,V
serial:COM8/phase_w_v,5000178,1786326471784,8.087,V
serial:COM8/motor_angle,5000180,1786326471784,131.24,deg
serial:COM8/phase_u_v,5000180,1786326471784,7.558,V
serial:COM8/phase_v_v,5000180,1786326471784,7.569,V
serial:COM8/phase_w_v,5000180,1786326471784,7.596,V
serial:COM8/motor_angle,5000182,1786326471784,131.20,deg
serial:COM8/phase_u_v,5000182,1786326471784,7.709,V
serial:COM8/phase_v_v,5000182,1786326471784,7.709,V
serial:COM8/phase_w_v,5000182,1786326471784,7.742,V
serial:COM8/motor_angle,5000184,1786326471784,131.11,deg
serial:COM8/phase_u_v,5000184,1786326471784,7.866,V
serial:COM8/phase_v_v,5000184,1786326471784,7.871,V
serial:COM8/phase_w_v,5000184,1786326471784,7.893,V
serial:COM8/motor_angle,5000186,1786326471784,131.15,deg
serial:COM8/phase_u_v,5000186,1786326471784,8.017,V
serial:COM8/phase_v_v,5000186,1786326471784,8.028,V
serial:COM8/phase_w_v,5000186,1786326471784,8.049,V
serial:COM8/motor_angle,5000188,1786326471784,131.09,deg
serial:COM8/phase_u_v,5000188,1786326471784,7.509,V
serial:COM8/phase_v_v,5000188,1786326471784,7.526,V
serial:COM8/phase_w_v,5000188,1786326471784,7.547,V
serial:COM8/motor_angle,5000190,1786326471784,131.09,deg
serial:COM8/phase_u_v,5000190,1786326471784,7.671,V
serial:COM8/phase_v_v,5000190,1786326471784,7.677,V
serial:COM8/phase_w_v,5000190,1786326471784,7.709,V
serial:COM8/motor_angle,5000192,1786326471784,131.13,deg
serial:COM8/phase_u_v,5000192,1786326471784,7.822,V
serial:COM8/phase_v_v,5000192,1786326471784,7.822,V
serial:COM8/phase_w_v,5000192,1786326471784,7.866,V
serial:COM8/motor_angle,5000194,1786326471784,131.15,deg
serial:COM8/phase_u_v,5000194,1786326471784,7.979,V
serial:COM8/phase_v_v,5000194,1786326471784,7.984,V
serial:COM8/phase_w_v,5000194,1786326471784,8.006,V
serial:COM8/motor_angle,5000196,1786326471784,131.18,deg
serial:COM8/phase_u_v,5000196,1786326471784,8.136,V
serial:COM8/phase_v_v,5000196,1786326471784,8.146,V
serial:COM8/phase_w_v,5000196,1786326471784,8.168,V
serial:COM8/motor_angle,5000198,1786326471784,131.13,deg
serial:COM8/phase_u_v,5000198,1786326471784,7.623,V
serial:COM8/phase_v_v,5000198,1786326471784,7.634,V
serial:COM8/phase_w_v,5000198,1786326471784,7.655,V
serial:COM8/motor_angle,5000200,1786326471784,131.15,deg
serial:COM8/phase_u_v,5000200,1786326471784,7.779,V
serial:COM8/phase_v_v,5000200,1786326471784,7.790,V
serial:COM8/phase_w_v,5000200,1786326471784,7.812,V
serial:COM8/motor_angle,5000202,1786326471784,131.18,deg
serial:COM8/phase_u_v,5000202,1786326471784,7.936,V
serial:COM8/phase_v_v,5000202,1786326471784,7.936,V
serial:COM8/phase_w_v,5000202,1786326471784,7.974,V
serial:COM8/motor_angle,5000204,1786326471784,131.18,deg
serial:COM8/phase_u_v,5000204,1786326471784,8.087,V
serial:COM8/phase_v_v,5000204,1786326471784,8.103,V
serial:COM8/phase_w_v,5000204,1786326471784,8.130,V
serial:COM8/motor_angle,5000206,1786326471784,131.15,deg
serial:COM8/phase_u_v,5000206,1786326471784,7.580,V
serial:COM8/phase_v_v,5000206,1786326471784,7.601,V
serial:COM8/phase_w_v,5000206,1786326471784,7.628,V
serial:COM8/motor_angle,5000208,1786326471784,131.15,deg
serial:COM8/phase_u_v,5000208,1786326471784,7.731,V
serial:COM8/phase_v_v,5000208,1786326471784,7.742,V
serial:COM8/phase_w_v,5000208,1786326471784,7.768,V
serial:COM8/motor_angle,5000210,1786326471784,131.15,deg
serial:COM8/phase_u_v,5000210,1786326471784,7.893,V
serial:COM8/phase_v_v,5000210,1786326471784,7.898,V
serial:COM8/phase_w_v,5000210,1786326471784,7.925,V
serial:COM8/motor_angle,5000212,1786326471784,131.13,deg
serial:COM8/phase_u_v,5000212,1786326471784,8.055,V
serial:COM8/phase_v_v,5000212,1786326471784,8.055,V
serial:COM8/phase_w_v,5000212,1786326471784,8.082,V
serial:COM8/motor_angle,5000214,1786326471784,131.20,deg
serial:COM8/phase_u_v,5000214,1786326471784,7.547,V
serial:COM8/phase_v_v,5000214,1786326471784,7.553,V
serial:COM8/phase_w_v,5000214,1786326471784,7.585,V
serial:COM8/motor_angle,5000216,1786326471784,131.15,deg
serial:COM8/phase_u_v,5000216,1786326471784,7.693,V
serial:COM8/phase_v_v,5000216,1786326471784,7.709,V
serial:COM8/phase_w_v,5000216,1786326471784,7.731,V
serial:COM8/motor_angle,5000218,1786326471784,131.15,deg
serial:COM8/phase_u_v,5000218,1786326471784,7.855,V
serial:COM8/phase_v_v,5000218,1786326471784,7.866,V
serial:COM8/phase_w_v,5000218,1786326471784,7.882,V
serial:COM8/motor_angle,5000220,1786326471784,131.13,deg
serial:COM8/phase_u_v,5000220,1786326471784,8.011,V
serial:COM8/phase_v_v,5000220,1786326471784,8.011,V
serial:COM8/phase_w_v,5000220,1786326471784,8.044,V
serial:COM8/motor_angle,5000222,1786326471784,131.07,deg
serial:COM8/phase_u_v,5000222,1786326471784,7.515,V
serial:COM8/phase_v_v,5000222,1786326471784,7.515,V
serial:COM8/phase_w_v,5000222,1786326471784,7.542,V
serial:COM8/motor_angle,5000224,1786326471784,131.13,deg
serial:COM8/phase_u_v,5000224,1786326471784,7.655,V
serial:COM8/phase_v_v,5000224,1786326471784,7.666,V
serial:COM8/phase_w_v,5000224,1786326471784,7.698,V
serial:COM8/motor_angle,5000226,1786326471784,131.15,deg
serial:COM8/phase_u_v,5000226,1786326471784,7.812,V
serial:COM8/phase_v_v,5000226,1786326471784,7.822,V
serial:COM8/phase_w_v,5000226,1786326471784,7.839,V
serial:COM8/motor_angle,5000228,1786326471784,131.13,deg
serial:COM8/phase_u_v,5000228,1786326471784,7.968,V
serial:COM8/phase_v_v,5000228,1786326471784,7.979,V
serial:COM8/phase_w_v,5000228,1786326471784,8.001,V
serial:COM8/motor_angle,5000230,1786326471784,131.09,deg
serial:COM8/phase_u_v,5000230,1786326471784,8.119,V
serial:COM8/phase_v_v,5000230,1786326471784,8.136,V
serial:COM8/phase_w_v,5000230,1786326471784,8.168,V
serial:COM8/motor_angle,5000232,1786326471784,131.13,deg
serial:COM8/phase_u_v,5000232,1786326471784,7.623,V
serial:COM8/phase_v_v,5000232,1786326471784,7.628,V
serial:COM8/phase_w_v,5000232,1786326471784,7.650,V
serial:COM8/motor_angle,5000234,1786326471784,131.11,deg
serial:COM8/phase_u_v,5000234,1786326471784,7.774,V
serial:COM8/phase_v_v,5000234,1786326471784,7.785,V
serial:COM8/phase_w_v,5000234,1786326471784,7.806,V
serial:COM8/motor_angle,5000236,1786326471784,131.13,deg
serial:COM8/phase_u_v,5000236,1786326471784,7.930,V
serial:COM8/phase_v_v,5000236,1786326471784,7.930,V
serial:COM8/phase_w_v,5000236,1786326471784,7.963,V
serial:COM8/motor_angle,5000238,1786326471856,131.11,deg
serial:COM8/phase_u_v,5000238,1786326471856,8.087,V
serial:COM8/phase_v_v,5000238,1786326471856,8.092,V
serial:COM8/phase_w_v,5000238,1786326471856,8.119,V
serial:COM8/motor_angle,5000240,1786326471856,131.15,deg
serial:COM8/phase_u_v,5000240,1786326471856,7.580,V
serial:COM8/phase_v_v,5000240,1786326471856,7.596,V
serial:COM8/phase_w_v,5000240,1786326471856,7.612,V
serial:COM8/motor_angle,5000242,1786326471856,131.11,deg
serial:COM8/phase_u_v,5000242,1786326471856,7.725,V
serial:COM8/phase_v_v,5000242,1786326471856,7.742,V
serial:COM8/phase_w_v,5000242,1786326471856,7.768,V
serial:COM8/motor_angle,5000244,1786326471856,131.13,deg
serial:COM8/phase_u_v,5000244,1786326471856,7.887,V
serial:COM8/phase_v_v,5000244,1786326471856,7.898,V
serial:COM8/phase_w_v,5000244,1786326471856,7.920,V
serial:COM8/motor_angle,5000246,1786326471856,131.13,deg
serial:COM8/phase_u_v,5000246,1786326471856,8.049,V
serial:COM8/phase_v_v,5000246,1786326471856,8.055,V
serial:COM8/phase_w_v,5000246,1786326471856,8.082,V
serial:COM8/motor_angle,5000248,1786326471856,131.09,deg
serial:COM8/phase_u_v,5000248,1786326471856,7.542,V
serial:COM8/phase_v_v,5000248,1786326471856,7.553,V
serial:COM8/phase_w_v,5000248,1786326471856,7.580,V
serial:COM8/motor_angle,5000250,1786326471856,131.13,deg
serial:COM8/phase_u_v,5000250,1786326471856,7.693,V
serial:COM8/phase_v_v,5000250,1786326471856,7.698,V
serial:COM8/phase_w_v,5000250,1786326471856,7.725,V
serial:COM8/motor_angle,5000252,1786326471856,131.13,deg
serial:COM8/phase_u_v,5000252,1786326471856,7.849,V
serial:COM8/phase_v_v,5000252,1786326471856,7.849,V
serial:COM8/phase_w_v,5000252,1786326471856,7.882,V
serial:COM8/motor_angle,5000254,1786326471856,131.15,deg
serial:COM8/phase_u_v,5000254,1786326471856,8.006,V
serial:COM8/phase_v_v,5000254,1786326471856,8.006,V
serial:COM8/phase_w_v,5000254,1786326471856,8.038,V
serial:COM8/motor_angle,5000256,1786326471856,131.13,deg
serial:COM8/phase_u_v,5000256,1786326471856,7.509,V
serial:COM8/phase_v_v,5000256,1786326471856,7.515,V
serial:COM8/phase_w_v,5000256,1786326471856,7.536,V
serial:COM8/motor_angle,5000258,1786326471856,131.13,deg
serial:COM8/phase_u_v,5000258,1786326471856,7.655,V
serial:COM8/phase_v_v,5000258,1786326471856,7.666,V
serial:COM8/phase_w_v,5000258,1786326471856,7.682,V
serial:COM8/motor_angle,5000260,1786326471856,131.15,deg
serial:COM8/phase_u_v,5000260,1786326471856,7.801,V
serial:COM8/phase_v_v,5000260,1786326471856,7.817,V
serial:COM8/phase_w_v,5000260,1786326471856,7.839,V
serial:COM8/motor_angle,5000262,1786326471856,131.13,deg
serial:COM8/phase_u_v,5000262,1786326471856,7.963,V
serial:COM8/phase_v_v,5000262,1786326471856,7.968,V
serial:COM8/phase_w_v,5000262,1786326471856,7.995,V
serial:COM8/motor_angle,5000264,1786326471856,131.11,deg
serial:COM8/phase_u_v,5000264,1786326471856,8.119,V
serial:COM8/phase_v_v,5000264,1786326471856,8.141,V
serial:COM8/phase_w_v,5000264,1786326471856,8.157,V
serial:COM8/motor_angle,5000266,1786326471856,131.13,deg
serial:COM8/phase_u_v,5000266,1786326471856,7.617,V
serial:COM8/phase_v_v,5000266,1786326471856,7.623,V
serial:COM8/phase_w_v,5000266,1786326471856,7.650,V
serial:COM8/motor_angle,5000268,1786326471856,131.13,deg
serial:COM8/phase_u_v,5000268,1786326471856,7.763,V
serial:COM8/phase_v_v,5000268,1786326471856,7.779,V
serial:COM8/phase_w_v,5000268,1786326471856,7.806,V
serial:COM8/motor_angle,5000270,1786326471856,131.11,deg
serial:COM8/phase_u_v,5000270,1786326471856,7.920,V
serial:COM8/phase_v_v,5000270,1786326471856,7.930,V
serial:COM8/phase_w_v,5000270,1786326471856,7.968,V
serial:COM8/motor_angle,5000272,1786326471856,131.18,deg
serial:COM8/phase_u_v,5000272,1786326471856,8.076,V
serial:COM8/phase_v_v,5000272,1786326471856,8.087,V
serial:COM8/phase_w_v,5000272,1786326471856,8.119,V
serial:COM8/motor_angle,5000274,1786326471856,131.13,deg
serial:COM8/phase_u_v,5000274,1786326471856,7.580,V
serial:COM8/phase_v_v,5000274,1786326471856,7.585,V
serial:COM8/phase_w_v,5000274,1786326471856,7.607,V
serial:COM8/motor_angle,5000276,1786326471856,131.04,deg
serial:COM8/phase_u_v,5000276,1786326471856,7.731,V
serial:COM8/phase_v_v,5000276,1786326471856,7.736,V
serial:COM8/phase_w_v,5000276,1786326471856,7.768,V
serial:COM8/motor_angle,5000278,1786326471856,131.13,deg
serial:COM8/phase_u_v,5000278,1786326471856,7.882,V
serial:COM8/phase_v_v,5000278,1786326471856,7.887,V
serial:COM8/phase_w_v,5000278,1786326471856,7.914,V
serial:COM8/motor_angle,5000280,1786326471856,131.18,deg
serial:COM8/phase_u_v,5000280,1786326471856,8.038,V
serial:COM8/phase_v_v,5000280,1786326471856,8.049,V
serial:COM8/phase_w_v,5000280,1786326471856,8.071,V
serial:COM8/motor_angle,5000282,1786326471856,131.11,deg
serial:COM8/phase_u_v,5000282,1786326471856,7.531,V
serial:COM8/phase_v_v,5000282,1786326471856,7.547,V
serial:COM8/phase_w_v,5000282,1786326471856,7.580,V
serial:COM8/motor_angle,5000284,1786326471856,131.13,deg
serial:COM8/phase_u_v,5000284,1786326471856,7.682,V
serial:COM8/phase_v_v,5000284,1786326471856,7.698,V
serial:COM8/phase_w_v,5000284,1786326471856,7.720,V
serial:COM8/motor_angle,5000286,1786326471856,131.18,deg
serial:COM8/phase_u_v,5000286,1786326471856,7.839,V
serial:COM8/phase_v_v,5000286,1786326471856,7.849,V
serial:COM8/phase_w_v,5000286,1786326471856,7.882,V
serial:COM8/motor_angle,5000288,1786326471856,131.18,deg
serial:COM8/phase_u_v,5000288,1786326471856,7.995,V
serial:COM8/phase_v_v,5000288,1786326471856,8.006,V
serial:COM8/phase_w_v,5000288,1786326471856,8.033,V
serial:COM8/motor_angle,5000290,1786326471856,131.11,deg
serial:COM8/phase_u_v,5000290,1786326471856,7.504,V
serial:COM8/phase_v_v,5000290,1786326471856,7.509,V
serial:COM8/phase_w_v,5000290,1786326471856,7.536,V
serial:COM8/motor_angle,5000292,1786326471856,131.11,deg
serial:COM8/phase_u_v,5000292,1786326471856,7.655,V
serial:COM8/phase_v_v,5000292,1786326471856,7.655,V
serial:COM8/phase_w_v,5000292,1786326471856,7.677,V
serial:COM8/motor_angle,5000294,1786326471856,131.15,deg
serial:COM8/phase_u_v,5000294,1786326471856,7.801,V
serial:COM8/phase_v_v,5000294,1786326471856,7.812,V
serial:COM8/phase_w_v,5000294,1786326471856,7.833,V
serial:COM8/motor_angle,5000296,1786326471856,131.11,deg
serial:COM8/phase_u_v,5000296,1786326471856,7.947,V
serial:COM8/phase_v_v,5000296,1786326471856,7.963,V
serial:COM8/phase_w_v,5000296,1786326471856,7.990,V
serial:COM8/motor_angle,5000298,1786326471856,131.18,deg
serial:COM8/phase_u_v,5000298,1786326471856,8.114,V
serial:COM8/phase_v_v,5000298,1786326471856,8.130,V
serial:COM8/phase_w_v,5000298,1786326471856,8.157,V
serial:COM8/motor_angle,5000300,1786326471856,131.13,deg
serial:COM8/phase_u_v,5000300,1786326471856,7.612,V
serial:COM8/phase_v_v,5000300,1786326471856,7.617,V
serial:COM8/phase_w_v,5000300,1786326471856,7.639,V
serial:COM8/motor_angle,5000302,1786326471856,131.20,deg
serial:COM8/phase_u_v,5000302,1786326471856,7.758,V
serial:COM8/phase_v_v,5000302,1786326471856,7.768,V
serial:COM8/phase_w_v,5000302,1786326471856,7.795,V
serial:COM8/motor_angle,5000304,1786326471856,131.13,deg
serial:COM8/phase_u_v,5000304,1786326471856,7.909,V
serial:COM8/phase_v_v,5000304,1786326471856,7.925,V
serial:COM8/phase_w_v,5000304,1786326471856,7.957,V
serial:COM8/motor_angle,5000306,1786326471856,131.15,deg
serial:COM8/phase_u_v,5000306,1786326471856,8.076,V
serial:COM8/phase_v_v,5000306,1786326471856,8.082,V
serial:COM8/phase_w_v,5000306,1786326471856,8.114,V
serial:COM8/motor_angle,5000308,1786326471856,131.13,deg
serial:COM8/phase_u_v,5000308,1786326471856,7.580,V
serial:COM8/phase_v_v,5000308,1786326471856,7.580,V
serial:COM8/phase_w_v,5000308,1786326471856,7.601,V
serial:COM8/motor_angle,5000310,1786326471928,131.15,deg
serial:COM8/phase_u_v,5000310,1786326471928,7.720,V
serial:COM8/phase_v_v,5000310,1786326471928,7.731,V
serial:COM8/phase_w_v,5000310,1786326471928,7.758,V
serial:COM8/motor_angle,5000312,1786326471928,131.11,deg
serial:COM8/phase_u_v,5000312,1786326471928,7.871,V
serial:COM8/phase_v_v,5000312,1786326471928,7.882,V
serial:COM8/phase_w_v,5000312,1786326471928,7.914,V
serial:COM8/motor_angle,5000314,1786326471928,131.13,deg
serial:COM8/phase_u_v,5000314,1786326471928,8.028,V
serial:COM8/phase_v_v,5000314,1786326471928,8.044,V
serial:COM8/phase_w_v,5000314,1786326471928,8.071,V
serial:COM8/motor_angle,5000316,1786326471928,131.15,deg
serial:COM8/phase_u_v,5000316,1786326471928,7.536,V
serial:COM8/phase_v_v,5000316,1786326471928,7.542,V
serial:COM8/phase_w_v,5000316,1786326471928,7.563,V
serial:COM8/motor_angle,5000318,1786326471928,131.15,deg
serial:COM8/phase_u_v,5000318,1786326471928,7.688,V
serial:COM8/phase_v_v,5000318,1786326471928,7.693,V
serial:COM8/phase_w_v,5000318,1786326471928,7.720,V
serial:COM8/motor_angle,5000320,1786326471928,131.20,deg
serial:COM8/phase_u_v,5000320,1786326471928,7.833,V
serial:COM8/phase_v_v,5000320,1786326471928,7.844,V
serial:COM8/phase_w_v,5000320,1786326471928,7.871,V
serial:COM8/motor_angle,5000322,1786326471928,131.13,deg
serial:COM8/phase_u_v,5000322,1786326471928,7.990,V
serial:COM8/phase_v_v,5000322,1786326471928,8.001,V
serial:COM8/phase_w_v,5000322,1786326471928,8.028,V
serial:COM8/motor_angle,5000324,1786326471928,131.13,deg
serial:COM8/phase_u_v,5000324,1786326471928,7.504,V
serial:COM8/phase_v_v,5000324,1786326471928,7.499,V
serial:COM8/phase_w_v,5000324,1786326471928,7.531,V
serial:COM8/motor_angle,5000326,1786326471928,131.11,deg
serial:COM8/phase_u_v,5000326,1786326471928,7.644,V
serial:COM8/phase_v_v,5000326,1786326471928,7.650,V
serial:COM8/phase_w_v,5000326,1786326471928,7.682,V
serial:COM8/motor_angle,5000328,1786326471928,131.13,deg
serial:COM8/phase_u_v,5000328,1786326471928,7.795,V
serial:COM8/phase_v_v,5000328,1786326471928,7.812,V
serial:COM8/phase_w_v,5000328,1786326471928,7.839,V
serial:COM8/motor_angle,5000330,1786326471928,131.15,deg
serial:COM8/phase_u_v,5000330,1786326471928,7.952,V
serial:COM8/phase_v_v,5000330,1786326471928,7.968,V
serial:COM8/phase_w_v,5000330,1786326471928,7.984,V
serial:COM8/motor_angle,5000332,1786326471928,131.13,deg
serial:COM8/phase_u_v,5000332,1786326471928,8.114,V
serial:COM8/phase_v_v,5000332,1786326471928,8.125,V
serial:COM8/phase_w_v,5000332,1786326471928,8.152,V
serial:COM8/motor_angle,5000334,1786326471928,131.18,deg
serial:COM8/phase_u_v,5000334,1786326471928,7.596,V
serial:COM8/phase_v_v,5000334,1786326471928,7.617,V
serial:COM8/phase_w_v,5000334,1786326471928,7.639,V
serial:COM8/motor_angle,5000336,1786326471928,131.11,deg
serial:COM8/phase_u_v,5000336,1786326471928,7.763,V
serial:COM8/phase_v_v,5000336,1786326471928,7.768,V
serial:COM8/phase_w_v,5000336,1786326471928,7.785,V
serial:COM8/motor_angle,5000338,1786326471928,131.11,deg
serial:COM8/phase_u_v,5000338,1786326471928,7.914,V
serial:COM8/phase_v_v,5000338,1786326471928,7.914,V
serial:COM8/phase_w_v,5000338,1786326471928,7.947,V
serial:COM8/motor_angle,5000340,1786326471928,131.11,deg
serial:COM8/phase_u_v,5000340,1786326471928,8.065,V
serial:COM8/phase_v_v,5000340,1786326471928,8.082,V
serial:COM8/phase_w_v,5000340,1786326471928,8.103,V
serial:COM8/motor_angle,5000342,1786326471928,131.15,deg
serial:COM8/phase_u_v,5000342,1786326471928,7.558,V
serial:COM8/phase_v_v,5000342,1786326471928,7.580,V
serial:COM8/phase_w_v,5000342,1786326471928,7.596,V
serial:COM8/motor_angle,5000344,1786326471928,131.20,deg
serial:COM8/phase_u_v,5000344,1786326471928,7.704,V
serial:COM8/phase_v_v,5000344,1786326471928,7.725,V
serial:COM8/phase_w_v,5000344,1786326471928,7.752,V
serial:COM8/motor_angle,5000346,1786326471928,131.11,deg
serial:COM8/phase_u_v,5000346,1786326471928,7.866,V
serial:COM8/phase_v_v,5000346,1786326471928,7.882,V
serial:COM8/phase_w_v,5000346,1786326471928,7.898,V
serial:COM8/motor_angle,5000348,1786326471928,131.15,deg
serial:COM8/phase_u_v,5000348,1786326471928,8.028,V
serial:COM8/phase_v_v,5000348,1786326471928,8.038,V
serial:COM8/phase_w_v,5000348,1786326471928,8.065,V
serial:COM8/motor_angle,5000350,1786326471928,131.20,deg
serial:COM8/phase_u_v,5000350,1786326471928,7.531,V
serial:COM8/phase_v_v,5000350,1786326471928,7.536,V
serial:COM8/phase_w_v,5000350,1786326471928,7.553,V
serial:COM8/motor_angle,5000352,1786326471928,131.13,deg
serial:COM8/phase_u_v,5000352,1786326471928,7.677,V
serial:COM8/phase_v_v,5000352,1786326471928,7.677,V
serial:COM8/phase_w_v,5000352,1786326471928,7.704,V
serial:COM8/motor_angle,5000354,1786326471928,131.11,deg
serial:COM8/phase_u_v,5000354,1786326471928,7.828,V
serial:COM8/phase_v_v,5000354,1786326471928,7.833,V
serial:COM8/phase_w_v,5000354,1786326471928,7.860,V
serial:COM8/motor_angle,5000356,1786326471928,131.11,deg
serial:COM8/phase_u_v,5000356,1786326471928,7.979,V
serial:COM8/phase_v_v,5000356,1786326471928,7.990,V
serial:COM8/phase_w_v,5000356,1786326471928,8.017,V
serial:COM8/motor_angle,5000358,1786326471928,131.15,deg
serial:COM8/phase_u_v,5000358,1786326471928,7.488,V
serial:COM8/phase_v_v,5000358,1786326471928,7.493,V
serial:COM8/phase_w_v,5000358,1786326471928,7.515,V
serial:COM8/motor_angle,5000360,1786326471928,131.09,deg
serial:COM8/phase_u_v,5000360,1786326471928,7.639,V
serial:COM8/phase_v_v,5000360,1786326471928,7.639,V
serial:COM8/phase_w_v,5000360,1786326471928,7.677,V
serial:COM8/motor_angle,5000362,1786326471928,131.13,deg
serial:COM8/phase_u_v,5000362,1786326471928,7.790,V
serial:COM8/phase_v_v,5000362,1786326471928,7.795,V
serial:COM8/phase_w_v,5000362,1786326471928,7.822,V
serial:COM8/motor_angle,5000364,1786326471928,131.20,deg
serial:COM8/phase_u_v,5000364,1786326471928,7.941,V
serial:COM8/phase_v_v,5000364,1786326471928,7.952,V
serial:COM8/phase_w_v,5000364,1786326471928,7.979,V
serial:COM8/motor_angle,5000366,1786326471928,131.15,deg
serial:COM8/phase_u_v,5000366,1786326471928,8.103,V
serial:COM8/phase_v_v,5000366,1786326471928,8.125,V
serial:COM8/phase_w_v,5000366,1786326471928,8.141,V
serial:COM8/motor_angle,5000368,1786326471928,131.13,deg
serial:COM8/phase_u_v,5000368,1786326471928,7.601,V
serial:COM8/phase_v_v,5000368,1786326471928,7.607,V
serial:COM8/phase_w_v,5000368,1786326471928,7.634,V
serial:COM8/motor_angle,5000370,1786326471928,131.11,deg
serial:COM8/phase_u_v,5000370,1786326471928,7.752,V
serial:COM8/phase_v_v,5000370,1786326471928,7.763,V
serial:COM8/phase_w_v,5000370,1786326471928,7.790,V
serial:COM8/motor_angle,5000372,1786326471928,131.13,deg
serial:COM8/phase_u_v,5000372,1786326471928,7.903,V
serial:COM8/phase_v_v,5000372,1786326471928,7.914,V
serial:COM8/phase_w_v,5000372,1786326471928,7.941,V
serial:COM8/motor_angle,5000374,1786326471928,131.11,deg
serial:COM8/phase_u_v,5000374,1786326471928,8.065,V
serial:COM8/phase_v_v,5000374,1786326471928,8.065,V
serial:COM8/phase_w_v,5000374,1786326471928,8.103,V
serial:COM8/motor_angle,5000376,1786326471928,131.15,deg
serial:COM8/phase_u_v,5000376,1786326471928,7.563,V
serial:COM8/phase_v_v,5000376,1786326471928,7.569,V
serial:COM8/phase_w_v,5000376,1786326471928,7.596,V
serial:COM8/motor_angle,5000378,1786326471928,131.15,deg
serial:COM8/phase_u_v,5000378,1786326471928,7.709,V
serial:COM8/phase_v_v,5000378,1786326471928,7.725,V
serial:COM8/phase_w_v,5000378,1786326471928,7.752,V
serial:COM8/motor_angle,5000380,1786326471928,131.15,deg
serial:COM8/phase_u_v,5000380,1786326471928,7.866,V
serial:COM8/phase_v_v,5000380,1786326471928,7.871,V
serial:COM8/phase_w_v,5000380,1786326471928,7.898,V
serial:COM8/motor_angle,5000382,1786326472002,131.13,deg
serial:COM8/phase_u_v,5000382,1786326472002,8.022,V
serial:COM8/phase_v_v,5000382,1786326472002,8.033,V
serial:COM8/phase_w_v,5000382,1786326472002,8.055,V
serial:COM8/motor_angle,5000384,1786326472002,131.09,deg
serial:COM8/phase_u_v,5000384,1786326472002,7.515,V
serial:COM8/phase_v_v,5000384,1786326472002,7.531,V
serial:COM8/phase_w_v,5000384,1786326472002,7.553,V
serial:COM8/motor_angle,5000386,1786326472002,131.15,deg
serial:COM8/phase_u_v,5000386,1786326472002,7.666,V
serial:COM8/phase_v_v,5000386,1786326472002,7.682,V
serial:COM8/phase_w_v,5000386,1786326472002,7.704,V
serial:COM8/motor_angle,5000388,1786326472002,131.13,deg
serial:COM8/phase_u_v,5000388,1786326472002,7.817,V
serial:COM8/phase_v_v,5000388,1786326472002,7.839,V
serial:COM8/phase_w_v,5000388,1786326472002,7.860,V
serial:COM8/motor_angle,5000390,1786326472002,131.15,deg
serial:COM8/phase_u_v,5000390,1786326472002,7.979,V
serial:COM8/phase_v_v,5000390,1786326472002,7.995,V
serial:COM8/phase_w_v,5000390,1786326472002,8.022,V
serial:COM8/motor_angle,5000392,1786326472002,131.13,deg
serial:COM8/phase_u_v,5000392,1786326472002,7.488,V
serial:COM8/phase_v_v,5000392,1786326472002,7.499,V
serial:COM8/phase_w_v,5000392,1786326472002,7.520,V
serial:COM8/motor_angle,5000394,1786326472002,131.13,deg
serial:COM8/phase_u_v,5000394,1786326472002,7.634,V
serial:COM8/phase_v_v,5000394,1786326472002,7.644,V
serial:COM8/phase_w_v,5000394,1786326472002,7.666,V
serial:COM8/motor_angle,5000396,1786326472002,131.13,deg
serial:COM8/phase_u_v,5000396,1786326472002,7.785,V
serial:COM8/phase_v_v,5000396,1786326472002,7.790,V
serial:COM8/phase_w_v,5000396,1786326472002,7.812,V
serial:COM8/motor_angle,5000398,1786326472002,131.13,deg
serial:COM8/phase_u_v,5000398,1786326472002,7.936,V
serial:COM8/phase_v_v,5000398,1786326472002,7.947,V
serial:COM8/phase_w_v,5000398,1786326472002,7.968,V
serial:COM8/motor_angle,5000400,1786326472002,131.09,deg
serial:COM8/phase_u_v,5000400,1786326472002,8.092,V
serial:COM8/phase_v_v,5000400,1786326472002,8.103,V
serial:COM8/phase_w_v,5000400,1786326472002,8.130,V
serial:COM8/motor_angle,5000402,1786326472002,131.11,deg
serial:COM8/phase_u_v,5000402,1786326472002,7.596,V
serial:COM8/phase_v_v,5000402,1786326472002,7.601,V
serial:COM8/phase_w_v,5000402,1786326472002,7.628,V
serial:COM8/motor_angle,5000404,1786326472002,131.15,deg
serial:COM8/phase_u_v,5000404,1786326472002,7.747,V
serial:COM8/phase_v_v,5000404,1786326472002,7.752,V
serial:COM8/phase_w_v,5000404,1786326472002,7.785,V
serial:COM8/motor_angle,5000406,1786326472002,131.13,deg
serial:COM8/phase_u_v,5000406,1786326472002,7.898,V
serial:COM8/phase_v_v,5000406,1786326472002,7.914,V
serial:COM8/phase_w_v,5000406,1786326472002,7.930,V
serial:COM8/motor_angle,5000408,1786326472002,131.22,deg
serial:COM8/phase_u_v,5000408,1786326472002,8.060,V
serial:COM8/phase_v_v,5000408,1786326472002,8.065,V
serial:COM8/phase_w_v,5000408,1786326472002,8.098,V
serial:COM8/motor_angle,5000410,1786326472002,131.24,deg
serial:COM8/phase_u_v,5000410,1786326472002,7.553,V
serial:COM8/phase_v_v,5000410,1786326472002,7.553,V
serial:COM8/phase_w_v,5000410,1786326472002,7.590,V
serial:COM8/motor_angle,5000412,1786326472002,131.13,deg
serial:COM8/phase_u_v,5000412,1786326472002,7.698,V
serial:COM8/phase_v_v,5000412,1786326472002,7.715,V
serial:COM8/phase_w_v,5000412,1786326472002,7.742,V
serial:COM8/motor_angle,5000414,1786326472002,131.20,deg
serial:COM8/phase_u_v,5000414,1786326472002,7.855,V
serial:COM8/phase_v_v,5000414,1786326472002,7.871,V
serial:COM8/phase_w_v,5000414,1786326472002,7.893,V
serial:COM8/motor_angle,5000416,1786326472002,131.13,deg
serial:COM8/phase_u_v,5000416,1786326472002,8.017,V
serial:COM8/phase_v_v,5000416,1786326472002,8.022,V
serial:COM8/phase_w_v,5000416,1786326472002,8.055,V
serial:COM8/motor_angle,5000418,1786326472002,131.15,deg
serial:COM8/phase_u_v,5000418,1786326472002,7.520,V
serial:COM8/phase_v_v,5000418,1786326472002,7.526,V
serial:COM8/phase_w_v,5000418,1786326472002,7.553,V
serial:COM8/motor_angle,5000420,1786326472002,131.13,deg
serial:COM8/phase_u_v,5000420,1786326472002,7.661,V
serial:COM8/phase_v_v,5000420,1786326472002,7.677,V
serial:COM8/phase_w_v,5000420,1786326472002,7.698,V
serial:COM8/motor_angle,5000422,1786326472002,131.15,deg
serial:COM8/phase_u_v,5000422,1786326472002,7.812,V
serial:COM8/phase_v_v,5000422,1786326472002,7.828,V
serial:COM8/phase_w_v,5000422,1786326472002,7.849,V
serial:COM8/motor_angle,5000424,1786326472002,131.13,deg
serial:COM8/phase_u_v,5000424,1786326472002,7.968,V
serial:COM8/phase_v_v,5000424,1786326472002,7.979,V
serial:COM8/phase_w_v,5000424,1786326472002,8.006,V
serial:COM8/motor_angle,5000426,1786326472002,131.13,deg
serial:COM8/phase_u_v,5000426,1786326472002,8.125,V
serial:COM8/phase_v_v,5000426,1786326472002,8.136,V
serial:COM8/phase_w_v,5000426,1786326472002,8.163,V
serial:COM8/motor_angle,5000428,1786326472002,131.15,deg
serial:COM8/phase_u_v,5000428,1786326472002,7.617,V
serial:COM8/phase_v_v,5000428,1786326472002,7.623,V
serial:COM8/phase_w_v,5000428,1786326472002,7.661,V
serial:COM8/motor_angle,5000430,1786326472002,131.15,deg
serial:COM8/phase_u_v,5000430,1786326472002,7.774,V
serial:COM8/phase_v_v,5000430,1786326472002,7.779,V
serial:COM8/phase_w_v,5000430,1786326472002,7.806,V
serial:COM8/motor_angle,5000432,1786326472002,131.20,deg
serial:COM8/phase_u_v,5000432,1786326472002,7.930,V
serial:COM8/phase_v_v,5000432,1786326472002,7.936,V
serial:COM8/phase_w_v,5000432,1786326472002,7.963,V
serial:COM8/motor_angle,5000434,1786326472002,131.07,deg
serial:COM8/phase_u_v,5000434,1786326472002,8.087,V
serial:COM8/phase_v_v,5000434,1786326472002,8.092,V
serial:COM8/phase_w_v,5000434,1786326472002,8.119,V
serial:COM8/motor_angle,5000436,1786326472002,131.20,deg
serial:COM8/phase_u_v,5000436,1786326472002,7.585,V
serial:COM8/phase_v_v,5000436,1786326472002,7.590,V
serial:COM8/phase_w_v,5000436,1786326472002,7.612,V
serial:COM8/motor_angle,5000438,1786326472002,131.13,deg
serial:COM8/phase_u_v,5000438,1786326472002,7.736,V
serial:COM8/phase_v_v,5000438,1786326472002,7.742,V
serial:COM8/phase_w_v,5000438,1786326472002,7.768,V
serial:COM8/motor_angle,5000440,1786326472002,131.15,deg
serial:COM8/phase_u_v,5000440,1786326472002,7.887,V
serial:COM8/phase_v_v,5000440,1786326472002,7.898,V
serial:COM8/phase_w_v,5000440,1786326472002,7.914,V
serial:COM8/motor_angle,5000442,1786326472002,131.20,deg
serial:COM8/phase_u_v,5000442,1786326472002,8.044,V
serial:COM8/phase_v_v,5000442,1786326472002,8.055,V
serial:COM8/phase_w_v,5000442,1786326472002,8.076,V
serial:COM8/motor_angle,5000444,1786326472002,131.11,deg
serial:COM8/phase_u_v,5000444,1786326472002,7.547,V
serial:COM8/phase_v_v,5000444,1786326472002,7.553,V
serial:COM8/phase_w_v,5000444,1786326472002,7.580,V
serial:COM8/motor_angle,5000446,1786326472002,131.18,deg
serial:COM8/phase_u_v,5000446,1786326472002,7.688,V
serial:COM8/phase_v_v,5000446,1786326472002,7.704,V
serial:COM8/phase_w_v,5000446,1786326472002,7.725,V
serial:COM8/motor_angle,5000448,1786326472002,131.11,deg
serial:COM8/phase_u_v,5000448,1786326472002,7.844,V
serial:COM8/phase_v_v,5000448,1786326472002,7.860,V
serial:COM8/phase_w_v,5000448,1786326472002,7.882,V
serial:COM8/motor_angle,5000450,1786326472002,131.15,deg
serial:COM8/phase_u_v,5000450,1786326472002,8.001,V
serial:COM8/phase_v_v,5000450,1786326472002,8.006,V
serial:COM8/phase_w_v,5000450,1786326472002,8.038,V
serial:COM8/motor_angle,5000452,1786326472002,131.09,deg
serial:COM8/phase_u_v,5000452,1786326472002,7.499,V
serial:COM8/phase_v_v,5000452,1786326472002,7.509,V
serial:COM8/phase_w_v,5000452,1786326472002,7.536,V
serial:COM8/motor_angle,5000454,1786326472002,131.13,deg
serial:COM8/phase_u_v,5000454,1786326472002,7.655,V
serial:COM8/phase_v_v,5000454,1786326472002,7.661,V
serial:COM8/phase_w_v,5000454,1786326472002,7.693,V
serial:COM8/motor_angle,5000456,1786326472074,131.13,deg
serial:COM8/phase_u_v,5000456,1786326472074,7.812,V
serial:COM8/phase_v_v,5000456,1786326472074,7.817,V
serial:COM8/phase_w_v,5000456,1786326472074,7.844,V
serial:COM8/motor_angle,5000458,1786326472074,131.11,deg
serial:COM8/phase_u_v,5000458,1786326472074,7.968,V
serial:COM8/phase_v_v,5000458,1786326472074,7.968,V
serial:COM8/phase_w_v,5000458,1786326472074,7.995,V
serial:COM8/motor_angle,5000460,1786326472074,131.13,deg
serial:COM8/phase_u_v,5000460,1786326472074,8.130,V
serial:COM8/phase_v_v,5000460,1786326472074,8.136,V
serial:COM8/phase_w_v,5000460,1786326472074,8.152,V
serial:COM8/motor_angle,5000462,1786326472074,131.20,deg
serial:COM8/phase_u_v,5000462,1786326472074,7.617,V
serial:COM8/phase_v_v,5000462,1786326472074,7.628,V
serial:COM8/phase_w_v,5000462,1786326472074,7.644,V
serial:COM8/motor_angle,5000464,1786326472074,131.13,deg
serial:COM8/phase_u_v,5000464,1786326472074,7.768,V
serial:COM8/phase_v_v,5000464,1786326472074,7.774,V
serial:COM8/phase_w_v,5000464,1786326472074,7.801,V
serial:COM8/motor_angle,5000466,1786326472074,131.09,deg
serial:COM8/phase_u_v,5000466,1786326472074,7.925,V
serial:COM8/phase_v_v,5000466,1786326472074,7.936,V
serial:COM8/phase_w_v,5000466,1786326472074,7.963,V
serial:COM8/motor_angle,5000468,1786326472074,131.13,deg
serial:COM8/phase_u_v,5000468,1786326472074,8.082,V
serial:COM8/phase_v_v,5000468,1786326472074,8.092,V
serial:COM8/phase_w_v,5000468,1786326472074,8.114,V
serial:COM8/motor_angle,5000470,1786326472074,131.15,deg
serial:COM8/phase_u_v,5000470,1786326472074,7.574,V
serial:COM8/phase_v_v,5000470,1786326472074,7.580,V
serial:COM8/phase_w_v,5000470,1786326472074,7.607,V
serial:COM8/motor_angle,5000472,1786326472074,131.15,deg
serial:COM8/phase_u_v,5000472,1786326472074,7.715,V
serial:COM8/phase_v_v,5000472,1786326472074,7.736,V
serial:COM8/phase_w_v,5000472,1786326472074,7.763,V
serial:COM8/motor_angle,5000474,1786326472074,131.11,deg
serial:COM8/phase_u_v,5000474,1786326472074,7.882,V
serial:COM8/phase_v_v,5000474,1786326472074,7.893,V
serial:COM8/phase_w_v,5000474,1786326472074,7.914,V
serial:COM8/motor_angle,5000476,1786326472074,131.13,deg
serial:COM8/phase_u_v,5000476,1786326472074,8.038,V
serial:COM8/phase_v_v,5000476,1786326472074,8.044,V
serial:COM8/phase_w_v,5000476,1786326472074,8.071,V
serial:COM8/motor_angle,5000478,1786326472074,131.18,deg
serial:COM8/phase_u_v,5000478,1786326472074,7.536,V
serial:COM8/phase_v_v,5000478,1786326472074,7.542,V
serial:COM8/phase_w_v,5000478,1786326472074,7.574,V
serial:COM8/motor_angle,5000480,1786326472074,131.09,deg
serial:COM8/phase_u_v,5000480,1786326472074,7.682,V
serial:COM8/phase_v_v,5000480,1786326472074,7.693,V
serial:COM8/phase_w_v,5000480,1786326472074,7.720,V
serial:COM8/motor_angle,5000482,1786326472074,131.15,deg
serial:COM8/phase_u_v,5000482,1786326472074,7.833,V
serial:COM8/phase_v_v,5000482,1786326472074,7.844,V
serial:COM8/phase_w_v,5000482,1786326472074,7.876,V
serial:COM8/motor_angle,5000484,1786326472074,131.07,deg
serial:COM8/phase_u_v,5000484,1786326472074,7.995,V
serial:COM8/phase_v_v,5000484,1786326472074,8.001,V
serial:COM8/phase_w_v,5000484,1786326472074,8.033,V
serial:COM8/motor_angle,5000486,1786326472074,131.13,deg
serial:COM8/phase_u_v,5000486,1786326472074,7.504,V
serial:COM8/phase_v_v,5000486,1786326472074,7.504,V
serial:COM8/phase_w_v,5000486,1786326472074,7.536,V
serial:COM8/motor_angle,5000488,1786326472074,131.18,deg
serial:COM8/phase_u_v,5000488,1786326472074,7.650,V
serial:COM8/phase_v_v,5000488,1786326472074,7.655,V
serial:COM8/phase_w_v,5000488,1786326472074,7.688,V
serial:COM8/motor_angle,5000490,1786326472074,131.15,deg
serial:COM8/phase_u_v,5000490,1786326472074,7.801,V
serial:COM8/phase_v_v,5000490,1786326472074,7.817,V
serial:COM8/phase_w_v,5000490,1786326472074,7.844,V
serial:COM8/motor_angle,5000492,1786326472074,131.18,deg
serial:COM8/phase_u_v,5000492,1786326472074,7.952,V
serial:COM8/phase_v_v,5000492,1786326472074,7.974,V
serial:COM8/phase_w_v,5000492,1786326472074,8.001,V
serial:COM8/motor_angle,5000494,1786326472074,131.15,deg
serial:COM8/phase_u_v,5000494,1786326472074,8.119,V
serial:COM8/phase_v_v,5000494,1786326472074,8.125,V
serial:COM8/phase_w_v,5000494,1786326472074,8.146,V
serial:COM8/motor_angle,5000496,1786326472074,131.13,deg
serial:COM8/phase_u_v,5000496,1786326472074,7.612,V
serial:COM8/phase_v_v,5000496,1786326472074,7.623,V
serial:COM8/phase_w_v,5000496,1786326472074,7.644,V
serial:COM8/motor_angle,5000498,1786326472074,131.13,deg
serial:COM8/phase_u_v,5000498,1786326472074,7.758,V
serial:COM8/phase_v_v,5000498,1786326472074,7.768,V
serial:COM8/phase_w_v,5000498,1786326472074,7.801,V
serial:COM8/motor_angle,5000500,1786326472074,131.11,deg
serial:COM8/phase_u_v,5000500,1786326472074,7.920,V
serial:COM8/phase_v_v,5000500,1786326472074,7.925,V
serial:COM8/phase_w_v,5000500,1786326472074,7.947,V
serial:COM8/motor_angle,5000502,1786326472074,131.13,deg
serial:COM8/phase_u_v,5000502,1786326472074,8.071,V
serial:COM8/phase_v_v,5000502,1786326472074,8.082,V
serial:COM8/phase_w_v,5000502,1786326472074,8.109,V
serial:COM8/motor_angle,5000504,1786326472074,131.15,deg
serial:COM8/phase_u_v,5000504,1786326472074,7.569,V
serial:COM8/phase_v_v,5000504,1786326472074,7.580,V
serial:COM8/phase_w_v,5000504,1786326472074,7.607,V
serial:COM8/motor_angle,5000506,1786326472074,131.11,deg
serial:COM8/phase_u_v,5000506,1786326472074,7.725,V
serial:COM8/phase_v_v,5000506,1786326472074,7.725,V
serial:COM8/phase_w_v,5000506,1786326472074,7.758,V
serial:COM8/motor_angle,5000508,1786326472074,131.18,deg
serial:COM8/phase_u_v,5000508,1786326472074,7.871,V
serial:COM8/phase_v_v,5000508,1786326472074,7.882,V
serial:COM8/phase_w_v,5000508,1786326472074,7.909,V
serial:COM8/motor_angle,5000510,1786326472074,131.22,deg
serial:COM8/phase_u_v,5000510,1786326472074,8.028,V
serial:COM8/phase_v_v,5000510,1786326472074,8.044,V
serial:COM8/phase_w_v,5000510,1786326472074,8.060,V
serial:COM8/motor_angle,5000512,1786326472074,131.18,deg
serial:COM8/phase_u_v,5000512,1786326472074,7.526,V
serial:COM8/phase_v_v,5000512,1786326472074,7.536,V
serial:COM8/phase_w_v,5000512,1786326472074,7.563,V
serial:COM8/motor_angle,5000514,1786326472074,131.15,deg
serial:COM8/phase_u_v,5000514,1786326472074,7.677,V
serial:COM8/phase_v_v,5000514,1786326472074,7.693,V
serial:COM8/phase_w_v,5000514,1786326472074,7.715,V
serial:COM8/motor_angle,5000516,1786326472074,131.18,deg
serial:COM8/phase_u_v,5000516,1786326472074,7.844,V
serial:COM8/phase_v_v,5000516,1786326472074,7.839,V
serial:COM8/phase_w_v,5000516,1786326472074,7.866,V
serial:COM8/motor_angle,5000518,1786326472074,131.13,deg
serial:COM8/phase_u_v,5000518,1786326472074,7.990,V
serial:COM8/phase_v_v,5000518,1786326472074,8.001,V
serial:COM8/phase_w_v,5000518,1786326472074,8.022,V
serial:COM8/motor_angle,5000520,1786326472074,131.18,deg
serial:COM8/phase_u_v,5000520,1786326472074,7.493,V
serial:COM8/phase_v_v,5000520,1786326472074,7.499,V
serial:COM8/phase_w_v,5000520,1786326472074,7.531,V
serial:COM8/motor_angle,5000522,1786326472074,131.13,deg
serial:COM8/phase_u_v,5000522,1786326472074,7.639,V
serial:COM8/phase_v_v,5000522,1786326472074,7.644,V
serial:COM8/phase_w_v,5000522,1786326472074,7.677,V
serial:COM8/motor_angle,5000524,1786326472074,131.18,deg
serial:COM8/phase_u_v,5000524,1786326472074,7.801,V
serial:COM8/phase_v_v,5000524,1786326472074,7.801,V
serial:COM8/phase_w_v,5000524,1786326472074,7.828,V
serial:COM8/motor_angle,5000526,1786326472074,131.15,deg
serial:COM8/phase_u_v,5000526,1786326472074,7.941,V
serial:COM8/phase_v_v,5000526,1786326472074,7.952,V
serial:COM8/phase_w_v,5000526,1786326472074,7.974,V
serial:COM8/motor_angle,5000528,1786326472146,131.13,deg
serial:COM8/phase_u_v,5000528,1786326472146,8.103,V
serial:COM8/phase_v_v,5000528,1786326472146,8.114,V
serial:COM8/phase_w_v,5000528,1786326472146,8.146,V
serial:COM8/motor_angle,5000530,1786326472146,131.18,deg
serial:COM8/phase_u_v,5000530,1786326472146,7.596,V
serial:COM8/phase_v_v,5000530,1786326472146,7.607,V
serial:COM8/phase_w_v,5000530,1786326472146,7.639,V
serial:COM8/motor_angle,5000532,1786326472146,131.11,deg
serial:COM8/phase_u_v,5000532,1786326472146,7.747,V
serial:COM8/phase_v_v,5000532,1786326472146,7.752,V
serial:COM8/phase_w_v,5000532,1786326472146,7.779,V
serial:COM8/motor_angle,5000534,1786326472146,131.18,deg
serial:COM8/phase_u_v,5000534,1786326472146,7.903,V
serial:COM8/phase_v_v,5000534,1786326472146,7.909,V
serial:COM8/phase_w_v,5000534,1786326472146,7.941,V
serial:COM8/motor_angle,5000536,1786326472146,131.18,deg
serial:COM8/phase_u_v,5000536,1786326472146,8.060,V
serial:COM8/phase_v_v,5000536,1786326472146,8.065,V
serial:COM8/phase_w_v,5000536,1786326472146,8.092,V
serial:COM8/motor_angle,5000538,1786326472146,131.13,deg
serial:COM8/phase_u_v,5000538,1786326472146,7.553,V
serial:COM8/phase_v_v,5000538,1786326472146,7.569,V
serial:COM8/phase_w_v,5000538,1786326472146,7.596,V
serial:COM8/motor_angle,5000540,1786326472146,131.18,deg
serial:COM8/phase_u_v,5000540,1786326472146,7.709,V
serial:COM8/phase_v_v,5000540,1786326472146,7.720,V
serial:COM8/phase_w_v,5000540,1786326472146,7.742,V
serial:COM8/motor_angle,5000542,1786326472146,131.13,deg
serial:COM8/phase_u_v,5000542,1786326472146,7.866,V
serial:COM8/phase_v_v,5000542,1786326472146,7.866,V
serial:COM8/phase_w_v,5000542,1786326472146,7.903,V
serial:COM8/motor_angle,5000544,1786326472146,131.15,deg
serial:COM8/phase_u_v,5000544,1786326472146,8.022,V
serial:COM8/phase_v_v,5000544,1786326472146,8.022,V
serial:COM8/phase_w_v,5000544,1786326472146,8.049,V
serial:COM8/motor_angle,5000546,1786326472146,131.15,deg
serial:COM8/phase_u_v,5000546,1786326472146,7.515,V
serial:COM8/phase_v_v,5000546,1786326472146,7.520,V
serial:COM8/phase_w_v,5000546,1786326472146,7.553,V
serial:COM8/motor_angle,5000548,1786326472146,131.18,deg
serial:COM8/phase_u_v,5000548,1786326472146,7.661,V
serial:COM8/phase_v_v,5000548,1786326472146,7.677,V
serial:COM8/phase_w_v,5000548,1786326472146,7.698,V
serial:COM8/motor_angle,5000550,1786326472146,131.18,deg
serial:COM8/phase_u_v,5000550,1786326472146,7.828,V
serial:COM8/phase_v_v,5000550,1786326472146,7.828,V
serial:COM8/phase_w_v,5000550,1786326472146,7.855,V
serial:COM8/motor_angle,5000552,1786326472146,131.13,deg
serial:COM8/phase_u_v,5000552,1786326472146,7.979,V
serial:COM8/phase_v_v,5000552,1786326472146,7.974,V
serial:COM8/phase_w_v,5000552,1786326472146,8.011,V
serial:COM8/motor_angle,5000554,1786326472146,131.13,deg
serial:COM8/phase_u_v,5000554,1786326472146,8.136,V
serial:COM8/phase_v_v,5000554,1786326472146,8.141,V
serial:COM8/phase_w_v,5000554,1786326472146,8.173,V
serial:COM8/motor_angle,5000556,1786326472146,131.11,deg
serial:COM8/phase_u_v,5000556,1786326472146,7.634,V
serial:COM8/phase_v_v,5000556,1786326472146,7.634,V
serial:COM8/phase_w_v,5000556,1786326472146,7.661,V
serial:COM8/motor_angle,5000558,1786326472146,131.13,deg
serial:COM8/phase_u_v,5000558,1786326472146,7.785,V
serial:COM8/phase_v_v,5000558,1786326472146,7.785,V
serial:COM8/phase_w_v,5000558,1786326472146,7.806,V
serial:COM8/motor_angle,5000560,1786326472146,131.13,deg
serial:COM8/phase_u_v,5000560,1786326472146,7.936,V
serial:COM8/phase_v_v,5000560,1786326472146,7.936,V
serial:COM8/phase_w_v,5000560,1786326472146,7.963,V
serial:COM8/motor_angle,5000562,1786326472146,131.07,deg
serial:COM8/phase_u_v,5000562,1786326472146,8.092,V
serial:COM8/phase_v_v,5000562,1786326472146,8.098,V
serial:COM8/phase_w_v,5000562,1786326472146,8.125,V
serial:COM8/motor_angle,5000564,1786326472146,131.09,deg
serial:COM8/phase_u_v,5000564,1786326472146,7.580,V
serial:COM8/phase_v_v,5000564,1786326472146,7.596,V
serial:COM8/phase_w_v,5000564,1786326472146,7.612,V
serial:COM8/motor_angle,5000566,1786326472146,131.13,deg
serial:COM8/phase_u_v,5000566,1786326472146,7.736,V
serial:COM8/phase_v_v,5000566,1786326472146,7.747,V
serial:COM8/phase_w_v,5000566,1786326472146,7.779,V
serial:COM8/motor_angle,5000568,1786326472146,131.13,deg
serial:COM8/phase_u_v,5000568,1786326472146,7.887,V
serial:COM8/phase_v_v,5000568,1786326472146,7.898,V
serial:COM8/phase_w_v,5000568,1786326472146,7.925,V
serial:COM8/motor_angle,5000570,1786326472146,131.13,deg
serial:COM8/phase_u_v,5000570,1786326472146,8.049,V
serial:COM8/phase_v_v,5000570,1786326472146,8.055,V
serial:COM8/phase_w_v,5000570,1786326472146,8.087,V
serial:COM8/motor_angle,5000572,1786326472146,131.13,deg
serial:COM8/phase_u_v,5000572,1786326472146,7.547,V
serial:COM8/phase_v_v,5000572,1786326472146,7.553,V
serial:COM8/phase_w_v,5000572,1786326472146,7.580,V
serial:COM8/motor_angle,5000574,1786326472146,131.15,deg
serial:COM8/phase_u_v,5000574,1786326472146,7.693,V
serial:COM8/phase_v_v,5000574,1786326472146,7.704,V
serial:COM8/phase_w_v,5000574,1786326472146,7.731,V
serial:COM8/motor_angle,5000576,1786326472146,131.18,deg
serial:COM8/phase_u_v,5000576,1786326472146,7.849,V
serial:COM8/phase_v_v,5000576,1786326472146,7.855,V
serial:COM8/phase_w_v,5000576,1786326472146,7.876,V
serial:COM8/motor_angle,5000578,1786326472146,131.15,deg
serial:COM8/phase_u_v,5000578,1786326472146,8.006,V
serial:COM8/phase_v_v,5000578,1786326472146,8.006,V
serial:COM8/phase_w_v,5000578,1786326472146,8.033,V
serial:COM8/motor_angle,5000580,1786326472146,131.15,deg
serial:COM8/phase_u_v,5000580,1786326472146,7.509,V
serial:COM8/phase_v_v,5000580,1786326472146,7.509,V
serial:COM8/phase_w_v,5000580,1786326472146,7.536,V
serial:COM8/motor_angle,5000582,1786326472146,131.18,deg
serial:COM8/phase_u_v,5000582,1786326472146,7.661,V
serial:COM8/phase_v_v,5000582,1786326472146,7.666,V
serial:COM8/phase_w_v,5000582,1786326472146,7.688,V
serial:COM8/motor_angle,5000584,1786326472146,131.11,deg
serial:COM8/phase_u_v,5000584,1786326472146,7.806,V
serial:COM8/phase_v_v,5000584,1786326472146,7.822,V
serial:COM8/phase_w_v,5000584,1786326472146,7.844,V
serial:COM8/motor_angle,5000586,1786326472146,131.13,deg
serial:COM8/phase_u_v,5000586,1786326472146,7.968,V
serial:COM8/phase_v_v,5000586,1786326472146,7.968,V
serial:COM8/phase_w_v,5000586,1786326472146,7.995,V
serial:COM8/motor_angle,5000588,1786326472146,131.09,deg
serial:COM8/phase_u_v,5000588,1786326472146,8.119,V
serial:COM8/phase_v_v,5000588,1786326472146,8.136,V
serial:COM8/phase_w_v,5000588,1786326472146,8.157,V
serial:COM8/motor_angle,5000590,1786326472146,131.13,deg
serial:COM8/phase_u_v,5000590,1786326472146,7.612,V
serial:COM8/phase_v_v,5000590,1786326472146,7.617,V
serial:COM8/phase_w_v,5000590,1786326472146,7.650,V
serial:COM8/motor_angle,5000592,1786326472146,131.13,deg
serial:COM8/phase_u_v,5000592,1786326472146,7.763,V
serial:COM8/phase_v_v,5000592,1786326472146,7.774,V
serial:COM8/phase_w_v,5000592,1786326472146,7.790,V
serial:COM8/motor_angle,5000594,1786326472146,131.15,deg
serial:COM8/phase_u_v,5000594,1786326472146,7.925,V
serial:COM8/phase_v_v,5000594,1786326472146,7.930,V
serial:COM8/phase_w_v,5000594,1786326472146,7.957,V
serial:COM8/motor_angle,5000596,1786326472146,131.15,deg
serial:COM8/phase_u_v,5000596,1786326472146,8.082,V
serial:COM8/phase_v_v,5000596,1786326472146,8.087,V
serial:COM8/phase_w_v,5000596,1786326472146,8.114,V
serial:COM8/motor_angle,5000598,1786326472146,131.09,deg
serial:COM8/phase_u_v,5000598,1786326472146,7.574,V
serial:COM8/phase_v_v,5000598,1786326472146,7.590,V
serial:COM8/phase_w_v,5000598,1786326472146,7.607,V
serial:COM8/motor_angle,5000600,1786326472218,131.13,deg
serial:COM8/phase_u_v,5000600,1786326472218,7.731,V
serial:COM8/phase_v_v,5000600,1786326472218,7.736,V
serial:COM8/phase_w_v,5000600,1786326472218,7.763,V
serial:COM8/motor_angle,5000602,1786326472218,131.11,deg
serial:COM8/phase_u_v,5000602,1786326472218,7.882,V
serial:COM8/phase_v_v,5000602,1786326472218,7.887,V
serial:COM8/phase_w_v,5000602,1786326472218,7.914,V
serial:COM8/motor_angle,5000604,1786326472218,131.15,deg
serial:COM8/phase_u_v,5000604,1786326472218,8.038,V
serial:COM8/phase_v_v,5000604,1786326472218,8.049,V
serial:COM8/phase_w_v,5000604,1786326472218,8.076,V
serial:COM8/motor_angle,5000606,1786326472218,131.18,deg
serial:COM8/phase_u_v,5000606,1786326472218,7.536,V
serial:COM8/phase_v_v,5000606,1786326472218,7.547,V
serial:COM8/phase_w_v,5000606,1786326472218,7.574,V
serial:COM8/motor_angle,5000608,1786326472218,131.22,deg
serial:COM8/phase_u_v,5000608,1786326472218,7.682,V
serial:COM8/phase_v_v,5000608,1786326472218,7.693,V
serial:COM8/phase_w_v,5000608,1786326472218,7.725,V
serial:COM8/motor_angle,5000610,1786326472218,131.13,deg
serial:COM8/phase_u_v,5000610,1786326472218,7.839,V
serial:COM8/phase_v_v,5000610,1786326472218,7.849,V
serial:COM8/phase_w_v,5000610,1786326472218,7.871,V
serial:COM8/motor_angle,5000612,1786326472218,131.11,deg
serial:COM8/phase_u_v,5000612,1786326472218,7.995,V
serial:COM8/phase_v_v,5000612,1786326472218,8.006,V
serial:COM8/phase_w_v,5000612,1786326472218,8.033,V
serial:COM8/motor_angle,5000614,1786326472218,131.13,deg
serial:COM8/phase_u_v,5000614,1786326472218,7.493,V
serial:COM8/phase_v_v,5000614,1786326472218,7.504,V
serial:COM8/phase_w_v,5000614,1786326472218,7.526,V
serial:COM8/motor_angle,5000616,1786326472218,131.20,deg
serial:COM8/phase_u_v,5000616,1786326472218,7.650,V
serial:COM8/phase_v_v,5000616,1786326472218,7.655,V
serial:COM8/phase_w_v,5000616,1786326472218,7.677,V
serial:COM8/motor_angle,5000618,1786326472218,131.13,deg
serial:COM8/phase_u_v,5000618,1786326472218,7.790,V
serial:COM8/phase_v_v,5000618,1786326472218,7.806,V
serial:COM8/phase_w_v,5000618,1786326472218,7.822,V
serial:COM8/motor_angle,5000620,1786326472218,131.11,deg
serial:COM8/phase_u_v,5000620,1786326472218,7.957,V
serial:COM8/phase_v_v,5000620,1786326472218,7.963,V
serial:COM8/phase_w_v,5000620,1786326472218,7.984,V
serial:COM8/motor_angle,5000622,1786326472218,131.20,deg
serial:COM8/phase_u_v,5000622,1786326472218,8.109,V
serial:COM8/phase_v_v,5000622,1786326472218,8.119,V
serial:COM8/phase_w_v,5000622,1786326472218,8.141,V
serial:COM8/motor_angle,5000624,1786326472218,131.15,deg
serial:COM8/phase_u_v,5000624,1786326472218,7.601,V
serial:COM8/phase_v_v,5000624,1786326472218,7.612,V
serial:COM8/phase_w_v,5000624,1786326472218,7.639,V
serial:COM8/motor_angle,5000626,1786326472218,131.13,deg
serial:COM8/phase_u_v,5000626,1786326472218,7.758,V
serial:COM8/phase_v_v,5000626,1786326472218,7.763,V
serial:COM8/phase_w_v,5000626,1786326472218,7.790,V
serial:COM8/motor_angle,5000628,1786326472218,131.15,deg
serial:COM8/phase_u_v,5000628,1786326472218,7.914,V
serial:COM8/phase_v_v,5000628,1786326472218,7.920,V
serial:COM8/phase_w_v,5000628,1786326472218,7.947,V
serial:COM8/motor_angle,5000630,1786326472218,131.15,deg
serial:COM8/phase_u_v,5000630,1786326472218,8.065,V
serial:COM8/phase_v_v,5000630,1786326472218,8.082,V
serial:COM8/phase_w_v,5000630,1786326472218,8.098,V
serial:COM8/motor_angle,5000632,1786326472218,131.13,deg
serial:COM8/phase_u_v,5000632,1786326472218,7.569,V
serial:COM8/phase_v_v,5000632,1786326472218,7.569,V
serial:COM8/phase_w_v,5000632,1786326472218,7.601,V
serial:COM8/motor_angle,5000634,1786326472218,131.18,deg
serial:COM8/phase_u_v,5000634,1786326472218,7.720,V
serial:COM8/phase_v_v,5000634,1786326472218,7.725,V
serial:COM8/phase_w_v,5000634,1786326472218,7.752,V
serial:COM8/motor_angle,5000636,1786326472218,131.18,deg
serial:COM8/phase_u_v,5000636,1786326472218,7.866,V
serial:COM8/phase_v_v,5000636,1786326472218,7.876,V
serial:COM8/phase_w_v,5000636,1786326472218,7.903,V
serial:COM8/motor_angle,5000638,1786326472218,131.15,deg
serial:COM8/phase_u_v,5000638,1786326472218,8.022,V
serial:COM8/phase_v_v,5000638,1786326472218,8.038,V
serial:COM8/phase_w_v,5000638,1786326472218,8.065,V
serial:COM8/motor_angle,5000640,1786326472218,131.09,deg
serial:COM8/phase_u_v,5000640,1786326472218,7.520,V
serial:COM8/phase_v_v,5000640,1786326472218,7.526,V
serial:COM8/phase_w_v,5000640,1786326472218,7.558,V
serial:COM8/motor_angle,5000642,1786326472218,131.15,deg
serial:COM8/phase_u_v,5000642,1786326472218,7.677,V
serial:COM8/phase_v_v,5000642,1786326472218,7.682,V
serial:COM8/phase_w_v,5000642,1786326472218,7.704,V
serial:COM8/motor_angle,5000644,1786326472218,131.15,deg
serial:COM8/phase_u_v,5000644,1786326472218,7.833,V
serial:COM8/phase_v_v,5000644,1786326472218,7.833,V
serial:COM8/phase_w_v,5000644,1786326472218,7.860,V
serial:COM8/motor_angle,5000646,1786326472218,131.09,deg
serial:COM8/phase_u_v,5000646,1786326472218,7.984,V
serial:COM8/phase_v_v,5000646,1786326472218,7.990,V
serial:COM8/phase_w_v,5000646,1786326472218,8.017,V
serial:COM8/motor_angle,5000648,1786326472218,131.15,deg
serial:COM8/phase_u_v,5000648,1786326472218,7.488,V
serial:COM8/phase_v_v,5000648,1786326472218,7.493,V
serial:COM8/phase_w_v,5000648,1786326472218,7.515,V
serial:COM8/motor_angle,5000650,1786326472218,131.13,deg
serial:COM8/phase_u_v,5000650,1786326472218,7.639,V
serial:COM8/phase_v_v,5000650,1786326472218,7.644,V
serial:COM8/phase_w_v,5000650,1786326472218,7.671,V
serial:COM8/motor_angle,5000652,1786326472218,131.11,deg
serial:COM8/phase_u_v,5000652,1786326472218,7.790,V
serial:COM8/phase_v_v,5000652,1786326472218,7.790,V
serial:COM8/phase_w_v,5000652,1786326472218,7.822,V
serial:COM8/motor_angle,5000654,1786326472218,131.11,deg
serial:COM8/phase_u_v,5000654,1786326472218,7.941,V
serial:COM8/phase_v_v,5000654,1786326472218,7.952,V
serial:COM8/phase_w_v,5000654,1786326472218,7.974,V
serial:COM8/motor_angle,5000656,1786326472218,131.11,deg
serial:COM8/phase_u_v,5000656,1786326472218,8.098,V
serial:COM8/phase_v_v,5000656,1786326472218,8.109,V
serial:COM8/phase_w_v,5000656,1786326472218,8.141,V
serial:COM8/motor_angle,5000658,1786326472218,131.13,deg
serial:COM8/phase_u_v,5000658,1786326472218,7.590,V
serial:COM8/phase_v_v,5000658,1786326472218,7.607,V
serial:COM8/phase_w_v,5000658,1786326472218,7.628,V
serial:COM8/motor_angle,5000660,1786326472218,131.11,deg
serial:COM8/phase_u_v,5000660,1786326472218,7.752,V
serial:COM8/phase_v_v,5000660,1786326472218,7.752,V
serial:COM8/phase_w_v,5000660,1786326472218,7.774,V
serial:COM8/motor_angle,5000662,1786326472218,131.11,deg
serial:COM8/phase_u_v,5000662,1786326472218,7.898,V
serial:COM8/phase_v_v,5000662,1786326472218,7.909,V
serial:COM8/phase_w_v,5000662,1786326472218,7.936,V
serial:COM8/motor_angle,5000664,1786326472218,131.11,deg
serial:COM8/phase_u_v,5000664,1786326472218,8.055,V
serial:COM8/phase_v_v,5000664,1786326472218,8.065,V
serial:COM8/phase_w_v,5000664,1786326472218,8.092,V
serial:COM8/motor_angle,5000666,1786326472218,131.13,deg
serial:COM8/phase_u_v,5000666,1786326472218,7.553,V
serial:COM8/phase_v_v,5000666,1786326472218,7.563,V
serial:COM8/phase_w_v,5000666,1786326472218,7.596,V
serial:COM8/motor_angle,5000668,1786326472218,131.15,deg
serial:COM8/phase_u_v,5000668,1786326472218,7.698,V
serial:COM8/phase_v_v,5000668,1786326472218,7.720,V
serial:COM8/phase_w_v,5000668,1786326472218,7.742,V
serial:COM8/motor_angle,5000670,1786326472218,131.15,deg
serial:COM8/phase_u_v,5000670,1786326472218,7.855,V
serial:COM8/phase_v_v,5000670,1786326472218,7.860,V
serial:COM8/phase_w_v,5000670,1786326472218,7.893,V
serial:COM8/motor_angle,5000672,1786326472292,131.20,deg
serial:COM8/phase_u_v,5000672,1786326472292,8.011,V
serial:COM8/phase_v_v,5000672,1786326472292,8.028,V
serial:COM8/phase_w_v,5000672,1786326472292,8.049,V
serial:COM8/motor_angle,5000674,1786326472292,131.15,deg
serial:COM8/phase_u_v,5000674,1786326472292,7.509,V
serial:COM8/phase_v_v,5000674,1786326472292,7.531,V
serial:COM8/phase_w_v,5000674,1786326472292,7.553,V
serial:COM8/motor_angle,5000676,1786326472292,131.11,deg
serial:COM8/phase_u_v,5000676,1786326472292,7.666,V
serial:COM8/phase_v_v,5000676,1786326472292,7.677,V
serial:COM8/phase_w_v,5000676,1786326472292,7.704,V
serial:COM8/motor_angle,5000678,1786326472292,131.13,deg
serial:COM8/phase_u_v,5000678,1786326472292,7.817,V
serial:COM8/phase_v_v,5000678,1786326472292,7.828,V
serial:COM8/phase_w_v,5000678,1786326472292,7.849,V
serial:COM8/motor_angle,5000680,1786326472292,131.09,deg
serial:COM8/phase_u_v,5000680,1786326472292,7.974,V
serial:COM8/phase_v_v,5000680,1786326472292,7.984,V
serial:COM8/phase_w_v,5000680,1786326472292,8.006,V
serial:COM8/motor_angle,5000682,1786326472292,131.13,deg
serial:COM8/phase_u_v,5000682,1786326472292,8.130,V
serial:COM8/phase_v_v,5000682,1786326472292,8.136,V
serial:COM8/phase_w_v,5000682,1786326472292,8.168,V
serial:COM8/motor_angle,5000684,1786326472292,131.13,deg
serial:COM8/phase_u_v,5000684,1786326472292,7.628,V
serial:COM8/phase_v_v,5000684,1786326472292,7.639,V
serial:COM8/phase_w_v,5000684,1786326472292,7.655,V
serial:COM8/motor_angle,5000686,1786326472292,131.11,deg
serial:COM8/phase_u_v,5000686,1786326472292,7.779,V
serial:COM8/phase_v_v,5000686,1786326472292,7.795,V
serial:COM8/phase_w_v,5000686,1786326472292,7.812,V
serial:COM8/motor_angle,5000688,1786326472292,131.09,deg
serial:COM8/phase_u_v,5000688,1786326472292,7.930,V
serial:COM8/phase_v_v,5000688,1786326472292,7.947,V
serial:COM8/phase_w_v,5000688,1786326472292,7.968,V
serial:COM8/motor_angle,5000690,1786326472292,131.18,deg
serial:COM8/phase_u_v,5000690,1786326472292,8.092,V
serial:COM8/phase_v_v,5000690,1786326472292,8.103,V
serial:COM8/phase_w_v,5000690,1786326472292,8.125,V
serial:COM8/motor_angle,5000692,1786326472292,131.15,deg
serial:COM8/phase_u_v,5000692,1786326472292,7.580,V
serial:COM8/phase_v_v,5000692,1786326472292,7.601,V
serial:COM8/phase_w_v,5000692,1786326472292,7.617,V
serial:COM8/motor_angle,5000694,1786326472292,131.15,deg
serial:COM8/phase_u_v,5000694,1786326472292,7.736,V
serial:COM8/phase_v_v,5000694,1786326472292,7.747,V
serial:COM8/phase_w_v,5000694,1786326472292,7.779,V
serial:COM8/motor_angle,5000696,1786326472292,131.11,deg
serial:COM8/phase_u_v,5000696,1786326472292,7.887,V
serial:COM8/phase_v_v,5000696,1786326472292,7.903,V
serial:COM8/phase_w_v,5000696,1786326472292,7.930,V
serial:COM8/motor_angle,5000698,1786326472292,131.15,deg
serial:COM8/phase_u_v,5000698,1786326472292,8.049,V
serial:COM8/phase_v_v,5000698,1786326472292,8.060,V
serial:COM8/phase_w_v,5000698,1786326472292,8.082,V
serial:COM8/motor_angle,5000700,1786326472292,131.09,deg
serial:COM8/phase_u_v,5000700,1786326472292,7.547,V
serial:COM8/phase_v_v,5000700,1786326472292,7.558,V
serial:COM8/phase_w_v,5000700,1786326472292,7.580,V
serial:COM8/motor_angle,5000702,1786326472292,131.11,deg
serial:COM8/phase_u_v,5000702,1786326472292,7.698,V
serial:COM8/phase_v_v,5000702,1786326472292,7.704,V
serial:COM8/phase_w_v,5000702,1786326472292,7.731,V
serial:COM8/motor_angle,5000704,1786326472292,131.13,deg
serial:COM8/phase_u_v,5000704,1786326472292,7.860,V
serial:COM8/phase_v_v,5000704,1786326472292,7.860,V
serial:COM8/phase_w_v,5000704,1786326472292,7.893,V
serial:COM8/motor_angle,5000706,1786326472292,131.11,deg
serial:COM8/phase_u_v,5000706,1786326472292,8.011,V
serial:COM8/phase_v_v,5000706,1786326472292,8.022,V
serial:COM8/phase_w_v,5000706,1786326472292,8.044,V
serial:COM8/motor_angle,5000708,1786326472292,131.15,deg
serial:COM8/phase_u_v,5000708,1786326472292,7.515,V
serial:COM8/phase_v_v,5000708,1786326472292,7.520,V
serial:COM8/phase_w_v,5000708,1786326472292,7.542,V
serial:COM8/motor_angle,5000710,1786326472292,131.18,deg
serial:COM8/phase_u_v,5000710,1786326472292,7.666,V
serial:COM8/phase_v_v,5000710,1786326472292,7.666,V
serial:COM8/phase_w_v,5000710,1786326472292,7.698,V
serial:COM8/motor_angle,5000712,1786326472292,131.15,deg
serial:COM8/phase_u_v,5000712,1786326472292,7.812,V
serial:COM8/phase_v_v,5000712,1786326472292,7.817,V
serial:COM8/phase_w_v,5000712,1786326472292,7.849,V
serial:COM8/motor_angle,5000714,1786326472292,131.22,deg
serial:COM8/phase_u_v,5000714,1786326472292,7.963,V
serial:COM8/phase_v_v,5000714,1786326472292,7.984,V
serial:COM8/phase_w_v,5000714,1786326472292,8.006,V
serial:COM8/motor_angle,5000716,1786326472292,131.15,deg
serial:COM8/phase_u_v,5000716,1786326472292,8.130,V
serial:COM8/phase_v_v,5000716,1786326472292,8.146,V
serial:COM8/phase_w_v,5000716,1786326472292,8.163,V
serial:COM8/motor_angle,5000718,1786326472292,131.15,deg
serial:COM8/phase_u_v,5000718,1786326472292,7.617,V
serial:COM8/phase_v_v,5000718,1786326472292,7.634,V
serial:COM8/phase_w_v,5000718,1786326472292,7.661,V
serial:COM8/motor_angle,5000720,1786326472292,131.13,deg
serial:COM8/phase_u_v,5000720,1786326472292,7.774,V
serial:COM8/phase_v_v,5000720,1786326472292,7.785,V
serial:COM8/phase_w_v,5000720,1786326472292,7.806,V
serial:COM8/motor_angle,5000722,1786326472292,131.13,deg
serial:COM8/phase_u_v,5000722,1786326472292,7.930,V
serial:COM8/phase_v_v,5000722,1786326472292,7.936,V
serial:COM8/phase_w_v,5000722,1786326472292,7.963,V
serial:COM8/motor_angle,5000724,1786326472292,131.11,deg
serial:COM8/phase_u_v,5000724,1786326472292,8.087,V
serial:COM8/phase_v_v,5000724,1786326472292,8.092,V
serial:COM8/phase_w_v,5000724,1786326472292,8.119,V
serial:COM8/motor_angle,5000726,1786326472292,131.09,deg
serial:COM8/phase_u_v,5000726,1786326472292,7.585,V
serial:COM8/phase_v_v,5000726,1786326472292,7.590,V
serial:COM8/phase_w_v,5000726,1786326472292,7.623,V
serial:COM8/motor_angle,5000728,1786326472292,131.13,deg
serial:COM8/phase_u_v,5000728,1786326472292,7.731,V
serial:COM8/phase_v_v,5000728,1786326472292,7.736,V
serial:COM8/phase_w_v,5000728,1786326472292,7.768,V
serial:COM8/motor_angle,5000730,1786326472292,131.15,deg
serial:COM8/phase_u_v,5000730,1786326472292,7.887,V
serial:COM8/phase_v_v,5000730,1786326472292,7.898,V
serial:COM8/phase_w_v,5000730,1786326472292,7.920,V
serial:COM8/motor_angle,5000732,1786326472292,131.13,deg
serial:COM8/phase_u_v,5000732,1786326472292,8.038,V
serial:COM8/phase_v_v,5000732,1786326472292,8.049,V
serial:COM8/phase_w_v,5000732,1786326472292,8.071,V
serial:COM8/motor_angle,5000734,1786326472292,131.11,deg
serial:COM8/phase_u_v,5000734,1786326472292,7.542,V
serial:COM8/phase_v_v,5000734,1786326472292,7.553,V
serial:COM8/phase_w_v,5000734,1786326472292,7.569,V
serial:COM8/motor_angle,5000736,1786326472292,131.18,deg
serial:COM8/phase_u_v,5000736,1786326472292,7.693,V
serial:COM8/phase_v_v,5000736,1786326472292,7.704,V
serial:COM8/phase_w_v,5000736,1786326472292,7.725,V
serial:COM8/motor_angle,5000738,1786326472292,131.11,deg
serial:COM8/phase_u_v,5000738,1786326472292,7.839,V
serial:COM8/phase_v_v,5000738,1786326472292,7.849,V
serial:COM8/phase_w_v,5000738,1786326472292,7.871,V
serial:COM8/motor_angle,5000740,1786326472292,131.13,deg
serial:COM8/phase_u_v,5000740,1786326472292,7.995,V
serial:COM8/phase_v_v,5000740,1786326472292,8.006,V
serial:COM8/phase_w_v,5000740,1786326472292,8.044,V
serial:COM8/motor_angle,5000742,1786326472292,131.18,deg
serial:COM8/phase_u_v,5000742,1786326472292,7.499,V
serial:COM8/phase_v_v,5000742,1786326472292,7.509,V
serial:COM8/phase_w_v,5000742,1786326472292,7.536,V
serial:COM8/motor_angle,5000744,1786326472292,131.13,deg
serial:COM8/phase_u_v,5000744,1786326472292,7.644,V
serial:COM8/phase_v_v,5000744,1786326472292,7.666,V
serial:COM8/phase_w_v,5000744,1786326472292,7.688,V
serial:COM8/motor_angle,5000746,1786326472364,131.11,deg
serial:COM8/phase_u_v,5000746,1786326472364,7.795,V
serial:COM8/phase_v_v,5000746,1786326472364,7.817,V
serial:COM8/phase_w_v,5000746,1786326472364,7.839,V
serial:COM8/motor_angle,5000748,1786326472364,131.13,deg
serial:COM8/phase_u_v,5000748,1786326472364,7.952,V
serial:COM8/phase_v_v,5000748,1786326472364,7.968,V
serial:COM8/phase_w_v,5000748,1786326472364,8.001,V
serial:COM8/motor_angle,5000750,1786326472364,131.15,deg
serial:COM8/phase_u_v,5000750,1786326472364,8.125,V
serial:COM8/phase_v_v,5000750,1786326472364,8.119,V
serial:COM8/phase_w_v,5000750,1786326472364,8.152,V
serial:COM8/motor_angle,5000752,1786326472364,131.13,deg
serial:COM8/phase_u_v,5000752,1786326472364,7.612,V
serial:COM8/phase_v_v,5000752,1786326472364,7.623,V
serial:COM8/phase_w_v,5000752,1786326472364,7.634,V
serial:COM8/motor_angle,5000754,1786326472364,131.11,deg
serial:COM8/phase_u_v,5000754,1786326472364,7.763,V
serial:COM8/phase_v_v,5000754,1786326472364,7.768,V
serial:COM8/phase_w_v,5000754,1786326472364,7.801,V
serial:COM8/motor_angle,5000756,1786326472364,131.15,deg
serial:COM8/phase_u_v,5000756,1786326472364,7.914,V
serial:COM8/phase_v_v,5000756,1786326472364,7.930,V
serial:COM8/phase_w_v,5000756,1786326472364,7.957,V
serial:COM8/motor_angle,5000758,1786326472364,131.11,deg
serial:COM8/phase_u_v,5000758,1786326472364,8.071,V
serial:COM8/phase_v_v,5000758,1786326472364,8.092,V
serial:COM8/phase_w_v,5000758,1786326472364,8.109,V
serial:COM8/motor_angle,5000760,1786326472364,131.13,deg
serial:COM8/phase_u_v,5000760,1786326472364,7.574,V
serial:COM8/phase_v_v,5000760,1786326472364,7.574,V
serial:COM8/phase_w_v,5000760,1786326472364,7.601,V
serial:COM8/motor_angle,5000762,1786326472364,131.15,deg
serial:COM8/phase_u_v,5000762,1786326472364,7.720,V
serial:COM8/phase_v_v,5000762,1786326472364,7.731,V
serial:COM8/phase_w_v,5000762,1786326472364,7.768,V
serial:COM8/motor_angle,5000764,1786326472364,131.18,deg
serial:COM8/phase_u_v,5000764,1786326472364,7.871,V
serial:COM8/phase_v_v,5000764,1786326472364,7.893,V
serial:COM8/phase_w_v,5000764,1786326472364,7.914,V
serial:COM8/motor_angle,5000766,1786326472364,131.15,deg
serial:COM8/phase_u_v,5000766,1786326472364,8.028,V
serial:COM8/phase_v_v,5000766,1786326472364,8.049,V
serial:COM8/phase_w_v,5000766,1786326472364,8.071,V
serial:COM8/motor_angle,5000768,1786326472364,131.13,deg
serial:COM8/phase_u_v,5000768,1786326472364,7.536,V
serial:COM8/phase_v_v,5000768,1786326472364,7.547,V
serial:COM8/phase_w_v,5000768,1786326472364,7.569,V
serial:COM8/motor_angle,5000770,1786326472364,131.20,deg
serial:COM8/phase_u_v,5000770,1786326472364,7.682,V
serial:COM8/phase_v_v,5000770,1786326472364,7.688,V
serial:COM8/phase_w_v,5000770,1786326472364,7.709,V
serial:COM8/motor_angle,5000772,1786326472364,131.15,deg
serial:COM8/phase_u_v,5000772,1786326472364,7.839,V
serial:COM8/phase_v_v,5000772,1786326472364,7.844,V
serial:COM8/phase_w_v,5000772,1786326472364,7.866,V
serial:COM8/motor_angle,5000774,1786326472364,131.15,deg
serial:COM8/phase_u_v,5000774,1786326472364,7.990,V
serial:COM8/phase_v_v,5000774,1786326472364,7.995,V
serial:COM8/phase_w_v,5000774,1786326472364,8.028,V
serial:COM8/motor_angle,5000776,1786326472364,131.13,deg
serial:COM8/phase_u_v,5000776,1786326472364,7.488,V
serial:COM8/phase_v_v,5000776,1786326472364,7.504,V
serial:COM8/phase_w_v,5000776,1786326472364,7.526,V
serial:COM8/motor_angle,5000778,1786326472364,131.15,deg
serial:COM8/phase_u_v,5000778,1786326472364,7.634,V
serial:COM8/phase_v_v,5000778,1786326472364,7.650,V
serial:COM8/phase_w_v,5000778,1786326472364,7.671,V
serial:COM8/motor_angle,5000780,1786326472364,131.13,deg
serial:COM8/phase_u_v,5000780,1786326472364,7.790,V
serial:COM8/phase_v_v,5000780,1786326472364,7.806,V
serial:COM8/phase_w_v,5000780,1786326472364,7.833,V
serial:COM8/motor_angle,5000782,1786326472364,131.15,deg
serial:COM8/phase_u_v,5000782,1786326472364,7.952,V
serial:COM8/phase_v_v,5000782,1786326472364,7.952,V
serial:COM8/phase_w_v,5000782,1786326472364,7.984,V
serial:COM8/motor_angle,5000784,1786326472364,131.11,deg
serial:COM8/phase_u_v,5000784,1786326472364,8.114,V
serial:COM8/phase_v_v,5000784,1786326472364,8.130,V
serial:COM8/phase_w_v,5000784,1786326472364,8.146,V
serial:COM8/motor_angle,5000786,1786326472364,131.11,deg
serial:COM8/phase_u_v,5000786,1786326472364,7.596,V
serial:COM8/phase_v_v,5000786,1786326472364,7.612,V
serial:COM8/phase_w_v,5000786,1786326472364,7.639,V
serial:COM8/motor_angle,5000788,1786326472364,131.13,deg
serial:COM8/phase_u_v,5000788,1786326472364,7.747,V
serial:COM8/phase_v_v,5000788,1786326472364,7.763,V
serial:COM8/phase_w_v,5000788,1786326472364,7.795,V
serial:COM8/motor_angle,5000790,1786326472364,131.18,deg
serial:COM8/phase_u_v,5000790,1786326472364,7.909,V
serial:COM8/phase_v_v,5000790,1786326472364,7.920,V
serial:COM8/phase_w_v,5000790,1786326472364,7.941,V
serial:COM8/motor_angle,5000792,1786326472364,131.15,deg
serial:COM8/phase_u_v,5000792,1786326472364,8.071,V
serial:COM8/phase_v_v,5000792,1786326472364,8.071,V
serial:COM8/phase_w_v,5000792,1786326472364,8.098,V
serial:COM8/motor_angle,5000794,1786326472364,131.11,deg
serial:COM8/phase_u_v,5000794,1786326472364,7.558,V
serial:COM8/phase_v_v,5000794,1786326472364,7.574,V
serial:COM8/phase_w_v,5000794,1786326472364,7.607,V
serial:COM8/motor_angle,5000796,1786326472364,131.13,deg
serial:COM8/phase_u_v,5000796,1786326472364,7.715,V
serial:COM8/phase_v_v,5000796,1786326472364,7.725,V
serial:COM8/phase_w_v,5000796,1786326472364,7.747,V
serial:COM8/motor_angle,5000798,1786326472364,131.15,deg
serial:COM8/phase_u_v,5000798,1786326472364,7.871,V
serial:COM8/phase_v_v,5000798,1786326472364,7.882,V
serial:COM8/phase_w_v,5000798,1786326472364,7.903,V
serial:COM8/motor_angle,5000800,1786326472364,131.15,deg
serial:COM8/phase_u_v,5000800,1786326472364,8.028,V
serial:COM8/phase_v_v,5000800,1786326472364,8.033,V
serial:COM8/phase_w_v,5000800,1786326472364,8.060,V
serial:COM8/motor_angle,5000802,1786326472364,131.18,deg
serial:COM8/phase_u_v,5000802,1786326472364,7.526,V
serial:COM8/phase_v_v,5000802,1786326472364,7.531,V
serial:COM8/phase_w_v,5000802,1786326472364,7.558,V
serial:COM8/motor_angle,5000804,1786326472364,131.15,deg
serial:COM8/phase_u_v,5000804,1786326472364,7.671,V
serial:COM8/phase_v_v,5000804,1786326472364,7.677,V
serial:COM8/phase_w_v,5000804,1786326472364,7.715,V
serial:COM8/motor_angle,5000806,1786326472364,131.18,deg
serial:COM8/phase_u_v,5000806,1786326472364,7.822,V
serial:COM8/phase_v_v,5000806,1786326472364,7.833,V
serial:COM8/phase_w_v,5000806,1786326472364,7.860,V
serial:COM8/motor_angle,5000808,1786326472364,131.13,deg
serial:COM8/phase_u_v,5000808,1786326472364,7.984,V
serial:COM8/phase_v_v,5000808,1786326472364,7.990,V
serial:COM8/phase_w_v,5000808,1786326472364,8.017,V
serial:COM8/motor_angle,5000810,1786326472364,131.11,deg
serial:COM8/phase_u_v,5000810,1786326472364,7.477,V
serial:COM8/phase_v_v,5000810,1786326472364,7.493,V
serial:COM8/phase_w_v,5000810,1786326472364,7.526,V
serial:COM8/motor_angle,5000812,1786326472364,131.11,deg
serial:COM8/phase_u_v,5000812,1786326472364,7.634,V
serial:COM8/phase_v_v,5000812,1786326472364,7.639,V
serial:COM8/phase_w_v,5000812,1786326472364,7.666,V
serial:COM8/motor_angle,5000814,1786326472364,131.15,deg
serial:COM8/phase_u_v,5000814,1786326472364,7.785,V
serial:COM8/phase_v_v,5000814,1786326472364,7.795,V
serial:COM8/phase_w_v,5000814,1786326472364,7.828,V
serial:COM8/motor_angle,5000816,1786326472364,131.09,deg
serial:COM8/phase_u_v,5000816,1786326472364,7.941,V
serial:COM8/phase_v_v,5000816,1786326472364,7.952,V
serial:COM8/phase_w_v,5000816,1786326472364,7.979,V
serial:COM8/motor_angle,5000818,1786326472437,131.11,deg
serial:COM8/phase_u_v,5000818,1786326472437,8.103,V
serial:COM8/phase_v_v,5000818,1786326472437,8.114,V
serial:COM8/phase_w_v,5000818,1786326472437,8.136,V
serial:COM8/motor_angle,5000820,1786326472437,131.11,deg
serial:COM8/phase_u_v,5000820,1786326472437,7.596,V
serial:COM8/phase_v_v,5000820,1786326472437,7.601,V
serial:COM8/phase_w_v,5000820,1786326472437,7.628,V
serial:COM8/motor_angle,5000822,1786326472437,131.11,deg
serial:COM8/phase_u_v,5000822,1786326472437,7.747,V
serial:COM8/phase_v_v,5000822,1786326472437,7.758,V
serial:COM8/phase_w_v,5000822,1786326472437,7.785,V
serial:COM8/motor_angle,5000824,1786326472437,131.09,deg
serial:COM8/phase_u_v,5000824,1786326472437,7.909,V
serial:COM8/phase_v_v,5000824,1786326472437,7.914,V
serial:COM8/phase_w_v,5000824,1786326472437,7.936,V
serial:COM8/motor_angle,5000826,1786326472437,131.15,deg
serial:COM8/phase_u_v,5000826,1786326472437,8.060,V
serial:COM8/phase_v_v,5000826,1786326472437,8.065,V
serial:COM8/phase_w_v,5000826,1786326472437,8.098,V
serial:COM8/motor_angle,5000828,1786326472437,131.18,deg
serial:COM8/phase_u_v,5000828,1786326472437,7.563,V
serial:COM8/phase_v_v,5000828,1786326472437,7.569,V
serial:COM8/phase_w_v,5000828,1786326472437,7.574,V
serial:COM8/motor_angle,5000830,1786326472437,131.15,deg
serial:COM8/phase_u_v,5000830,1786326472437,7.709,V
serial:COM8/phase_v_v,5000830,1786326472437,7.720,V
serial:COM8/phase_w_v,5000830,1786326472437,7.742,V
serial:COM8/motor_angle,5000832,1786326472437,131.15,deg
serial:COM8/phase_u_v,5000832,1786326472437,7.866,V
serial:COM8/phase_v_v,5000832,1786326472437,7.871,V
serial:COM8/phase_w_v,5000832,1786326472437,7.898,V
serial:COM8/motor_angle,5000834,1786326472437,131.11,deg
serial:COM8/phase_u_v,5000834,1786326472437,8.017,V
serial:COM8/phase_v_v,5000834,1786326472437,8.028,V
serial:COM8/phase_w_v,5000834,1786326472437,8.055,V
serial:COM8/motor_angle,5000836,1786326472437,131.11,deg
serial:COM8/phase_u_v,5000836,1786326472437,7.520,V
serial:COM8/phase_v_v,5000836,1786326472437,7.526,V
serial:COM8/phase_w_v,5000836,1786326472437,7.547,V
serial:COM8/motor_angle,5000838,1786326472437,131.15,deg
serial:COM8/phase_u_v,5000838,1786326472437,7.671,V
serial:COM8/phase_v_v,5000838,1786326472437,7.682,V
serial:COM8/phase_w_v,5000838,1786326472437,7.704,V
serial:COM8/motor_angle,5000840,1786326472437,131.11,deg
serial:COM8/phase_u_v,5000840,1786326472437,7.833,V
serial:COM8/phase_v_v,5000840,1786326472437,7.833,V
serial:COM8/phase_w_v,5000840,1786326472437,7.855,V
serial:COM8/motor_angle,5000842,1786326472437,131.13,deg
serial:COM8/phase_u_v,5000842,1786326472437,7.979,V
serial:COM8/phase_v_v,5000842,1786326472437,7.990,V
serial:COM8/phase_w_v,5000842,1786326472437,8.017,V
serial:COM8/motor_angle,5000844,1786326472437,131.15,deg
serial:COM8/phase_u_v,5000844,1786326472437,7.482,V
serial:COM8/phase_v_v,5000844,1786326472437,7.488,V
serial:COM8/phase_w_v,5000844,1786326472437,7.574,V
serial:COM8/motor_angle,5000846,1786326472437,131.15,deg
serial:COM8/phase_u_v,5000846,1786326472437,7.628,V
serial:COM8/phase_v_v,5000846,1786326472437,7.644,V
serial:COM8/phase_w_v,5000846,1786326472437,7.666,V
serial:COM8/motor_angle,5000848,1786326472437,131.13,deg
serial:COM8/phase_u_v,5000848,1786326472437,7.785,V
serial:COM8/phase_v_v,5000848,1786326472437,7.790,V
serial:COM8/phase_w_v,5000848,1786326472437,7.812,V
serial:COM8/motor_angle,5000850,1786326472437,131.11,deg
serial:COM8/phase_u_v,5000850,1786326472437,7.936,V
serial:COM8/phase_v_v,5000850,1786326472437,7.947,V
serial:COM8/phase_w_v,5000850,1786326472437,7.974,V
serial:COM8/motor_angle,5000852,1786326472437,131.11,deg
serial:COM8/phase_u_v,5000852,1786326472437,8.092,V
serial:COM8/phase_v_v,5000852,1786326472437,8.103,V
serial:COM8/phase_w_v,5000852,1786326472437,8.136,V
serial:COM8/motor_angle,5000854,1786326472437,131.15,deg
serial:COM8/phase_u_v,5000854,1786326472437,7.596,V
serial:COM8/phase_v_v,5000854,1786326472437,7.596,V
serial:COM8/phase_w_v,5000854,1786326472437,7.634,V
serial:COM8/motor_angle,5000856,1786326472437,131.18,deg
serial:COM8/phase_u_v,5000856,1786326472437,7.736,V
serial:COM8/phase_v_v,5000856,1786326472437,7.747,V
serial:COM8/phase_w_v,5000856,1786326472437,7.785,V
serial:COM8/motor_angle,5000858,1786326472437,131.15,deg
serial:COM8/phase_u_v,5000858,1786326472437,7.893,V
serial:COM8/phase_v_v,5000858,1786326472437,7.898,V
serial:COM8/phase_w_v,5000858,1786326472437,7.925,V
serial:COM8/motor_angle,5000860,1786326472437,131.15,deg
serial:COM8/phase_u_v,5000860,1786326472437,8.060,V
serial:COM8/phase_v_v,5000860,1786326472437,8.060,V
serial:COM8/phase_w_v,5000860,1786326472437,8.082,V
serial:COM8/motor_angle,5000862,1786326472437,131.18,deg
serial:COM8/phase_u_v,5000862,1786326472437,7.547,V
serial:COM8/phase_v_v,5000862,1786326472437,7.553,V
serial:COM8/phase_w_v,5000862,1786326472437,7.574,V
serial:COM8/motor_angle,5000864,1786326472437,131.13,deg
serial:COM8/phase_u_v,5000864,1786326472437,7.698,V
serial:COM8/phase_v_v,5000864,1786326472437,7.715,V
serial:COM8/phase_w_v,5000864,1786326472437,7.731,V
serial:COM8/motor_angle,5000866,1786326472437,131.15,deg
serial:COM8/phase_u_v,5000866,1786326472437,7.844,V
serial:COM8/phase_v_v,5000866,1786326472437,7.860,V
serial:COM8/phase_w_v,5000866,1786326472437,7.887,V
serial:COM8/motor_angle,5000868,1786326472437,131.11,deg
serial:COM8/phase_u_v,5000868,1786326472437,8.006,V
serial:COM8/phase_v_v,5000868,1786326472437,8.017,V
serial:COM8/phase_w_v,5000868,1786326472437,8.044,V
serial:COM8/motor_angle,5000870,1786326472437,131.13,deg
serial:COM8/phase_u_v,5000870,1786326472437,7.509,V
serial:COM8/phase_v_v,5000870,1786326472437,7.509,V
serial:COM8/phase_w_v,5000870,1786326472437,7.542,V
serial:COM8/motor_angle,5000872,1786326472437,131.13,deg
serial:COM8/phase_u_v,5000872,1786326472437,7.655,V
serial:COM8/phase_v_v,5000872,1786326472437,7.661,V
serial:COM8/phase_w_v,5000872,1786326472437,7.693,V
serial:COM8/motor_angle,5000874,1786326472437,131.15,deg
serial:COM8/phase_u_v,5000874,1786326472437,7.812,V
serial:COM8/phase_v_v,5000874,1786326472437,7.817,V
serial:COM8/phase_w_v,5000874,1786326472437,7.844,V
serial:COM8/motor_angle,5000876,1786326472437,131.13,deg
serial:COM8/phase_u_v,5000876,1786326472437,7.963,V
serial:COM8/phase_v_v,5000876,1786326472437,7.968,V
serial:COM8/phase_w_v,5000876,1786326472437,7.995,V
serial:COM8/motor_angle,5000878,1786326472437,131.18,deg
serial:COM8/phase_u_v,5000878,1786326472437,8.119,V
serial:COM8/phase_v_v,5000878,1786326472437,8.130,V
serial:COM8/phase_w_v,5000878,1786326472437,8.152,V
serial:COM8/motor_angle,5000880,1786326472437,131.15,deg
serial:COM8/phase_u_v,5000880,1786326472437,7.617,V
serial:COM8/phase_v_v,5000880,1786326472437,7.623,V
serial:COM8/phase_w_v,5000880,1786326472437,7.644,V
serial:COM8/motor_angle,5000882,1786326472437,131.13,deg
serial:COM8/phase_u_v,5000882,1786326472437,7.768,V
serial:COM8/phase_v_v,5000882,1786326472437,7.768,V
serial:COM8/phase_w_v,5000882,1786326472437,7.795,V
serial:COM8/motor_angle,5000884,1786326472437,131.18,deg
serial:COM8/phase_u_v,5000884,1786326472437,7.925,V
serial:COM8/phase_v_v,5000884,1786326472437,7.925,V
serial:COM8/phase_w_v,5000884,1786326472437,7.952,V
serial:COM8/motor_angle,5000886,1786326472437,131.13,deg
serial:COM8/phase_u_v,5000886,1786326472437,8.082,V
serial:COM8/phase_v_v,5000886,1786326472437,8.087,V
serial:COM8/phase_w_v,5000886,1786326472437,8.109,V
serial:COM8/motor_angle,5000888,1786326472437,131.15,deg
serial:COM8/phase_u_v,5000888,1786326472437,7.574,V
serial:COM8/phase_v_v,5000888,1786326472437,7.585,V
serial:COM8/phase_w_v,5000888,1786326472437,7.612,V
serial:COM8/motor_angle,5000890,1786326472508,131.18,deg
serial:COM8/phase_u_v,5000890,1786326472508,7.725,V
serial:COM8/phase_v_v,5000890,1786326472508,7.731,V
serial:COM8/phase_w_v,5000890,1786326472508,7.758,V
serial:COM8/motor_angle,5000892,1786326472508,131.13,deg
serial:COM8/phase_u_v,5000892,1786326472508,7.876,V
serial:COM8/phase_v_v,5000892,1786326472508,7.893,V
serial:COM8/phase_w_v,5000892,1786326472508,7.914,V
serial:COM8/motor_angle,5000894,1786326472508,131.13,deg
serial:COM8/phase_u_v,5000894,1786326472508,8.033,V
serial:COM8/phase_v_v,5000894,1786326472508,8.044,V
serial:COM8/phase_w_v,5000894,1786326472508,8.071,V
serial:COM8/motor_angle,5000896,1786326472508,131.15,deg
serial:COM8/phase_u_v,5000896,1786326472508,7.536,V
serial:COM8/phase_v_v,5000896,1786326472508,7.542,V
serial:COM8/phase_w_v,5000896,1786326472508,7.569,V
serial:COM8/motor_angle,5000898,1786326472508,131.18,deg
serial:COM8/phase_u_v,5000898,1786326472508,7.688,V
serial:COM8/phase_v_v,5000898,1786326472508,7.693,V
serial:COM8/phase_w_v,5000898,1786326472508,7.720,V
serial:COM8/motor_angle,5000900,1786326472508,131.13,deg
serial:COM8/phase_u_v,5000900,1786326472508,7.839,V
serial:COM8/phase_v_v,5000900,1786326472508,7.855,V
serial:COM8/phase_w_v,5000900,1786326472508,7.876,V
serial:COM8/motor_angle,5000902,1786326472508,131.13,deg
serial:COM8/phase_u_v,5000902,1786326472508,7.990,V
serial:COM8/phase_v_v,5000902,1786326472508,8.001,V
serial:COM8/phase_w_v,5000902,1786326472508,8.033,V
serial:COM8/motor_angle,5000904,1786326472508,131.09,deg
serial:COM8/phase_u_v,5000904,1786326472508,7.493,V
serial:COM8/phase_v_v,5000904,1786326472508,7.504,V
serial:COM8/phase_w_v,5000904,1786326472508,7.526,V
serial:COM8/motor_angle,5000906,1786326472508,131.13,deg
serial:COM8/phase_u_v,5000906,1786326472508,7.644,V
serial:COM8/phase_v_v,5000906,1786326472508,7.661,V
serial:COM8/phase_w_v,5000906,1786326472508,7.682,V
serial:COM8/motor_angle,5000908,1786326472508,131.13,deg
serial:COM8/phase_u_v,5000908,1786326472508,7.801,V
serial:COM8/phase_v_v,5000908,1786326472508,7.806,V
serial:COM8/phase_w_v,5000908,1786326472508,7.833,V
serial:COM8/motor_angle,5000910,1786326472508,131.18,deg
serial:COM8/phase_u_v,5000910,1786326472508,7.957,V
serial:COM8/phase_v_v,5000910,1786326472508,7.963,V
serial:COM8/phase_w_v,5000910,1786326472508,7.990,V
serial:COM8/motor_angle,5000912,1786326472508,131.15,deg
serial:COM8/phase_u_v,5000912,1786326472508,8.114,V
serial:COM8/phase_v_v,5000912,1786326472508,8.130,V
serial:COM8/phase_w_v,5000912,1786326472508,8.146,V
serial:COM8/motor_angle,5000914,1786326472508,131.13,deg
serial:COM8/phase_u_v,5000914,1786326472508,7.612,V
serial:COM8/phase_v_v,5000914,1786326472508,7.617,V
serial:COM8/phase_w_v,5000914,1786326472508,7.644,V
serial:COM8/motor_angle,5000916,1786326472508,131.13,deg
serial:COM8/phase_u_v,5000916,1786326472508,7.768,V
serial:COM8/phase_v_v,5000916,1786326472508,7.768,V
serial:COM8/phase_w_v,5000916,1786326472508,7.801,V
serial:COM8/motor_angle,5000918,1786326472508,131.15,deg
serial:COM8/phase_u_v,5000918,1786326472508,7.920,V
serial:COM8/phase_v_v,5000918,1786326472508,7.920,V
serial:COM8/phase_w_v,5000918,1786326472508,7.957,V
serial:COM8/motor_angle,5000920,1786326472508,131.13,deg
serial:COM8/phase_u_v,5000920,1786326472508,8.076,V
serial:COM8/phase_v_v,5000920,1786326472508,8.082,V
serial:COM8/phase_w_v,5000920,1786326472508,8.114,V
serial:COM8/motor_angle,5000922,1786326472508,131.13,deg
serial:COM8/phase_u_v,5000922,1786326472508,7.574,V
serial:COM8/phase_v_v,5000922,1786326472508,7.580,V
serial:COM8/phase_w_v,5000922,1786326472508,7.601,V
serial:COM8/motor_angle,5000924,1786326472508,131.11,deg
serial:COM8/phase_u_v,5000924,1786326472508,7.731,V
serial:COM8/phase_v_v,5000924,1786326472508,7.725,V
serial:COM8/phase_w_v,5000924,1786326472508,7.752,V
serial:COM8/motor_angle,5000926,1786326472508,131.13,deg
serial:COM8/phase_u_v,5000926,1786326472508,7.882,V
serial:COM8/phase_v_v,5000926,1786326472508,7.893,V
serial:COM8/phase_w_v,5000926,1786326472508,7.909,V
serial:COM8/motor_angle,5000928,1786326472508,131.09,deg
serial:COM8/phase_u_v,5000928,1786326472508,8.033,V
serial:COM8/phase_v_v,5000928,1786326472508,8.044,V
serial:COM8/phase_w_v,5000928,1786326472508,8.071,V
serial:COM8/motor_angle,5000930,1786326472508,131.13,deg
serial:COM8/phase_u_v,5000930,1786326472508,7.536,V
serial:COM8/phase_v_v,5000930,1786326472508,7.542,V
serial:COM8/phase_w_v,5000930,1786326472508,7.574,V
serial:COM8/motor_angle,5000932,1786326472508,131.13,deg
serial:COM8/phase_u_v,5000932,1786326472508,7.688,V
serial:COM8/phase_v_v,5000932,1786326472508,7.693,V
serial:COM8/phase_w_v,5000932,1786326472508,7.715,V
serial:COM8/motor_angle,5000934,1786326472508,131.15,deg
serial:COM8/phase_u_v,5000934,1786326472508,7.844,V
serial:COM8/phase_v_v,5000934,1786326472508,7.844,V
serial:COM8/phase_w_v,5000934,1786326472508,7.876,V
serial:COM8/motor_angle,5000936,1786326472508,131.13,deg
serial:COM8/phase_u_v,5000936,1786326472508,7.990,V
serial:COM8/phase_v_v,5000936,1786326472508,8.001,V
serial:COM8/phase_w_v,5000936,1786326472508,8.028,V
serial:COM8/motor_angle,5000938,1786326472508,131.13,deg
serial:COM8/phase_u_v,5000938,1786326472508,7.499,V
serial:COM8/phase_v_v,5000938,1786326472508,7.509,V
serial:COM8/phase_w_v,5000938,1786326472508,7.531,V
serial:COM8/motor_angle,5000940,1786326472508,131.15,deg
serial:COM8/phase_u_v,5000940,1786326472508,7.644,V
serial:COM8/phase_v_v,5000940,1786326472508,7.655,V
serial:COM8/phase_w_v,5000940,1786326472508,7.682,V
serial:COM8/motor_angle,5000942,1786326472508,131.18,deg
serial:COM8/phase_u_v,5000942,1786326472508,7.812,V
serial:COM8/phase_v_v,5000942,1786326472508,7.806,V
serial:COM8/phase_w_v,5000942,1786326472508,7.833,V
serial:COM8/motor_angle,5000944,1786326472508,131.15,deg
serial:COM8/phase_u_v,5000944,1786326472508,7.957,V
serial:COM8/phase_v_v,5000944,1786326472508,7.963,V
serial:COM8/phase_w_v,5000944,1786326472508,7.990,V
serial:COM8/motor_angle,5000946,1786326472508,131.15,deg
serial:COM8/phase_u_v,5000946,1786326472508,8.119,V
serial:COM8/phase_v_v,5000946,1786326472508,8.136,V
serial:COM8/phase_w_v,5000946,1786326472508,8.157,V
serial:COM8/motor_angle,5000948,1786326472508,131.09,deg
serial:COM8/phase_u_v,5000948,1786326472508,7.612,V
serial:COM8/phase_v_v,5000948,1786326472508,7.623,V
serial:COM8/phase_w_v,5000948,1786326472508,7.639,V
serial:COM8/motor_angle,5000950,1786326472508,131.13,deg
serial:COM8/phase_u_v,5000950,1786326472508,7.763,V
serial:COM8/phase_v_v,5000950,1786326472508,7.768,V
serial:COM8/phase_w_v,5000950,1786326472508,7.801,V
serial:COM8/motor_angle,5000952,1786326472508,131.11,deg
serial:COM8/phase_u_v,5000952,1786326472508,7.920,V
serial:COM8/phase_v_v,5000952,1786326472508,7.920,V
serial:COM8/phase_w_v,5000952,1786326472508,7.947,V
serial:COM8/motor_angle,5000954,1786326472508,131.15,deg
serial:COM8/phase_u_v,5000954,1786326472508,8.076,V
serial:COM8/phase_v_v,5000954,1786326472508,8.087,V
serial:COM8/phase_w_v,5000954,1786326472508,8.109,V
serial:COM8/motor_angle,5000956,1786326472508,131.11,deg
serial:COM8/phase_u_v,5000956,1786326472508,7.569,V
serial:COM8/phase_v_v,5000956,1786326472508,7.585,V
serial:COM8/phase_w_v,5000956,1786326472508,7.601,V
serial:COM8/motor_angle,5000958,1786326472508,131.11,deg
serial:COM8/phase_u_v,5000958,1786326472508,7.725,V
serial:COM8/phase_v_v,5000958,1786326472508,7.731,V
serial:COM8/phase_w_v,5000958,1786326472508,7.752,V
serial:COM8/motor_angle,5000960,1786326472508,131.15,deg
serial:COM8/phase_u_v,5000960,1786326472508,7.876,V
serial:COM8/phase_v_v,5000960,1786326472508,7.882,V
serial:COM8/phase_w_v,5000960,1786326472508,7.909,V
serial:COM8/motor_angle,5000962,1786326472582,131.13,deg
serial:COM8/phase_u_v,5000962,1786326472582,8.033,V
serial:COM8/phase_v_v,5000962,1786326472582,8.049,V
serial:COM8/phase_w_v,5000962,1786326472582,8.065,V
serial:COM8/motor_angle,5000964,1786326472582,131.13,deg
serial:COM8/phase_u_v,5000964,1786326472582,7.536,V
serial:COM8/phase_v_v,5000964,1786326472582,7.536,V
serial:COM8/phase_w_v,5000964,1786326472582,7.569,V
serial:COM8/motor_angle,5000966,1786326472582,131.11,deg
serial:COM8/phase_u_v,5000966,1786326472582,7.682,V
serial:COM8/phase_v_v,5000966,1786326472582,7.698,V
serial:COM8/phase_w_v,5000966,1786326472582,7.720,V
serial:COM8/motor_angle,5000968,1786326472582,131.09,deg
serial:COM8/phase_u_v,5000968,1786326472582,7.844,V
serial:COM8/phase_v_v,5000968,1786326472582,7.849,V
serial:COM8/phase_w_v,5000968,1786326472582,7.871,V
serial:COM8/motor_angle,5000970,1786326472582,131.09,deg
serial:COM8/phase_u_v,5000970,1786326472582,7.995,V
serial:COM8/phase_v_v,5000970,1786326472582,8.001,V
serial:COM8/phase_w_v,5000970,1786326472582,8.038,V
serial:COM8/motor_angle,5000972,1786326472582,131.11,deg
serial:COM8/phase_u_v,5000972,1786326472582,7.504,V
serial:COM8/phase_v_v,5000972,1786326472582,7.509,V
serial:COM8/phase_w_v,5000972,1786326472582,7.536,V
serial:COM8/motor_angle,5000974,1786326472582,131.11,deg
serial:COM8/phase_u_v,5000974,1786326472582,7.655,V
serial:COM8/phase_v_v,5000974,1786326472582,7.655,V
serial:COM8/phase_w_v,5000974,1786326472582,7.688,V
serial:COM8/motor_angle,5000976,1786326472582,131.13,deg
serial:COM8/phase_u_v,5000976,1786326472582,7.801,V
serial:COM8/phase_v_v,5000976,1786326472582,7.812,V
serial:COM8/phase_w_v,5000976,1786326472582,7.833,V
serial:COM8/motor_angle,5000978,1786326472582,131.11,deg
serial:COM8/phase_u_v,5000978,1786326472582,7.957,V
serial:COM8/phase_v_v,5000978,1786326472582,7.963,V
serial:COM8/phase_w_v,5000978,1786326472582,7.995,V
serial:COM8/motor_angle,5000980,1786326472582,131.11,deg
serial:COM8/phase_u_v,5000980,1786326472582,8.119,V
serial:COM8/phase_v_v,5000980,1786326472582,8.125,V
serial:COM8/phase_w_v,5000980,1786326472582,8.152,V
serial:COM8/motor_angle,5000982,1786326472582,131.18,deg
serial:COM8/phase_u_v,5000982,1786326472582,7.607,V
serial:COM8/phase_v_v,5000982,1786326472582,7.617,V
serial:COM8/phase_w_v,5000982,1786326472582,7.639,V
serial:COM8/motor_angle,5000984,1786326472582,131.15,deg
serial:COM8/phase_u_v,5000984,1786326472582,7.763,V
serial:COM8/phase_v_v,5000984,1786326472582,7.763,V
serial:COM8/phase_w_v,5000984,1786326472582,7.790,V
serial:COM8/motor_angle,5000986,1786326472582,131.13,deg
serial:COM8/phase_u_v,5000986,1786326472582,7.920,V
serial:COM8/phase_v_v,5000986,1786326472582,7.920,V
serial:COM8/phase_w_v,5000986,1786326472582,7.957,V
serial:COM8/motor_angle,5000988,1786326472582,131.11,deg
serial:COM8/phase_u_v,5000988,1786326472582,8.071,V
serial:COM8/phase_v_v,5000988,1786326472582,8.082,V
serial:COM8/phase_w_v,5000988,1786326472582,8.114,V
serial:COM8/motor_angle,5000990,1786326472582,131.15,deg
serial:COM8/phase_u_v,5000990,1786326472582,7.569,V
serial:COM8/phase_v_v,5000990,1786326472582,7.580,V
serial:COM8/phase_w_v,5000990,1786326472582,7.607,V
serial:COM8/motor_angle,5000992,1786326472582,131.15,deg
serial:COM8/phase_u_v,5000992,1786326472582,7.720,V
serial:COM8/phase_v_v,5000992,1786326472582,7.720,V
serial:COM8/phase_w_v,5000992,1786326472582,7.752,V
serial:COM8/motor_angle,5000994,1786326472582,131.15,deg
serial:COM8/phase_u_v,5000994,1786326472582,7.876,V
serial:COM8/phase_v_v,5000994,1786326472582,7.882,V
serial:COM8/phase_w_v,5000994,1786326472582,7.909,V
serial:COM8/motor_angle,5000996,1786326472582,131.18,deg
serial:COM8/phase_u_v,5000996,1786326472582,8.028,V
serial:COM8/phase_v_v,5000996,1786326472582,8.033,V
serial:COM8/phase_w_v,5000996,1786326472582,8.065,V
serial:COM8/motor_angle,5000998,1786326472582,131.11,deg
serial:COM8/phase_u_v,5000998,1786326472582,7.536,V
serial:COM8/phase_v_v,5000998,1786326472582,7.536,V
serial:COM8/phase_w_v,5000998,1786326472582,7.563,V
serial:COM8/motor_angle,5001000,1786326472582,131.11,deg
serial:COM8/phase_u_v,5001000,1786326472582,7.682,V
serial:COM8/phase_v_v,5001000,1786326472582,7.693,V
serial:COM8/phase_w_v,5001000,1786326472582,7.709,V
serial:COM8/motor_angle,5001002,1786326472582,131.13,deg
serial:COM8/phase_u_v,5001002,1786326472582,7.833,V
serial:COM8/phase_v_v,5001002,1786326472582,7.839,V
serial:COM8/phase_w_v,5001002,1786326472582,7.866,V
serial:COM8/motor_angle,5001004,1786326472582,131.11,deg
serial:COM8/phase_u_v,5001004,1786326472582,7.990,V
serial:COM8/phase_v_v,5001004,1786326472582,7.995,V
serial:COM8/phase_w_v,5001004,1786326472582,8.022,V
serial:COM8/motor_angle,5001006,1786326472582,131.09,deg
serial:COM8/phase_u_v,5001006,1786326472582,7.493,V
serial:COM8/phase_v_v,5001006,1786326472582,7.499,V
serial:COM8/phase_w_v,5001006,1786326472582,7.531,V
serial:COM8/motor_angle,5001008,1786326472582,131.18,deg
serial:COM8/phase_u_v,5001008,1786326472582,7.639,V
serial:COM8/phase_v_v,5001008,1786326472582,7.650,V
serial:COM8/phase_w_v,5001008,1786326472582,7.677,V
serial:COM8/motor_angle,5001010,1786326472582,131.18,deg
serial:COM8/phase_u_v,5001010,1786326472582,7.801,V
serial:COM8/phase_v_v,5001010,1786326472582,7.806,V
serial:COM8/phase_w_v,5001010,1786326472582,7.833,V
serial:COM8/motor_angle,5001012,1786326472582,131.15,deg
serial:COM8/phase_u_v,5001012,1786326472582,7.957,V
serial:COM8/phase_v_v,5001012,1786326472582,7.952,V
serial:COM8/phase_w_v,5001012,1786326472582,7.990,V
serial:COM8/motor_angle,5001014,1786326472582,131.18,deg
serial:COM8/phase_u_v,5001014,1786326472582,8.114,V
serial:COM8/phase_v_v,5001014,1786326472582,8.119,V
serial:COM8/phase_w_v,5001014,1786326472582,8.141,V
serial:COM8/motor_angle,5001016,1786326472582,131.15,deg
serial:COM8/phase_u_v,5001016,1786326472582,7.601,V
serial:COM8/phase_v_v,5001016,1786326472582,7.612,V
serial:COM8/phase_w_v,5001016,1786326472582,7.639,V
serial:COM8/motor_angle,5001018,1786326472582,131.11,deg
serial:COM8/phase_u_v,5001018,1786326472582,7.758,V
serial:COM8/phase_v_v,5001018,1786326472582,7.758,V
serial:COM8/phase_w_v,5001018,1786326472582,7.790,V
serial:COM8/motor_angle,5001020,1786326472582,131.18,deg
serial:COM8/phase_u_v,5001020,1786326472582,7.909,V
serial:COM8/phase_v_v,5001020,1786326472582,7.914,V
serial:COM8/phase_w_v,5001020,1786326472582,7.941,V
serial:COM8/motor_angle,5001022,1786326472582,131.09,deg
serial:COM8/phase_u_v,5001022,1786326472582,8.065,V
serial:COM8/phase_v_v,5001022,1786326472582,8.076,V
serial:COM8/phase_w_v,5001022,1786326472582,8.098,V
serial:COM8/motor_angle,5001024,1786326472582,131.13,deg
serial:COM8/phase_u_v,5001024,1786326472582,7.563,V
serial:COM8/phase_v_v,5001024,1786326472582,7.574,V
serial:COM8/phase_w_v,5001024,1786326472582,7.601,V
serial:COM8/motor_angle,5001026,1786326472582,131.09,deg
serial:COM8/phase_u_v,5001026,1786326472582,7.715,V
serial:COM8/phase_v_v,5001026,1786326472582,7.725,V
serial:COM8/phase_w_v,5001026,1786326472582,7.747,V
serial:COM8/motor_angle,5001028,1786326472582,131.11,deg
serial:COM8/phase_u_v,5001028,1786326472582,7.871,V
serial:COM8/phase_v_v,5001028,1786326472582,7.876,V
serial:COM8/phase_w_v,5001028,1786326472582,7.898,V
serial:COM8/motor_angle,5001030,1786326472582,131.15,deg
serial:COM8/phase_u_v,5001030,1786326472582,8.022,V
serial:COM8/phase_v_v,5001030,1786326472582,8.033,V
serial:COM8/phase_w_v,5001030,1786326472582,8.060,V
serial:COM8/motor_angle,5001032,1786326472582,131.13,deg
serial:COM8/phase_u_v,5001032,1786326472582,7.526,V
serial:COM8/phase_v_v,5001032,1786326472582,7.536,V
serial:COM8/phase_w_v,5001032,1786326472582,7.558,V
serial:COM8/motor_angle,5001034,1786326472582,131.11,deg
serial:COM8/phase_u_v,5001034,1786326472582,7.671,V
serial:COM8/phase_v_v,5001034,1786326472582,7.682,V
serial:COM8/phase_w_v,5001034,1786326472582,7.715,V
serial:COM8/motor_angle,5001036,1786326472654,131.13,deg
serial:COM8/phase_u_v,5001036,1786326472654,7.822,V
serial:COM8/phase_v_v,5001036,1786326472654,7.839,V
serial:COM8/phase_w_v,5001036,1786326472654,7.866,V
serial:COM8/motor_angle,5001038,1786326472654,131.11,deg
serial:COM8/phase_u_v,5001038,1786326472654,7.979,V
serial:COM8/phase_v_v,5001038,1786326472654,7.984,V
serial:COM8/phase_w_v,5001038,1786326472654,8.017,V
serial:COM8/motor_angle,5001040,1786326472654,131.18,deg
serial:COM8/phase_u_v,5001040,1786326472654,7.482,V
serial:COM8/phase_v_v,5001040,1786326472654,7.547,V
serial:COM8/phase_w_v,5001040,1786326472654,8.152,V
serial:COM8/motor_angle,5001042,1786326472654,131.15,deg
serial:COM8/phase_u_v,5001042,1786326472654,7.634,V
serial:COM8/phase_v_v,5001042,1786326472654,7.639,V
serial:COM8/phase_w_v,5001042,1786326472654,7.661,V
serial:COM8/motor_angle,5001044,1786326472654,131.13,deg
serial:COM8/phase_u_v,5001044,1786326472654,7.785,V
serial:COM8/phase_v_v,5001044,1786326472654,7.795,V
serial:COM8/phase_w_v,5001044,1786326472654,7.812,V
serial:COM8/motor_angle,5001046,1786326472654,131.13,deg
serial:COM8/phase_u_v,5001046,1786326472654,7.936,V
serial:COM8/phase_v_v,5001046,1786326472654,7.947,V
serial:COM8/phase_w_v,5001046,1786326472654,7.979,V
serial:COM8/motor_angle,5001048,1786326472654,131.15,deg
serial:COM8/phase_u_v,5001048,1786326472654,8.098,V
serial:COM8/phase_v_v,5001048,1786326472654,8.109,V
serial:COM8/phase_w_v,5001048,1786326472654,8.136,V
serial:COM8/motor_angle,5001050,1786326472654,131.13,deg
serial:COM8/phase_u_v,5001050,1786326472654,7.596,V
serial:COM8/phase_v_v,5001050,1786326472654,7.601,V
serial:COM8/phase_w_v,5001050,1786326472654,7.628,V
serial:COM8/motor_angle,5001052,1786326472654,131.13,deg
serial:COM8/phase_u_v,5001052,1786326472654,7.742,V
serial:COM8/phase_v_v,5001052,1786326472654,7.752,V
serial:COM8/phase_w_v,5001052,1786326472654,7.774,V
serial:COM8/motor_angle,5001054,1786326472654,131.15,deg
serial:COM8/phase_u_v,5001054,1786326472654,7.898,V
serial:COM8/phase_v_v,5001054,1786326472654,7.909,V
serial:COM8/phase_w_v,5001054,1786326472654,7.930,V
serial:COM8/motor_angle,5001056,1786326472654,131.15,deg
serial:COM8/phase_u_v,5001056,1786326472654,8.049,V
serial:COM8/phase_v_v,5001056,1786326472654,8.065,V
serial:COM8/phase_w_v,5001056,1786326472654,8.087,V
serial:COM8/motor_angle,5001058,1786326472654,131.11,deg
serial:COM8/phase_u_v,5001058,1786326472654,7.553,V
serial:COM8/phase_v_v,5001058,1786326472654,7.563,V
serial:COM8/phase_w_v,5001058,1786326472654,7.580,V
serial:COM8/motor_angle,5001060,1786326472654,131.13,deg
serial:COM8/phase_u_v,5001060,1786326472654,7.698,V
serial:COM8/phase_v_v,5001060,1786326472654,7.704,V
serial:COM8/phase_w_v,5001060,1786326472654,7.731,V
serial:COM8/motor_angle,5001062,1786326472654,131.11,deg
serial:COM8/phase_u_v,5001062,1786326472654,7.860,V
serial:COM8/phase_v_v,5001062,1786326472654,7.860,V
serial:COM8/phase_w_v,5001062,1786326472654,7.882,V
serial:COM8/motor_angle,5001064,1786326472654,131.13,deg
serial:COM8/phase_u_v,5001064,1786326472654,8.006,V
serial:COM8/phase_v_v,5001064,1786326472654,8.006,V
serial:COM8/phase_w_v,5001064,1786326472654,8.044,V
serial:COM8/motor_angle,5001066,1786326472654,131.15,deg
serial:COM8/phase_u_v,5001066,1786326472654,7.504,V
serial:COM8/phase_v_v,5001066,1786326472654,7.515,V
serial:COM8/phase_w_v,5001066,1786326472654,7.547,V
serial:COM8/motor_angle,5001068,1786326472654,131.15,deg
serial:COM8/phase_u_v,5001068,1786326472654,7.655,V
serial:COM8/phase_v_v,5001068,1786326472654,7.671,V
serial:COM8/phase_w_v,5001068,1786326472654,7.693,V
serial:COM8/motor_angle,5001070,1786326472654,131.18,deg
serial:COM8/phase_u_v,5001070,1786326472654,7.812,V
serial:COM8/phase_v_v,5001070,1786326472654,7.822,V
serial:COM8/phase_w_v,5001070,1786326472654,7.839,V
serial:COM8/motor_angle,5001072,1786326472654,131.15,deg
serial:COM8/phase_u_v,5001072,1786326472654,7.963,V
serial:COM8/phase_v_v,5001072,1786326472654,7.979,V
serial:COM8/phase_w_v,5001072,1786326472654,8.006,V
serial:COM8/motor_angle,5001074,1786326472654,131.13,deg
serial:COM8/phase_u_v,5001074,1786326472654,8.130,V
serial:COM8/phase_v_v,5001074,1786326472654,8.136,V
serial:COM8/phase_w_v,5001074,1786326472654,8.168,V
serial:COM8/motor_angle,5001076,1786326472654,131.09,deg
serial:COM8/phase_u_v,5001076,1786326472654,7.623,V
serial:COM8/phase_v_v,5001076,1786326472654,7.628,V
serial:COM8/phase_w_v,5001076,1786326472654,7.644,V
serial:COM8/motor_angle,5001078,1786326472654,131.15,deg
serial:COM8/phase_u_v,5001078,1786326472654,7.774,V
serial:COM8/phase_v_v,5001078,1786326472654,7.785,V
serial:COM8/phase_w_v,5001078,1786326472654,7.806,V
serial:COM8/motor_angle,5001080,1786326472654,131.15,deg
serial:COM8/phase_u_v,5001080,1786326472654,7.920,V
serial:COM8/phase_v_v,5001080,1786326472654,7.930,V
serial:COM8/phase_w_v,5001080,1786326472654,7.963,V
serial:COM8/motor_angle,5001082,1786326472654,131.18,deg
serial:COM8/phase_u_v,5001082,1786326472654,8.082,V
serial:COM8/phase_v_v,5001082,1786326472654,8.092,V
serial:COM8/phase_w_v,5001082,1786326472654,8.114,V
serial:COM8/motor_angle,5001084,1786326472654,131.15,deg
serial:COM8/phase_u_v,5001084,1786326472654,7.574,V
serial:COM8/phase_v_v,5001084,1786326472654,7.590,V
serial:COM8/phase_w_v,5001084,1786326472654,7.617,V
serial:COM8/motor_angle,5001086,1786326472654,131.15,deg
serial:COM8/phase_u_v,5001086,1786326472654,7.725,V
serial:COM8/phase_v_v,5001086,1786326472654,7.742,V
serial:COM8/phase_w_v,5001086,1786326472654,7.768,V
serial:COM8/motor_angle,5001088,1786326472654,131.18,deg
serial:COM8/phase_u_v,5001088,1786326472654,7.882,V
serial:COM8/phase_v_v,5001088,1786326472654,7.893,V
serial:COM8/phase_w_v,5001088,1786326472654,7.920,V
serial:COM8/motor_angle,5001090,1786326472654,131.15,deg
serial:COM8/phase_u_v,5001090,1786326472654,8.033,V
serial:COM8/phase_v_v,5001090,1786326472654,8.044,V
serial:COM8/phase_w_v,5001090,1786326472654,8.071,V
serial:COM8/motor_angle,5001092,1786326472654,131.18,deg
serial:COM8/phase_u_v,5001092,1786326472654,7.536,V
serial:COM8/phase_v_v,5001092,1786326472654,7.547,V
serial:COM8/phase_w_v,5001092,1786326472654,7.569,V
serial:COM8/motor_angle,5001094,1786326472654,131.11,deg
serial:COM8/phase_u_v,5001094,1786326472654,7.682,V
serial:COM8/phase_v_v,5001094,1786326472654,7.698,V
serial:COM8/phase_w_v,5001094,1786326472654,7.720,V
serial:COM8/motor_angle,5001096,1786326472654,131.13,deg
serial:COM8/phase_u_v,5001096,1786326472654,7.839,V
serial:COM8/phase_v_v,5001096,1786326472654,7.844,V
serial:COM8/phase_w_v,5001096,1786326472654,7.871,V
serial:COM8/motor_angle,5001098,1786326472654,131.15,deg
serial:COM8/phase_u_v,5001098,1786326472654,7.990,V
serial:COM8/phase_v_v,5001098,1786326472654,8.006,V
serial:COM8/phase_w_v,5001098,1786326472654,8.033,V
serial:COM8/motor_angle,5001100,1786326472654,131.13,deg
serial:COM8/phase_u_v,5001100,1786326472654,7.499,V
serial:COM8/phase_v_v,5001100,1786326472654,7.504,V
serial:COM8/phase_w_v,5001100,1786326472654,7.526,V
serial:COM8/motor_angle,5001102,1786326472654,131.18,deg
serial:COM8/phase_u_v,5001102,1786326472654,7.639,V
serial:COM8/phase_v_v,5001102,1786326472654,7.655,V
serial:COM8/phase_w_v,5001102,1786326472654,7.682,V
serial:COM8/motor_angle,5001104,1786326472654,131.15,deg
serial:COM8/phase_u_v,5001104,1786326472654,7.801,V
serial:COM8/phase_v_v,5001104,1786326472654,7.812,V
serial:COM8/phase_w_v,5001104,1786326472654,7.833,V
serial:COM8/motor_angle,5001106,1786326472654,131.13,deg
serial:COM8/phase_u_v,5001106,1786326472654,7.952,V
serial:COM8/phase_v_v,5001106,1786326472654,7.963,V
serial:COM8/phase_w_v,5001106,1786326472654,8.001,V
serial:COM8/motor_angle,5001108,1786326472726,131.13,deg
serial:COM8/phase_u_v,5001108,1786326472726,8.119,V
serial:COM8/phase_v_v,5001108,1786326472726,8.125,V
serial:COM8/phase_w_v,5001108,1786326472726,8.152,V
serial:COM8/motor_angle,5001110,1786326472726,131.18,deg
serial:COM8/phase_u_v,5001110,1786326472726,7.607,V
serial:COM8/phase_v_v,5001110,1786326472726,7.617,V
serial:COM8/phase_w_v,5001110,1786326472726,7.639,V
serial:COM8/motor_angle,5001112,1786326472726,131.13,deg
serial:COM8/phase_u_v,5001112,1786326472726,7.758,V
serial:COM8/phase_v_v,5001112,1786326472726,7.768,V
serial:COM8/phase_w_v,5001112,1786326472726,7.790,V
serial:COM8/motor_angle,5001114,1786326472726,131.15,deg
serial:COM8/phase_u_v,5001114,1786326472726,7.914,V
serial:COM8/phase_v_v,5001114,1786326472726,7.920,V
serial:COM8/phase_w_v,5001114,1786326472726,7.947,V
serial:COM8/motor_angle,5001116,1786326472726,131.15,deg
serial:COM8/phase_u_v,5001116,1786326472726,8.082,V
serial:COM8/phase_v_v,5001116,1786326472726,8.082,V
serial:COM8/phase_w_v,5001116,1786326472726,8.109,V
serial:COM8/motor_angle,5001118,1786326472726,131.20,deg
serial:COM8/phase_u_v,5001118,1786326472726,7.569,V
serial:COM8/phase_v_v,5001118,1786326472726,7.580,V
serial:COM8/phase_w_v,5001118,1786326472726,7.601,V
serial:COM8/motor_angle,5001120,1786326472726,131.13,deg
serial:COM8/phase_u_v,5001120,1786326472726,7.725,V
serial:COM8/phase_v_v,5001120,1786326472726,7.725,V
serial:COM8/phase_w_v,5001120,1786326472726,7.758,V
serial:COM8/motor_angle,5001122,1786326472726,131.18,deg
serial:COM8/phase_u_v,5001122,1786326472726,7.871,V
serial:COM8/phase_v_v,5001122,1786326472726,7.871,V
serial:COM8/phase_w_v,5001122,1786326472726,7.909,V
serial:COM8/motor_angle,5001124,1786326472726,131.18,deg
serial:COM8/phase_u_v,5001124,1786326472726,8.028,V
serial:COM8/phase_v_v,5001124,1786326472726,8.044,V
serial:COM8/phase_w_v,5001124,1786326472726,8.065,V
serial:COM8/motor_angle,5001126,1786326472726,131.09,deg
serial:COM8/phase_u_v,5001126,1786326472726,7.526,V
serial:COM8/phase_v_v,5001126,1786326472726,7.531,V
serial:COM8/phase_w_v,5001126,1786326472726,7.553,V
serial:COM8/motor_angle,5001128,1786326472726,131.15,deg
serial:COM8/phase_u_v,5001128,1786326472726,7.677,V
serial:COM8/phase_v_v,5001128,1786326472726,7.693,V
serial:COM8/phase_w_v,5001128,1786326472726,7.715,V
serial:COM8/motor_angle,5001130,1786326472726,131.18,deg
serial:COM8/phase_u_v,5001130,1786326472726,7.828,V
serial:COM8/phase_v_v,5001130,1786326472726,7.839,V
serial:COM8/phase_w_v,5001130,1786326472726,7.866,V
serial:COM8/motor_angle,5001132,1786326472726,131.15,deg
serial:COM8/phase_u_v,5001132,1786326472726,7.984,V
serial:COM8/phase_v_v,5001132,1786326472726,7.990,V
serial:COM8/phase_w_v,5001132,1786326472726,8.017,V
serial:COM8/motor_angle,5001134,1786326472726,131.15,deg
serial:COM8/phase_u_v,5001134,1786326472726,7.493,V
serial:COM8/phase_v_v,5001134,1786326472726,7.499,V
serial:COM8/phase_w_v,5001134,1786326472726,7.526,V
serial:COM8/motor_angle,5001136,1786326472726,131.13,deg
serial:COM8/phase_u_v,5001136,1786326472726,7.634,V
serial:COM8/phase_v_v,5001136,1786326472726,7.644,V
serial:COM8/phase_w_v,5001136,1786326472726,7.671,V
serial:COM8/motor_angle,5001138,1786326472726,131.11,deg
serial:COM8/phase_u_v,5001138,1786326472726,7.785,V
serial:COM8/phase_v_v,5001138,1786326472726,7.801,V
serial:COM8/phase_w_v,5001138,1786326472726,7.828,V
serial:COM8/motor_angle,5001140,1786326472726,131.15,deg
serial:COM8/phase_u_v,5001140,1786326472726,7.952,V
serial:COM8/phase_v_v,5001140,1786326472726,7.957,V
serial:COM8/phase_w_v,5001140,1786326472726,7.979,V
serial:COM8/motor_angle,5001142,1786326472726,131.11,deg
serial:COM8/phase_u_v,5001142,1786326472726,8.109,V
serial:COM8/phase_v_v,5001142,1786326472726,8.114,V
serial:COM8/phase_w_v,5001142,1786326472726,8.141,V
serial:COM8/motor_angle,5001144,1786326472726,131.13,deg
serial:COM8/phase_u_v,5001144,1786326472726,7.596,V
serial:COM8/phase_v_v,5001144,1786326472726,7.612,V
serial:COM8/phase_w_v,5001144,1786326472726,7.639,V
serial:COM8/motor_angle,5001146,1786326472726,131.15,deg
serial:COM8/phase_u_v,5001146,1786326472726,7.752,V
serial:COM8/phase_v_v,5001146,1786326472726,7.758,V
serial:COM8/phase_w_v,5001146,1786326472726,7.790,V
serial:COM8/motor_angle,5001148,1786326472726,131.15,deg
serial:COM8/phase_u_v,5001148,1786326472726,7.909,V
serial:COM8/phase_v_v,5001148,1786326472726,7.920,V
serial:COM8/phase_w_v,5001148,1786326472726,7.941,V
serial:COM8/motor_angle,5001150,1786326472726,131.15,deg
serial:COM8/phase_u_v,5001150,1786326472726,8.060,V
serial:COM8/phase_v_v,5001150,1786326472726,8.082,V
serial:COM8/phase_w_v,5001150,1786326472726,8.098,V
serial:COM8/motor_angle,5001152,1786326472726,131.15,deg
serial:COM8/phase_u_v,5001152,1786326472726,7.563,V
serial:COM8/phase_v_v,5001152,1786326472726,7.574,V
serial:COM8/phase_w_v,5001152,1786326472726,7.596,V
serial:COM8/motor_angle,5001154,1786326472726,131.11,deg
serial:COM8/phase_u_v,5001154,1786326472726,7.709,V
serial:COM8/phase_v_v,5001154,1786326472726,7.720,V
serial:COM8/phase_w_v,5001154,1786326472726,7.752,V
serial:COM8/motor_angle,5001156,1786326472726,131.13,deg
serial:COM8/phase_u_v,5001156,1786326472726,7.866,V
serial:COM8/phase_v_v,5001156,1786326472726,7.876,V
serial:COM8/phase_w_v,5001156,1786326472726,7.898,V
serial:COM8/motor_angle,5001158,1786326472726,131.18,deg
serial:COM8/phase_u_v,5001158,1786326472726,8.022,V
serial:COM8/phase_v_v,5001158,1786326472726,8.022,V
serial:COM8/phase_w_v,5001158,1786326472726,8.065,V
serial:COM8/motor_angle,5001160,1786326472726,131.09,deg
serial:COM8/phase_u_v,5001160,1786326472726,7.526,V
serial:COM8/phase_v_v,5001160,1786326472726,7.536,V
serial:COM8/phase_w_v,5001160,1786326472726,7.553,V
serial:COM8/motor_angle,5001162,1786326472726,131.13,deg
serial:COM8/phase_u_v,5001162,1786326472726,7.677,V
serial:COM8/phase_v_v,5001162,1786326472726,7.682,V
serial:COM8/phase_w_v,5001162,1786326472726,7.704,V
serial:COM8/motor_angle,5001164,1786326472726,131.09,deg
serial:COM8/phase_u_v,5001164,1786326472726,7.817,V
serial:COM8/phase_v_v,5001164,1786326472726,7.833,V
serial:COM8/phase_w_v,5001164,1786326472726,7.855,V
serial:COM8/motor_angle,5001166,1786326472726,131.11,deg
serial:COM8/phase_u_v,5001166,1786326472726,7.979,V
serial:COM8/phase_v_v,5001166,1786326472726,7.990,V
serial:COM8/phase_w_v,5001166,1786326472726,8.022,V
serial:COM8/motor_angle,5001168,1786326472726,131.13,deg
serial:COM8/phase_u_v,5001168,1786326472726,7.482,V
serial:COM8/phase_v_v,5001168,1786326472726,7.493,V
serial:COM8/phase_w_v,5001168,1786326472726,7.515,V
serial:COM8/motor_angle,5001170,1786326472726,131.13,deg
serial:COM8/phase_u_v,5001170,1786326472726,7.634,V
serial:COM8/phase_v_v,5001170,1786326472726,7.644,V
serial:COM8/phase_w_v,5001170,1786326472726,7.666,V
serial:COM8/motor_angle,5001172,1786326472726,131.13,deg
serial:COM8/phase_u_v,5001172,1786326472726,7.785,V
serial:COM8/phase_v_v,5001172,1786326472726,7.790,V
serial:COM8/phase_w_v,5001172,1786326472726,7.822,V
serial:COM8/motor_angle,5001174,1786326472726,131.11,deg
serial:COM8/phase_u_v,5001174,1786326472726,7.936,V
serial:COM8/phase_v_v,5001174,1786326472726,7.947,V
serial:COM8/phase_w_v,5001174,1786326472726,7.974,V
serial:COM8/motor_angle,5001176,1786326472726,131.11,deg
serial:COM8/phase_u_v,5001176,1786326472726,8.098,V
serial:COM8/phase_v_v,5001176,1786326472726,8.103,V
serial:COM8/phase_w_v,5001176,1786326472726,8.130,V
serial:COM8/motor_angle,5001178,1786326472726,131.07,deg
serial:COM8/phase_u_v,5001178,1786326472726,7.590,V
serial:COM8/phase_v_v,5001178,1786326472726,7.607,V
serial:COM8/phase_w_v,5001178,1786326472726,7.628,V
serial:COM8/motor_angle,5001180,1786326472798,131.15,deg
serial:COM8/phase_u_v,5001180,1786326472798,7.736,V
serial:COM8/phase_v_v,5001180,1786326472798,7.752,V
serial:COM8/phase_w_v,5001180,1786326472798,7.768,V
serial:COM8/motor_angle,5001182,1786326472798,131.13,deg
serial:COM8/phase_u_v,5001182,1786326472798,7.893,V
serial:COM8/phase_v_v,5001182,1786326472798,7.903,V
serial:COM8/phase_w_v,5001182,1786326472798,7.930,V
serial:COM8/motor_angle,5001184,1786326472798,131.15,deg
serial:COM8/phase_u_v,5001184,1786326472798,8.055,V
serial:COM8/phase_v_v,5001184,1786326472798,8.065,V
serial:COM8/phase_w_v,5001184,1786326472798,8.092,V
serial:COM8/motor_angle,5001186,1786326472798,131.13,deg
serial:COM8/phase_u_v,5001186,1786326472798,7.553,V
serial:COM8/phase_v_v,5001186,1786326472798,7.563,V
serial:COM8/phase_w_v,5001186,1786326472798,7.585,V
serial:COM8/motor_angle,5001188,1786326472798,131.15,deg
serial:COM8/phase_u_v,5001188,1786326472798,7.704,V
serial:COM8/phase_v_v,5001188,1786326472798,7.709,V
serial:COM8/phase_w_v,5001188,1786326472798,7.742,V
serial:COM8/motor_angle,5001190,1786326472798,131.07,deg
serial:COM8/phase_u_v,5001190,1786326472798,7.866,V
serial:COM8/phase_v_v,5001190,1786326472798,7.876,V
serial:COM8/phase_w_v,5001190,1786326472798,7.893,V
serial:COM8/motor_angle,5001192,1786326472798,131.15,deg
serial:COM8/phase_u_v,5001192,1786326472798,8.017,V
serial:COM8/phase_v_v,5001192,1786326472798,8.022,V
serial:COM8/phase_w_v,5001192,1786326472798,8.049,V
serial:COM8/motor_angle,5001194,1786326472798,131.09,deg
serial:COM8/phase_u_v,5001194,1786326472798,7.509,V
serial:COM8/phase_v_v,5001194,1786326472798,7.526,V
serial:COM8/phase_w_v,5001194,1786326472798,7.547,V
serial:COM8/motor_angle,5001196,1786326472798,131.13,deg
serial:COM8/phase_u_v,5001196,1786326472798,7.666,V
serial:COM8/phase_v_v,5001196,1786326472798,7.671,V
serial:COM8/phase_w_v,5001196,1786326472798,7.698,V
serial:COM8/motor_angle,5001198,1786326472798,131.13,deg
serial:COM8/phase_u_v,5001198,1786326472798,7.828,V
serial:COM8/phase_v_v,5001198,1786326472798,7.822,V
serial:COM8/phase_w_v,5001198,1786326472798,7.855,V
serial:COM8/motor_angle,5001200,1786326472798,131.15,deg
serial:COM8/phase_u_v,5001200,1786326472798,7.968,V
serial:COM8/phase_v_v,5001200,1786326472798,7.974,V
serial:COM8/phase_w_v,5001200,1786326472798,8.006,V
serial:COM8/motor_angle,5001202,1786326472798,131.13,deg
serial:COM8/phase_u_v,5001202,1786326472798,8.141,V
serial:COM8/phase_v_v,5001202,1786326472798,8.152,V
serial:COM8/phase_w_v,5001202,1786326472798,8.168,V
serial:COM8/motor_angle,5001204,1786326472798,131.13,deg
serial:COM8/phase_u_v,5001204,1786326472798,7.628,V
serial:COM8/phase_v_v,5001204,1786326472798,7.634,V
serial:COM8/phase_w_v,5001204,1786326472798,7.655,V
serial:COM8/motor_angle,5001206,1786326472798,131.13,deg
serial:COM8/phase_u_v,5001206,1786326472798,7.785,V
serial:COM8/phase_v_v,5001206,1786326472798,7.785,V
serial:COM8/phase_w_v,5001206,1786326472798,7.812,V
serial:COM8/motor_angle,5001208,1786326472798,131.13,deg
serial:COM8/phase_u_v,5001208,1786326472798,7.930,V
serial:COM8/phase_v_v,5001208,1786326472798,7.941,V
serial:COM8/phase_w_v,5001208,1786326472798,7.968,V
serial:COM8/motor_angle,5001210,1786326472798,131.13,deg
serial:COM8/phase_u_v,5001210,1786326472798,8.092,V
serial:COM8/phase_v_v,5001210,1786326472798,8.103,V
serial:COM8/phase_w_v,5001210,1786326472798,8.130,V
serial:COM8/motor_angle,5001212,1786326472798,131.11,deg
serial:COM8/phase_u_v,5001212,1786326472798,7.590,V
serial:COM8/phase_v_v,5001212,1786326472798,7.596,V
serial:COM8/phase_w_v,5001212,1786326472798,7.623,V
serial:COM8/motor_angle,5001214,1786326472798,131.11,deg
serial:COM8/phase_u_v,5001214,1786326472798,7.747,V
serial:COM8/phase_v_v,5001214,1786326472798,7.747,V
serial:COM8/phase_w_v,5001214,1786326472798,7.774,V
serial:COM8/motor_angle,5001216,1786326472798,131.18,deg
serial:COM8/phase_u_v,5001216,1786326472798,7.893,V
serial:COM8/phase_v_v,5001216,1786326472798,7.898,V
serial:COM8/phase_w_v,5001216,1786326472798,7.930,V
serial:COM8/motor_angle,5001218,1786326472798,131.13,deg
serial:COM8/phase_u_v,5001218,1786326472798,8.055,V
serial:COM8/phase_v_v,5001218,1786326472798,8.055,V
serial:COM8/phase_w_v,5001218,1786326472798,8.082,V
serial:COM8/motor_angle,5001220,1786326472798,131.18,deg
serial:COM8/phase_u_v,5001220,1786326472798,7.547,V
serial:COM8/phase_v_v,5001220,1786326472798,7.563,V
serial:COM8/phase_w_v,5001220,1786326472798,7.585,V
serial:COM8/motor_angle,5001222,1786326472798,131.09,deg
serial:COM8/phase_u_v,5001222,1786326472798,7.704,V
serial:COM8/phase_v_v,5001222,1786326472798,7.715,V
serial:COM8/phase_w_v,5001222,1786326472798,7.725,V
serial:COM8/motor_angle,5001224,1786326472798,131.18,deg
serial:COM8/phase_u_v,5001224,1786326472798,7.855,V
serial:COM8/phase_v_v,5001224,1786326472798,7.860,V
serial:COM8/phase_w_v,5001224,1786326472798,7.893,V
serial:COM8/motor_angle,5001226,1786326472798,131.15,deg
serial:COM8/phase_u_v,5001226,1786326472798,8.011,V
serial:COM8/phase_v_v,5001226,1786326472798,8.033,V
serial:COM8/phase_w_v,5001226,1786326472798,8.049,V
serial:COM8/motor_angle,5001228,1786326472798,131.13,deg
serial:COM8/phase_u_v,5001228,1786326472798,7.504,V
serial:COM8/phase_v_v,5001228,1786326472798,7.526,V
serial:COM8/phase_w_v,5001228,1786326472798,7.547,V
serial:COM8/motor_angle,5001230,1786326472798,131.11,deg
serial:COM8/phase_u_v,5001230,1786326472798,7.661,V
serial:COM8/phase_v_v,5001230,1786326472798,7.671,V
serial:COM8/phase_w_v,5001230,1786326472798,7.693,V
serial:COM8/motor_angle,5001232,1786326472798,131.13,deg
serial:COM8/phase_u_v,5001232,1786326472798,7.812,V
serial:COM8/phase_v_v,5001232,1786326472798,7.817,V
serial:COM8/phase_w_v,5001232,1786326472798,7.844,V
serial:COM8/motor_angle,5001234,1786326472798,131.09,deg
serial:COM8/phase_u_v,5001234,1786326472798,7.974,V
serial:COM8/phase_v_v,5001234,1786326472798,7.979,V
serial:COM8/phase_w_v,5001234,1786326472798,8.001,V
serial:COM8/motor_angle,5001236,1786326472798,131.13,deg
serial:COM8/phase_u_v,5001236,1786326472798,8.141,V
serial:COM8/phase_v_v,5001236,1786326472798,8.141,V
serial:COM8/phase_w_v,5001236,1786326472798,8.168,V
serial:COM8/motor_angle,5001238,1786326472798,131.20,deg
serial:COM8/phase_u_v,5001238,1786326472798,7.623,V
serial:COM8/phase_v_v,5001238,1786326472798,7.634,V
serial:COM8/phase_w_v,5001238,1786326472798,7.661,V
serial:COM8/motor_angle,5001240,1786326472798,131.13,deg
serial:COM8/phase_u_v,5001240,1786326472798,7.779,V
serial:COM8/phase_v_v,5001240,1786326472798,7.790,V
serial:COM8/phase_w_v,5001240,1786326472798,7.806,V
serial:COM8/motor_angle,5001242,1786326472798,131.15,deg
serial:COM8/phase_u_v,5001242,1786326472798,7.936,V
serial:COM8/phase_v_v,5001242,1786326472798,7.941,V
serial:COM8/phase_w_v,5001242,1786326472798,7.963,V
serial:COM8/motor_angle,5001244,1786326472798,131.15,deg
serial:COM8/phase_u_v,5001244,1786326472798,8.082,V
serial:COM8/phase_v_v,5001244,1786326472798,8.098,V
serial:COM8/phase_w_v,5001244,1786326472798,8.130,V
serial:COM8/motor_angle,5001246,1786326472798,131.15,deg
serial:COM8/phase_u_v,5001246,1786326472798,7.585,V
serial:COM8/phase_v_v,5001246,1786326472798,7.596,V
serial:COM8/phase_w_v,5001246,1786326472798,7.617,V
serial:COM8/motor_angle,5001248,1786326472798,131.13,deg
serial:COM8/phase_u_v,5001248,1786326472798,7.742,V
serial:COM8/phase_v_v,5001248,1786326472798,7.742,V
serial:COM8/phase_w_v,5001248,1786326472798,7.768,V
serial:COM8/motor_angle,5001250,1786326472798,131.15,deg
serial:COM8/phase_u_v,5001250,1786326472798,7.893,V
serial:COM8/phase_v_v,5001250,1786326472798,7.898,V
serial:COM8/phase_w_v,5001250,1786326472798,7.925,V
serial:COM8/motor_angle,5001252,1786326472872,131.11,deg
serial:COM8/phase_u_v,5001252,1786326472872,8.044,V
serial:COM8/phase_v_v,5001252,1786326472872,8.055,V
serial:COM8/phase_w_v,5001252,1786326472872,8.087,V
serial:COM8/motor_angle,5001254,1786326472872,131.15,deg
serial:COM8/phase_u_v,5001254,1786326472872,7.542,V
serial:COM8/phase_v_v,5001254,1786326472872,7.553,V
serial:COM8/phase_w_v,5001254,1786326472872,7.580,V
serial:COM8/motor_angle,5001256,1786326472872,131.13,deg
serial:COM8/phase_u_v,5001256,1786326472872,7.693,V
serial:COM8/phase_v_v,5001256,1786326472872,7.704,V
serial:COM8/phase_w_v,5001256,1786326472872,7.731,V
serial:COM8/motor_angle,5001258,1786326472872,131.13,deg
serial:COM8/phase_u_v,5001258,1786326472872,7.844,V
serial:COM8/phase_v_v,5001258,1786326472872,7.855,V
serial:COM8/phase_w_v,5001258,1786326472872,7.882,V
serial:COM8/motor_angle,5001260,1786326472872,131.11,deg
serial:COM8/phase_u_v,5001260,1786326472872,8.001,V
serial:COM8/phase_v_v,5001260,1786326472872,8.011,V
serial:COM8/phase_w_v,5001260,1786326472872,8.033,V
serial:COM8/motor_angle,5001262,1786326472872,131.15,deg
serial:COM8/phase_u_v,5001262,1786326472872,7.504,V
serial:COM8/phase_v_v,5001262,1786326472872,7.515,V
serial:COM8/phase_w_v,5001262,1786326472872,7.531,V
serial:COM8/motor_angle,5001264,1786326472872,131.18,deg
serial:COM8/phase_u_v,5001264,1786326472872,7.661,V
serial:COM8/phase_v_v,5001264,1786326472872,7.661,V
serial:COM8/phase_w_v,5001264,1786326472872,7.682,V
serial:COM8/motor_angle,5001266,1786326472872,131.13,deg
serial:COM8/phase_u_v,5001266,1786326472872,7.812,V
serial:COM8/phase_v_v,5001266,1786326472872,7.817,V
serial:COM8/phase_w_v,5001266,1786326472872,7.839,V
serial:COM8/motor_angle,5001268,1786326472872,131.09,deg
serial:COM8/phase_u_v,5001268,1786326472872,7.963,V
serial:COM8/phase_v_v,5001268,1786326472872,7.974,V
serial:COM8/phase_w_v,5001268,1786326472872,7.995,V
serial:COM8/motor_angle,5001270,1786326472872,131.13,deg
serial:COM8/phase_u_v,5001270,1786326472872,8.114,V
serial:COM8/phase_v_v,5001270,1786326472872,8.136,V
serial:COM8/phase_w_v,5001270,1786326472872,8.163,V
serial:COM8/motor_angle,5001272,1786326472872,131.18,deg
serial:COM8/phase_u_v,5001272,1786326472872,7.617,V
serial:COM8/phase_v_v,5001272,1786326472872,7.623,V
serial:COM8/phase_w_v,5001272,1786326472872,7.650,V
serial:COM8/motor_angle,5001274,1786326472872,131.13,deg
serial:COM8/phase_u_v,5001274,1786326472872,7.768,V
serial:COM8/phase_v_v,5001274,1786326472872,7.779,V
serial:COM8/phase_w_v,5001274,1786326472872,7.801,V
serial:COM8/motor_angle,5001276,1786326472872,131.15,deg
serial:COM8/phase_u_v,5001276,1786326472872,7.920,V
serial:COM8/phase_v_v,5001276,1786326472872,7.936,V
serial:COM8/phase_w_v,5001276,1786326472872,7.957,V
serial:COM8/motor_angle,5001278,1786326472872,131.13,deg
serial:COM8/phase_u_v,5001278,1786326472872,8.082,V
serial:COM8/phase_v_v,5001278,1786326472872,8.087,V
serial:COM8/phase_w_v,5001278,1786326472872,8.114,V
serial:COM8/motor_angle,5001280,1786326472872,131.18,deg
serial:COM8/phase_u_v,5001280,1786326472872,7.574,V
serial:COM8/phase_v_v,5001280,1786326472872,7.574,V
serial:COM8/phase_w_v,5001280,1786326472872,7.617,V
serial:COM8/motor_angle,5001282,1786326472872,131.09,deg
serial:COM8/phase_u_v,5001282,1786326472872,7.725,V
serial:COM8/phase_v_v,5001282,1786326472872,7.736,V
serial:COM8/phase_w_v,5001282,1786326472872,7.758,V
serial:COM8/motor_angle,5001284,1786326472872,131.07,deg
serial:COM8/phase_u_v,5001284,1786326472872,7.876,V
serial:COM8/phase_v_v,5001284,1786326472872,7.893,V
serial:COM8/phase_w_v,5001284,1786326472872,7.920,V
serial:COM8/motor_angle,5001286,1786326472872,131.11,deg
serial:COM8/phase_u_v,5001286,1786326472872,8.038,V
serial:COM8/phase_v_v,5001286,1786326472872,8.049,V
serial:COM8/phase_w_v,5001286,1786326472872,8.082,V
serial:COM8/motor_angle,5001288,1786326472872,131.07,deg
serial:COM8/phase_u_v,5001288,1786326472872,7.531,V
serial:COM8/phase_v_v,5001288,1786326472872,7.553,V
serial:COM8/phase_w_v,5001288,1786326472872,7.574,V
serial:COM8/motor_angle,5001290,1786326472872,131.22,deg
serial:COM8/phase_u_v,5001290,1786326472872,7.698,V
serial:COM8/phase_v_v,5001290,1786326472872,7.698,V
serial:COM8/phase_w_v,5001290,1786326472872,7.715,V
serial:COM8/motor_angle,5001292,1786326472872,131.15,deg
serial:COM8/phase_u_v,5001292,1786326472872,7.844,V
serial:COM8/phase_v_v,5001292,1786326472872,7.855,V
serial:COM8/phase_w_v,5001292,1786326472872,7.876,V
serial:COM8/motor_angle,5001294,1786326472872,131.13,deg
serial:COM8/phase_u_v,5001294,1786326472872,8.001,V
serial:COM8/phase_v_v,5001294,1786326472872,8.022,V
serial:COM8/phase_w_v,5001294,1786326472872,8.038,V
serial:COM8/motor_angle,5001296,1786326472872,131.15,deg
serial:COM8/phase_u_v,5001296,1786326472872,7.504,V
serial:COM8/phase_v_v,5001296,1786326472872,7.509,V
serial:COM8/phase_w_v,5001296,1786326472872,7.547,V
serial:COM8/motor_angle,5001298,1786326472872,131.11,deg
serial:COM8/phase_u_v,5001298,1786326472872,7.655,V
serial:COM8/phase_v_v,5001298,1786326472872,7.655,V
serial:COM8/phase_w_v,5001298,1786326472872,7.688,V
serial:COM8/motor_angle,5001300,1786326472872,131.11,deg
serial:COM8/phase_u_v,5001300,1786326472872,7.806,V
serial:COM8/phase_v_v,5001300,1786326472872,7.812,V
serial:COM8/phase_w_v,5001300,1786326472872,7.844,V
serial:COM8/motor_angle,5001302,1786326472872,131.15,deg
serial:COM8/phase_u_v,5001302,1786326472872,7.963,V
serial:COM8/phase_v_v,5001302,1786326472872,7.963,V
serial:COM8/phase_w_v,5001302,1786326472872,8.001,V
serial:COM8/motor_angle,5001304,1786326472872,131.13,deg
serial:COM8/phase_u_v,5001304,1786326472872,8.125,V
serial:COM8/phase_v_v,5001304,1786326472872,8.130,V
serial:COM8/phase_w_v,5001304,1786326472872,8.157,V
serial:COM8/motor_angle,5001306,1786326472872,131.15,deg
serial:COM8/phase_u_v,5001306,1786326472872,7.612,V
serial:COM8/phase_v_v,5001306,1786326472872,7.628,V
serial:COM8/phase_w_v,5001306,1786326472872,7.650,V
serial:COM8/motor_angle,5001308,1786326472872,131.09,deg
serial:COM8/phase_u_v,5001308,1786326472872,7.758,V
serial:COM8/phase_v_v,5001308,1786326472872,7.774,V
serial:COM8/phase_w_v,5001308,1786326472872,7.806,V
serial:COM8/motor_angle,5001310,1786326472872,131.13,deg
serial:COM8/phase_u_v,5001310,1786326472872,7.920,V
serial:COM8/phase_v_v,5001310,1786326472872,7.936,V
serial:COM8/phase_w_v,5001310,1786326472872,7.963,V
serial:COM8/motor_angle,5001312,1786326472872,131.18,deg
serial:COM8/phase_u_v,5001312,1786326472872,8.071,V
serial:COM8/phase_v_v,5001312,1786326472872,8.082,V
serial:COM8/phase_w_v,5001312,1786326472872,8.114,V
serial:COM8/motor_angle,5001314,1786326472872,131.13,deg
serial:COM8/phase_u_v,5001314,1786326472872,7.574,V
serial:COM8/phase_v_v,5001314,1786326472872,7.580,V
serial:COM8/phase_w_v,5001314,1786326472872,7.612,V
serial:COM8/motor_angle,5001316,1786326472872,131.15,deg
serial:COM8/phase_u_v,5001316,1786326472872,7.725,V
serial:COM8/phase_v_v,5001316,1786326472872,7.736,V
serial:COM8/phase_w_v,5001316,1786326472872,7.763,V
serial:COM8/motor_angle,5001318,1786326472872,131.13,deg
serial:COM8/phase_u_v,5001318,1786326472872,7.876,V
serial:COM8/phase_v_v,5001318,1786326472872,7.887,V
serial:COM8/phase_w_v,5001318,1786326472872,7.920,V
serial:COM8/motor_angle,5001320,1786326472872,131.13,deg
serial:COM8/phase_u_v,5001320,1786326472872,8.038,V
serial:COM8/phase_v_v,5001320,1786326472872,8.044,V
serial:COM8/phase_w_v,5001320,1786326472872,8.071,V
serial:COM8/motor_angle,5001322,1786326472872,131.13,deg
serial:COM8/phase_u_v,5001322,1786326472872,7.531,V
serial:COM8/phase_v_v,5001322,1786326472872,7.542,V
serial:COM8/phase_w_v,5001322,1786326472872,7.569,V
serial:COM8/motor_angle,5001324,1786326472872,131.15,deg
serial:COM8/phase_u_v,5001324,1786326472872,7.682,V
serial:COM8/phase_v_v,5001324,1786326472872,7.693,V
serial:COM8/phase_w_v,5001324,1786326472872,7.720,V
serial:COM8/motor_angle,5001326,1786326472944,131.11,deg
serial:COM8/phase_u_v,5001326,1786326472944,7.839,V
serial:COM8/phase_v_v,5001326,1786326472944,7.844,V
serial:COM8/phase_w_v,5001326,1786326472944,7.876,V
serial:COM8/motor_angle,5001328,1786326472944,131.11,deg
serial:COM8/phase_u_v,5001328,1786326472944,7.990,V
serial:COM8/phase_v_v,5001328,1786326472944,8.006,V
serial:COM8/phase_w_v,5001328,1786326472944,8.028,V
serial:COM8/motor_angle,5001330,1786326472944,131.11,deg
serial:COM8/phase_u_v,5001330,1786326472944,7.493,V
serial:COM8/phase_v_v,5001330,1786326472944,7.504,V
serial:COM8/phase_w_v,5001330,1786326472944,7.531,V
serial:COM8/motor_angle,5001332,1786326472944,131.13,deg
serial:COM8/phase_u_v,5001332,1786326472944,7.650,V
serial:COM8/phase_v_v,5001332,1786326472944,7.661,V
serial:COM8/phase_w_v,5001332,1786326472944,7.682,V
serial:COM8/motor_angle,5001334,1786326472944,131.15,deg
serial:COM8/phase_u_v,5001334,1786326472944,7.795,V
serial:COM8/phase_v_v,5001334,1786326472944,7.812,V
serial:COM8/phase_w_v,5001334,1786326472944,7.833,V
serial:COM8/motor_angle,5001336,1786326472944,131.18,deg
serial:COM8/phase_u_v,5001336,1786326472944,7.947,V
serial:COM8/phase_v_v,5001336,1786326472944,7.968,V
serial:COM8/phase_w_v,5001336,1786326472944,7.990,V
serial:COM8/motor_angle,5001338,1786326472944,131.09,deg
serial:COM8/phase_u_v,5001338,1786326472944,8.109,V
serial:COM8/phase_v_v,5001338,1786326472944,8.119,V
serial:COM8/phase_w_v,5001338,1786326472944,8.146,V
serial:COM8/motor_angle,5001340,1786326472944,131.11,deg
serial:COM8/phase_u_v,5001340,1786326472944,7.607,V
serial:COM8/phase_v_v,5001340,1786326472944,7.607,V
serial:COM8/phase_w_v,5001340,1786326472944,7.639,V
serial:COM8/motor_angle,5001342,1786326472944,131.20,deg
serial:COM8/phase_u_v,5001342,1786326472944,7.752,V
serial:COM8/phase_v_v,5001342,1786326472944,7.763,V
serial:COM8/phase_w_v,5001342,1786326472944,7.790,V
serial:COM8/motor_angle,5001344,1786326472944,131.13,deg
serial:COM8/phase_u_v,5001344,1786326472944,7.920,V
serial:COM8/phase_v_v,5001344,1786326472944,7.914,V
serial:COM8/phase_w_v,5001344,1786326472944,7.947,V
serial:COM8/motor_angle,5001346,1786326472944,131.15,deg
serial:COM8/phase_u_v,5001346,1786326472944,8.071,V
serial:COM8/phase_v_v,5001346,1786326472944,8.076,V
serial:COM8/phase_w_v,5001346,1786326472944,8.109,V
serial:COM8/motor_angle,5001348,1786326472944,131.13,deg
serial:COM8/phase_u_v,5001348,1786326472944,7.574,V
serial:COM8/phase_v_v,5001348,1786326472944,7.585,V
serial:COM8/phase_w_v,5001348,1786326472944,7.601,V
serial:COM8/motor_angle,5001350,1786326472944,131.13,deg
serial:COM8/phase_u_v,5001350,1786326472944,7.725,V
serial:COM8/phase_v_v,5001350,1786326472944,7.731,V
serial:COM8/phase_w_v,5001350,1786326472944,7.752,V
serial:COM8/motor_angle,5001352,1786326472944,131.11,deg
serial:COM8/phase_u_v,5001352,1786326472944,7.876,V
serial:COM8/phase_v_v,5001352,1786326472944,7.882,V
serial:COM8/phase_w_v,5001352,1786326472944,7.914,V
serial:COM8/motor_angle,5001354,1786326472944,131.09,deg
serial:COM8/phase_u_v,5001354,1786326472944,8.028,V
serial:COM8/phase_v_v,5001354,1786326472944,8.049,V
serial:COM8/phase_w_v,5001354,1786326472944,8.065,V
serial:COM8/motor_angle,5001356,1786326472944,131.15,deg
serial:COM8/phase_u_v,5001356,1786326472944,7.536,V
serial:COM8/phase_v_v,5001356,1786326472944,7.536,V
serial:COM8/phase_w_v,5001356,1786326472944,7.558,V
serial:COM8/motor_angle,5001358,1786326472944,131.13,deg
serial:COM8/phase_u_v,5001358,1786326472944,7.677,V
serial:COM8/phase_v_v,5001358,1786326472944,7.688,V
serial:COM8/phase_w_v,5001358,1786326472944,7.715,V
serial:COM8/motor_angle,5001360,1786326472944,131.18,deg
serial:COM8/phase_u_v,5001360,1786326472944,7.828,V
serial:COM8/phase_v_v,5001360,1786326472944,7.839,V
serial:COM8/phase_w_v,5001360,1786326472944,7.860,V
serial:COM8/motor_angle,5001362,1786326472944,131.11,deg
serial:COM8/phase_u_v,5001362,1786326472944,7.984,V
serial:COM8/phase_v_v,5001362,1786326472944,7.990,V
serial:COM8/phase_w_v,5001362,1786326472944,8.022,V
serial:COM8/motor_angle,5001364,1786326472944,131.09,deg
serial:COM8/phase_u_v,5001364,1786326472944,7.493,V
serial:COM8/phase_v_v,5001364,1786326472944,7.493,V
serial:COM8/phase_w_v,5001364,1786326472944,7.520,V
serial:COM8/motor_angle,5001366,1786326472944,131.13,deg
serial:COM8/phase_u_v,5001366,1786326472944,7.639,V
serial:COM8/phase_v_v,5001366,1786326472944,7.644,V
serial:COM8/phase_w_v,5001366,1786326472944,7.671,V
serial:COM8/motor_angle,5001368,1786326472944,131.13,deg
serial:COM8/phase_u_v,5001368,1786326472944,7.785,V
serial:COM8/phase_v_v,5001368,1786326472944,7.801,V
serial:COM8/phase_w_v,5001368,1786326472944,7.822,V
serial:COM8/motor_angle,5001370,1786326472944,131.13,deg
serial:COM8/phase_u_v,5001370,1786326472944,7.947,V
serial:COM8/phase_v_v,5001370,1786326472944,7.952,V
serial:COM8/phase_w_v,5001370,1786326472944,7.979,V
serial:COM8/motor_angle,5001372,1786326472944,131.07,deg
serial:COM8/phase_u_v,5001372,1786326472944,8.114,V
serial:COM8/phase_v_v,5001372,1786326472944,8.114,V
serial:COM8/phase_w_v,5001372,1786326472944,8.136,V
serial:COM8/motor_angle,5001374,1786326472944,131.18,deg
serial:COM8/phase_u_v,5001374,1786326472944,7.596,V
serial:COM8/phase_v_v,5001374,1786326472944,7.612,V
serial:COM8/phase_w_v,5001374,1786326472944,7.639,V
serial:COM8/motor_angle,5001376,1786326472944,131.15,deg
serial:COM8/phase_u_v,5001376,1786326472944,7.758,V
serial:COM8/phase_v_v,5001376,1786326472944,7.763,V
serial:COM8/phase_w_v,5001376,1786326472944,7.779,V
serial:COM8/motor_angle,5001378,1786326472944,131.15,deg
serial:COM8/phase_u_v,5001378,1786326472944,7.909,V
serial:COM8/phase_v_v,5001378,1786326472944,7.914,V
serial:COM8/phase_w_v,5001378,1786326472944,7.941,V
serial:COM8/motor_angle,5001380,1786326472944,131.11,deg
serial:COM8/phase_u_v,5001380,1786326472944,8.060,V
serial:COM8/phase_v_v,5001380,1786326472944,8.071,V
serial:COM8/phase_w_v,5001380,1786326472944,8.098,V
serial:COM8/motor_angle,5001382,1786326472944,131.09,deg
serial:COM8/phase_u_v,5001382,1786326472944,7.563,V
serial:COM8/phase_v_v,5001382,1786326472944,7.558,V
serial:COM8/phase_w_v,5001382,1786326472944,7.596,V
serial:COM8/motor_angle,5001384,1786326472944,131.18,deg
serial:COM8/phase_u_v,5001384,1786326472944,7.704,V
serial:COM8/phase_v_v,5001384,1786326472944,7.725,V
serial:COM8/phase_w_v,5001384,1786326472944,7.742,V
serial:COM8/motor_angle,5001386,1786326472944,131.20,deg
serial:COM8/phase_u_v,5001386,1786326472944,7.860,V
serial:COM8/phase_v_v,5001386,1786326472944,7.871,V
serial:COM8/phase_w_v,5001386,1786326472944,7.898,V
serial:COM8/motor_angle,5001388,1786326472944,131.09,deg
serial:COM8/phase_u_v,5001388,1786326472944,8.022,V
serial:COM8/phase_v_v,5001388,1786326472944,8.028,V
serial:COM8/phase_w_v,5001388,1786326472944,8.049,V
serial:COM8/motor_angle,5001390,1786326472944,131.13,deg
serial:COM8/phase_u_v,5001390,1786326472944,7.520,V
serial:COM8/phase_v_v,5001390,1786326472944,7.531,V
serial:COM8/phase_w_v,5001390,1786326472944,7.553,V
serial:COM8/motor_angle,5001392,1786326472944,131.13,deg
serial:COM8/phase_u_v,5001392,1786326472944,7.666,V
serial:COM8/phase_v_v,5001392,1786326472944,7.682,V
serial:COM8/phase_w_v,5001392,1786326472944,7.704,V
serial:COM8/motor_angle,5001394,1786326472944,131.13,deg
serial:COM8/phase_u_v,5001394,1786326472944,7.822,V
serial:COM8/phase_v_v,5001394,1786326472944,7.839,V
serial:COM8/phase_w_v,5001394,1786326472944,7.860,V
serial:COM8/motor_angle,5001396,1786326472944,131.15,deg
serial:COM8/phase_u_v,5001396,1786326472944,7.979,V
serial:COM8/phase_v_v,5001396,1786326472944,7.995,V
serial:COM8/phase_w_v,5001396,1786326472944,8.011,V
