signalName,t,tWall,value,unit
serial:COM8/dial_raw,1619036,1785394306059,9146,
serial:COM8/dial_raw,1619038,1785394306061,9149,
serial:COM8/dial_raw,1619040,1785394306064,9147,
serial:COM8/dial_raw,1619042,1785394306065,9147,
serial:COM8/dial_raw,1619044,1785394306067,9147,
serial:COM8/dial_raw,1619046,1785394306069,9147,
serial:COM8/dial_raw,1619048,1785394306071,9149,
serial:COM8/dial_raw,1619050,1785394306074,9148,
serial:COM8/dial_raw,1619052,1785394306075,9147,
serial:COM8/dial_raw,1619054,1785394306077,9147,
serial:COM8/dial_raw,1619056,1785394306079,9146,
serial:COM8/dial_raw,1619058,1785394306081,9150,
serial:COM8/dial_raw,1619060,1785394306084,9150,
serial:COM8/dial_raw,1619062,1785394306085,9147,
serial:COM8/dial_raw,1619064,1785394306087,9147,
serial:COM8/dial_raw,1619066,1785394306089,9147,
serial:COM8/dial_raw,1619068,1785394306091,9147,
serial:COM8/dial_raw,1619070,1785394306094,9145,
serial:COM8/dial_raw,1619072,1785394306095,9144,
serial:COM8/dial_raw,1619074,1785394306097,9149,
serial:COM8/dial_raw,1619076,1785394306099,9149,
serial:COM8/dial_raw,1619078,1785394306101,9147,
serial:COM8/dial_raw,1619080,1785394306104,9146,
serial:COM8/dial_raw,1619082,1785394306105,9147,
serial:COM8/dial_raw,1619084,1785394306107,9147,
serial:COM8/dial_raw,1619086,1785394306109,9148,
serial:COM8/dial_raw,1619088,1785394306111,9147,
serial:COM8/dial_raw,1619090,1785394306114,9148,
serial:COM8/dial_raw,1619092,1785394306115,9147,
serial:COM8/dial_raw,1619094,1785394306117,9147,
serial:COM8/dial_raw,1619096,1785394306119,9147,
serial:COM8/dial_raw,1619098,1785394306121,9148,
serial:COM8/dial_raw,1619100,1785394306124,9146,
serial:COM8/dial_raw,1619102,1785394306125,9146,
serial:COM8/dial_raw,1619104,1785394306127,9148,
serial:COM8/dial_raw,1619106,1785394306129,9148,
serial:COM8/dial_raw,1619108,1785394306131,9150,
serial:COM8/dial_raw,1619110,1785394306134,9148,
serial:COM8/dial_raw,1619112,1785394306135,9147,
serial:COM8/dial_raw,1619114,1785394306137,9146,
serial:COM8/dial_raw,1619116,1785394306139,9146,
serial:COM8/dial_raw,1619118,1785394306141,9145,
serial:COM8/dial_raw,1619120,1785394306144,9148,
serial:COM8/dial_raw,1619122,1785394306145,9147,
serial:COM8/dial_raw,1619124,1785394306147,9148,
serial:COM8/dial_raw,1619126,1785394306149,9146,
serial:COM8/dial_raw,1619128,1785394306151,9149,
serial:COM8/dial_raw,1619130,1785394306154,9147,
serial:COM8/dial_raw,1619132,1785394306158,9147,
serial:COM8/dial_raw,1619134,1785394306158,9147,
serial:COM8/dial_raw,1619136,1785394306159,9146,
serial:COM8/dial_raw,1619138,1785394306161,9148,
serial:COM8/dial_raw,1619140,1785394306164,9147,
serial:COM8/dial_raw,1619142,1785394306165,9148,
serial:COM8/dial_raw,1619144,1785394306167,9147,
serial:COM8/dial_raw,1619146,1785394306169,9151,
serial:COM8/dial_raw,1619148,1785394306171,9148,
serial:COM8/dial_raw,1619150,1785394306174,9148,
serial:COM8/dial_raw,1619152,1785394306175,9147,
serial:COM8/dial_raw,1619154,1785394306177,9148,
serial:COM8/dial_raw,1619156,1785394306179,9146,
serial:COM8/dial_raw,1619158,1785394306181,9147,
serial:COM8/dial_raw,1619160,1785394306184,9146,
serial:COM8/dial_raw,1619162,1785394306185,9147,
serial:COM8/dial_raw,1619164,1785394306187,9147,
serial:COM8/dial_raw,1619166,1785394306189,9148,
serial:COM8/dial_raw,1619168,1785394306191,9147,
serial:COM8/dial_raw,1619170,1785394306194,9146,
serial:COM8/dial_raw,1619172,1785394306195,9147,
serial:COM8/dial_raw,1619174,1785394306197,9147,
serial:COM8/dial_raw,1619176,1785394306199,9147,
serial:COM8/dial_raw,1619178,1785394306201,9147,
serial:COM8/dial_raw,1619180,1785394306204,9147,
serial:COM8/dial_raw,1619182,1785394306205,9148,
serial:COM8/dial_raw,1619184,1785394306207,9147,
serial:COM8/dial_raw,1619186,1785394306209,9148,
serial:COM8/dial_raw,1619188,1785394306211,9148,
serial:COM8/dial_raw,1619190,1785394306214,9147,
serial:COM8/dial_raw,1619192,1785394306215,9147,
serial:COM8/dial_raw,1619194,1785394306217,9148,
serial:COM8/dial_raw,1619196,1785394306219,9148,
serial:COM8/dial_raw,1619198,1785394306221,9146,
serial:COM8/dial_raw,1619200,1785394306224,9146,
serial:COM8/dial_raw,1619202,1785394306225,9147,
serial:COM8/dial_raw,1619204,1785394306227,9147,
serial:COM8/dial_raw,1619206,1785394306229,9149,
serial:COM8/dial_raw,1619208,1785394306231,9147,
serial:COM8/dial_raw,1619210,1785394306234,9147,
serial:COM8/dial_raw,1619212,1785394306235,9146,
serial:COM8/dial_raw,1619214,1785394306237,9150,
serial:COM8/dial_raw,1619216,1785394306239,9146,
serial:COM8/dial_raw,1619218,1785394306241,9147,
serial:COM8/dial_raw,1619220,1785394306244,9149,
serial:COM8/dial_raw,1619222,1785394306245,9147,
serial:COM8/dial_raw,1619224,1785394306247,9147,
serial:COM8/dial_raw,1619226,1785394306249,9147,
serial:COM8/dial_raw,1619228,1785394306251,9147,
serial:COM8/dial_raw,1619230,1785394306254,9148,
serial:COM8/dial_raw,1619232,1785394306255,9149,
serial:COM8/dial_raw,1619234,1785394306257,9147,
serial:COM8/dial_raw,1619236,1785394306259,9147,
serial:COM8/dial_raw,1619238,1785394306261,9147,
serial:COM8/dial_raw,1619240,1785394306264,9145,
serial:COM8/dial_raw,1619242,1785394306265,9148,
serial:COM8/dial_raw,1619244,1785394306267,9147,
serial:COM8/dial_raw,1619246,1785394306269,9145,
serial:COM8/dial_raw,1619248,1785394306271,9148,
serial:COM8/dial_raw,1619250,1785394306274,9150,
serial:COM8/dial_raw,1619252,1785394306275,9148,
serial:COM8/dial_raw,1619254,1785394306277,9149,
serial:COM8/dial_raw,1619256,1785394306279,9147,
serial:COM8/dial_raw,1619258,1785394306281,9147,
serial:COM8/dial_raw,1619260,1785394306284,9146,
serial:COM8/dial_raw,1619262,1785394306285,9149,
serial:COM8/dial_raw,1619264,1785394306287,9148,
serial:COM8/dial_raw,1619266,1785394306289,9148,
serial:COM8/dial_raw,1619268,1785394306291,9148,
serial:COM8/dial_raw,1619270,1785394306294,9149,
serial:COM8/dial_raw,1619272,1785394306295,9148,
serial:COM8/dial_raw,1619274,1785394306297,9148,
serial:COM8/dial_raw,1619276,1785394306299,9148,
serial:COM8/dial_raw,1619278,1785394306301,9146,
serial:COM8/dial_raw,1619280,1785394306304,9148,
serial:COM8/dial_raw,1619282,1785394306305,9147,
serial:COM8/dial_raw,1619284,1785394306307,9147,
serial:COM8/dial_raw,1619286,1785394306309,9148,
serial:COM8/dial_raw,1619288,1785394306311,9149,
serial:COM8/dial_raw,1619290,1785394306314,9147,
serial:COM8/dial_raw,1619292,1785394306315,9148,
serial:COM8/dial_raw,1619294,1785394306317,9147,
serial:COM8/dial_raw,1619296,1785394306319,9146,
serial:COM8/dial_raw,1619298,1785394306321,9147,
serial:COM8/dial_raw,1619300,1785394306324,9147,
serial:COM8/dial_raw,1619302,1785394306325,9149,
serial:COM8/dial_raw,1619304,1785394306327,9149,
serial:COM8/dial_raw,1619306,1785394306329,9150,
serial:COM8/dial_raw,1619308,1785394306331,9146,
serial:COM8/dial_raw,1619310,1785394306334,9148,
serial:COM8/dial_raw,1619312,1785394306335,9146,
serial:COM8/dial_raw,1619314,1785394306337,9147,
serial:COM8/dial_raw,1619316,1785394306339,9147,
serial:COM8/dial_raw,1619318,1785394306341,9147,
serial:COM8/dial_raw,1619320,1785394306344,9148,
serial:COM8/dial_raw,1619322,1785394306345,9148,
serial:COM8/dial_raw,1619324,1785394306347,9148,
serial:COM8/dial_raw,1619326,1785394306349,9148,
serial:COM8/dial_raw,1619328,1785394306351,9147,
serial:COM8/dial_raw,1619330,1785394306354,9148,
serial:COM8/dial_raw,1619332,1785394306358,9149,
serial:COM8/dial_raw,1619334,1785394306358,9147,
serial:COM8/dial_raw,1619336,1785394306359,9149,
serial:COM8/dial_raw,1619338,1785394306361,9149,
serial:COM8/dial_raw,1619340,1785394306364,9150,
serial:COM8/dial_raw,1619342,1785394306365,9148,
serial:COM8/dial_raw,1619344,1785394306367,9147,
serial:COM8/dial_raw,1619346,1785394306369,9149,
serial:COM8/dial_raw,1619348,1785394306371,9150,
serial:COM8/dial_raw,1619350,1785394306374,9148,
serial:COM8/dial_raw,1619352,1785394306375,9147,
serial:COM8/dial_raw,1619354,1785394306377,9146,
serial:COM8/dial_raw,1619356,1785394306379,9148,
serial:COM8/dial_raw,1619358,1785394306381,9147,
serial:COM8/dial_raw,1619360,1785394306384,9148,
serial:COM8/dial_raw,1619362,1785394306385,9148,
serial:COM8/dial_raw,1619364,1785394306387,9147,
serial:COM8/dial_raw,1619366,1785394306389,9147,
serial:COM8/dial_raw,1619368,1785394306391,9147,
serial:COM8/dial_raw,1619370,1785394306394,9147,
serial:COM8/dial_raw,1619372,1785394306395,9147,
serial:COM8/dial_raw,1619374,1785394306397,9147,
serial:COM8/dial_raw,1619376,1785394306399,9146,
serial:COM8/dial_raw,1619378,1785394306401,9148,
serial:COM8/dial_raw,1619380,1785394306404,9147,
serial:COM8/dial_raw,1619382,1785394306405,9147,
serial:COM8/dial_raw,1619384,1785394306407,9147,
serial:COM8/dial_raw,1619386,1785394306409,9146,
serial:COM8/dial_raw,1619388,1785394306411,9147,
serial:COM8/dial_raw,1619390,1785394306414,9146,
serial:COM8/dial_raw,1619392,1785394306415,9148,
serial:COM8/dial_raw,1619394,1785394306417,9145,
serial:COM8/dial_raw,1619396,1785394306419,9148,
serial:COM8/dial_raw,1619398,1785394306421,9147,
serial:COM8/dial_raw,1619400,1785394306424,9148,
serial:COM8/dial_raw,1619402,1785394306425,9148,
serial:COM8/dial_raw,1619404,1785394306427,9146,
serial:COM8/dial_raw,1619406,1785394306429,9148,
serial:COM8/dial_raw,1619408,1785394306431,9148,
serial:COM8/dial_raw,1619410,1785394306434,9147,
serial:COM8/dial_raw,1619412,1785394306435,9148,
serial:COM8/dial_raw,1619414,1785394306437,9146,
serial:COM8/dial_raw,1619416,1785394306439,9146,
serial:COM8/dial_raw,1619418,1785394306441,9147,
serial:COM8/dial_raw,1619420,1785394306444,9148,
serial:COM8/dial_raw,1619422,1785394306445,9148,
serial:COM8/dial_raw,1619424,1785394306447,9148,
serial:COM8/dial_raw,1619426,1785394306449,9147,
serial:COM8/dial_raw,1619428,1785394306451,9148,
serial:COM8/dial_raw,1619430,1785394306454,9147,
serial:COM8/dial_raw,1619432,1785394306455,9151,
serial:COM8/dial_raw,1619434,1785394306457,9148,
serial:COM8/dial_raw,1619436,1785394306459,9148,
serial:COM8/dial_raw,1619438,1785394306461,9148,
serial:COM8/dial_raw,1619440,1785394306464,9148,
serial:COM8/dial_raw,1619442,1785394306465,9146,
serial:COM8/dial_raw,1619444,1785394306467,9147,
serial:COM8/dial_raw,1619446,1785394306469,9147,
serial:COM8/dial_raw,1619448,1785394306471,9148,
serial:COM8/dial_raw,1619450,1785394306474,9148,
serial:COM8/dial_raw,1619452,1785394306475,9147,
serial:COM8/dial_raw,1619454,1785394306477,9150,
serial:COM8/dial_raw,1619456,1785394306479,9148,
serial:COM8/dial_raw,1619458,1785394306481,9149,
serial:COM8/dial_raw,1619460,1785394306484,9146,
serial:COM8/dial_raw,1619462,1785394306485,9150,
serial:COM8/dial_raw,1619464,1785394306487,9149,
serial:COM8/dial_raw,1619466,1785394306489,9147,
serial:COM8/dial_raw,1619468,1785394306491,9146,
serial:COM8/dial_raw,1619470,1785394306494,9149,
serial:COM8/dial_raw,1619472,1785394306495,9148,
serial:COM8/dial_raw,1619474,1785394306497,9148,
serial:COM8/dial_raw,1619476,1785394306499,9150,
serial:COM8/dial_raw,1619478,1785394306501,9149,
serial:COM8/dial_raw,1619480,1785394306504,9147,
serial:COM8/dial_raw,1619482,1785394306505,9148,
serial:COM8/dial_raw,1619484,1785394306507,9148,
serial:COM8/dial_raw,1619486,1785394306509,9147,
serial:COM8/dial_raw,1619488,1785394306511,9147,
serial:COM8/dial_raw,1619490,1785394306514,9145,
serial:COM8/dial_raw,1619492,1785394306515,9147,
serial:COM8/dial_raw,1619494,1785394306517,9148,
serial:COM8/dial_raw,1619496,1785394306519,9147,
serial:COM8/dial_raw,1619498,1785394306521,9145,
serial:COM8/dial_raw,1619500,1785394306524,9148,
serial:COM8/dial_raw,1619502,1785394306525,9147,
serial:COM8/dial_raw,1619504,1785394306527,9147,
serial:COM8/dial_raw,1619506,1785394306529,9146,
serial:COM8/dial_raw,1619508,1785394306531,9147,
serial:COM8/dial_raw,1619510,1785394306534,9146,
serial:COM8/dial_raw,1619512,1785394306535,9147,
serial:COM8/dial_raw,1619514,1785394306537,9150,
serial:COM8/dial_raw,1619516,1785394306539,9147,
serial:COM8/dial_raw,1619518,1785394306541,9147,
serial:COM8/dial_raw,1619520,1785394306544,9145,
serial:COM8/dial_raw,1619522,1785394306545,9150,
serial:COM8/dial_raw,1619524,1785394306547,9150,
serial:COM8/dial_raw,1619526,1785394306549,9149,
serial:COM8/dial_raw,1619528,1785394306551,9147,
serial:COM8/dial_raw,1619530,1785394306554,9148,
serial:COM8/dial_raw,1619532,1785394306558,9147,
serial:COM8/dial_raw,1619534,1785394306558,9147,
serial:COM8/dial_raw,1619536,1785394306559,9146,
serial:COM8/dial_raw,1619538,1785394306561,9147,
serial:COM8/dial_raw,1619540,1785394306564,9147,
serial:COM8/dial_raw,1619542,1785394306565,9147,
serial:COM8/dial_raw,1619544,1785394306567,9148,
serial:COM8/dial_raw,1619546,1785394306569,9146,
serial:COM8/dial_raw,1619548,1785394306571,9149,
serial:COM8/dial_raw,1619550,1785394306574,9149,
serial:COM8/dial_raw,1619552,1785394306575,9146,
serial:COM8/dial_raw,1619554,1785394306577,9148,
serial:COM8/dial_raw,1619556,1785394306579,9148,
serial:COM8/dial_raw,1619558,1785394306581,9148,
serial:COM8/dial_raw,1619560,1785394306584,9147,
serial:COM8/dial_raw,1619562,1785394306585,9149,
serial:COM8/dial_raw,1619564,1785394306587,9150,
serial:COM8/dial_raw,1619566,1785394306589,9147,
serial:COM8/dial_raw,1619568,1785394306591,9148,
serial:COM8/dial_raw,1619570,1785394306594,9149,
serial:COM8/dial_raw,1619572,1785394306595,9147,
serial:COM8/dial_raw,1619574,1785394306597,9149,
serial:COM8/dial_raw,1619576,1785394306599,9147,
serial:COM8/dial_raw,1619578,1785394306601,9146,
serial:COM8/dial_raw,1619580,1785394306604,9147,
serial:COM8/dial_raw,1619582,1785394306605,9147,
serial:COM8/dial_raw,1619584,1785394306607,9148,
serial:COM8/dial_raw,1619586,1785394306609,9150,
serial:COM8/dial_raw,1619588,1785394306611,9146,
serial:COM8/dial_raw,1619590,1785394306614,9149,
serial:COM8/dial_raw,1619592,1785394306615,9145,
serial:COM8/dial_raw,1619594,1785394306617,9147,
serial:COM8/dial_raw,1619596,1785394306619,9147,
serial:COM8/dial_raw,1619598,1785394306621,9146,
serial:COM8/dial_raw,1619600,1785394306624,9147,
serial:COM8/dial_raw,1619602,1785394306625,9147,
serial:COM8/dial_raw,1619604,1785394306627,9148,
serial:COM8/dial_raw,1619606,1785394306629,9150,
serial:COM8/dial_raw,1619608,1785394306631,9147,
serial:COM8/dial_raw,1619610,1785394306634,9147,
serial:COM8/dial_raw,1619612,1785394306635,9146,
serial:COM8/dial_raw,1619614,1785394306637,9148,
serial:COM8/dial_raw,1619616,1785394306639,9147,
serial:COM8/dial_raw,1619618,1785394306641,9147,
serial:COM8/dial_raw,1619620,1785394306644,9148,
serial:COM8/dial_raw,1619622,1785394306645,9147,
serial:COM8/dial_raw,1619624,1785394306647,9148,
serial:COM8/dial_raw,1619626,1785394306649,9147,
serial:COM8/dial_raw,1619628,1785394306651,9147,
serial:COM8/dial_raw,1619630,1785394306654,9146,
serial:COM8/dial_raw,1619632,1785394306655,9146,
serial:COM8/dial_raw,1619634,1785394306657,9149,
serial:COM8/dial_raw,1619636,1785394306659,9147,
serial:COM8/dial_raw,1619638,1785394306661,9148,
serial:COM8/dial_raw,1619640,1785394306664,9148,
serial:COM8/dial_raw,1619642,1785394306665,9148,
serial:COM8/dial_raw,1619644,1785394306667,9148,
serial:COM8/dial_raw,1619646,1785394306669,9147,
serial:COM8/dial_raw,1619648,1785394306671,9147,
serial:COM8/dial_raw,1619650,1785394306674,9150,
serial:COM8/dial_raw,1619652,1785394306675,9148,
serial:COM8/dial_raw,1619654,1785394306677,9148,
serial:COM8/dial_raw,1619656,1785394306679,9147,
serial:COM8/dial_raw,1619658,1785394306681,9148,
serial:COM8/dial_raw,1619660,1785394306684,9148,
serial:COM8/dial_raw,1619662,1785394306685,9149,
serial:COM8/dial_raw,1619664,1785394306687,9146,
serial:COM8/dial_raw,1619666,1785394306689,9147,
serial:COM8/dial_raw,1619668,1785394306691,9147,
serial:COM8/dial_raw,1619670,1785394306694,9147,
serial:COM8/dial_raw,1619672,1785394306695,9147,
serial:COM8/dial_raw,1619674,1785394306697,9148,
serial:COM8/dial_raw,1619676,1785394306699,9149,
serial:COM8/dial_raw,1619678,1785394306701,9147,
serial:COM8/dial_raw,1619680,1785394306704,9147,
serial:COM8/dial_raw,1619682,1785394306705,9147,
serial:COM8/dial_raw,1619684,1785394306707,9147,
serial:COM8/dial_raw,1619686,1785394306709,9147,
serial:COM8/dial_raw,1619688,1785394306711,9147,
serial:COM8/dial_raw,1619690,1785394306714,9146,
serial:COM8/dial_raw,1619692,1785394306715,9147,
serial:COM8/dial_raw,1619694,1785394306717,9148,
serial:COM8/dial_raw,1619696,1785394306719,9147,
serial:COM8/dial_raw,1619698,1785394306721,9150,
serial:COM8/dial_raw,1619700,1785394306724,9147,
serial:COM8/dial_raw,1619702,1785394306726,9149,
serial:COM8/dial_raw,1619704,1785394306727,9150,
serial:COM8/dial_raw,1619706,1785394306729,9148,
serial:COM8/dial_raw,1619708,1785394306731,9147,
serial:COM8/dial_raw,1619710,1785394306734,9147,
serial:COM8/dial_raw,1619712,1785394306735,9149,
serial:COM8/dial_raw,1619714,1785394306737,9147,
serial:COM8/dial_raw,1619716,1785394306739,9145,
serial:COM8/dial_raw,1619718,1785394306741,9146,
serial:COM8/dial_raw,1619720,1785394306744,9150,
serial:COM8/dial_raw,1619722,1785394306745,9147,
serial:COM8/dial_raw,1619724,1785394306747,9147,
serial:COM8/dial_raw,1619726,1785394306749,9147,
serial:COM8/dial_raw,1619728,1785394306751,9147,
serial:COM8/dial_raw,1619730,1785394306754,9147,
serial:COM8/dial_raw,1619732,1785394306758,9148,
serial:COM8/dial_raw,1619734,1785394306758,9149,
serial:COM8/dial_raw,1619736,1785394306759,9148,
serial:COM8/dial_raw,1619738,1785394306761,9149,
serial:COM8/dial_raw,1619740,1785394306764,9150,
serial:COM8/dial_raw,1619742,1785394306765,9145,
serial:COM8/dial_raw,1619744,1785394306767,9146,
serial:COM8/dial_raw,1619746,1785394306769,9147,
serial:COM8/dial_raw,1619748,1785394306771,9147,
serial:COM8/dial_raw,1619750,1785394306774,9149,
serial:COM8/dial_raw,1619752,1785394306775,9148,
serial:COM8/dial_raw,1619754,1785394306777,9147,
serial:COM8/dial_raw,1619756,1785394306779,9150,
serial:COM8/dial_raw,1619758,1785394306781,9149,
serial:COM8/dial_raw,1619760,1785394306784,9147,
serial:COM8/dial_raw,1619762,1785394306785,9149,
serial:COM8/dial_raw,1619764,1785394306787,9149,
serial:COM8/dial_raw,1619766,1785394306789,9148,
serial:COM8/dial_raw,1619768,1785394306792,9145,
serial:COM8/dial_raw,1619770,1785394306794,9150,
serial:COM8/dial_raw,1619772,1785394306795,9147,
serial:COM8/dial_raw,1619774,1785394306797,9146,
serial:COM8/dial_raw,1619776,1785394306799,9147,
serial:COM8/dial_raw,1619778,1785394306801,9144,
serial:COM8/dial_raw,1619780,1785394306804,9149,
serial:COM8/dial_raw,1619782,1785394306805,9147,
serial:COM8/dial_raw,1619784,1785394306807,9148,
serial:COM8/dial_raw,1619786,1785394306809,9146,
serial:COM8/dial_raw,1619788,1785394306811,9149,
serial:COM8/dial_raw,1619790,1785394306814,9147,
serial:COM8/dial_raw,1619792,1785394306815,9146,
serial:COM8/dial_raw,1619794,1785394306817,9145,
serial:COM8/dial_raw,1619796,1785394306819,9148,
serial:COM8/dial_raw,1619798,1785394306821,9147,
serial:COM8/dial_raw,1619800,1785394306824,9147,
serial:COM8/dial_raw,1619802,1785394306825,9149,
serial:COM8/dial_raw,1619804,1785394306827,9148,
serial:COM8/dial_raw,1619806,1785394306829,9145,
serial:COM8/dial_raw,1619808,1785394306831,9147,
serial:COM8/dial_raw,1619810,1785394306834,9146,
serial:COM8/dial_raw,1619812,1785394306835,9146,
serial:COM8/dial_raw,1619814,1785394306837,9146,
serial:COM8/dial_raw,1619816,1785394306839,9146,
serial:COM8/dial_raw,1619818,1785394306841,9149,
serial:COM8/dial_raw,1619820,1785394306844,9147,
serial:COM8/dial_raw,1619822,1785394306845,9147,
serial:COM8/dial_raw,1619824,1785394306847,9148,
serial:COM8/dial_raw,1619826,1785394306849,9146,
serial:COM8/dial_raw,1619828,1785394306851,9149,
serial:COM8/dial_raw,1619830,1785394306854,9146,
serial:COM8/dial_raw,1619832,1785394306855,9147,
serial:COM8/dial_raw,1619834,1785394306857,9147,
serial:COM8/dial_raw,1619836,1785394306859,9150,
serial:COM8/dial_raw,1619838,1785394306861,9148,
serial:COM8/dial_raw,1619840,1785394306864,9148,
serial:COM8/dial_raw,1619842,1785394306865,9147,
serial:COM8/dial_raw,1619844,1785394306867,9147,
serial:COM8/dial_raw,1619846,1785394306869,9148,
serial:COM8/dial_raw,1619848,1785394306871,9146,
serial:COM8/dial_raw,1619850,1785394306874,9145,
serial:COM8/dial_raw,1619852,1785394306875,9147,
serial:COM8/dial_raw,1619854,1785394306877,9147,
serial:COM8/dial_raw,1619856,1785394306879,9146,
serial:COM8/dial_raw,1619858,1785394306881,9146,
serial:COM8/dial_raw,1619860,1785394306884,9147,
serial:COM8/dial_raw,1619862,1785394306885,9147,
serial:COM8/dial_raw,1619864,1785394306887,9149,
serial:COM8/dial_raw,1619866,1785394306889,9145,
serial:COM8/dial_raw,1619868,1785394306891,9148,
serial:COM8/dial_raw,1619870,1785394306894,9146,
serial:COM8/dial_raw,1619872,1785394306895,9148,
serial:COM8/dial_raw,1619874,1785394306897,9146,
serial:COM8/dial_raw,1619876,1785394306899,9147,
serial:COM8/dial_raw,1619878,1785394306901,9148,
serial:COM8/dial_raw,1619880,1785394306904,9147,
serial:COM8/dial_raw,1619882,1785394306905,9149,
serial:COM8/dial_raw,1619884,1785394306907,9147,
serial:COM8/dial_raw,1619886,1785394306909,9149,
serial:COM8/dial_raw,1619888,1785394306911,9148,
serial:COM8/dial_raw,1619890,1785394306914,9148,
serial:COM8/dial_raw,1619892,1785394306915,9148,
serial:COM8/dial_raw,1619894,1785394306917,9148,
serial:COM8/dial_raw,1619896,1785394306919,9149,
serial:COM8/dial_raw,1619898,1785394306921,9147,
serial:COM8/dial_raw,1619900,1785394306924,9148,
serial:COM8/dial_raw,1619902,1785394306925,9149,
serial:COM8/dial_raw,1619904,1785394306927,9148,
serial:COM8/dial_raw,1619906,1785394306929,9147,
serial:COM8/dial_raw,1619908,1785394306931,9148,
serial:COM8/dial_raw,1619910,1785394306934,9146,
serial:COM8/dial_raw,1619912,1785394306935,9148,
serial:COM8/dial_raw,1619914,1785394306937,9147,
serial:COM8/dial_raw,1619916,1785394306939,9147,
serial:COM8/dial_raw,1619918,1785394306942,9147,
serial:COM8/dial_raw,1619920,1785394306944,9147,
serial:COM8/dial_raw,1619922,1785394306945,9150,
serial:COM8/dial_raw,1619924,1785394306947,9148,
serial:COM8/dial_raw,1619926,1785394306949,9148,
serial:COM8/dial_raw,1619928,1785394306951,9147,
serial:COM8/dial_raw,1619930,1785394306954,9147,
serial:COM8/dial_raw,1619932,1785394306958,9147,
serial:COM8/dial_raw,1619934,1785394306958,9146,
serial:COM8/dial_raw,1619936,1785394306959,9148,
serial:COM8/dial_raw,1619938,1785394306961,9148,
serial:COM8/dial_raw,1619940,1785394306964,9147,
serial:COM8/dial_raw,1619942,1785394306965,9151,
serial:COM8/dial_raw,1619944,1785394306967,9147,
serial:COM8/dial_raw,1619946,1785394306969,9148,
serial:COM8/dial_raw,1619948,1785394306971,9148,
serial:COM8/dial_raw,1619950,1785394306974,9146,
serial:COM8/dial_raw,1619952,1785394306975,9149,
serial:COM8/dial_raw,1619954,1785394306977,9147,
serial:COM8/dial_raw,1619956,1785394306979,9148,
serial:COM8/dial_raw,1619958,1785394306981,9147,
serial:COM8/dial_raw,1619960,1785394306984,9147,
serial:COM8/dial_raw,1619962,1785394306985,9148,
serial:COM8/dial_raw,1619964,1785394306987,9150,
serial:COM8/dial_raw,1619966,1785394306989,9149,
serial:COM8/dial_raw,1619968,1785394306991,9147,
serial:COM8/dial_raw,1619970,1785394306994,9147,
serial:COM8/dial_raw,1619972,1785394306995,9147,
serial:COM8/dial_raw,1619974,1785394306997,9145,
serial:COM8/dial_raw,1619976,1785394306999,9148,
serial:COM8/dial_raw,1619978,1785394307001,9148,
serial:COM8/dial_raw,1619980,1785394307004,9146,
serial:COM8/dial_raw,1619982,1785394307005,9148,
serial:COM8/dial_raw,1619984,1785394307007,9149,
serial:COM8/dial_raw,1619986,1785394307009,9150,
serial:COM8/dial_raw,1619988,1785394307011,9147,
serial:COM8/dial_raw,1619990,1785394307014,9149,
serial:COM8/dial_raw,1619992,1785394307015,9147,
serial:COM8/dial_raw,1619994,1785394307017,9146,
serial:COM8/dial_raw,1619996,1785394307019,9146,
serial:COM8/dial_raw,1619998,1785394307021,9150,
serial:COM8/dial_raw,1620000,1785394307024,9147,
serial:COM8/dial_raw,1620002,1785394307025,9147,
serial:COM8/dial_raw,1620004,1785394307027,9150,
serial:COM8/dial_raw,1620006,1785394307029,9148,
serial:COM8/dial_raw,1620008,1785394307031,9148,
serial:COM8/dial_raw,1620010,1785394307034,9146,
serial:COM8/dial_raw,1620012,1785394307035,9147,
serial:COM8/dial_raw,1620014,1785394307037,9150,
serial:COM8/dial_raw,1620016,1785394307039,9148,
serial:COM8/dial_raw,1620018,1785394307041,9147,
serial:COM8/dial_raw,1620020,1785394307044,9147,
serial:COM8/dial_raw,1620022,1785394307045,9146,
serial:COM8/dial_raw,1620024,1785394307047,9150,
serial:COM8/dial_raw,1620026,1785394307049,9145,
serial:COM8/dial_raw,1620028,1785394307051,9146,
serial:COM8/dial_raw,1620030,1785394307054,9148,
serial:COM8/dial_raw,1620032,1785394307055,9149,
serial:COM8/dial_raw,1620034,1785394307057,9146,
serial:COM8/dial_raw,1620036,1785394307059,9146,
serial:COM8/dial_raw,1620038,1785394307061,9146,
serial:COM8/dial_raw,1620040,1785394307064,9150,
serial:COM8/dial_raw,1620042,1785394307065,9148,
serial:COM8/dial_raw,1620044,1785394307067,9150,
serial:COM8/dial_raw,1620046,1785394307069,9148,
serial:COM8/dial_raw,1620048,1785394307071,9147,
serial:COM8/dial_raw,1620050,1785394307074,9149,
serial:COM8/dial_raw,1620052,1785394307075,9147,
serial:COM8/dial_raw,1620054,1785394307077,9147,
serial:COM8/dial_raw,1620056,1785394307079,9147,
serial:COM8/dial_raw,1620058,1785394307081,9151,
serial:COM8/dial_raw,1620060,1785394307084,9148,
serial:COM8/dial_raw,1620062,1785394307085,9147,
serial:COM8/dial_raw,1620064,1785394307087,9147,
serial:COM8/dial_raw,1620066,1785394307089,9147,
serial:COM8/dial_raw,1620068,1785394307091,9147,
serial:COM8/dial_raw,1620070,1785394307094,9150,
serial:COM8/dial_raw,1620072,1785394307095,9150,
serial:COM8/dial_raw,1620074,1785394307097,9148,
serial:COM8/dial_raw,1620076,1785394307099,9148,
serial:COM8/dial_raw,1620078,1785394307101,9150,
serial:COM8/dial_raw,1620080,1785394307104,9148,
serial:COM8/dial_raw,1620082,1785394307105,9148,
serial:COM8/dial_raw,1620084,1785394307107,9149,
serial:COM8/dial_raw,1620086,1785394307109,9148,
serial:COM8/dial_raw,1620088,1785394307111,9145,
serial:COM8/dial_raw,1620090,1785394307114,9148,
serial:COM8/dial_raw,1620092,1785394307115,9149,
serial:COM8/dial_raw,1620094,1785394307117,9150,
serial:COM8/dial_raw,1620096,1785394307119,9149,
serial:COM8/dial_raw,1620098,1785394307121,9148,
serial:COM8/dial_raw,1620100,1785394307124,9147,
serial:COM8/dial_raw,1620102,1785394307125,9147,
serial:COM8/dial_raw,1620104,1785394307127,9145,
serial:COM8/dial_raw,1620106,1785394307129,9150,
serial:COM8/dial_raw,1620108,1785394307131,9148,
serial:COM8/dial_raw,1620110,1785394307134,9147,
serial:COM8/dial_raw,1620112,1785394307135,9147,
serial:COM8/dial_raw,1620114,1785394307137,9145,
serial:COM8/dial_raw,1620116,1785394307139,9149,
serial:COM8/dial_raw,1620118,1785394307141,9147,
serial:COM8/dial_raw,1620120,1785394307144,9146,
serial:COM8/dial_raw,1620122,1785394307145,9148,
serial:COM8/dial_raw,1620124,1785394307147,9148,
serial:COM8/dial_raw,1620126,1785394307149,9146,
serial:COM8/dial_raw,1620128,1785394307151,9149,
serial:COM8/dial_raw,1620130,1785394307154,9145,
serial:COM8/dial_raw,1620132,1785394307158,9148,
serial:COM8/dial_raw,1620134,1785394307158,9148,
serial:COM8/dial_raw,1620136,1785394307159,9147,
serial:COM8/dial_raw,1620138,1785394307161,9147,
serial:COM8/dial_raw,1620140,1785394307164,9148,
serial:COM8/dial_raw,1620142,1785394307165,9148,
serial:COM8/dial_raw,1620144,1785394307167,9147,
serial:COM8/dial_raw,1620146,1785394307169,9146,
serial:COM8/dial_raw,1620148,1785394307171,9148,
serial:COM8/dial_raw,1620150,1785394307174,9147,
serial:COM8/dial_raw,1620152,1785394307175,9148,
serial:COM8/dial_raw,1620154,1785394307177,9147,
serial:COM8/dial_raw,1620156,1785394307179,9149,
serial:COM8/dial_raw,1620158,1785394307181,9151,
serial:COM8/dial_raw,1620160,1785394307184,9147,
serial:COM8/dial_raw,1620162,1785394307185,9148,
serial:COM8/dial_raw,1620164,1785394307187,9146,
serial:COM8/dial_raw,1620166,1785394307189,9147,
serial:COM8/dial_raw,1620168,1785394307191,9148,
serial:COM8/dial_raw,1620170,1785394307194,9148,
serial:COM8/dial_raw,1620172,1785394307195,9146,
serial:COM8/dial_raw,1620174,1785394307197,9147,
serial:COM8/dial_raw,1620176,1785394307199,9147,
serial:COM8/dial_raw,1620178,1785394307201,9148,
serial:COM8/dial_raw,1620180,1785394307204,9147,
serial:COM8/dial_raw,1620182,1785394307205,9148,
serial:COM8/dial_raw,1620184,1785394307207,9145,
serial:COM8/dial_raw,1620186,1785394307209,9147,
serial:COM8/dial_raw,1620188,1785394307211,9148,
serial:COM8/dial_raw,1620190,1785394307214,9146,
serial:COM8/dial_raw,1620192,1785394307215,9147,
serial:COM8/dial_raw,1620194,1785394307217,9146,
serial:COM8/dial_raw,1620196,1785394307219,9149,
serial:COM8/dial_raw,1620198,1785394307221,9147,
serial:COM8/dial_raw,1620200,1785394307224,9147,
serial:COM8/dial_raw,1620202,1785394307225,9148,
serial:COM8/dial_raw,1620204,1785394307227,9149,
serial:COM8/dial_raw,1620206,1785394307229,9147,
serial:COM8/dial_raw,1620208,1785394307231,9148,
serial:COM8/dial_raw,1620210,1785394307234,9148,
serial:COM8/dial_raw,1620212,1785394307235,9149,
serial:COM8/dial_raw,1620214,1785394307237,9147,
serial:COM8/dial_raw,1620216,1785394307239,9150,
serial:COM8/dial_raw,1620218,1785394307241,9148,
serial:COM8/dial_raw,1620220,1785394307244,9147,
serial:COM8/dial_raw,1620222,1785394307245,9147,
serial:COM8/dial_raw,1620224,1785394307247,9149,
serial:COM8/dial_raw,1620226,1785394307249,9148,
serial:COM8/dial_raw,1620228,1785394307251,9147,
serial:COM8/dial_raw,1620230,1785394307254,9148,
serial:COM8/dial_raw,1620232,1785394307255,9147,
serial:COM8/dial_raw,1620234,1785394307257,9147,
serial:COM8/dial_raw,1620236,1785394307259,9149,
serial:COM8/dial_raw,1620238,1785394307261,9146,
serial:COM8/dial_raw,1620240,1785394307264,9148,
serial:COM8/dial_raw,1620242,1785394307265,9147,
serial:COM8/dial_raw,1620244,1785394307267,9146,
serial:COM8/dial_raw,1620246,1785394307269,9148,
serial:COM8/dial_raw,1620248,1785394307271,9149,
serial:COM8/dial_raw,1620250,1785394307274,9147,
serial:COM8/dial_raw,1620252,1785394307275,9147,
serial:COM8/dial_raw,1620254,1785394307277,9146,
serial:COM8/dial_raw,1620256,1785394307279,9148,
serial:COM8/dial_raw,1620258,1785394307281,9147,
serial:COM8/dial_raw,1620260,1785394307284,9146,
serial:COM8/dial_raw,1620262,1785394307286,9147,
serial:COM8/dial_raw,1620264,1785394307287,9148,
serial:COM8/dial_raw,1620266,1785394307289,9148,
serial:COM8/dial_raw,1620268,1785394307291,9150,
serial:COM8/dial_raw,1620270,1785394307294,9148,
serial:COM8/dial_raw,1620272,1785394307295,9148,
serial:COM8/dial_raw,1620274,1785394307297,9150,
serial:COM8/dial_raw,1620276,1785394307299,9150,
serial:COM8/dial_raw,1620278,1785394307301,9147,
serial:COM8/dial_raw,1620280,1785394307304,9147,
serial:COM8/dial_raw,1620282,1785394307305,9146,
serial:COM8/dial_raw,1620284,1785394307307,9148,
serial:COM8/dial_raw,1620286,1785394307309,9150,
serial:COM8/dial_raw,1620288,1785394307311,9148,
serial:COM8/dial_raw,1620290,1785394307314,9149,
serial:COM8/dial_raw,1620292,1785394307315,9147,
serial:COM8/dial_raw,1620294,1785394307317,9150,
serial:COM8/dial_raw,1620296,1785394307319,9147,
serial:COM8/dial_raw,1620298,1785394307321,9149,
serial:COM8/dial_raw,1620300,1785394307324,9145,
serial:COM8/dial_raw,1620302,1785394307325,9147,
serial:COM8/dial_raw,1620304,1785394307327,9149,
serial:COM8/dial_raw,1620306,1785394307329,9148,
serial:COM8/dial_raw,1620308,1785394307331,9148,
serial:COM8/dial_raw,1620310,1785394307334,9145,
serial:COM8/dial_raw,1620312,1785394307335,9146,
serial:COM8/dial_raw,1620314,1785394307337,9149,
serial:COM8/dial_raw,1620316,1785394307339,9147,
serial:COM8/dial_raw,1620318,1785394307341,9148,
serial:COM8/dial_raw,1620320,1785394307344,9148,
serial:COM8/dial_raw,1620322,1785394307345,9148,
serial:COM8/dial_raw,1620324,1785394307347,9148,
serial:COM8/dial_raw,1620326,1785394307349,9148,
serial:COM8/dial_raw,1620328,1785394307351,9147,
serial:COM8/dial_raw,1620330,1785394307354,9150,
serial:COM8/dial_raw,1620332,1785394307358,9145,
serial:COM8/dial_raw,1620334,1785394307358,9147,
serial:COM8/dial_raw,1620336,1785394307359,9147,
serial:COM8/dial_raw,1620338,1785394307361,9148,
serial:COM8/dial_raw,1620340,1785394307364,9148,
serial:COM8/dial_raw,1620342,1785394307365,9147,
serial:COM8/dial_raw,1620344,1785394307367,9147,
serial:COM8/dial_raw,1620346,1785394307369,9148,
serial:COM8/dial_raw,1620348,1785394307371,9148,
serial:COM8/dial_raw,1620350,1785394307374,9149,
serial:COM8/dial_raw,1620352,1785394307375,9144,
serial:COM8/dial_raw,1620354,1785394307377,9148,
serial:COM8/dial_raw,1620356,1785394307379,9149,
serial:COM8/dial_raw,1620358,1785394307381,9147,
serial:COM8/dial_raw,1620360,1785394307384,9146,
serial:COM8/dial_raw,1620362,1785394307385,9148,
serial:COM8/dial_raw,1620364,1785394307387,9148,
serial:COM8/dial_raw,1620366,1785394307389,9148,
serial:COM8/dial_raw,1620368,1785394307391,9147,
serial:COM8/dial_raw,1620370,1785394307394,9146,
serial:COM8/dial_raw,1620372,1785394307395,9150,
serial:COM8/dial_raw,1620374,1785394307397,9146,
serial:COM8/dial_raw,1620376,1785394307399,9148,
serial:COM8/dial_raw,1620378,1785394307401,9148,
serial:COM8/dial_raw,1620380,1785394307404,9146,
serial:COM8/dial_raw,1620382,1785394307405,9149,
serial:COM8/dial_raw,1620384,1785394307407,9150,
serial:COM8/dial_raw,1620386,1785394307409,9148,
serial:COM8/dial_raw,1620388,1785394307411,9147,
serial:COM8/dial_raw,1620390,1785394307414,9147,
serial:COM8/dial_raw,1620392,1785394307415,9146,
serial:COM8/dial_raw,1620394,1785394307417,9147,
serial:COM8/dial_raw,1620396,1785394307419,9146,
serial:COM8/dial_raw,1620398,1785394307421,9147,
serial:COM8/dial_raw,1620400,1785394307424,9146,
serial:COM8/dial_raw,1620402,1785394307425,9148,
serial:COM8/dial_raw,1620404,1785394307427,9146,
serial:COM8/dial_raw,1620406,1785394307429,9148,
serial:COM8/dial_raw,1620408,1785394307431,9148,
serial:COM8/dial_raw,1620410,1785394307434,9147,
serial:COM8/dial_raw,1620412,1785394307435,9146,
serial:COM8/dial_raw,1620414,1785394307437,9147,
serial:COM8/dial_raw,1620416,1785394307439,9146,
serial:COM8/dial_raw,1620418,1785394307441,9150,
serial:COM8/dial_raw,1620420,1785394307444,9148,
serial:COM8/dial_raw,1620422,1785394307445,9148,
serial:COM8/dial_raw,1620424,1785394307447,9148,
serial:COM8/dial_raw,1620426,1785394307449,9149,
serial:COM8/dial_raw,1620428,1785394307451,9147,
serial:COM8/dial_raw,1620430,1785394307454,9147,
serial:COM8/dial_raw,1620432,1785394307455,9146,
serial:COM8/dial_raw,1620434,1785394307457,9149,
serial:COM8/dial_raw,1620436,1785394307459,9149,
serial:COM8/dial_raw,1620438,1785394307461,9149,
serial:COM8/dial_raw,1620440,1785394307464,9148,
serial:COM8/dial_raw,1620442,1785394307465,9147,
serial:COM8/dial_raw,1620444,1785394307467,9149,
serial:COM8/dial_raw,1620446,1785394307469,9149,
serial:COM8/dial_raw,1620448,1785394307471,9144,
serial:COM8/dial_raw,1620450,1785394307474,9147,
serial:COM8/dial_raw,1620452,1785394307475,9147,
serial:COM8/dial_raw,1620454,1785394307477,9148,
serial:COM8/dial_raw,1620456,1785394307479,9148,
serial:COM8/dial_raw,1620458,1785394307481,9147,
serial:COM8/dial_raw,1620460,1785394307484,9147,
serial:COM8/dial_raw,1620462,1785394307485,9149,
serial:COM8/dial_raw,1620464,1785394307487,9148,
serial:COM8/dial_raw,1620466,1785394307489,9147,
serial:COM8/dial_raw,1620468,1785394307491,9150,
serial:COM8/dial_raw,1620470,1785394307494,9147,
serial:COM8/dial_raw,1620472,1785394307495,9148,
serial:COM8/dial_raw,1620474,1785394307497,9148,
serial:COM8/dial_raw,1620476,1785394307499,9148,
serial:COM8/dial_raw,1620478,1785394307501,9147,
serial:COM8/dial_raw,1620480,1785394307504,9148,
serial:COM8/dial_raw,1620482,1785394307505,9149,
serial:COM8/dial_raw,1620484,1785394307507,9147,
serial:COM8/dial_raw,1620486,1785394307509,9147,
serial:COM8/dial_raw,1620488,1785394307511,9147,
serial:COM8/dial_raw,1620490,1785394307514,9146,
serial:COM8/dial_raw,1620492,1785394307515,9148,
serial:COM8/dial_raw,1620494,1785394307517,9148,
serial:COM8/dial_raw,1620496,1785394307519,9148,
serial:COM8/dial_raw,1620498,1785394307521,9147,
serial:COM8/dial_raw,1620500,1785394307524,9147,
serial:COM8/dial_raw,1620502,1785394307525,9148,
serial:COM8/dial_raw,1620504,1785394307527,9145,
serial:COM8/dial_raw,1620506,1785394307529,9146,
serial:COM8/dial_raw,1620508,1785394307531,9149,
serial:COM8/dial_raw,1620510,1785394307534,9147,
serial:COM8/dial_raw,1620512,1785394307535,9149,
serial:COM8/dial_raw,1620514,1785394307537,9146,
serial:COM8/dial_raw,1620516,1785394307539,9145,
serial:COM8/dial_raw,1620518,1785394307541,9150,
serial:COM8/dial_raw,1620520,1785394307544,9147,
serial:COM8/dial_raw,1620522,1785394307545,9148,
serial:COM8/dial_raw,1620524,1785394307547,9150,
serial:COM8/dial_raw,1620526,1785394307549,9148,
serial:COM8/dial_raw,1620528,1785394307551,9149,
serial:COM8/dial_raw,1620530,1785394307554,9147,
serial:COM8/dial_raw,1620532,1785394307558,9149,
serial:COM8/dial_raw,1620534,1785394307558,9147,
serial:COM8/dial_raw,1620536,1785394307559,9147,
serial:COM8/dial_raw,1620538,1785394307561,9148,
serial:COM8/dial_raw,1620540,1785394307564,9148,
serial:COM8/dial_raw,1620542,1785394307565,9147,
serial:COM8/dial_raw,1620544,1785394307567,9147,
serial:COM8/dial_raw,1620546,1785394307569,9147,
serial:COM8/dial_raw,1620548,1785394307571,9147,
serial:COM8/dial_raw,1620550,1785394307574,9148,
serial:COM8/dial_raw,1620552,1785394307575,9147,
serial:COM8/dial_raw,1620554,1785394307577,9147,
serial:COM8/dial_raw,1620556,1785394307579,9148,
serial:COM8/dial_raw,1620558,1785394307581,9148,
serial:COM8/dial_raw,1620560,1785394307584,9147,
serial:COM8/dial_raw,1620562,1785394307585,9148,
serial:COM8/dial_raw,1620564,1785394307587,9148,
serial:COM8/dial_raw,1620566,1785394307589,9146,
serial:COM8/dial_raw,1620568,1785394307591,9147,
serial:COM8/dial_raw,1620570,1785394307594,9148,
serial:COM8/dial_raw,1620572,1785394307595,9147,
serial:COM8/dial_raw,1620574,1785394307597,9148,
serial:COM8/dial_raw,1620576,1785394307599,9147,
serial:COM8/dial_raw,1620578,1785394307601,9146,
serial:COM8/dial_raw,1620580,1785394307604,9147,
serial:COM8/dial_raw,1620582,1785394307605,9147,
serial:COM8/dial_raw,1620584,1785394307607,9146,
serial:COM8/dial_raw,1620586,1785394307609,9150,
serial:COM8/dial_raw,1620588,1785394307611,9146,
serial:COM8/dial_raw,1620590,1785394307614,9149,
serial:COM8/dial_raw,1620592,1785394307615,9149,
serial:COM8/dial_raw,1620594,1785394307617,9147,
serial:COM8/dial_raw,1620596,1785394307619,9150,
serial:COM8/dial_raw,1620598,1785394307621,9146,
serial:COM8/dial_raw,1620600,1785394307624,9147,
serial:COM8/dial_raw,1620602,1785394307625,9147,
serial:COM8/dial_raw,1620604,1785394307627,9148,
serial:COM8/dial_raw,1620606,1785394307629,9150,
serial:COM8/dial_raw,1620608,1785394307631,9147,
serial:COM8/dial_raw,1620610,1785394307634,9147,
serial:COM8/dial_raw,1620612,1785394307635,9146,
serial:COM8/dial_raw,1620614,1785394307637,9148,
serial:COM8/dial_raw,1620616,1785394307639,9148,
serial:COM8/dial_raw,1620618,1785394307641,9144,
serial:COM8/dial_raw,1620620,1785394307644,9147,
serial:COM8/dial_raw,1620622,1785394307645,9148,
serial:COM8/dial_raw,1620624,1785394307647,9149,
serial:COM8/dial_raw,1620626,1785394307649,9147,
serial:COM8/dial_raw,1620628,1785394307651,9146,
serial:COM8/dial_raw,1620630,1785394307654,9149,
serial:COM8/dial_raw,1620632,1785394307655,9147,
serial:COM8/dial_raw,1620634,1785394307657,9147,
serial:COM8/dial_raw,1620636,1785394307659,9147,
serial:COM8/dial_raw,1620638,1785394307661,9148,
serial:COM8/dial_raw,1620640,1785394307664,9147,
serial:COM8/dial_raw,1620642,1785394307665,9148,
serial:COM8/dial_raw,1620644,1785394307667,9148,
serial:COM8/dial_raw,1620646,1785394307669,9147,
serial:COM8/dial_raw,1620648,1785394307671,9150,
serial:COM8/dial_raw,1620650,1785394307674,9146,
serial:COM8/dial_raw,1620652,1785394307675,9147,
serial:COM8/dial_raw,1620654,1785394307677,9148,
serial:COM8/dial_raw,1620656,1785394307679,9149,
serial:COM8/dial_raw,1620658,1785394307681,9149,
serial:COM8/dial_raw,1620660,1785394307684,9148,
serial:COM8/dial_raw,1620662,1785394307685,9147,
serial:COM8/dial_raw,1620664,1785394307687,9148,
serial:COM8/dial_raw,1620666,1785394307689,9147,
serial:COM8/dial_raw,1620668,1785394307691,9148,
serial:COM8/dial_raw,1620670,1785394307694,9147,
serial:COM8/dial_raw,1620672,1785394307695,9150,
serial:COM8/dial_raw,1620674,1785394307697,9149,
serial:COM8/dial_raw,1620676,1785394307699,9147,
serial:COM8/dial_raw,1620678,1785394307701,9147,
serial:COM8/dial_raw,1620680,1785394307704,9148,
serial:COM8/dial_raw,1620682,1785394307706,9149,
serial:COM8/dial_raw,1620684,1785394307707,9147,
serial:COM8/dial_raw,1620686,1785394307709,9147,
serial:COM8/dial_raw,1620688,1785394307711,9146,
serial:COM8/dial_raw,1620690,1785394307714,9147,
serial:COM8/dial_raw,1620692,1785394307715,9148,
serial:COM8/dial_raw,1620694,1785394307717,9147,
serial:COM8/dial_raw,1620696,1785394307720,9147,
serial:COM8/dial_raw,1620698,1785394307721,9148,
serial:COM8/dial_raw,1620700,1785394307724,9148,
serial:COM8/dial_raw,1620702,1785394307725,9148,
serial:COM8/dial_raw,1620704,1785394307727,9147,
serial:COM8/dial_raw,1620706,1785394307729,9147,
serial:COM8/dial_raw,1620708,1785394307731,9149,
serial:COM8/dial_raw,1620710,1785394307734,9147,
serial:COM8/dial_raw,1620712,1785394307735,9148,
serial:COM8/dial_raw,1620714,1785394307737,9150,
serial:COM8/dial_raw,1620716,1785394307739,9148,
serial:COM8/dial_raw,1620718,1785394307741,9147,
serial:COM8/dial_raw,1620720,1785394307744,9147,
serial:COM8/dial_raw,1620722,1785394307745,9147,
serial:COM8/dial_raw,1620724,1785394307747,9145,
serial:COM8/dial_raw,1620726,1785394307749,9147,
serial:COM8/dial_raw,1620728,1785394307751,9149,
serial:COM8/dial_raw,1620730,1785394307754,9148,
serial:COM8/dial_raw,1620732,1785394307758,9148,
serial:COM8/dial_raw,1620734,1785394307758,9145,
serial:COM8/dial_raw,1620736,1785394307759,9150,
serial:COM8/dial_raw,1620738,1785394307761,9147,
serial:COM8/dial_raw,1620740,1785394307764,9148,
serial:COM8/dial_raw,1620742,1785394307765,9147,
serial:COM8/dial_raw,1620744,1785394307767,9147,
serial:COM8/dial_raw,1620746,1785394307769,9148,
serial:COM8/dial_raw,1620748,1785394307771,9150,
serial:COM8/dial_raw,1620750,1785394307774,9147,
serial:COM8/dial_raw,1620752,1785394307775,9148,
serial:COM8/dial_raw,1620754,1785394307777,9146,
serial:COM8/dial_raw,1620756,1785394307779,9147,
serial:COM8/dial_raw,1620758,1785394307781,9148,
serial:COM8/dial_raw,1620760,1785394307784,9148,
serial:COM8/dial_raw,1620762,1785394307785,9148,
serial:COM8/dial_raw,1620764,1785394307787,9147,
serial:COM8/dial_raw,1620766,1785394307789,9146,
serial:COM8/dial_raw,1620768,1785394307791,9147,
serial:COM8/dial_raw,1620770,1785394307794,9148,
serial:COM8/dial_raw,1620772,1785394307795,9150,
serial:COM8/dial_raw,1620774,1785394307797,9150,
serial:COM8/dial_raw,1620776,1785394307799,9147,
serial:COM8/dial_raw,1620778,1785394307802,9148,
serial:COM8/dial_raw,1620780,1785394307804,9146,
serial:COM8/dial_raw,1620782,1785394307805,9148,
serial:COM8/dial_raw,1620784,1785394307807,9146,
serial:COM8/dial_raw,1620786,1785394307809,9150,
serial:COM8/dial_raw,1620788,1785394307811,9150,
serial:COM8/dial_raw,1620790,1785394307814,9150,
serial:COM8/dial_raw,1620792,1785394307815,9145,
serial:COM8/dial_raw,1620794,1785394307817,9150,
serial:COM8/dial_raw,1620796,1785394307819,9147,
serial:COM8/dial_raw,1620798,1785394307821,9148,
serial:COM8/dial_raw,1620800,1785394307824,9148,
serial:COM8/dial_raw,1620802,1785394307825,9147,
serial:COM8/dial_raw,1620804,1785394307827,9149,
serial:COM8/dial_raw,1620806,1785394307829,9147,
serial:COM8/dial_raw,1620808,1785394307831,9148,
serial:COM8/dial_raw,1620810,1785394307834,9149,
serial:COM8/dial_raw,1620812,1785394307835,9147,
serial:COM8/dial_raw,1620814,1785394307837,9148,
serial:COM8/dial_raw,1620816,1785394307839,9149,
serial:COM8/dial_raw,1620818,1785394307841,9148,
serial:COM8/dial_raw,1620820,1785394307844,9146,
serial:COM8/dial_raw,1620822,1785394307845,9146,
serial:COM8/dial_raw,1620824,1785394307847,9148,
serial:COM8/dial_raw,1620826,1785394307849,9148,
serial:COM8/dial_raw,1620828,1785394307851,9148,
serial:COM8/dial_raw,1620830,1785394307854,9147,
serial:COM8/dial_raw,1620832,1785394307855,9147,
serial:COM8/dial_raw,1620834,1785394307857,9147,
serial:COM8/dial_raw,1620836,1785394307859,9148,
serial:COM8/dial_raw,1620838,1785394307861,9148,
serial:COM8/dial_raw,1620840,1785394307864,9148,
serial:COM8/dial_raw,1620842,1785394307865,9149,
serial:COM8/dial_raw,1620844,1785394307867,9148,
serial:COM8/dial_raw,1620846,1785394307869,9146,
serial:COM8/dial_raw,1620848,1785394307871,9148,
serial:COM8/dial_raw,1620850,1785394307874,9148,
serial:COM8/dial_raw,1620852,1785394307875,9146,
serial:COM8/dial_raw,1620854,1785394307877,9149,
serial:COM8/dial_raw,1620856,1785394307879,9148,
serial:COM8/dial_raw,1620858,1785394307881,9147,
serial:COM8/dial_raw,1620860,1785394307884,9148,
serial:COM8/dial_raw,1620862,1785394307885,9146,
serial:COM8/dial_raw,1620864,1785394307887,9149,
serial:COM8/dial_raw,1620866,1785394307889,9148,
serial:COM8/dial_raw,1620868,1785394307891,9149,
serial:COM8/dial_raw,1620870,1785394307894,9145,
serial:COM8/dial_raw,1620872,1785394307896,9148,
serial:COM8/dial_raw,1620874,1785394307897,9146,
serial:COM8/dial_raw,1620876,1785394307899,9147,
serial:COM8/dial_raw,1620878,1785394307901,9150,
serial:COM8/dial_raw,1620880,1785394307904,9150,
serial:COM8/dial_raw,1620882,1785394307905,9146,
serial:COM8/dial_raw,1620884,1785394307907,9148,
serial:COM8/dial_raw,1620886,1785394307909,9147,
serial:COM8/dial_raw,1620888,1785394307911,9150,
serial:COM8/dial_raw,1620890,1785394307914,9149,
serial:COM8/dial_raw,1620892,1785394307915,9146,
serial:COM8/dial_raw,1620894,1785394307917,9147,
serial:COM8/dial_raw,1620896,1785394307919,9147,
serial:COM8/dial_raw,1620898,1785394307921,9148,
serial:COM8/dial_raw,1620900,1785394307924,9147,
serial:COM8/dial_raw,1620902,1785394307925,9149,
serial:COM8/dial_raw,1620904,1785394307927,9149,
serial:COM8/dial_raw,1620906,1785394307929,9150,
serial:COM8/dial_raw,1620908,1785394307931,9147,
serial:COM8/dial_raw,1620910,1785394307934,9148,
serial:COM8/dial_raw,1620912,1785394307935,9149,
serial:COM8/dial_raw,1620914,1785394307937,9147,
serial:COM8/dial_raw,1620916,1785394307939,9149,
serial:COM8/dial_raw,1620918,1785394307941,9145,
serial:COM8/dial_raw,1620920,1785394307944,9147,
serial:COM8/dial_raw,1620922,1785394307945,9148,
serial:COM8/dial_raw,1620924,1785394307947,9147,
serial:COM8/dial_raw,1620926,1785394307949,9147,
serial:COM8/dial_raw,1620928,1785394307951,9148,
serial:COM8/dial_raw,1620930,1785394307954,9148,
serial:COM8/dial_raw,1620932,1785394307958,9148,
serial:COM8/dial_raw,1620934,1785394307958,9147,
serial:COM8/dial_raw,1620936,1785394307959,9147,
serial:COM8/dial_raw,1620938,1785394307961,9148,
serial:COM8/dial_raw,1620940,1785394307964,9148,
serial:COM8/dial_raw,1620942,1785394307965,9148,
serial:COM8/dial_raw,1620944,1785394307967,9147,
serial:COM8/dial_raw,1620946,1785394307969,9148,
serial:COM8/dial_raw,1620948,1785394307971,9149,
serial:COM8/dial_raw,1620950,1785394307974,9148,
serial:COM8/dial_raw,1620952,1785394307975,9148,
serial:COM8/dial_raw,1620954,1785394307977,9148,
serial:COM8/dial_raw,1620956,1785394307979,9150,
serial:COM8/dial_raw,1620958,1785394307981,9146,
serial:COM8/dial_raw,1620960,1785394307984,9148,
serial:COM8/dial_raw,1620962,1785394307985,9147,
serial:COM8/dial_raw,1620964,1785394307987,9145,
serial:COM8/dial_raw,1620966,1785394307989,9147,
serial:COM8/dial_raw,1620968,1785394307991,9146,
serial:COM8/dial_raw,1620970,1785394307994,9148,
serial:COM8/dial_raw,1620972,1785394307995,9147,
serial:COM8/dial_raw,1620974,1785394307997,9146,
serial:COM8/dial_raw,1620976,1785394307999,9149,
serial:COM8/dial_raw,1620978,1785394308001,9149,
serial:COM8/dial_raw,1620980,1785394308004,9147,
serial:COM8/dial_raw,1620982,1785394308005,9147,
serial:COM8/dial_raw,1620984,1785394308007,9149,
serial:COM8/dial_raw,1620986,1785394308009,9149,
serial:COM8/dial_raw,1620988,1785394308011,9146,
serial:COM8/dial_raw,1620990,1785394308014,9149,
serial:COM8/dial_raw,1620992,1785394308015,9146,
serial:COM8/dial_raw,1620994,1785394308017,9147,
serial:COM8/dial_raw,1620996,1785394308019,9147,
serial:COM8/dial_raw,1620998,1785394308021,9146,
serial:COM8/dial_raw,1621000,1785394308024,9147,
serial:COM8/dial_raw,1621002,1785394308025,9150,
serial:COM8/dial_raw,1621004,1785394308027,9148,
serial:COM8/dial_raw,1621006,1785394308029,9148,
serial:COM8/dial_raw,1621008,1785394308031,9150,
serial:COM8/dial_raw,1621010,1785394308034,9147,
serial:COM8/dial_raw,1621012,1785394308035,9147,
serial:COM8/dial_raw,1621014,1785394308037,9149,
serial:COM8/dial_raw,1621016,1785394308039,9146,
serial:COM8/dial_raw,1621018,1785394308041,9147,
serial:COM8/dial_raw,1621020,1785394308044,9149,
serial:COM8/dial_raw,1621022,1785394308046,9150,
serial:COM8/dial_raw,1621024,1785394308047,9146,
serial:COM8/dial_raw,1621026,1785394308049,9150,
serial:COM8/dial_raw,1621028,1785394308051,9146,
serial:COM8/dial_raw,1621030,1785394308054,9146,
serial:COM8/dial_raw,1621032,1785394308055,9149,
serial:COM8/dial_raw,1621034,1785394308057,9147,
serial:COM8/dial_raw,1621036,1785394308059,9147,
serial:COM8/dial_raw,1621038,1785394308061,9148,
serial:COM8/dial_raw,1621040,1785394308064,9145,
serial:COM8/dial_raw,1621042,1785394308065,9145,
serial:COM8/dial_raw,1621044,1785394308067,9147,
serial:COM8/dial_raw,1621046,1785394308069,9148,
serial:COM8/dial_raw,1621048,1785394308071,9148,
serial:COM8/dial_raw,1621050,1785394308074,9148,
serial:COM8/dial_raw,1621052,1785394308075,9149,
serial:COM8/dial_raw,1621054,1785394308077,9148,
serial:COM8/dial_raw,1621056,1785394308079,9151,
serial:COM8/dial_raw,1621058,1785394308081,9146,
serial:COM8/dial_raw,1621060,1785394308084,9147,
serial:COM8/dial_raw,1621062,1785394308085,9148,
serial:COM8/dial_raw,1621064,1785394308087,9147,
serial:COM8/dial_raw,1621066,1785394308089,9147,
serial:COM8/dial_raw,1621068,1785394308091,9147,
serial:COM8/dial_raw,1621070,1785394308094,9150,
serial:COM8/dial_raw,1621072,1785394308095,9148,
serial:COM8/dial_raw,1621074,1785394308097,9147,
serial:COM8/dial_raw,1621076,1785394308099,9147,
serial:COM8/dial_raw,1621078,1785394308101,9145,
serial:COM8/dial_raw,1621080,1785394308104,9147,
serial:COM8/dial_raw,1621082,1785394308105,9150,
serial:COM8/dial_raw,1621084,1785394308107,9147,
serial:COM8/dial_raw,1621086,1785394308109,9146,
serial:COM8/dial_raw,1621088,1785394308111,9148,
serial:COM8/dial_raw,1621090,1785394308114,9148,
serial:COM8/dial_raw,1621092,1785394308115,9147,
serial:COM8/dial_raw,1621094,1785394308117,9150,
serial:COM8/dial_raw,1621096,1785394308119,9148,
serial:COM8/dial_raw,1621098,1785394308121,9147,
serial:COM8/dial_raw,1621100,1785394308124,9148,
serial:COM8/dial_raw,1621102,1785394308125,9147,
serial:COM8/dial_raw,1621104,1785394308127,9148,
serial:COM8/dial_raw,1621106,1785394308129,9147,
serial:COM8/dial_raw,1621108,1785394308131,9147,
serial:COM8/dial_raw,1621110,1785394308134,9147,
serial:COM8/dial_raw,1621112,1785394308135,9145,
serial:COM8/dial_raw,1621114,1785394308137,9147,
serial:COM8/dial_raw,1621116,1785394308139,9147,
serial:COM8/dial_raw,1621118,1785394308141,9147,
serial:COM8/dial_raw,1621120,1785394308144,9148,
serial:COM8/dial_raw,1621122,1785394308145,9149,
serial:COM8/dial_raw,1621124,1785394308147,9147,
serial:COM8/dial_raw,1621126,1785394308149,9147,
serial:COM8/dial_raw,1621128,1785394308151,9147,
serial:COM8/dial_raw,1621130,1785394308154,9147,
serial:COM8/dial_raw,1621132,1785394308158,9148,
serial:COM8/dial_raw,1621134,1785394308158,9147,
serial:COM8/dial_raw,1621136,1785394308159,9148,
serial:COM8/dial_raw,1621138,1785394308161,9148,
serial:COM8/dial_raw,1621140,1785394308164,9147,
serial:COM8/dial_raw,1621142,1785394308165,9148,
serial:COM8/dial_raw,1621144,1785394308167,9149,
serial:COM8/dial_raw,1621146,1785394308169,9147,
serial:COM8/dial_raw,1621148,1785394308171,9148,
serial:COM8/dial_raw,1621150,1785394308174,9147,
serial:COM8/dial_raw,1621152,1785394308175,9148,
serial:COM8/dial_raw,1621154,1785394308177,9146,
serial:COM8/dial_raw,1621156,1785394308179,9147,
serial:COM8/dial_raw,1621158,1785394308181,9149,
serial:COM8/dial_raw,1621160,1785394308184,9147,
serial:COM8/dial_raw,1621162,1785394308185,9144,
serial:COM8/dial_raw,1621164,1785394308187,9149,
serial:COM8/dial_raw,1621166,1785394308189,9147,
serial:COM8/dial_raw,1621168,1785394308191,9147,
serial:COM8/dial_raw,1621170,1785394308194,9146,
serial:COM8/dial_raw,1621172,1785394308195,9147,
serial:COM8/dial_raw,1621174,1785394308197,9148,
serial:COM8/dial_raw,1621176,1785394308199,9148,
serial:COM8/dial_raw,1621178,1785394308201,9147,
serial:COM8/dial_raw,1621180,1785394308204,9147,
serial:COM8/dial_raw,1621182,1785394308205,9148,
serial:COM8/dial_raw,1621184,1785394308207,9145,
serial:COM8/dial_raw,1621186,1785394308209,9147,
serial:COM8/dial_raw,1621188,1785394308211,9147,
serial:COM8/dial_raw,1621190,1785394308214,9147,
serial:COM8/dial_raw,1621192,1785394308215,9147,
serial:COM8/dial_raw,1621194,1785394308217,9147,
serial:COM8/dial_raw,1621196,1785394308219,9147,
serial:COM8/dial_raw,1621198,1785394308221,9146,
serial:COM8/dial_raw,1621200,1785394308224,9144,
serial:COM8/dial_raw,1621202,1785394308226,9148,
serial:COM8/dial_raw,1621204,1785394308227,9145,
serial:COM8/dial_raw,1621206,1785394308229,9147,
serial:COM8/dial_raw,1621208,1785394308231,9149,
serial:COM8/dial_raw,1621210,1785394308234,9149,
serial:COM8/dial_raw,1621212,1785394308235,9148,
serial:COM8/dial_raw,1621214,1785394308237,9147,
serial:COM8/dial_raw,1621216,1785394308239,9150,
serial:COM8/dial_raw,1621218,1785394308241,9148,
serial:COM8/dial_raw,1621220,1785394308244,9148,
serial:COM8/dial_raw,1621222,1785394308245,9149,
serial:COM8/dial_raw,1621224,1785394308247,9149,
serial:COM8/dial_raw,1621226,1785394308249,9146,
serial:COM8/dial_raw,1621228,1785394308251,9150,
serial:COM8/dial_raw,1621230,1785394308254,9148,
serial:COM8/dial_raw,1621232,1785394308255,9146,
serial:COM8/dial_raw,1621234,1785394308257,9147,
serial:COM8/dial_raw,1621236,1785394308259,9146,
serial:COM8/dial_raw,1621238,1785394308261,9149,
serial:COM8/dial_raw,1621240,1785394308264,9148,
serial:COM8/dial_raw,1621242,1785394308265,9147,
serial:COM8/dial_raw,1621244,1785394308267,9147,
serial:COM8/dial_raw,1621246,1785394308269,9147,
serial:COM8/dial_raw,1621248,1785394308271,9149,
serial:COM8/dial_raw,1621250,1785394308274,9148,
serial:COM8/dial_raw,1621252,1785394308275,9147,
serial:COM8/dial_raw,1621254,1785394308277,9148,
serial:COM8/dial_raw,1621256,1785394308279,9148,
serial:COM8/dial_raw,1621258,1785394308281,9146,
serial:COM8/dial_raw,1621260,1785394308284,9147,
serial:COM8/dial_raw,1621262,1785394308285,9147,
serial:COM8/dial_raw,1621264,1785394308287,9145,
serial:COM8/dial_raw,1621266,1785394308289,9147,
serial:COM8/dial_raw,1621268,1785394308291,9147,
serial:COM8/dial_raw,1621270,1785394308294,9150,
serial:COM8/dial_raw,1621272,1785394308295,9149,
serial:COM8/dial_raw,1621274,1785394308297,9149,
serial:COM8/dial_raw,1621276,1785394308299,9146,
serial:COM8/dial_raw,1621278,1785394308301,9147,
serial:COM8/dial_raw,1621280,1785394308304,9148,
serial:COM8/dial_raw,1621282,1785394308306,9149,
serial:COM8/dial_raw,1621284,1785394308307,9147,
serial:COM8/dial_raw,1621286,1785394308309,9149,
serial:COM8/dial_raw,1621288,1785394308311,9149,
serial:COM8/dial_raw,1621290,1785394308314,9148,
serial:COM8/dial_raw,1621292,1785394308315,9151,
serial:COM8/dial_raw,1621294,1785394308317,9151,
serial:COM8/dial_raw,1621296,1785394308319,9148,
serial:COM8/dial_raw,1621298,1785394308321,9148,
serial:COM8/dial_raw,1621300,1785394308324,9147,
serial:COM8/dial_raw,1621302,1785394308325,9147,
serial:COM8/dial_raw,1621304,1785394308327,9145,
serial:COM8/dial_raw,1621306,1785394308329,9148,
serial:COM8/dial_raw,1621308,1785394308331,9147,
serial:COM8/dial_raw,1621310,1785394308334,9148,
serial:COM8/dial_raw,1621312,1785394308335,9147,
serial:COM8/dial_raw,1621314,1785394308337,9147,
serial:COM8/dial_raw,1621316,1785394308339,9149,
serial:COM8/dial_raw,1621318,1785394308341,9148,
serial:COM8/dial_raw,1621320,1785394308344,9151,
serial:COM8/dial_raw,1621322,1785394308345,9146,
serial:COM8/dial_raw,1621324,1785394308347,9149,
serial:COM8/dial_raw,1621326,1785394308349,9148,
serial:COM8/dial_raw,1621328,1785394308351,9149,
serial:COM8/dial_raw,1621330,1785394308354,9146,
serial:COM8/dial_raw,1621332,1785394308358,9147,
serial:COM8/dial_raw,1621334,1785394308358,9146,
serial:COM8/dial_raw,1621336,1785394308359,9146,
serial:COM8/dial_raw,1621338,1785394308361,9148,
serial:COM8/dial_raw,1621340,1785394308364,9148,
serial:COM8/dial_raw,1621342,1785394308365,9145,
serial:COM8/dial_raw,1621344,1785394308367,9148,
serial:COM8/dial_raw,1621346,1785394308369,9148,
serial:COM8/dial_raw,1621348,1785394308371,9149,
serial:COM8/dial_raw,1621350,1785394308374,9147,
serial:COM8/dial_raw,1621352,1785394308375,9147,
serial:COM8/dial_raw,1621354,1785394308377,9146,
serial:COM8/dial_raw,1621356,1785394308379,9148,
serial:COM8/dial_raw,1621358,1785394308381,9147,
serial:COM8/dial_raw,1621360,1785394308384,9147,
serial:COM8/dial_raw,1621362,1785394308385,9145,
serial:COM8/dial_raw,1621364,1785394308387,9147,
serial:COM8/dial_raw,1621366,1785394308389,9148,
serial:COM8/dial_raw,1621368,1785394308391,9148,
serial:COM8/dial_raw,1621370,1785394308394,9147,
serial:COM8/dial_raw,1621372,1785394308395,9148,
serial:COM8/dial_raw,1621374,1785394308397,9149,
serial:COM8/dial_raw,1621376,1785394308399,9150,
serial:COM8/dial_raw,1621378,1785394308401,9148,
serial:COM8/dial_raw,1621380,1785394308404,9147,
serial:COM8/dial_raw,1621382,1785394308405,9148,
serial:COM8/dial_raw,1621384,1785394308407,9146,
serial:COM8/dial_raw,1621386,1785394308409,9148,
serial:COM8/dial_raw,1621388,1785394308411,9147,
serial:COM8/dial_raw,1621390,1785394308414,9147,
serial:COM8/dial_raw,1621392,1785394308415,9149,
serial:COM8/dial_raw,1621394,1785394308417,9144,
serial:COM8/dial_raw,1621396,1785394308419,9147,
serial:COM8/dial_raw,1621398,1785394308421,9148,
serial:COM8/dial_raw,1621400,1785394308424,9147,
serial:COM8/dial_raw,1621402,1785394308425,9148,
serial:COM8/dial_raw,1621404,1785394308427,9149,
serial:COM8/dial_raw,1621406,1785394308429,9149,
serial:COM8/dial_raw,1621408,1785394308431,9148,
serial:COM8/dial_raw,1621410,1785394308434,9147,
serial:COM8/dial_raw,1621412,1785394308435,9149,
serial:COM8/dial_raw,1621414,1785394308437,9148,
serial:COM8/dial_raw,1621416,1785394308439,9146,
serial:COM8/dial_raw,1621418,1785394308441,9146,
serial:COM8/dial_raw,1621420,1785394308444,9149,
serial:COM8/dial_raw,1621422,1785394308445,9149,
serial:COM8/dial_raw,1621424,1785394308447,9148,
serial:COM8/dial_raw,1621426,1785394308449,9150,
serial:COM8/dial_raw,1621428,1785394308451,9148,
serial:COM8/dial_raw,1621430,1785394308454,9150,
serial:COM8/dial_raw,1621432,1785394308455,9146,
serial:COM8/dial_raw,1621434,1785394308457,9147,
serial:COM8/dial_raw,1621436,1785394308459,9148,
serial:COM8/dial_raw,1621438,1785394308461,9148,
serial:COM8/dial_raw,1621440,1785394308464,9147,
serial:COM8/dial_raw,1621442,1785394308465,9148,
serial:COM8/dial_raw,1621444,1785394308467,9148,
serial:COM8/dial_raw,1621446,1785394308470,9147,
serial:COM8/dial_raw,1621448,1785394308471,9147,
serial:COM8/dial_raw,1621450,1785394308474,9147,
serial:COM8/dial_raw,1621452,1785394308475,9145,
serial:COM8/dial_raw,1621454,1785394308477,9147,
serial:COM8/dial_raw,1621456,1785394308479,9148,
serial:COM8/dial_raw,1621458,1785394308481,9148,
serial:COM8/dial_raw,1621460,1785394308484,9149,
serial:COM8/dial_raw,1621462,1785394308485,9147,
serial:COM8/dial_raw,1621464,1785394308487,9148,
serial:COM8/dial_raw,1621466,1785394308489,9145,
serial:COM8/dial_raw,1621468,1785394308491,9148,
serial:COM8/dial_raw,1621470,1785394308494,9149,
serial:COM8/dial_raw,1621472,1785394308495,9147,
serial:COM8/dial_raw,1621474,1785394308497,9148,
serial:COM8/dial_raw,1621476,1785394308499,9145,
serial:COM8/dial_raw,1621478,1785394308501,9147,
serial:COM8/dial_raw,1621480,1785394308504,9149,
serial:COM8/dial_raw,1621482,1785394308505,9149,
serial:COM8/dial_raw,1621484,1785394308507,9147,
serial:COM8/dial_raw,1621486,1785394308509,9147,
serial:COM8/dial_raw,1621488,1785394308511,9148,
serial:COM8/dial_raw,1621490,1785394308514,9147,
serial:COM8/dial_raw,1621492,1785394308515,9150,
serial:COM8/dial_raw,1621494,1785394308517,9147,
serial:COM8/dial_raw,1621496,1785394308519,9146,
serial:COM8/dial_raw,1621498,1785394308521,9146,
serial:COM8/dial_raw,1621500,1785394308524,9147,
serial:COM8/dial_raw,1621502,1785394308525,9147,
serial:COM8/dial_raw,1621504,1785394308527,9152,
serial:COM8/dial_raw,1621506,1785394308529,9149,
serial:COM8/dial_raw,1621508,1785394308531,9148,
serial:COM8/dial_raw,1621510,1785394308534,9147,
serial:COM8/dial_raw,1621512,1785394308535,9148,
serial:COM8/dial_raw,1621514,1785394308537,9149,
serial:COM8/dial_raw,1621516,1785394308539,9147,
serial:COM8/dial_raw,1621518,1785394308541,9149,
serial:COM8/dial_raw,1621520,1785394308544,9148,
serial:COM8/dial_raw,1621522,1785394308545,9147,
serial:COM8/dial_raw,1621524,1785394308547,9148,
serial:COM8/dial_raw,1621526,1785394308549,9147,
serial:COM8/dial_raw,1621528,1785394308551,9146,
serial:COM8/dial_raw,1621530,1785394308554,9149,
serial:COM8/dial_raw,1621532,1785394308558,9148,
serial:COM8/dial_raw,1621534,1785394308558,9147,
serial:COM8/dial_raw,1621536,1785394308559,9147,
serial:COM8/dial_raw,1621538,1785394308561,9147,
serial:COM8/dial_raw,1621540,1785394308564,9147,
serial:COM8/dial_raw,1621542,1785394308565,9147,
serial:COM8/dial_raw,1621544,1785394308567,9147,
serial:COM8/dial_raw,1621546,1785394308569,9149,
serial:COM8/dial_raw,1621548,1785394308571,9146,
serial:COM8/dial_raw,1621550,1785394308574,9147,
serial:COM8/dial_raw,1621552,1785394308575,9147,
serial:COM8/dial_raw,1621554,1785394308577,9147,
serial:COM8/dial_raw,1621556,1785394308579,9148,
serial:COM8/dial_raw,1621558,1785394308581,9148,
serial:COM8/dial_raw,1621560,1785394308584,9148,
serial:COM8/dial_raw,1621562,1785394308585,9147,
serial:COM8/dial_raw,1621564,1785394308587,9148,
serial:COM8/dial_raw,1621566,1785394308589,9146,
serial:COM8/dial_raw,1621568,1785394308591,9149,
serial:COM8/dial_raw,1621570,1785394308594,9148,
serial:COM8/dial_raw,1621572,1785394308595,9149,
serial:COM8/dial_raw,1621574,1785394308597,9147,
serial:COM8/dial_raw,1621576,1785394308599,9149,
serial:COM8/dial_raw,1621578,1785394308601,9146,
serial:COM8/dial_raw,1621580,1785394308604,9146,
serial:COM8/dial_raw,1621582,1785394308605,9147,
serial:COM8/dial_raw,1621584,1785394308607,9148,
serial:COM8/dial_raw,1621586,1785394308609,9148,
serial:COM8/dial_raw,1621588,1785394308611,9147,
serial:COM8/dial_raw,1621590,1785394308614,9150,
serial:COM8/dial_raw,1621592,1785394308615,9147,
serial:COM8/dial_raw,1621594,1785394308617,9148,
serial:COM8/dial_raw,1621596,1785394308619,9147,
serial:COM8/dial_raw,1621598,1785394308621,9148,
serial:COM8/dial_raw,1621600,1785394308624,9148,
serial:COM8/dial_raw,1621602,1785394308626,9147,
serial:COM8/dial_raw,1621604,1785394308627,9146,
serial:COM8/dial_raw,1621606,1785394308629,9147,
serial:COM8/dial_raw,1621608,1785394308631,9147,
serial:COM8/dial_raw,1621610,1785394308634,9147,
serial:COM8/dial_raw,1621612,1785394308635,9148,
serial:COM8/dial_raw,1621614,1785394308637,9146,
serial:COM8/dial_raw,1621616,1785394308639,9148,
serial:COM8/dial_raw,1621618,1785394308641,9148,
serial:COM8/dial_raw,1621620,1785394308644,9147,
serial:COM8/dial_raw,1621622,1785394308645,9146,
serial:COM8/dial_raw,1621624,1785394308647,9148,
serial:COM8/dial_raw,1621626,1785394308649,9148,
serial:COM8/dial_raw,1621628,1785394308651,9145,
serial:COM8/dial_raw,1621630,1785394308654,9147,
serial:COM8/dial_raw,1621632,1785394308655,9147,
serial:COM8/dial_raw,1621634,1785394308657,9147,
serial:COM8/dial_raw,1621636,1785394308659,9149,
serial:COM8/dial_raw,1621638,1785394308661,9147,
serial:COM8/dial_raw,1621640,1785394308664,9147,
serial:COM8/dial_raw,1621642,1785394308665,9147,
serial:COM8/dial_raw,1621644,1785394308667,9146,
serial:COM8/dial_raw,1621646,1785394308669,9149,
serial:COM8/dial_raw,1621648,1785394308671,9149,
serial:COM8/dial_raw,1621650,1785394308674,9148,
serial:COM8/dial_raw,1621652,1785394308675,9146,
serial:COM8/dial_raw,1621654,1785394308677,9148,
serial:COM8/dial_raw,1621656,1785394308679,9148,
serial:COM8/dial_raw,1621658,1785394308681,9147,
serial:COM8/dial_raw,1621660,1785394308684,9147,
serial:COM8/dial_raw,1621662,1785394308685,9147,
serial:COM8/dial_raw,1621664,1785394308687,9149,
serial:COM8/dial_raw,1621666,1785394308689,9147,
serial:COM8/dial_raw,1621668,1785394308691,9147,
serial:COM8/dial_raw,1621670,1785394308694,9150,
serial:COM8/dial_raw,1621672,1785394308695,9147,
serial:COM8/dial_raw,1621674,1785394308697,9149,
serial:COM8/dial_raw,1621676,1785394308699,9146,
serial:COM8/dial_raw,1621678,1785394308701,9149,
serial:COM8/dial_raw,1621680,1785394308704,9149,
serial:COM8/dial_raw,1621682,1785394308705,9147,
serial:COM8/dial_raw,1621684,1785394308707,9146,
serial:COM8/dial_raw,1621686,1785394308709,9147,
serial:COM8/dial_raw,1621688,1785394308711,9147,
serial:COM8/dial_raw,1621690,1785394308714,9148,
serial:COM8/dial_raw,1621692,1785394308715,9148,
serial:COM8/dial_raw,1621694,1785394308717,9146,
serial:COM8/dial_raw,1621696,1785394308719,9146,
serial:COM8/dial_raw,1621698,1785394308721,9149,
serial:COM8/dial_raw,1621700,1785394308724,9149,
serial:COM8/dial_raw,1621702,1785394308725,9147,
serial:COM8/dial_raw,1621704,1785394308727,9148,
serial:COM8/dial_raw,1621706,1785394308729,9147,
serial:COM8/dial_raw,1621708,1785394308731,9148,
serial:COM8/dial_raw,1621710,1785394308734,9150,
serial:COM8/dial_raw,1621712,1785394308735,9148,
serial:COM8/dial_raw,1621714,1785394308737,9149,
serial:COM8/dial_raw,1621716,1785394308739,9148,
serial:COM8/dial_raw,1621718,1785394308741,9150,
serial:COM8/dial_raw,1621720,1785394308744,9148,
serial:COM8/dial_raw,1621722,1785394308745,9148,
serial:COM8/dial_raw,1621724,1785394308747,9148,
serial:COM8/dial_raw,1621726,1785394308749,9148,
serial:COM8/dial_raw,1621728,1785394308751,9147,
serial:COM8/dial_raw,1621730,1785394308754,9147,
serial:COM8/dial_raw,1621732,1785394308758,9148,
serial:COM8/dial_raw,1621734,1785394308758,9148,
serial:COM8/dial_raw,1621736,1785394308759,9148,
serial:COM8/dial_raw,1621738,1785394308761,9145,
serial:COM8/dial_raw,1621740,1785394308764,9146,
serial:COM8/dial_raw,1621742,1785394308765,9147,
serial:COM8/dial_raw,1621744,1785394308767,9148,
serial:COM8/dial_raw,1621746,1785394308769,9147,
serial:COM8/dial_raw,1621748,1785394308771,9149,
serial:COM8/dial_raw,1621750,1785394308774,9147,
serial:COM8/dial_raw,1621752,1785394308775,9146,
serial:COM8/dial_raw,1621754,1785394308777,9148,
serial:COM8/dial_raw,1621756,1785394308779,9149,
serial:COM8/dial_raw,1621758,1785394308781,9146,
serial:COM8/dial_raw,1621760,1785394308784,9148,
serial:COM8/dial_raw,1621762,1785394308785,9144,
serial:COM8/dial_raw,1621764,1785394308787,9147,
serial:COM8/dial_raw,1621766,1785394308789,9147,
serial:COM8/dial_raw,1621768,1785394308791,9148,
serial:COM8/dial_raw,1621770,1785394308794,9147,
serial:COM8/dial_raw,1621772,1785394308795,9148,
serial:COM8/dial_raw,1621774,1785394308797,9147,
serial:COM8/dial_raw,1621776,1785394308799,9149,
serial:COM8/dial_raw,1621778,1785394308801,9148,
serial:COM8/dial_raw,1621780,1785394308804,9148,
serial:COM8/dial_raw,1621782,1785394308805,9148,
serial:COM8/dial_raw,1621784,1785394308807,9146,
serial:COM8/dial_raw,1621786,1785394308809,9147,
serial:COM8/dial_raw,1621788,1785394308812,9148,
serial:COM8/dial_raw,1621790,1785394308814,9144,
serial:COM8/dial_raw,1621792,1785394308815,9147,
serial:COM8/dial_raw,1621794,1785394308817,9149,
serial:COM8/dial_raw,1621796,1785394308819,9147,
serial:COM8/dial_raw,1621798,1785394308821,9150,
serial:COM8/dial_raw,1621800,1785394308824,9148,
serial:COM8/dial_raw,1621802,1785394308826,9148,
serial:COM8/dial_raw,1621804,1785394308827,9146,
serial:COM8/dial_raw,1621806,1785394308829,9150,
serial:COM8/dial_raw,1621808,1785394308831,9147,
serial:COM8/dial_raw,1621810,1785394308834,9148,
serial:COM8/dial_raw,1621812,1785394308835,9147,
serial:COM8/dial_raw,1621814,1785394308837,9146,
serial:COM8/dial_raw,1621816,1785394308839,9147,
serial:COM8/dial_raw,1621818,1785394308841,9147,
serial:COM8/dial_raw,1621820,1785394308844,9152,
serial:COM8/dial_raw,1621822,1785394308845,9148,
serial:COM8/dial_raw,1621824,1785394308847,9147,
serial:COM8/dial_raw,1621826,1785394308849,9147,
serial:COM8/dial_raw,1621828,1785394308851,9148,
serial:COM8/dial_raw,1621830,1785394308854,9146,
serial:COM8/dial_raw,1621832,1785394308855,9147,
serial:COM8/dial_raw,1621834,1785394308857,9147,
serial:COM8/dial_raw,1621836,1785394308859,9147,
serial:COM8/dial_raw,1621838,1785394308861,9147,
serial:COM8/dial_raw,1621840,1785394308864,9146,
serial:COM8/dial_raw,1621842,1785394308865,9148,
serial:COM8/dial_raw,1621844,1785394308867,9149,
serial:COM8/dial_raw,1621846,1785394308869,9151,
serial:COM8/dial_raw,1621848,1785394308871,9147,
serial:COM8/dial_raw,1621850,1785394308874,9144,
serial:COM8/dial_raw,1621852,1785394308876,9145,
serial:COM8/dial_raw,1621854,1785394308877,9147,
serial:COM8/dial_raw,1621856,1785394308879,9147,
serial:COM8/dial_raw,1621858,1785394308881,9147,
serial:COM8/dial_raw,1621860,1785394308884,9149,
serial:COM8/dial_raw,1621862,1785394308886,9146,
serial:COM8/dial_raw,1621864,1785394308887,9149,
serial:COM8/dial_raw,1621866,1785394308889,9150,
serial:COM8/dial_raw,1621868,1785394308891,9147,
serial:COM8/dial_raw,1621870,1785394308894,9146,
serial:COM8/dial_raw,1621872,1785394308896,9148,
serial:COM8/dial_raw,1621874,1785394308897,9148,
serial:COM8/dial_raw,1621876,1785394308899,9146,
serial:COM8/dial_raw,1621878,1785394308901,9148,
serial:COM8/dial_raw,1621880,1785394308904,9147,
serial:COM8/dial_raw,1621882,1785394308905,9147,
serial:COM8/dial_raw,1621884,1785394308907,9147,
serial:COM8/dial_raw,1621886,1785394308909,9147,
serial:COM8/dial_raw,1621888,1785394308911,9148,
serial:COM8/dial_raw,1621890,1785394308914,9147,
serial:COM8/dial_raw,1621892,1785394308916,9146,
serial:COM8/dial_raw,1621894,1785394308917,9146,
serial:COM8/dial_raw,1621896,1785394308919,9149,
serial:COM8/dial_raw,1621898,1785394308921,9146,
serial:COM8/dial_raw,1621900,1785394308924,9149,
serial:COM8/dial_raw,1621902,1785394308926,9147,
serial:COM8/dial_raw,1621904,1785394308927,9147,
serial:COM8/dial_raw,1621906,1785394308929,9146,
serial:COM8/dial_raw,1621908,1785394308931,9149,
serial:COM8/dial_raw,1621910,1785394308934,9148,
serial:COM8/dial_raw,1621912,1785394308936,9148,
serial:COM8/dial_raw,1621914,1785394308937,9148,
serial:COM8/dial_raw,1621916,1785394308939,9147,
serial:COM8/dial_raw,1621918,1785394308941,9151,
serial:COM8/dial_raw,1621920,1785394308944,9148,
serial:COM8/dial_raw,1621922,1785394308946,9146,
serial:COM8/dial_raw,1621924,1785394308947,9146,
serial:COM8/dial_raw,1621926,1785394308949,9146,
serial:COM8/dial_raw,1621928,1785394308951,9149,
serial:COM8/dial_raw,1621930,1785394308954,9145,
serial:COM8/dial_raw,1621932,1785394308958,9149,
serial:COM8/dial_raw,1621934,1785394308958,9148,
serial:COM8/dial_raw,1621936,1785394308959,9148,
serial:COM8/dial_raw,1621938,1785394308961,9148,
serial:COM8/dial_raw,1621940,1785394308964,9148,
serial:COM8/dial_raw,1621942,1785394308966,9149,
serial:COM8/dial_raw,1621944,1785394308967,9146,
serial:COM8/dial_raw,1621946,1785394308969,9148,
serial:COM8/dial_raw,1621948,1785394308971,9147,
serial:COM8/dial_raw,1621950,1785394308974,9147,
serial:COM8/dial_raw,1621952,1785394308975,9145,
serial:COM8/dial_raw,1621954,1785394308977,9146,
serial:COM8/dial_raw,1621956,1785394308979,9146,
serial:COM8/dial_raw,1621958,1785394308981,9147,
serial:COM8/dial_raw,1621960,1785394308984,9147,
serial:COM8/dial_raw,1621962,1785394308985,9147,
serial:COM8/dial_raw,1621964,1785394308987,9148,
serial:COM8/dial_raw,1621966,1785394308989,9148,
serial:COM8/dial_raw,1621968,1785394308991,9147,
serial:COM8/dial_raw,1621970,1785394308994,9148,
serial:COM8/dial_raw,1621972,1785394308995,9147,
serial:COM8/dial_raw,1621974,1785394308997,9148,
serial:COM8/dial_raw,1621976,1785394308999,9145,
serial:COM8/dial_raw,1621978,1785394309001,9146,
serial:COM8/dial_raw,1621980,1785394309004,9150,
serial:COM8/dial_raw,1621982,1785394309006,9148,
serial:COM8/dial_raw,1621984,1785394309007,9151,
serial:COM8/dial_raw,1621986,1785394309009,9151,
serial:COM8/dial_raw,1621988,1785394309011,9145,
serial:COM8/dial_raw,1621990,1785394309014,9147,
serial:COM8/dial_raw,1621992,1785394309015,9147,
serial:COM8/dial_raw,1621994,1785394309017,9149,
serial:COM8/dial_raw,1621996,1785394309019,9149,
serial:COM8/dial_raw,1621998,1785394309021,9147,
serial:COM8/dial_raw,1622000,1785394309024,9147,
serial:COM8/dial_raw,1622002,1785394309026,9149,
serial:COM8/dial_raw,1622004,1785394309027,9147,
serial:COM8/dial_raw,1622006,1785394309029,9149,
serial:COM8/dial_raw,1622008,1785394309031,9146,
serial:COM8/dial_raw,1622010,1785394309034,9149,
serial:COM8/dial_raw,1622012,1785394309035,9149,
serial:COM8/dial_raw,1622014,1785394309037,9148,
serial:COM8/dial_raw,1622016,1785394309039,9147,
serial:COM8/dial_raw,1622018,1785394309041,9147,
serial:COM8/dial_raw,1622020,1785394309044,9147,
serial:COM8/dial_raw,1622022,1785394309045,9147,
serial:COM8/dial_raw,1622024,1785394309047,9147,
serial:COM8/dial_raw,1622026,1785394309049,9148,
serial:COM8/dial_raw,1622028,1785394309051,9147,
serial:COM8/dial_raw,1622030,1785394309054,9148,
serial:COM8/dial_raw,1622032,1785394309055,9150,
serial:COM8/dial_raw,1622034,1785394309057,9148,
serial:COM8/dial_raw,1622036,1785394309059,9150,
serial:COM8/dial_raw,1622038,1785394309061,9147,
serial:COM8/dial_raw,1622040,1785394309064,9147,
serial:COM8/dial_raw,1622042,1785394309065,9145,
serial:COM8/dial_raw,1622044,1785394309067,9147,
serial:COM8/dial_raw,1622046,1785394309069,9147,
serial:COM8/dial_raw,1622048,1785394309071,9149,
serial:COM8/dial_raw,1622050,1785394309074,9147,
serial:COM8/dial_raw,1622052,1785394309075,9147,
serial:COM8/dial_raw,1622054,1785394309077,9148,
serial:COM8/dial_raw,1622056,1785394309079,9145,
serial:COM8/dial_raw,1622058,1785394309081,9147,
serial:COM8/dial_raw,1622060,1785394309084,9147,
serial:COM8/dial_raw,1622062,1785394309085,9146,
serial:COM8/dial_raw,1622064,1785394309087,9147,
serial:COM8/dial_raw,1622066,1785394309089,9148,
serial:COM8/dial_raw,1622068,1785394309091,9149,
serial:COM8/dial_raw,1622070,1785394309094,9148,
serial:COM8/dial_raw,1622072,1785394309095,9148,
serial:COM8/dial_raw,1622074,1785394309097,9146,
serial:COM8/dial_raw,1622076,1785394309099,9145,
serial:COM8/dial_raw,1622078,1785394309101,9149,
serial:COM8/dial_raw,1622080,1785394309104,9147,
serial:COM8/dial_raw,1622082,1785394309105,9149,
serial:COM8/dial_raw,1622084,1785394309107,9147,
serial:COM8/dial_raw,1622086,1785394309109,9146,
serial:COM8/dial_raw,1622088,1785394309111,9147,
serial:COM8/dial_raw,1622090,1785394309114,9146,
serial:COM8/dial_raw,1622092,1785394309115,9148,
serial:COM8/dial_raw,1622094,1785394309117,9145,
serial:COM8/dial_raw,1622096,1785394309119,9148,
serial:COM8/dial_raw,1622098,1785394309121,9148,
serial:COM8/dial_raw,1622100,1785394309124,9147,
serial:COM8/dial_raw,1622102,1785394309125,9146,
serial:COM8/dial_raw,1622104,1785394309127,9148,
serial:COM8/dial_raw,1622106,1785394309129,9146,
serial:COM8/dial_raw,1622108,1785394309131,9147,
serial:COM8/dial_raw,1622110,1785394309134,9147,
serial:COM8/dial_raw,1622112,1785394309135,9146,
serial:COM8/dial_raw,1622114,1785394309137,9148,
serial:COM8/dial_raw,1622116,1785394309139,9146,
serial:COM8/dial_raw,1622118,1785394309141,9147,
serial:COM8/dial_raw,1622120,1785394309144,9146,
serial:COM8/dial_raw,1622122,1785394309145,9144,
serial:COM8/dial_raw,1622124,1785394309147,9148,
serial:COM8/dial_raw,1622126,1785394309149,9149,
serial:COM8/dial_raw,1622128,1785394309151,9149,
serial:COM8/dial_raw,1622130,1785394309154,9149,
serial:COM8/dial_raw,1622132,1785394309158,9147,
serial:COM8/dial_raw,1622134,1785394309158,9147,
serial:COM8/dial_raw,1622136,1785394309159,9147,
serial:COM8/dial_raw,1622138,1785394309161,9147,
serial:COM8/dial_raw,1622140,1785394309164,9148,
serial:COM8/dial_raw,1622142,1785394309165,9148,
serial:COM8/dial_raw,1622144,1785394309167,9148,
serial:COM8/dial_raw,1622146,1785394309169,9149,
serial:COM8/dial_raw,1622148,1785394309171,9148,
serial:COM8/dial_raw,1622150,1785394309174,9148,
serial:COM8/dial_raw,1622152,1785394309175,9147,
serial:COM8/dial_raw,1622154,1785394309177,9148,
serial:COM8/dial_raw,1622156,1785394309179,9150,
serial:COM8/dial_raw,1622158,1785394309181,9148,
serial:COM8/dial_raw,1622160,1785394309184,9147,
serial:COM8/dial_raw,1622162,1785394309185,9146,
serial:COM8/dial_raw,1622164,1785394309187,9146,
serial:COM8/dial_raw,1622166,1785394309189,9148,
serial:COM8/dial_raw,1622168,1785394309191,9149,
serial:COM8/dial_raw,1622170,1785394309194,9146,
serial:COM8/dial_raw,1622172,1785394309195,9148,
serial:COM8/dial_raw,1622174,1785394309197,9147,
serial:COM8/dial_raw,1622176,1785394309199,9147,
serial:COM8/dial_raw,1622178,1785394309201,9148,
serial:COM8/dial_raw,1622180,1785394309204,9147,
serial:COM8/dial_raw,1622182,1785394309205,9148,
serial:COM8/dial_raw,1622184,1785394309207,9149,
serial:COM8/dial_raw,1622186,1785394309209,9148,
serial:COM8/dial_raw,1622188,1785394309211,9151,
serial:COM8/dial_raw,1622190,1785394309214,9147,
serial:COM8/dial_raw,1622192,1785394309215,9147,
serial:COM8/dial_raw,1622194,1785394309217,9146,
serial:COM8/dial_raw,1622196,1785394309219,9146,
serial:COM8/dial_raw,1622198,1785394309221,9149,
serial:COM8/dial_raw,1622200,1785394309224,9145,
serial:COM8/dial_raw,1622202,1785394309226,9146,
serial:COM8/dial_raw,1622204,1785394309227,9145,
serial:COM8/dial_raw,1622206,1785394309229,9147,
serial:COM8/dial_raw,1622208,1785394309231,9148,
serial:COM8/dial_raw,1622210,1785394309234,9148,
serial:COM8/dial_raw,1622212,1785394309235,9145,
serial:COM8/dial_raw,1622214,1785394309237,9147,
serial:COM8/dial_raw,1622216,1785394309239,9147,
serial:COM8/dial_raw,1622218,1785394309241,9148,
serial:COM8/dial_raw,1622220,1785394309244,9148,
serial:COM8/dial_raw,1622222,1785394309245,9143,
serial:COM8/dial_raw,1622224,1785394309247,9150,
serial:COM8/dial_raw,1622226,1785394309249,9149,
serial:COM8/dial_raw,1622228,1785394309251,9147,
serial:COM8/dial_raw,1622230,1785394309254,9147,
serial:COM8/dial_raw,1622232,1785394309255,9148,
serial:COM8/dial_raw,1622234,1785394309257,9147,
serial:COM8/dial_raw,1622236,1785394309259,9148,
serial:COM8/dial_raw,1622238,1785394309261,9148,
serial:COM8/dial_raw,1622240,1785394309264,9149,
serial:COM8/dial_raw,1622242,1785394309265,9149,
serial:COM8/dial_raw,1622244,1785394309267,9148,
serial:COM8/dial_raw,1622246,1785394309269,9147,
serial:COM8/dial_raw,1622248,1785394309271,9149,
serial:COM8/dial_raw,1622250,1785394309274,9147,
serial:COM8/dial_raw,1622252,1785394309275,9147,
serial:COM8/dial_raw,1622254,1785394309277,9147,
serial:COM8/dial_raw,1622256,1785394309279,9148,
serial:COM8/dial_raw,1622258,1785394309281,9149,
serial:COM8/dial_raw,1622260,1785394309284,9146,
serial:COM8/dial_raw,1622262,1785394309285,9147,
serial:COM8/dial_raw,1622264,1785394309287,9148,
serial:COM8/dial_raw,1622266,1785394309289,9148,
serial:COM8/dial_raw,1622268,1785394309291,9148,
serial:COM8/dial_raw,1622270,1785394309294,9149,
serial:COM8/dial_raw,1622272,1785394309295,9149,
serial:COM8/dial_raw,1622274,1785394309297,9147,
serial:COM8/dial_raw,1622276,1785394309299,9149,
serial:COM8/dial_raw,1622278,1785394309301,9146,
serial:COM8/dial_raw,1622280,1785394309304,9149,
serial:COM8/dial_raw,1622282,1785394309305,9147,
serial:COM8/dial_raw,1622284,1785394309307,9148,
serial:COM8/dial_raw,1622286,1785394309309,9148,
serial:COM8/dial_raw,1622288,1785394309311,9148,
serial:COM8/dial_raw,1622290,1785394309314,9147,
serial:COM8/dial_raw,1622292,1785394309315,9147,
serial:COM8/dial_raw,1622294,1785394309317,9147,
serial:COM8/dial_raw,1622296,1785394309319,9147,
serial:COM8/dial_raw,1622298,1785394309321,9147,
serial:COM8/dial_raw,1622300,1785394309324,9149,
serial:COM8/dial_raw,1622302,1785394309325,9146,
serial:COM8/dial_raw,1622304,1785394309327,9148,
serial:COM8/dial_raw,1622306,1785394309329,9146,
serial:COM8/dial_raw,1622308,1785394309331,9150,
serial:COM8/dial_raw,1622310,1785394309334,9148,
serial:COM8/dial_raw,1622312,1785394309335,9147,
serial:COM8/dial_raw,1622314,1785394309337,9147,
serial:COM8/dial_raw,1622316,1785394309339,9148,
serial:COM8/dial_raw,1622318,1785394309341,9148,
serial:COM8/dial_raw,1622320,1785394309344,9148,
serial:COM8/dial_raw,1622322,1785394309345,9152,
serial:COM8/dial_raw,1622324,1785394309347,9147,
serial:COM8/dial_raw,1622326,1785394309349,9147,
serial:COM8/dial_raw,1622328,1785394309351,9146,
serial:COM8/dial_raw,1622330,1785394309354,9150,
serial:COM8/dial_raw,1622332,1785394309358,9150,
serial:COM8/dial_raw,1622334,1785394309358,9147,
serial:COM8/dial_raw,1622336,1785394309359,9149,
serial:COM8/dial_raw,1622338,1785394309361,9145,
serial:COM8/dial_raw,1622340,1785394309364,9147,
serial:COM8/dial_raw,1622342,1785394309366,9148,
serial:COM8/dial_raw,1622344,1785394309367,9149,
serial:COM8/dial_raw,1622346,1785394309369,9147,
serial:COM8/dial_raw,1622348,1785394309371,9147,
serial:COM8/dial_raw,1622350,1785394309374,9148,
serial:COM8/dial_raw,1622352,1785394309375,9147,
serial:COM8/dial_raw,1622354,1785394309377,9148,
serial:COM8/dial_raw,1622356,1785394309379,9148,
serial:COM8/dial_raw,1622358,1785394309381,9148,
serial:COM8/dial_raw,1622360,1785394309384,9148,
serial:COM8/dial_raw,1622362,1785394309385,9149,
serial:COM8/dial_raw,1622364,1785394309387,9148,
serial:COM8/dial_raw,1622366,1785394309389,9150,
serial:COM8/dial_raw,1622368,1785394309391,9148,
serial:COM8/dial_raw,1622370,1785394309394,9150,
serial:COM8/dial_raw,1622372,1785394309395,9148,
serial:COM8/dial_raw,1622374,1785394309397,9150,
serial:COM8/dial_raw,1622376,1785394309399,9148,
serial:COM8/dial_raw,1622378,1785394309401,9148,
serial:COM8/dial_raw,1622380,1785394309404,9149,
serial:COM8/dial_raw,1622382,1785394309405,9147,
serial:COM8/dial_raw,1622384,1785394309407,9148,
serial:COM8/dial_raw,1622386,1785394309409,9147,
serial:COM8/dial_raw,1622388,1785394309411,9148,
serial:COM8/dial_raw,1622390,1785394309414,9147,
serial:COM8/dial_raw,1622392,1785394309415,9148,
serial:COM8/dial_raw,1622394,1785394309417,9146,
serial:COM8/dial_raw,1622396,1785394309419,9147,
serial:COM8/dial_raw,1622398,1785394309421,9147,
serial:COM8/dial_raw,1622400,1785394309424,9148,
serial:COM8/dial_raw,1622402,1785394309426,9150,
serial:COM8/dial_raw,1622404,1785394309427,9148,
serial:COM8/dial_raw,1622406,1785394309429,9148,
serial:COM8/dial_raw,1622408,1785394309431,9149,
serial:COM8/dial_raw,1622410,1785394309434,9152,
serial:COM8/dial_raw,1622412,1785394309435,9147,
serial:COM8/dial_raw,1622414,1785394309437,9147,
serial:COM8/dial_raw,1622416,1785394309439,9147,
serial:COM8/dial_raw,1622418,1785394309441,9147,
serial:COM8/dial_raw,1622420,1785394309444,9149,
serial:COM8/dial_raw,1622422,1785394309445,9147,
serial:COM8/dial_raw,1622424,1785394309447,9148,
serial:COM8/dial_raw,1622426,1785394309449,9147,
serial:COM8/dial_raw,1622428,1785394309451,9147,
serial:COM8/dial_raw,1622430,1785394309454,9147,
serial:COM8/dial_raw,1622432,1785394309455,9150,
serial:COM8/dial_raw,1622434,1785394309457,9147,
serial:COM8/dial_raw,1622436,1785394309459,9147,
serial:COM8/dial_raw,1622438,1785394309461,9148,
serial:COM8/dial_raw,1622440,1785394309464,9148,
serial:COM8/dial_raw,1622442,1785394309465,9148,
serial:COM8/dial_raw,1622444,1785394309467,9145,
serial:COM8/dial_raw,1622446,1785394309469,9149,
serial:COM8/dial_raw,1622448,1785394309471,9148,
serial:COM8/dial_raw,1622450,1785394309474,9146,
serial:COM8/dial_raw,1622452,1785394309475,9149,
serial:COM8/dial_raw,1622454,1785394309477,9148,
serial:COM8/dial_raw,1622456,1785394309479,9150,
serial:COM8/dial_raw,1622458,1785394309481,9147,
serial:COM8/dial_raw,1622460,1785394309484,9148,
serial:COM8/dial_raw,1622462,1785394309485,9146,
serial:COM8/dial_raw,1622464,1785394309487,9145,
serial:COM8/dial_raw,1622466,1785394309489,9149,
serial:COM8/dial_raw,1622468,1785394309491,9148,
serial:COM8/dial_raw,1622470,1785394309494,9146,
serial:COM8/dial_raw,1622472,1785394309495,9148,
serial:COM8/dial_raw,1622474,1785394309497,9147,
serial:COM8/dial_raw,1622476,1785394309499,9149,
serial:COM8/dial_raw,1622478,1785394309501,9149,
serial:COM8/dial_raw,1622480,1785394309504,9147,
serial:COM8/dial_raw,1622482,1785394309506,9149,
serial:COM8/dial_raw,1622484,1785394309507,9148,
serial:COM8/dial_raw,1622486,1785394309509,9148,
serial:COM8/dial_raw,1622488,1785394309512,9147,
serial:COM8/dial_raw,1622490,1785394309514,9145,
serial:COM8/dial_raw,1622492,1785394309515,9148,
serial:COM8/dial_raw,1622494,1785394309517,9147,
serial:COM8/dial_raw,1622496,1785394309519,9150,
serial:COM8/dial_raw,1622498,1785394309521,9146,
serial:COM8/dial_raw,1622500,1785394309524,9147,
serial:COM8/dial_raw,1622502,1785394309526,9145,
serial:COM8/dial_raw,1622504,1785394309527,9148,
serial:COM8/dial_raw,1622506,1785394309529,9147,
serial:COM8/dial_raw,1622508,1785394309531,9146,
serial:COM8/dial_raw,1622510,1785394309534,9148,
serial:COM8/dial_raw,1622512,1785394309536,9147,
serial:COM8/dial_raw,1622514,1785394309537,9149,
serial:COM8/dial_raw,1622516,1785394309539,9149,
serial:COM8/dial_raw,1622518,1785394309541,9147,
serial:COM8/dial_raw,1622520,1785394309544,9148,
serial:COM8/dial_raw,1622522,1785394309546,9146,
serial:COM8/dial_raw,1622524,1785394309547,9149,
serial:COM8/dial_raw,1622526,1785394309549,9149,
serial:COM8/dial_raw,1622528,1785394309551,9148,
serial:COM8/dial_raw,1622530,1785394309554,9147,
serial:COM8/dial_raw,1622532,1785394309558,9148,
serial:COM8/dial_raw,1622534,1785394309558,9147,
serial:COM8/dial_raw,1622536,1785394309559,9147,
serial:COM8/dial_raw,1622538,1785394309561,9146,
serial:COM8/dial_raw,1622540,1785394309564,9147,
serial:COM8/dial_raw,1622542,1785394309565,9147,
serial:COM8/dial_raw,1622544,1785394309567,9147,
serial:COM8/dial_raw,1622546,1785394309569,9148,
serial:COM8/dial_raw,1622548,1785394309571,9147,
serial:COM8/dial_raw,1622550,1785394309574,9147,
serial:COM8/dial_raw,1622552,1785394309576,9143,
serial:COM8/dial_raw,1622554,1785394309577,9149,
serial:COM8/dial_raw,1622556,1785394309579,9148,
serial:COM8/dial_raw,1622558,1785394309581,9147,
serial:COM8/dial_raw,1622560,1785394309584,9146,
serial:COM8/dial_raw,1622562,1785394309585,9148,
serial:COM8/dial_raw,1622564,1785394309587,9150,
serial:COM8/dial_raw,1622566,1785394309589,9147,
serial:COM8/dial_raw,1622568,1785394309591,9145,
serial:COM8/dial_raw,1622570,1785394309594,9147,
serial:COM8/dial_raw,1622572,1785394309595,9150,
serial:COM8/dial_raw,1622574,1785394309597,9149,
serial:COM8/dial_raw,1622576,1785394309599,9147,
serial:COM8/dial_raw,1622578,1785394309601,9145,
serial:COM8/dial_raw,1622580,1785394309604,9145,
serial:COM8/dial_raw,1622582,1785394309606,9148,
serial:COM8/dial_raw,1622584,1785394309607,9147,
serial:COM8/dial_raw,1622586,1785394309609,9147,
serial:COM8/dial_raw,1622588,1785394309611,9149,
serial:COM8/dial_raw,1622590,1785394309614,9147,
serial:COM8/dial_raw,1622592,1785394309616,9147,
serial:COM8/dial_raw,1622594,1785394309617,9148,
serial:COM8/dial_raw,1622596,1785394309619,9149,
serial:COM8/dial_raw,1622598,1785394309621,9147,
serial:COM8/dial_raw,1622600,1785394309624,9147,
serial:COM8/dial_raw,1622602,1785394309625,9147,
serial:COM8/dial_raw,1622604,1785394309627,9148,
serial:COM8/dial_raw,1622606,1785394309629,9147,
serial:COM8/dial_raw,1622608,1785394309631,9145,
serial:COM8/dial_raw,1622610,1785394309634,9150,
serial:COM8/dial_raw,1622612,1785394309635,9146,
serial:COM8/dial_raw,1622614,1785394309637,9148,
serial:COM8/dial_raw,1622616,1785394309639,9148,
serial:COM8/dial_raw,1622618,1785394309641,9148,
serial:COM8/dial_raw,1622620,1785394309644,9147,
serial:COM8/dial_raw,1622622,1785394309645,9149,
serial:COM8/dial_raw,1622624,1785394309647,9150,
serial:COM8/dial_raw,1622626,1785394309649,9148,
serial:COM8/dial_raw,1622628,1785394309651,9148,
serial:COM8/dial_raw,1622630,1785394309654,9149,
serial:COM8/dial_raw,1622632,1785394309656,9148,
serial:COM8/dial_raw,1622634,1785394309657,9148,
serial:COM8/dial_raw,1622636,1785394309659,9147,
serial:COM8/dial_raw,1622638,1785394309661,9150,
serial:COM8/dial_raw,1622640,1785394309664,9150,
serial:COM8/dial_raw,1622642,1785394309665,9148,
serial:COM8/dial_raw,1622644,1785394309667,9150,
serial:COM8/dial_raw,1622646,1785394309669,9147,
serial:COM8/dial_raw,1622648,1785394309671,9147,
serial:COM8/dial_raw,1622650,1785394309674,9146,
serial:COM8/dial_raw,1622652,1785394309675,9147,
serial:COM8/dial_raw,1622654,1785394309677,9150,
serial:COM8/dial_raw,1622656,1785394309679,9148,
serial:COM8/dial_raw,1622658,1785394309681,9150,
serial:COM8/dial_raw,1622660,1785394309684,9147,
serial:COM8/dial_raw,1622662,1785394309685,9149,
serial:COM8/dial_raw,1622664,1785394309687,9146,
serial:COM8/dial_raw,1622666,1785394309689,9148,
serial:COM8/dial_raw,1622668,1785394309691,9149,
serial:COM8/dial_raw,1622670,1785394309694,9147,
serial:COM8/dial_raw,1622672,1785394309695,9147,
serial:COM8/dial_raw,1622674,1785394309697,9149,
serial:COM8/dial_raw,1622676,1785394309699,9147,
serial:COM8/dial_raw,1622678,1785394309701,9147,
serial:COM8/dial_raw,1622680,1785394309704,9149,
serial:COM8/dial_raw,1622682,1785394309705,9147,
serial:COM8/dial_raw,1622684,1785394309707,9146,
serial:COM8/dial_raw,1622686,1785394309709,9148,
serial:COM8/dial_raw,1622688,1785394309711,9147,
serial:COM8/dial_raw,1622690,1785394309714,9145,
serial:COM8/dial_raw,1622692,1785394309715,9147,
serial:COM8/dial_raw,1622694,1785394309717,9146,
serial:COM8/dial_raw,1622696,1785394309719,9147,
serial:COM8/dial_raw,1622698,1785394309721,9145,
serial:COM8/dial_raw,1622700,1785394309724,9147,
serial:COM8/dial_raw,1622702,1785394309725,9150,
serial:COM8/dial_raw,1622704,1785394309727,9149,
serial:COM8/dial_raw,1622706,1785394309729,9149,
serial:COM8/dial_raw,1622708,1785394309731,9147,
serial:COM8/dial_raw,1622710,1785394309734,9147,
serial:COM8/dial_raw,1622712,1785394309735,9147,
serial:COM8/dial_raw,1622714,1785394309737,9147,
serial:COM8/dial_raw,1622716,1785394309739,9146,
serial:COM8/dial_raw,1622718,1785394309741,9148,
serial:COM8/dial_raw,1622720,1785394309744,9146,
serial:COM8/dial_raw,1622722,1785394309745,9147,
serial:COM8/dial_raw,1622724,1785394309747,9148,
serial:COM8/dial_raw,1622726,1785394309749,9148,
serial:COM8/dial_raw,1622728,1785394309751,9146,
serial:COM8/dial_raw,1622730,1785394309754,9146,
serial:COM8/dial_raw,1622732,1785394309758,9149,
serial:COM8/dial_raw,1622734,1785394309758,9146,
serial:COM8/dial_raw,1622736,1785394309759,9150,
serial:COM8/dial_raw,1622738,1785394309761,9147,
serial:COM8/dial_raw,1622740,1785394309764,9150,
serial:COM8/dial_raw,1622742,1785394309765,9147,
serial:COM8/dial_raw,1622744,1785394309767,9147,
serial:COM8/dial_raw,1622746,1785394309769,9148,
serial:COM8/dial_raw,1622748,1785394309771,9147,
serial:COM8/dial_raw,1622750,1785394309774,9146,
serial:COM8/dial_raw,1622752,1785394309775,9148,
serial:COM8/dial_raw,1622754,1785394309777,9147,
serial:COM8/dial_raw,1622756,1785394309779,9146,
serial:COM8/dial_raw,1622758,1785394309781,9149,
serial:COM8/dial_raw,1622760,1785394309784,9147,
serial:COM8/dial_raw,1622762,1785394309785,9145,
serial:COM8/dial_raw,1622764,1785394309787,9146,
serial:COM8/dial_raw,1622766,1785394309789,9147,
serial:COM8/dial_raw,1622768,1785394309791,9148,
serial:COM8/dial_raw,1622770,1785394309794,9150,
serial:COM8/dial_raw,1622772,1785394309795,9149,
serial:COM8/dial_raw,1622774,1785394309797,9147,
serial:COM8/dial_raw,1622776,1785394309799,9150,
serial:COM8/dial_raw,1622778,1785394309801,9147,
serial:COM8/dial_raw,1622780,1785394309804,9147,
serial:COM8/dial_raw,1622782,1785394309805,9149,
serial:COM8/dial_raw,1622784,1785394309807,9147,
serial:COM8/dial_raw,1622786,1785394309809,9147,
serial:COM8/dial_raw,1622788,1785394309811,9147,
serial:COM8/dial_raw,1622790,1785394309814,9147,
serial:COM8/dial_raw,1622792,1785394309815,9147,
serial:COM8/dial_raw,1622794,1785394309817,9150,
serial:COM8/dial_raw,1622796,1785394309819,9149,
serial:COM8/dial_raw,1622798,1785394309822,9147,
serial:COM8/dial_raw,1622800,1785394309824,9145,
serial:COM8/dial_raw,1622802,1785394309826,9147,
serial:COM8/dial_raw,1622804,1785394309827,9146,
serial:COM8/dial_raw,1622806,1785394309829,9144,
serial:COM8/dial_raw,1622808,1785394309831,9148,
serial:COM8/dial_raw,1622810,1785394309834,9149,
serial:COM8/dial_raw,1622812,1785394309835,9146,
serial:COM8/dial_raw,1622814,1785394309837,9149,
serial:COM8/dial_raw,1622816,1785394309839,9148,
serial:COM8/dial_raw,1622818,1785394309841,9147,
serial:COM8/dial_raw,1622820,1785394309844,9147,
serial:COM8/dial_raw,1622822,1785394309845,9148,
serial:COM8/dial_raw,1622824,1785394309847,9145,
serial:COM8/dial_raw,1622826,1785394309849,9147,
serial:COM8/dial_raw,1622828,1785394309851,9147,
serial:COM8/dial_raw,1622830,1785394309854,9148,
serial:COM8/dial_raw,1622832,1785394309855,9146,
serial:COM8/dial_raw,1622834,1785394309857,9149,
serial:COM8/dial_raw,1622836,1785394309859,9148,
serial:COM8/dial_raw,1622838,1785394309861,9147,
serial:COM8/dial_raw,1622840,1785394309864,9149,
serial:COM8/dial_raw,1622842,1785394309866,9148,
serial:COM8/dial_raw,1622844,1785394309867,9150,
serial:COM8/dial_raw,1622846,1785394309869,9147,
serial:COM8/dial_raw,1622848,1785394309871,9148,
serial:COM8/dial_raw,1622850,1785394309874,9147,
serial:COM8/dial_raw,1622852,1785394309875,9149,
serial:COM8/dial_raw,1622854,1785394309877,9146,
serial:COM8/dial_raw,1622856,1785394309879,9145,
serial:COM8/dial_raw,1622858,1785394309881,9147,
serial:COM8/dial_raw,1622860,1785394309884,9146,
serial:COM8/dial_raw,1622862,1785394309885,9146,
serial:COM8/dial_raw,1622864,1785394309887,9149,
serial:COM8/dial_raw,1622866,1785394309889,9150,
serial:COM8/dial_raw,1622868,1785394309891,9145,
serial:COM8/dial_raw,1622870,1785394309894,9147,
serial:COM8/dial_raw,1622872,1785394309895,9148,
serial:COM8/dial_raw,1622874,1785394309897,9147,
serial:COM8/dial_raw,1622876,1785394309899,9149,
serial:COM8/dial_raw,1622878,1785394309901,9148,
serial:COM8/dial_raw,1622880,1785394309904,9149,
serial:COM8/dial_raw,1622882,1785394309905,9148,
serial:COM8/dial_raw,1622884,1785394309907,9148,
serial:COM8/dial_raw,1622886,1785394309909,9149,
serial:COM8/dial_raw,1622888,1785394309911,9147,
serial:COM8/dial_raw,1622890,1785394309914,9147,
serial:COM8/dial_raw,1622892,1785394309915,9147,
serial:COM8/dial_raw,1622894,1785394309917,9149,
serial:COM8/dial_raw,1622896,1785394309919,9146,
serial:COM8/dial_raw,1622898,1785394309921,9147,
serial:COM8/dial_raw,1622900,1785394309924,9148,
serial:COM8/dial_raw,1622902,1785394309925,9149,
serial:COM8/dial_raw,1622904,1785394309927,9148,
serial:COM8/dial_raw,1622906,1785394309929,9149,
serial:COM8/dial_raw,1622908,1785394309931,9146,
serial:COM8/dial_raw,1622910,1785394309934,9147,
serial:COM8/dial_raw,1622912,1785394309935,9146,
serial:COM8/dial_raw,1622914,1785394309937,9147,
serial:COM8/dial_raw,1622916,1785394309939,9147,
serial:COM8/dial_raw,1622918,1785394309941,9147,
serial:COM8/dial_raw,1622920,1785394309944,9148,
serial:COM8/dial_raw,1622922,1785394309945,9147,
serial:COM8/dial_raw,1622924,1785394309947,9147,
serial:COM8/dial_raw,1622926,1785394309949,9147,
serial:COM8/dial_raw,1622928,1785394309951,9147,
serial:COM8/dial_raw,1622930,1785394309954,9148,
serial:COM8/dial_raw,1622932,1785394309958,9147,
serial:COM8/dial_raw,1622934,1785394309958,9147,
serial:COM8/dial_raw,1622936,1785394309959,9147,
serial:COM8/dial_raw,1622938,1785394309961,9148,
serial:COM8/dial_raw,1622940,1785394309964,9147,
serial:COM8/dial_raw,1622942,1785394309966,9150,
serial:COM8/dial_raw,1622944,1785394309967,9146,
serial:COM8/dial_raw,1622946,1785394309969,9148,
serial:COM8/dial_raw,1622948,1785394309971,9147,
serial:COM8/dial_raw,1622950,1785394309974,9149,
serial:COM8/dial_raw,1622952,1785394309976,9148,
serial:COM8/dial_raw,1622954,1785394309977,9147,
serial:COM8/dial_raw,1622956,1785394309979,9146,
serial:COM8/dial_raw,1622958,1785394309981,9148,
serial:COM8/dial_raw,1622960,1785394309984,9148,
serial:COM8/dial_raw,1622962,1785394309985,9149,
serial:COM8/dial_raw,1622964,1785394309987,9147,
serial:COM8/dial_raw,1622966,1785394309989,9149,
serial:COM8/dial_raw,1622968,1785394309991,9147,
serial:COM8/dial_raw,1622970,1785394309994,9147,
serial:COM8/dial_raw,1622972,1785394309996,9146,
serial:COM8/dial_raw,1622974,1785394309997,9146,
serial:COM8/dial_raw,1622976,1785394309999,9145,
serial:COM8/dial_raw,1622978,1785394310001,9147,
serial:COM8/dial_raw,1622980,1785394310004,9147,
serial:COM8/dial_raw,1622982,1785394310005,9146,
serial:COM8/dial_raw,1622984,1785394310007,9148,
serial:COM8/dial_raw,1622986,1785394310009,9147,
serial:COM8/dial_raw,1622988,1785394310011,9148,
serial:COM8/dial_raw,1622990,1785394310014,9147,
serial:COM8/dial_raw,1622992,1785394310016,9147,
serial:COM8/dial_raw,1622994,1785394310017,9148,
serial:COM8/dial_raw,1622996,1785394310019,9148,
serial:COM8/dial_raw,1622998,1785394310021,9150,
serial:COM8/dial_raw,1623000,1785394310024,9147,
serial:COM8/dial_raw,1623002,1785394310026,9148,
serial:COM8/dial_raw,1623004,1785394310027,9147,
serial:COM8/dial_raw,1623006,1785394310029,9149,
serial:COM8/dial_raw,1623008,1785394310031,9147,
serial:COM8/dial_raw,1623010,1785394310034,9147,
serial:COM8/dial_raw,1623012,1785394310035,9150,
serial:COM8/dial_raw,1623014,1785394310037,9148,
serial:COM8/dial_raw,1623016,1785394310039,9148,
serial:COM8/dial_raw,1623018,1785394310041,9147,
serial:COM8/dial_raw,1623020,1785394310044,9147,
serial:COM8/dial_raw,1623022,1785394310045,9145,
serial:COM8/dial_raw,1623024,1785394310047,9148,
serial:COM8/dial_raw,1623026,1785394310049,9146,
serial:COM8/dial_raw,1623028,1785394310051,9147,
serial:COM8/dial_raw,1623030,1785394310054,9149,
serial:COM8/dial_raw,1623032,1785394310055,9147,
serial:COM8/dial_raw,1623034,1785394310057,9148,
serial:COM8/dial_raw,1623036,1785394310059,9146,
serial:COM8/dial_raw,1623038,1785394310061,9147,
serial:COM8/dial_raw,1623040,1785394310064,9146,
serial:COM8/dial_raw,1623042,1785394310065,9148,
serial:COM8/dial_raw,1623044,1785394310067,9147,
serial:COM8/dial_raw,1623046,1785394310069,9148,
serial:COM8/dial_raw,1623048,1785394310071,9148,
serial:COM8/dial_raw,1623050,1785394310074,9148,
serial:COM8/dial_raw,1623052,1785394310076,9149,
serial:COM8/dial_raw,1623054,1785394310077,9149,
serial:COM8/dial_raw,1623056,1785394310079,9148,
serial:COM8/dial_raw,1623058,1785394310081,9148,
serial:COM8/dial_raw,1623060,1785394310084,9146,
serial:COM8/dial_raw,1623062,1785394310086,9148,
serial:COM8/dial_raw,1623064,1785394310087,9148,
serial:COM8/dial_raw,1623066,1785394310089,9148,
serial:COM8/dial_raw,1623068,1785394310091,9146,
serial:COM8/dial_raw,1623070,1785394310094,9148,
serial:COM8/dial_raw,1623072,1785394310096,9147,
serial:COM8/dial_raw,1623074,1785394310097,9148,
serial:COM8/dial_raw,1623076,1785394310099,9147,
serial:COM8/dial_raw,1623078,1785394310101,9149,
serial:COM8/dial_raw,1623080,1785394310104,9147,
serial:COM8/dial_raw,1623082,1785394310106,9149,
serial:COM8/dial_raw,1623084,1785394310107,9148,
serial:COM8/dial_raw,1623086,1785394310109,9147,
serial:COM8/dial_raw,1623088,1785394310111,9149,
serial:COM8/dial_raw,1623090,1785394310114,9147,
serial:COM8/dial_raw,1623092,1785394310116,9149,
serial:COM8/dial_raw,1623094,1785394310117,9147,
serial:COM8/dial_raw,1623096,1785394310119,9149,
serial:COM8/dial_raw,1623098,1785394310121,9148,
serial:COM8/dial_raw,1623100,1785394310124,9147,
serial:COM8/dial_raw,1623102,1785394310126,9148,
serial:COM8/dial_raw,1623104,1785394310127,9148,
serial:COM8/dial_raw,1623106,1785394310129,9148,
serial:COM8/dial_raw,1623108,1785394310131,9148,
serial:COM8/dial_raw,1623110,1785394310134,9148,
serial:COM8/dial_raw,1623112,1785394310136,9148,
serial:COM8/dial_raw,1623114,1785394310137,9149,
serial:COM8/dial_raw,1623116,1785394310139,9147,
serial:COM8/dial_raw,1623118,1785394310141,9147,
serial:COM8/dial_raw,1623120,1785394310144,9150,
serial:COM8/dial_raw,1623122,1785394310146,9147,
serial:COM8/dial_raw,1623124,1785394310147,9147,
serial:COM8/dial_raw,1623126,1785394310149,9149,
serial:COM8/dial_raw,1623128,1785394310151,9147,
serial:COM8/dial_raw,1623130,1785394310154,9148,
serial:COM8/dial_raw,1623132,1785394310158,9148,
serial:COM8/dial_raw,1623134,1785394310158,9148,
serial:COM8/dial_raw,1623136,1785394310159,9147,
serial:COM8/dial_raw,1623138,1785394310161,9148,
serial:COM8/dial_raw,1623140,1785394310164,9149,
serial:COM8/dial_raw,1623142,1785394310166,9147,
serial:COM8/dial_raw,1623144,1785394310167,9147,
serial:COM8/dial_raw,1623146,1785394310169,9148,
serial:COM8/dial_raw,1623148,1785394310171,9147,
serial:COM8/dial_raw,1623150,1785394310174,9148,
serial:COM8/dial_raw,1623152,1785394310176,9146,
serial:COM8/dial_raw,1623154,1785394310177,9148,
serial:COM8/dial_raw,1623156,1785394310179,9148,
serial:COM8/dial_raw,1623158,1785394310181,9147,
serial:COM8/dial_raw,1623160,1785394310184,9147,
serial:COM8/dial_raw,1623162,1785394310186,9148,
serial:COM8/dial_raw,1623164,1785394310187,9148,
serial:COM8/dial_raw,1623166,1785394310189,9148,
serial:COM8/dial_raw,1623168,1785394310191,9148,
serial:COM8/dial_raw,1623170,1785394310194,9146,
serial:COM8/dial_raw,1623172,1785394310196,9147,
serial:COM8/dial_raw,1623174,1785394310197,9147,
serial:COM8/dial_raw,1623176,1785394310199,9149,
serial:COM8/dial_raw,1623178,1785394310201,9149,
serial:COM8/dial_raw,1623180,1785394310204,9148,
serial:COM8/dial_raw,1623182,1785394310206,9147,
serial:COM8/dial_raw,1623184,1785394310207,9147,
serial:COM8/dial_raw,1623186,1785394310209,9148,
serial:COM8/dial_raw,1623188,1785394310211,9148,
serial:COM8/dial_raw,1623190,1785394310214,9144,
serial:COM8/dial_raw,1623192,1785394310216,9148,
serial:COM8/dial_raw,1623194,1785394310217,9147,
serial:COM8/dial_raw,1623196,1785394310219,9146,
serial:COM8/dial_raw,1623198,1785394310221,9147,
serial:COM8/dial_raw,1623200,1785394310224,9148,
serial:COM8/dial_raw,1623202,1785394310226,9147,
serial:COM8/dial_raw,1623204,1785394310227,9148,
serial:COM8/dial_raw,1623206,1785394310229,9148,
serial:COM8/dial_raw,1623208,1785394310231,9147,
serial:COM8/dial_raw,1623210,1785394310234,9146,
serial:COM8/dial_raw,1623212,1785394310236,9147,
serial:COM8/dial_raw,1623214,1785394310237,9150,
serial:COM8/dial_raw,1623216,1785394310239,9148,
serial:COM8/dial_raw,1623218,1785394310241,9148,
serial:COM8/dial_raw,1623220,1785394310244,9150,
serial:COM8/dial_raw,1623222,1785394310246,9148,
serial:COM8/dial_raw,1623224,1785394310247,9148,
serial:COM8/dial_raw,1623226,1785394310249,9148,
serial:COM8/dial_raw,1623228,1785394310251,9146,
serial:COM8/dial_raw,1623230,1785394310254,9148,
serial:COM8/dial_raw,1623232,1785394310256,9146,
serial:COM8/dial_raw,1623234,1785394310257,9151,
serial:COM8/dial_raw,1623236,1785394310259,9146,
serial:COM8/dial_raw,1623238,1785394310261,9151,
serial:COM8/dial_raw,1623240,1785394310264,9150,
serial:COM8/dial_raw,1623242,1785394310266,9148,
serial:COM8/dial_raw,1623244,1785394310267,9149,
serial:COM8/dial_raw,1623246,1785394310269,9146,
serial:COM8/dial_raw,1623248,1785394310271,9147,
serial:COM8/dial_raw,1623250,1785394310274,9146,
serial:COM8/dial_raw,1623252,1785394310276,9147,
serial:COM8/dial_raw,1623254,1785394310277,9148,
serial:COM8/dial_raw,1623256,1785394310279,9149,
serial:COM8/dial_raw,1623258,1785394310281,9148,
serial:COM8/dial_raw,1623260,1785394310284,9145,
serial:COM8/dial_raw,1623262,1785394310286,9148,
serial:COM8/dial_raw,1623264,1785394310287,9149,
serial:COM8/dial_raw,1623266,1785394310289,9146,
serial:COM8/dial_raw,1623268,1785394310291,9147,
serial:COM8/dial_raw,1623270,1785394310294,9147,
serial:COM8/dial_raw,1623272,1785394310296,9148,
serial:COM8/dial_raw,1623274,1785394310297,9148,
serial:COM8/dial_raw,1623276,1785394310299,9148,
serial:COM8/dial_raw,1623278,1785394310301,9147,
serial:COM8/dial_raw,1623280,1785394310304,9147,
serial:COM8/dial_raw,1623282,1785394310306,9148,
serial:COM8/dial_raw,1623284,1785394310307,9147,
serial:COM8/dial_raw,1623286,1785394310309,9147,
serial:COM8/dial_raw,1623288,1785394310311,9150,
serial:COM8/dial_raw,1623290,1785394310314,9149,
serial:COM8/dial_raw,1623292,1785394310316,9148,
serial:COM8/dial_raw,1623294,1785394310317,9146,
serial:COM8/dial_raw,1623296,1785394310319,9146,
serial:COM8/dial_raw,1623298,1785394310321,9147,
serial:COM8/dial_raw,1623300,1785394310324,9144,
serial:COM8/dial_raw,1623302,1785394310326,9148,
serial:COM8/dial_raw,1623304,1785394310327,9147,
serial:COM8/dial_raw,1623306,1785394310329,9148,
serial:COM8/dial_raw,1623308,1785394310331,9147,
serial:COM8/dial_raw,1623310,1785394310334,9148,
serial:COM8/dial_raw,1623312,1785394310336,9146,
serial:COM8/dial_raw,1623314,1785394310337,9147,
serial:COM8/dial_raw,1623316,1785394310339,9148,
serial:COM8/dial_raw,1623318,1785394310341,9148,
serial:COM8/dial_raw,1623320,1785394310344,9147,
serial:COM8/dial_raw,1623322,1785394310346,9147,
serial:COM8/dial_raw,1623324,1785394310347,9147,
serial:COM8/dial_raw,1623326,1785394310349,9148,
serial:COM8/dial_raw,1623328,1785394310351,9149,
serial:COM8/dial_raw,1623330,1785394310354,9147,
serial:COM8/dial_raw,1623332,1785394310358,9146,
serial:COM8/dial_raw,1623334,1785394310358,9148,
serial:COM8/dial_raw,1623336,1785394310359,9148,
serial:COM8/dial_raw,1623338,1785394310361,9148,
serial:COM8/dial_raw,1623340,1785394310364,9147,
serial:COM8/dial_raw,1623342,1785394310366,9145,
serial:COM8/dial_raw,1623344,1785394310367,9147,
serial:COM8/dial_raw,1623346,1785394310369,9148,
serial:COM8/dial_raw,1623348,1785394310371,9148,
serial:COM8/dial_raw,1623350,1785394310374,9146,
serial:COM8/dial_raw,1623352,1785394310376,9150,
serial:COM8/dial_raw,1623354,1785394310377,9149,
serial:COM8/dial_raw,1623356,1785394310380,9147,
serial:COM8/dial_raw,1623358,1785394310381,9147,
serial:COM8/dial_raw,1623360,1785394310384,9148,
serial:COM8/dial_raw,1623362,1785394310386,9147,
serial:COM8/dial_raw,1623364,1785394310387,9146,
serial:COM8/dial_raw,1623366,1785394310389,9148,
serial:COM8/dial_raw,1623368,1785394310391,9147,
serial:COM8/dial_raw,1623370,1785394310394,9148,
serial:COM8/dial_raw,1623372,1785394310396,9148,
serial:COM8/dial_raw,1623374,1785394310397,9146,
serial:COM8/dial_raw,1623376,1785394310399,9147,
serial:COM8/dial_raw,1623378,1785394310401,9149,
serial:COM8/dial_raw,1623380,1785394310404,9149,
serial:COM8/dial_raw,1623382,1785394310406,9148,
serial:COM8/dial_raw,1623384,1785394310407,9148,
serial:COM8/dial_raw,1623386,1785394310409,9145,
serial:COM8/dial_raw,1623388,1785394310412,9146,
serial:COM8/dial_raw,1623390,1785394310414,9145,
serial:COM8/dial_raw,1623392,1785394310416,9148,
serial:COM8/dial_raw,1623394,1785394310417,9149,
serial:COM8/dial_raw,1623396,1785394310419,9147,
serial:COM8/dial_raw,1623398,1785394310421,9147,
serial:COM8/dial_raw,1623400,1785394310424,9149,
serial:COM8/dial_raw,1623402,1785394310426,9149,
serial:COM8/dial_raw,1623404,1785394310427,9150,
serial:COM8/dial_raw,1623406,1785394310429,9148,
serial:COM8/dial_raw,1623408,1785394310431,9146,
serial:COM8/dial_raw,1623410,1785394310434,9149,
serial:COM8/dial_raw,1623412,1785394310436,9147,
serial:COM8/dial_raw,1623414,1785394310437,9148,
serial:COM8/dial_raw,1623416,1785394310439,9149,
serial:COM8/dial_raw,1623418,1785394310441,9145,
serial:COM8/dial_raw,1623420,1785394310444,9147,
serial:COM8/dial_raw,1623422,1785394310446,9148,
serial:COM8/dial_raw,1623424,1785394310447,9147,
serial:COM8/dial_raw,1623426,1785394310449,9148,
serial:COM8/dial_raw,1623428,1785394310451,9149,
serial:COM8/dial_raw,1623430,1785394310454,9146,
serial:COM8/dial_raw,1623432,1785394310456,9146,
serial:COM8/dial_raw,1623434,1785394310457,9147,
serial:COM8/dial_raw,1623436,1785394310459,9148,
serial:COM8/dial_raw,1623438,1785394310461,9150,
serial:COM8/dial_raw,1623440,1785394310464,9147,
serial:COM8/dial_raw,1623442,1785394310466,9148,
serial:COM8/dial_raw,1623444,1785394310467,9149,
serial:COM8/dial_raw,1623446,1785394310469,9146,
serial:COM8/dial_raw,1623448,1785394310471,9148,
serial:COM8/dial_raw,1623450,1785394310474,9147,
serial:COM8/dial_raw,1623452,1785394310476,9147,
serial:COM8/dial_raw,1623454,1785394310477,9147,
serial:COM8/dial_raw,1623456,1785394310479,9147,
serial:COM8/dial_raw,1623458,1785394310481,9148,
serial:COM8/dial_raw,1623460,1785394310484,9148,
serial:COM8/dial_raw,1623462,1785394310486,9148,
serial:COM8/dial_raw,1623464,1785394310487,9145,
serial:COM8/dial_raw,1623466,1785394310489,9147,
serial:COM8/dial_raw,1623468,1785394310491,9147,
serial:COM8/dial_raw,1623470,1785394310494,9151,
serial:COM8/dial_raw,1623472,1785394310496,9147,
serial:COM8/dial_raw,1623474,1785394310497,9149,
serial:COM8/dial_raw,1623476,1785394310499,9147,
serial:COM8/dial_raw,1623478,1785394310501,9149,
serial:COM8/dial_raw,1623480,1785394310504,9147,
serial:COM8/dial_raw,1623482,1785394310506,9148,
serial:COM8/dial_raw,1623484,1785394310507,9148,
serial:COM8/dial_raw,1623486,1785394310509,9148,
serial:COM8/dial_raw,1623488,1785394310512,9147,
serial:COM8/dial_raw,1623490,1785394310514,9148,
serial:COM8/dial_raw,1623492,1785394310516,9149,
serial:COM8/dial_raw,1623494,1785394310517,9148,
serial:COM8/dial_raw,1623496,1785394310519,9148,
serial:COM8/dial_raw,1623498,1785394310521,9148,
serial:COM8/dial_raw,1623500,1785394310524,9148,
serial:COM8/dial_raw,1623502,1785394310526,9147,
serial:COM8/dial_raw,1623504,1785394310527,9146,
serial:COM8/dial_raw,1623506,1785394310529,9148,
serial:COM8/dial_raw,1623508,1785394310531,9147,
serial:COM8/dial_raw,1623510,1785394310534,9147,
serial:COM8/dial_raw,1623512,1785394310536,9147,
serial:COM8/dial_raw,1623514,1785394310537,9144,
serial:COM8/dial_raw,1623516,1785394310539,9147,
serial:COM8/dial_raw,1623518,1785394310541,9148,
serial:COM8/dial_raw,1623520,1785394310544,9147,
serial:COM8/dial_raw,1623522,1785394310546,9149,
serial:COM8/dial_raw,1623524,1785394310547,9148,
serial:COM8/dial_raw,1623526,1785394310549,9146,
serial:COM8/dial_raw,1623528,1785394310551,9149,
serial:COM8/dial_raw,1623530,1785394310554,9149,
serial:COM8/dial_raw,1623532,1785394310558,9146,
serial:COM8/dial_raw,1623534,1785394310558,9147,
serial:COM8/dial_raw,1623536,1785394310559,9150,
serial:COM8/dial_raw,1623538,1785394310561,9149,
serial:COM8/dial_raw,1623540,1785394310564,9145,
serial:COM8/dial_raw,1623542,1785394310566,9147,
serial:COM8/dial_raw,1623544,1785394310567,9145,
serial:COM8/dial_raw,1623546,1785394310569,9147,
serial:COM8/dial_raw,1623548,1785394310571,9150,
serial:COM8/dial_raw,1623550,1785394310574,9148,
serial:COM8/dial_raw,1623552,1785394310576,9148,
serial:COM8/dial_raw,1623554,1785394310577,9147,
serial:COM8/dial_raw,1623556,1785394310579,9148,
serial:COM8/dial_raw,1623558,1785394310581,9146,
serial:COM8/dial_raw,1623560,1785394310584,9149,
serial:COM8/dial_raw,1623562,1785394310586,9147,
serial:COM8/dial_raw,1623564,1785394310587,9149,
serial:COM8/dial_raw,1623566,1785394310589,9147,
serial:COM8/dial_raw,1623568,1785394310591,9147,
serial:COM8/dial_raw,1623570,1785394310594,9148,
serial:COM8/dial_raw,1623572,1785394310596,9148,
serial:COM8/dial_raw,1623574,1785394310597,9148,
serial:COM8/dial_raw,1623576,1785394310599,9149,
serial:COM8/dial_raw,1623578,1785394310601,9150,
serial:COM8/dial_raw,1623580,1785394310604,9148,
serial:COM8/dial_raw,1623582,1785394310606,9147,
serial:COM8/dial_raw,1623584,1785394310607,9147,
serial:COM8/dial_raw,1623586,1785394310609,9148,
serial:COM8/dial_raw,1623588,1785394310611,9149,
serial:COM8/dial_raw,1623590,1785394310614,9149,
serial:COM8/dial_raw,1623592,1785394310616,9148,
serial:COM8/dial_raw,1623594,1785394310617,9147,
serial:COM8/dial_raw,1623596,1785394310619,9147,
serial:COM8/dial_raw,1623598,1785394310621,9145,
serial:COM8/dial_raw,1623600,1785394310624,9149,
serial:COM8/dial_raw,1623602,1785394310626,9147,
serial:COM8/dial_raw,1623604,1785394310627,9148,
serial:COM8/dial_raw,1623606,1785394310630,9150,
serial:COM8/dial_raw,1623608,1785394310631,9150,
serial:COM8/dial_raw,1623610,1785394310634,9148,
serial:COM8/dial_raw,1623612,1785394310636,9147,
serial:COM8/dial_raw,1623614,1785394310637,9146,
serial:COM8/dial_raw,1623616,1785394310639,9149,
serial:COM8/dial_raw,1623618,1785394310641,9147,
serial:COM8/dial_raw,1623620,1785394310644,9147,
serial:COM8/dial_raw,1623622,1785394310646,9147,
serial:COM8/dial_raw,1623624,1785394310647,9147,
serial:COM8/dial_raw,1623626,1785394310649,9147,
serial:COM8/dial_raw,1623628,1785394310651,9147,
serial:COM8/dial_raw,1623630,1785394310654,9149,
serial:COM8/dial_raw,1623632,1785394310656,9148,
serial:COM8/dial_raw,1623634,1785394310657,9150,
serial:COM8/dial_raw,1623636,1785394310659,9147,
serial:COM8/dial_raw,1623638,1785394310661,9148,
serial:COM8/dial_raw,1623640,1785394310664,9147,
serial:COM8/dial_raw,1623642,1785394310666,9147,
serial:COM8/dial_raw,1623644,1785394310667,9149,
serial:COM8/dial_raw,1623646,1785394310669,9147,
serial:COM8/dial_raw,1623648,1785394310671,9148,
serial:COM8/dial_raw,1623650,1785394310674,9149,
serial:COM8/dial_raw,1623652,1785394310676,9148,
serial:COM8/dial_raw,1623654,1785394310677,9149,
serial:COM8/dial_raw,1623656,1785394310679,9147,
serial:COM8/dial_raw,1623658,1785394310681,9147,
serial:COM8/dial_raw,1623660,1785394310684,9147,
serial:COM8/dial_raw,1623662,1785394310686,9148,
serial:COM8/dial_raw,1623664,1785394310687,9148,
serial:COM8/dial_raw,1623666,1785394310689,9146,
serial:COM8/dial_raw,1623668,1785394310691,9147,
serial:COM8/dial_raw,1623670,1785394310694,9147,
serial:COM8/dial_raw,1623672,1785394310696,9148,
serial:COM8/dial_raw,1623674,1785394310697,9149,
serial:COM8/dial_raw,1623676,1785394310699,9149,
serial:COM8/dial_raw,1623678,1785394310701,9147,
serial:COM8/dial_raw,1623680,1785394310704,9148,
serial:COM8/dial_raw,1623682,1785394310706,9149,
serial:COM8/dial_raw,1623684,1785394310707,9147,
serial:COM8/dial_raw,1623686,1785394310709,9147,
serial:COM8/dial_raw,1623688,1785394310711,9148,
serial:COM8/dial_raw,1623690,1785394310714,9147,
serial:COM8/dial_raw,1623692,1785394310716,9147,
serial:COM8/dial_raw,1623694,1785394310717,9150,
serial:COM8/dial_raw,1623696,1785394310719,9149,
serial:COM8/dial_raw,1623698,1785394310721,9147,
serial:COM8/dial_raw,1623700,1785394310724,9148,
serial:COM8/dial_raw,1623702,1785394310726,9147,
serial:COM8/dial_raw,1623704,1785394310727,9147,
serial:COM8/dial_raw,1623706,1785394310729,9146,
serial:COM8/dial_raw,1623708,1785394310731,9148,
serial:COM8/dial_raw,1623710,1785394310734,9148,
serial:COM8/dial_raw,1623712,1785394310736,9146,
serial:COM8/dial_raw,1623714,1785394310737,9146,
serial:COM8/dial_raw,1623716,1785394310739,9148,
serial:COM8/dial_raw,1623718,1785394310741,9148,
serial:COM8/dial_raw,1623720,1785394310744,9149,
serial:COM8/dial_raw,1623722,1785394310746,9148,
serial:COM8/dial_raw,1623724,1785394310747,9149,
serial:COM8/dial_raw,1623726,1785394310749,9148,
serial:COM8/dial_raw,1623728,1785394310751,9148,
serial:COM8/dial_raw,1623730,1785394310754,9148,
serial:COM8/dial_raw,1623732,1785394310758,9146,
serial:COM8/dial_raw,1623734,1785394310758,9148,
serial:COM8/dial_raw,1623736,1785394310759,9147,
serial:COM8/dial_raw,1623738,1785394310761,9147,
serial:COM8/dial_raw,1623740,1785394310764,9149,
serial:COM8/dial_raw,1623742,1785394310766,9145,
serial:COM8/dial_raw,1623744,1785394310767,9147,
serial:COM8/dial_raw,1623746,1785394310769,9148,
serial:COM8/dial_raw,1623748,1785394310771,9150,
serial:COM8/dial_raw,1623750,1785394310774,9147,
serial:COM8/dial_raw,1623752,1785394310776,9150,
serial:COM8/dial_raw,1623754,1785394310777,9146,
serial:COM8/dial_raw,1623756,1785394310779,9149,
serial:COM8/dial_raw,1623758,1785394310781,9148,
serial:COM8/dial_raw,1623760,1785394310784,9148,
serial:COM8/dial_raw,1623762,1785394310786,9147,
serial:COM8/dial_raw,1623764,1785394310787,9147,
serial:COM8/dial_raw,1623766,1785394310789,9148,
serial:COM8/dial_raw,1623768,1785394310791,9146,
serial:COM8/dial_raw,1623770,1785394310794,9151,
serial:COM8/dial_raw,1623772,1785394310796,9149,
serial:COM8/dial_raw,1623774,1785394310797,9148,
serial:COM8/dial_raw,1623776,1785394310799,9147,
serial:COM8/dial_raw,1623778,1785394310801,9146,
serial:COM8/dial_raw,1623780,1785394310804,9147,
serial:COM8/dial_raw,1623782,1785394310806,9146,
serial:COM8/dial_raw,1623784,1785394310807,9147,
serial:COM8/dial_raw,1623786,1785394310809,9147,
serial:COM8/dial_raw,1623788,1785394310811,9148,
serial:COM8/dial_raw,1623790,1785394310814,9145,
serial:COM8/dial_raw,1623792,1785394310816,9148,
serial:COM8/dial_raw,1623794,1785394310817,9147,
serial:COM8/dial_raw,1623796,1785394310819,9148,
serial:COM8/dial_raw,1623798,1785394310821,9146,
serial:COM8/dial_raw,1623800,1785394310824,9150,
serial:COM8/dial_raw,1623802,1785394310826,9147,
serial:COM8/dial_raw,1623804,1785394310827,9148,
serial:COM8/dial_raw,1623806,1785394310829,9148,
serial:COM8/dial_raw,1623808,1785394310832,9146,
serial:COM8/dial_raw,1623810,1785394310834,9149,
serial:COM8/dial_raw,1623812,1785394310836,9148,
serial:COM8/dial_raw,1623814,1785394310837,9146,
serial:COM8/dial_raw,1623816,1785394310839,9148,
serial:COM8/dial_raw,1623818,1785394310841,9147,
serial:COM8/dial_raw,1623820,1785394310844,9148,
serial:COM8/dial_raw,1623822,1785394310846,9146,
serial:COM8/dial_raw,1623824,1785394310847,9148,
serial:COM8/dial_raw,1623826,1785394310849,9147,
serial:COM8/dial_raw,1623828,1785394310851,9148,
serial:COM8/dial_raw,1623830,1785394310854,9149,
serial:COM8/dial_raw,1623832,1785394310856,9148,
serial:COM8/dial_raw,1623834,1785394310857,9149,
serial:COM8/dial_raw,1623836,1785394310859,9144,
serial:COM8/dial_raw,1623838,1785394310861,9150,
serial:COM8/dial_raw,1623840,1785394310864,9149,
serial:COM8/dial_raw,1623842,1785394310866,9149,
serial:COM8/dial_raw,1623844,1785394310867,9146,
serial:COM8/dial_raw,1623846,1785394310869,9147,
serial:COM8/dial_raw,1623848,1785394310871,9149,
serial:COM8/dial_raw,1623850,1785394310874,9146,
serial:COM8/dial_raw,1623852,1785394310876,9149,
serial:COM8/dial_raw,1623854,1785394310877,9147,
serial:COM8/dial_raw,1623856,1785394310879,9148,
serial:COM8/dial_raw,1623858,1785394310881,9146,
serial:COM8/dial_raw,1623860,1785394310884,9147,
serial:COM8/dial_raw,1623862,1785394310886,9147,
serial:COM8/dial_raw,1623864,1785394310887,9149,
serial:COM8/dial_raw,1623866,1785394310889,9146,
serial:COM8/dial_raw,1623868,1785394310891,9146,
serial:COM8/dial_raw,1623870,1785394310894,9148,
serial:COM8/dial_raw,1623872,1785394310896,9147,
serial:COM8/dial_raw,1623874,1785394310897,9147,
serial:COM8/dial_raw,1623876,1785394310899,9149,
serial:COM8/dial_raw,1623878,1785394310901,9147,
serial:COM8/dial_raw,1623880,1785394310904,9148,
serial:COM8/dial_raw,1623882,1785394310906,9149,
serial:COM8/dial_raw,1623884,1785394310907,9147,
serial:COM8/dial_raw,1623886,1785394310909,9149,
serial:COM8/dial_raw,1623888,1785394310911,9149,
serial:COM8/dial_raw,1623890,1785394310914,9147,
serial:COM8/dial_raw,1623892,1785394310916,9144,
serial:COM8/dial_raw,1623894,1785394310917,9146,
serial:COM8/dial_raw,1623896,1785394310919,9144,
serial:COM8/dial_raw,1623898,1785394310921,9147,
serial:COM8/dial_raw,1623900,1785394310924,9147,
serial:COM8/dial_raw,1623902,1785394310926,9147,
serial:COM8/dial_raw,1623904,1785394310927,9147,
serial:COM8/dial_raw,1623906,1785394310929,9147,
serial:COM8/dial_raw,1623908,1785394310931,9148,
serial:COM8/dial_raw,1623910,1785394310934,9150,
serial:COM8/dial_raw,1623912,1785394310936,9148,
serial:COM8/dial_raw,1623914,1785394310937,9147,
serial:COM8/dial_raw,1623916,1785394310939,9145,
serial:COM8/dial_raw,1623918,1785394310941,9147,
serial:COM8/dial_raw,1623920,1785394310944,9148,
serial:COM8/dial_raw,1623922,1785394310946,9149,
serial:COM8/dial_raw,1623924,1785394310947,9147,
serial:COM8/dial_raw,1623926,1785394310949,9147,
serial:COM8/dial_raw,1623928,1785394310951,9148,
serial:COM8/dial_raw,1623930,1785394310954,9148,
serial:COM8/dial_raw,1623932,1785394310958,9150,
serial:COM8/dial_raw,1623934,1785394310958,9148,
serial:COM8/dial_raw,1623936,1785394310959,9147,
serial:COM8/dial_raw,1623938,1785394310961,9148,
serial:COM8/dial_raw,1623940,1785394310964,9146,
serial:COM8/dial_raw,1623942,1785394310966,9147,
serial:COM8/dial_raw,1623944,1785394310967,9149,
serial:COM8/dial_raw,1623946,1785394310969,9149,
serial:COM8/dial_raw,1623948,1785394310971,9148,
serial:COM8/dial_raw,1623950,1785394310974,9148,
serial:COM8/dial_raw,1623952,1785394310976,9149,
serial:COM8/dial_raw,1623954,1785394310977,9147,
serial:COM8/dial_raw,1623956,1785394310979,9148,
serial:COM8/dial_raw,1623958,1785394310981,9148,
serial:COM8/dial_raw,1623960,1785394310984,9147,
serial:COM8/dial_raw,1623962,1785394310986,9147,
serial:COM8/dial_raw,1623964,1785394310987,9146,
serial:COM8/dial_raw,1623966,1785394310989,9146,
serial:COM8/dial_raw,1623968,1785394310991,9147,
serial:COM8/dial_raw,1623970,1785394310994,9148,
serial:COM8/dial_raw,1623972,1785394310996,9148,
serial:COM8/dial_raw,1623974,1785394310997,9147,
serial:COM8/dial_raw,1623976,1785394310999,9147,
serial:COM8/dial_raw,1623978,1785394311001,9149,
serial:COM8/dial_raw,1623980,1785394311004,9148,
serial:COM8/dial_raw,1623982,1785394311006,9147,
serial:COM8/dial_raw,1623984,1785394311007,9150,
serial:COM8/dial_raw,1623986,1785394311009,9149,
serial:COM8/dial_raw,1623988,1785394311011,9147,
serial:COM8/dial_raw,1623990,1785394311014,9147,
serial:COM8/dial_raw,1623992,1785394311016,9147,
serial:COM8/dial_raw,1623994,1785394311017,9147,
serial:COM8/dial_raw,1623996,1785394311019,9148,
serial:COM8/dial_raw,1623998,1785394311021,9150,
serial:COM8/dial_raw,1624000,1785394311024,9147,
serial:COM8/dial_raw,1624002,1785394311026,9146,
serial:COM8/dial_raw,1624004,1785394311027,9147,
serial:COM8/dial_raw,1624006,1785394311029,9148,
serial:COM8/dial_raw,1624008,1785394311031,9149,
serial:COM8/dial_raw,1624010,1785394311034,9145,
serial:COM8/dial_raw,1624012,1785394311036,9146,
serial:COM8/dial_raw,1624014,1785394311037,9147,
serial:COM8/dial_raw,1624016,1785394311039,9147,
serial:COM8/dial_raw,1624018,1785394311041,9148,
serial:COM8/dial_raw,1624020,1785394311044,9147,
serial:COM8/dial_raw,1624022,1785394311046,9148,
serial:COM8/dial_raw,1624024,1785394311047,9148,
serial:COM8/dial_raw,1624026,1785394311049,9146,
serial:COM8/dial_raw,1624028,1785394311051,9148,
serial:COM8/dial_raw,1624030,1785394311054,9148,
serial:COM8/dial_raw,1624032,1785394311056,9151,
serial:COM8/dial_raw,1624034,1785394311057,9147,
serial:COM8/dial_raw,1624036,1785394311059,9147,
serial:COM8/dial_raw,1624038,1785394311061,9149,
serial:COM8/dial_raw,1624040,1785394311064,9148,
serial:COM8/dial_raw,1624042,1785394311066,9148,
serial:COM8/dial_raw,1624044,1785394311067,9148,
serial:COM8/dial_raw,1624046,1785394311069,9145,
serial:COM8/dial_raw,1624048,1785394311071,9148,
serial:COM8/dial_raw,1624050,1785394311074,9148,
serial:COM8/dial_raw,1624052,1785394311076,9147,
serial:COM8/dial_raw,1624054,1785394311077,9150,
serial:COM8/dial_raw,1624056,1785394311079,9147,
serial:COM8/dial_raw,1624058,1785394311081,9147,
serial:COM8/dial_raw,1624060,1785394311084,9150,
serial:COM8/dial_raw,1624062,1785394311086,9147,
serial:COM8/dial_raw,1624064,1785394311087,9147,
serial:COM8/dial_raw,1624066,1785394311089,9147,
serial:COM8/dial_raw,1624068,1785394311091,9148,
serial:COM8/dial_raw,1624070,1785394311094,9146,
serial:COM8/dial_raw,1624072,1785394311096,9147,
serial:COM8/dial_raw,1624074,1785394311097,9147,
serial:COM8/dial_raw,1624076,1785394311099,9148,
serial:COM8/dial_raw,1624078,1785394311101,9148,
serial:COM8/dial_raw,1624080,1785394311104,9147,
serial:COM8/dial_raw,1624082,1785394311106,9150,
serial:COM8/dial_raw,1624084,1785394311107,9147,
serial:COM8/dial_raw,1624086,1785394311109,9148,
serial:COM8/dial_raw,1624088,1785394311111,9147,
serial:COM8/dial_raw,1624090,1785394311114,9147,
serial:COM8/dial_raw,1624092,1785394311116,9147,
serial:COM8/dial_raw,1624094,1785394311117,9148,
serial:COM8/dial_raw,1624096,1785394311119,9147,
serial:COM8/dial_raw,1624098,1785394311121,9147,
serial:COM8/dial_raw,1624100,1785394311124,9150,
serial:COM8/dial_raw,1624102,1785394311126,9148,
serial:COM8/dial_raw,1624104,1785394311127,9146,
serial:COM8/dial_raw,1624106,1785394311129,9149,
serial:COM8/dial_raw,1624108,1785394311131,9148,
serial:COM8/dial_raw,1624110,1785394311134,9145,
serial:COM8/dial_raw,1624112,1785394311136,9147,
serial:COM8/dial_raw,1624114,1785394311137,9148,
serial:COM8/dial_raw,1624116,1785394311139,9148,
serial:COM8/dial_raw,1624118,1785394311141,9148,
serial:COM8/dial_raw,1624120,1785394311144,9148,
serial:COM8/dial_raw,1624122,1785394311146,9150,
serial:COM8/dial_raw,1624124,1785394311147,9145,
serial:COM8/dial_raw,1624126,1785394311149,9146,
serial:COM8/dial_raw,1624128,1785394311151,9148,
serial:COM8/dial_raw,1624130,1785394311154,9149,
serial:COM8/dial_raw,1624132,1785394311158,9151,
serial:COM8/dial_raw,1624134,1785394311158,9147,
serial:COM8/dial_raw,1624136,1785394311159,9148,
serial:COM8/dial_raw,1624138,1785394311161,9146,
serial:COM8/dial_raw,1624140,1785394311164,9147,
serial:COM8/dial_raw,1624142,1785394311166,9148,
serial:COM8/dial_raw,1624144,1785394311167,9149,
serial:COM8/dial_raw,1624146,1785394311169,9148,
serial:COM8/dial_raw,1624148,1785394311171,9147,
serial:COM8/dial_raw,1624150,1785394311174,9148,
serial:COM8/dial_raw,1624152,1785394311176,9146,
serial:COM8/dial_raw,1624154,1785394311177,9146,
serial:COM8/dial_raw,1624156,1785394311179,9148,
serial:COM8/dial_raw,1624158,1785394311181,9146,
serial:COM8/dial_raw,1624160,1785394311184,9148,
serial:COM8/dial_raw,1624162,1785394311186,9147,
serial:COM8/dial_raw,1624164,1785394311187,9147,
serial:COM8/dial_raw,1624166,1785394311189,9147,
serial:COM8/dial_raw,1624168,1785394311191,9148,
serial:COM8/dial_raw,1624170,1785394311194,9148,
serial:COM8/dial_raw,1624172,1785394311196,9148,
serial:COM8/dial_raw,1624174,1785394311197,9148,
serial:COM8/dial_raw,1624176,1785394311199,9147,
serial:COM8/dial_raw,1624178,1785394311201,9148,
serial:COM8/dial_raw,1624180,1785394311204,9147,
serial:COM8/dial_raw,1624182,1785394311205,9147,
serial:COM8/dial_raw,1624184,1785394311207,9148,
serial:COM8/dial_raw,1624186,1785394311209,9148,
serial:COM8/dial_raw,1624188,1785394311211,9149,
serial:COM8/dial_raw,1624190,1785394311214,9148,
serial:COM8/dial_raw,1624192,1785394311216,9149,
serial:COM8/dial_raw,1624194,1785394311217,9147,
serial:COM8/dial_raw,1624196,1785394311219,9145,
serial:COM8/dial_raw,1624198,1785394311221,9148,
serial:COM8/dial_raw,1624200,1785394311224,9145,
serial:COM8/dial_raw,1624202,1785394311226,9147,
serial:COM8/dial_raw,1624204,1785394311227,9147,
serial:COM8/dial_raw,1624206,1785394311229,9147,
serial:COM8/dial_raw,1624208,1785394311231,9150,
serial:COM8/dial_raw,1624210,1785394311234,9148,
serial:COM8/dial_raw,1624212,1785394311236,9148,
serial:COM8/dial_raw,1624214,1785394311237,9149,
serial:COM8/dial_raw,1624216,1785394311239,9147,
serial:COM8/dial_raw,1624218,1785394311241,9147,
serial:COM8/dial_raw,1624220,1785394311244,9149,
serial:COM8/dial_raw,1624222,1785394311246,9148,
serial:COM8/dial_raw,1624224,1785394311247,9148,
serial:COM8/dial_raw,1624226,1785394311249,9147,
serial:COM8/dial_raw,1624228,1785394311251,9147,
serial:COM8/dial_raw,1624230,1785394311254,9148,
serial:COM8/dial_raw,1624232,1785394311255,9148,
serial:COM8/dial_raw,1624234,1785394311257,9148,
serial:COM8/dial_raw,1624236,1785394311259,9149,
serial:COM8/dial_raw,1624238,1785394311261,9147,
serial:COM8/dial_raw,1624240,1785394311264,9151,
serial:COM8/dial_raw,1624242,1785394311265,9149,
serial:COM8/dial_raw,1624244,1785394311267,9147,
serial:COM8/dial_raw,1624246,1785394311269,9147,
serial:COM8/dial_raw,1624248,1785394311271,9147,
serial:COM8/dial_raw,1624250,1785394311274,9148,
serial:COM8/dial_raw,1624252,1785394311276,9147,
serial:COM8/dial_raw,1624254,1785394311277,9147,
serial:COM8/dial_raw,1624256,1785394311279,9146,
serial:COM8/dial_raw,1624258,1785394311281,9148,
serial:COM8/dial_raw,1624260,1785394311284,9148,
serial:COM8/dial_raw,1624262,1785394311286,9144,
serial:COM8/dial_raw,1624264,1785394311287,9149,
serial:COM8/dial_raw,1624266,1785394311289,9148,
serial:COM8/dial_raw,1624268,1785394311291,9147,
serial:COM8/dial_raw,1624270,1785394311294,9148,
serial:COM8/dial_raw,1624272,1785394311295,9146,
serial:COM8/dial_raw,1624274,1785394311297,9147,
serial:COM8/dial_raw,1624276,1785394311299,9147,
serial:COM8/dial_raw,1624278,1785394311301,9145,
serial:COM8/dial_raw,1624280,1785394311304,9148,
serial:COM8/dial_raw,1624282,1785394311305,9148,
serial:COM8/dial_raw,1624284,1785394311307,9147,
serial:COM8/dial_raw,1624286,1785394311309,9147,
serial:COM8/dial_raw,1624288,1785394311311,9148,
serial:COM8/dial_raw,1624290,1785394311314,9147,
serial:COM8/dial_raw,1624292,1785394311315,9148,
serial:COM8/dial_raw,1624294,1785394311317,9147,
serial:COM8/dial_raw,1624296,1785394311319,9149,
serial:COM8/dial_raw,1624298,1785394311321,9150,
serial:COM8/dial_raw,1624300,1785394311324,9149,
serial:COM8/dial_raw,1624302,1785394311325,9147,
serial:COM8/dial_raw,1624304,1785394311327,9147,
serial:COM8/dial_raw,1624306,1785394311329,9147,
serial:COM8/dial_raw,1624308,1785394311331,9149,
serial:COM8/dial_raw,1624310,1785394311334,9147,
serial:COM8/dial_raw,1624312,1785394311335,9147,
serial:COM8/dial_raw,1624314,1785394311337,9147,
serial:COM8/dial_raw,1624316,1785394311339,9147,
serial:COM8/dial_raw,1624318,1785394311341,9151,
serial:COM8/dial_raw,1624320,1785394311344,9149,
serial:COM8/dial_raw,1624322,1785394311346,9149,
serial:COM8/dial_raw,1624324,1785394311347,9146,
serial:COM8/dial_raw,1624326,1785394311349,9148,
serial:COM8/dial_raw,1624328,1785394311351,9148,
serial:COM8/dial_raw,1624330,1785394311354,9147,
serial:COM8/dial_raw,1624332,1785394311358,9147,
serial:COM8/dial_raw,1624334,1785394311358,9147,
serial:COM8/dial_raw,1624336,1785394311359,9147,
serial:COM8/dial_raw,1624338,1785394311361,9148,
serial:COM8/dial_raw,1624340,1785394311364,9148,
serial:COM8/dial_raw,1624342,1785394311366,9149,
serial:COM8/dial_raw,1624344,1785394311367,9148,
serial:COM8/dial_raw,1624346,1785394311370,9151,
serial:COM8/dial_raw,1624348,1785394311371,9147,
serial:COM8/dial_raw,1624350,1785394311374,9149,
serial:COM8/dial_raw,1624352,1785394311376,9147,
serial:COM8/dial_raw,1624354,1785394311377,9147,
serial:COM8/dial_raw,1624356,1785394311379,9147,
serial:COM8/dial_raw,1624358,1785394311381,9148,
serial:COM8/dial_raw,1624360,1785394311384,9148,
serial:COM8/dial_raw,1624362,1785394311386,9149,
serial:COM8/dial_raw,1624364,1785394311387,9147,
serial:COM8/dial_raw,1624366,1785394311389,9148,
serial:COM8/dial_raw,1624368,1785394311391,9151,
serial:COM8/dial_raw,1624370,1785394311394,9146,
serial:COM8/dial_raw,1624372,1785394311396,9147,
serial:COM8/dial_raw,1624374,1785394311397,9148,
serial:COM8/dial_raw,1624376,1785394311399,9148,
serial:COM8/dial_raw,1624378,1785394311401,9149,
serial:COM8/dial_raw,1624380,1785394311404,9147,
serial:COM8/dial_raw,1624382,1785394311406,9148,
serial:COM8/dial_raw,1624384,1785394311408,9148,
serial:COM8/dial_raw,1624386,1785394311409,9147,
serial:COM8/dial_raw,1624388,1785394311411,9148,
serial:COM8/dial_raw,1624390,1785394311414,9146,
serial:COM8/dial_raw,1624392,1785394311416,9148,
serial:COM8/dial_raw,1624394,1785394311417,9147,
serial:COM8/dial_raw,1624396,1785394311419,9147,
serial:COM8/dial_raw,1624398,1785394311422,9146,
serial:COM8/dial_raw,1624400,1785394311424,9144,
serial:COM8/dial_raw,1624402,1785394311426,9147,
serial:COM8/dial_raw,1624404,1785394311427,9147,
serial:COM8/dial_raw,1624406,1785394311429,9148,
serial:COM8/dial_raw,1624408,1785394311431,9149,
serial:COM8/dial_raw,1624410,1785394311434,9149,
serial:COM8/dial_raw,1624412,1785394311436,9146,
serial:COM8/dial_raw,1624414,1785394311437,9149,
serial:COM8/dial_raw,1624416,1785394311439,9148,
serial:COM8/dial_raw,1624418,1785394311441,9147,
serial:COM8/dial_raw,1624420,1785394311444,9148,
serial:COM8/dial_raw,1624422,1785394311446,9149,
serial:COM8/dial_raw,1624424,1785394311447,9148,
serial:COM8/dial_raw,1624426,1785394311449,9147,
serial:COM8/dial_raw,1624428,1785394311451,9147,
serial:COM8/dial_raw,1624430,1785394311454,9147,
serial:COM8/dial_raw,1624432,1785394311456,9147,
serial:COM8/dial_raw,1624434,1785394311457,9148,
serial:COM8/dial_raw,1624436,1785394311459,9147,
serial:COM8/dial_raw,1624438,1785394311461,9147,
serial:COM8/dial_raw,1624440,1785394311464,9147,
serial:COM8/dial_raw,1624442,1785394311466,9147,
serial:COM8/dial_raw,1624444,1785394311467,9147,
serial:COM8/dial_raw,1624446,1785394311469,9148,
serial:COM8/dial_raw,1624448,1785394311471,9148,
serial:COM8/dial_raw,1624450,1785394311474,9148,
serial:COM8/dial_raw,1624452,1785394311476,9146,
serial:COM8/dial_raw,1624454,1785394311477,9149,
serial:COM8/dial_raw,1624456,1785394311479,9150,
serial:COM8/dial_raw,1624458,1785394311481,9146,
serial:COM8/dial_raw,1624460,1785394311484,9148,
serial:COM8/dial_raw,1624462,1785394311486,9147,
serial:COM8/dial_raw,1624464,1785394311487,9147,
serial:COM8/dial_raw,1624466,1785394311489,9149,
serial:COM8/dial_raw,1624468,1785394311491,9146,
serial:COM8/dial_raw,1624470,1785394311494,9147,
serial:COM8/dial_raw,1624472,1785394311496,9148,
serial:COM8/dial_raw,1624474,1785394311497,9145,
serial:COM8/dial_raw,1624476,1785394311499,9149,
serial:COM8/dial_raw,1624478,1785394311501,9148,
serial:COM8/dial_raw,1624480,1785394311504,9147,
serial:COM8/dial_raw,1624482,1785394311506,9150,
serial:COM8/dial_raw,1624484,1785394311507,9148,
serial:COM8/dial_raw,1624486,1785394311509,9146,
serial:COM8/dial_raw,1624488,1785394311511,9146,
serial:COM8/dial_raw,1624490,1785394311514,9149,
serial:COM8/dial_raw,1624492,1785394311516,9147,
serial:COM8/dial_raw,1624494,1785394311517,9148,
serial:COM8/dial_raw,1624496,1785394311519,9149,
serial:COM8/dial_raw,1624498,1785394311521,9148,
serial:COM8/dial_raw,1624500,1785394311524,9147,
serial:COM8/dial_raw,1624502,1785394311526,9147,
serial:COM8/dial_raw,1624504,1785394311527,9144,
serial:COM8/dial_raw,1624506,1785394311529,9149,
serial:COM8/dial_raw,1624508,1785394311531,9148,
serial:COM8/dial_raw,1624510,1785394311534,9147,
serial:COM8/dial_raw,1624512,1785394311536,9149,
serial:COM8/dial_raw,1624514,1785394311537,9148,
serial:COM8/dial_raw,1624516,1785394311539,9146,
serial:COM8/dial_raw,1624518,1785394311541,9148,
serial:COM8/dial_raw,1624520,1785394311544,9149,
serial:COM8/dial_raw,1624522,1785394311546,9146,
serial:COM8/dial_raw,1624524,1785394311547,9147,
serial:COM8/dial_raw,1624526,1785394311549,9145,
serial:COM8/dial_raw,1624528,1785394311551,9146,
serial:COM8/dial_raw,1624530,1785394311554,9147,
serial:COM8/dial_raw,1624532,1785394311558,9147,
serial:COM8/dial_raw,1624534,1785394311558,9149,
serial:COM8/dial_raw,1624536,1785394311559,9147,
serial:COM8/dial_raw,1624538,1785394311561,9150,
serial:COM8/dial_raw,1624540,1785394311564,9148,
serial:COM8/dial_raw,1624542,1785394311566,9148,
serial:COM8/dial_raw,1624544,1785394311567,9146,
serial:COM8/dial_raw,1624546,1785394311569,9149,
serial:COM8/dial_raw,1624548,1785394311571,9148,
serial:COM8/dial_raw,1624550,1785394311574,9147,
serial:COM8/dial_raw,1624552,1785394311576,9147,
serial:COM8/dial_raw,1624554,1785394311577,9149,
serial:COM8/dial_raw,1624556,1785394311579,9148,
serial:COM8/dial_raw,1624558,1785394311581,9148,
serial:COM8/dial_raw,1624560,1785394311584,9147,
serial:COM8/dial_raw,1624562,1785394311586,9148,
serial:COM8/dial_raw,1624564,1785394311587,9148,
serial:COM8/dial_raw,1624566,1785394311589,9147,
serial:COM8/dial_raw,1624568,1785394311591,9147,
serial:COM8/dial_raw,1624570,1785394311594,9147,
serial:COM8/dial_raw,1624572,1785394311596,9147,
serial:COM8/dial_raw,1624574,1785394311597,9147,
serial:COM8/dial_raw,1624576,1785394311599,9147,
serial:COM8/dial_raw,1624578,1785394311601,9145,
serial:COM8/dial_raw,1624580,1785394311604,9147,
serial:COM8/dial_raw,1624582,1785394311606,9148,
serial:COM8/dial_raw,1624584,1785394311608,9148,
serial:COM8/dial_raw,1624586,1785394311610,9149,
serial:COM8/dial_raw,1624588,1785394311612,9148,
serial:COM8/dial_raw,1624590,1785394311614,9147,
serial:COM8/dial_raw,1624592,1785394311616,9147,
serial:COM8/dial_raw,1624594,1785394311617,9149,
serial:COM8/dial_raw,1624596,1785394311620,9147,
serial:COM8/dial_raw,1624598,1785394311622,9147,
serial:COM8/dial_raw,1624600,1785394311624,9145,
serial:COM8/dial_raw,1624602,1785394311626,9149,
serial:COM8/dial_raw,1624604,1785394311628,9149,
serial:COM8/dial_raw,1624606,1785394311629,9147,
serial:COM8/dial_raw,1624608,1785394311632,9148,
serial:COM8/dial_raw,1624610,1785394311634,9148,
serial:COM8/dial_raw,1624612,1785394311636,9147,
serial:COM8/dial_raw,1624614,1785394311638,9148,
serial:COM8/dial_raw,1624616,1785394311640,9148,
serial:COM8/dial_raw,1624618,1785394311641,9148,
serial:COM8/dial_raw,1624620,1785394311644,9149,
serial:COM8/dial_raw,1624622,1785394311646,9146,
serial:COM8/dial_raw,1624624,1785394311647,9150,
serial:COM8/dial_raw,1624626,1785394311650,9147,
serial:COM8/dial_raw,1624628,1785394311652,9149,
serial:COM8/dial_raw,1624630,1785394311654,9147,
serial:COM8/dial_raw,1624632,1785394311656,9146,
serial:COM8/dial_raw,1624634,1785394311658,9148,
serial:COM8/dial_raw,1624636,1785394311660,9147,
serial:COM8/dial_raw,1624638,1785394311662,9145,
serial:COM8/dial_raw,1624640,1785394311664,9150,
serial:COM8/dial_raw,1624642,1785394311666,9149,
serial:COM8/dial_raw,1624644,1785394311668,9146,
serial:COM8/dial_raw,1624646,1785394311670,9148,
serial:COM8/dial_raw,1624648,1785394311672,9148,
serial:COM8/dial_raw,1624650,1785394311674,9147,
serial:COM8/dial_raw,1624652,1785394311676,9148,
serial:COM8/dial_raw,1624654,1785394311677,9147,
serial:COM8/dial_raw,1624656,1785394311679,9147,
serial:COM8/dial_raw,1624658,1785394311681,9150,
serial:COM8/dial_raw,1624660,1785394311684,9148,
serial:COM8/dial_raw,1624662,1785394311686,9147,
serial:COM8/dial_raw,1624664,1785394311687,9146,
serial:COM8/dial_raw,1624666,1785394311689,9148,
serial:COM8/dial_raw,1624668,1785394311692,9147,
serial:COM8/dial_raw,1624670,1785394311694,9148,
serial:COM8/dial_raw,1624672,1785394311696,9147,
serial:COM8/dial_raw,1624674,1785394311697,9148,
serial:COM8/dial_raw,1624676,1785394311699,9148,
serial:COM8/dial_raw,1624678,1785394311701,9149,
serial:COM8/dial_raw,1624680,1785394311704,9147,
serial:COM8/dial_raw,1624682,1785394311706,9149,
serial:COM8/dial_raw,1624684,1785394311707,9147,
serial:COM8/dial_raw,1624686,1785394311709,9149,
serial:COM8/dial_raw,1624688,1785394311711,9147,
serial:COM8/dial_raw,1624690,1785394311714,9149,
serial:COM8/dial_raw,1624692,1785394311716,9146,
serial:COM8/dial_raw,1624694,1785394311717,9147,
serial:COM8/dial_raw,1624696,1785394311720,9146,
serial:COM8/dial_raw,1624698,1785394311722,9148,
serial:COM8/dial_raw,1624700,1785394311724,9147,
serial:COM8/dial_raw,1624702,1785394311726,9148,
serial:COM8/dial_raw,1624704,1785394311727,9150,
serial:COM8/dial_raw,1624706,1785394311730,9149,
serial:COM8/dial_raw,1624708,1785394311731,9147,
serial:COM8/dial_raw,1624710,1785394311734,9148,
serial:COM8/dial_raw,1624712,1785394311736,9147,
serial:COM8/dial_raw,1624714,1785394311738,9149,
serial:COM8/dial_raw,1624716,1785394311740,9148,
serial:COM8/dial_raw,1624718,1785394311742,9146,
serial:COM8/dial_raw,1624720,1785394311744,9146,
serial:COM8/dial_raw,1624722,1785394311746,9147,
serial:COM8/dial_raw,1624724,1785394311748,9147,
serial:COM8/dial_raw,1624726,1785394311749,9149,
serial:COM8/dial_raw,1624728,1785394311751,9147,
serial:COM8/dial_raw,1624730,1785394311754,9147,
serial:COM8/dial_raw,1624732,1785394311758,9148,
serial:COM8/dial_raw,1624734,1785394311758,9148,
serial:COM8/dial_raw,1624736,1785394311759,9147,
serial:COM8/dial_raw,1624738,1785394311761,9147,
serial:COM8/dial_raw,1624740,1785394311764,9150,
serial:COM8/dial_raw,1624742,1785394311766,9148,
serial:COM8/dial_raw,1624744,1785394311768,9147,
serial:COM8/dial_raw,1624746,1785394311770,9147,
serial:COM8/dial_raw,1624748,1785394311772,9149,
serial:COM8/dial_raw,1624750,1785394311774,9150,
serial:COM8/dial_raw,1624752,1785394311776,9145,
serial:COM8/dial_raw,1624754,1785394311777,9147,
serial:COM8/dial_raw,1624756,1785394311779,9149,
serial:COM8/dial_raw,1624758,1785394311782,9148,
serial:COM8/dial_raw,1624760,1785394311784,9149,
serial:COM8/dial_raw,1624762,1785394311786,9149,
serial:COM8/dial_raw,1624764,1785394311788,9147,
serial:COM8/dial_raw,1624766,1785394311790,9148,
serial:COM8/dial_raw,1624768,1785394311791,9147,
serial:COM8/dial_raw,1624770,1785394311794,9150,
serial:COM8/dial_raw,1624772,1785394311796,9150,
serial:COM8/dial_raw,1624774,1785394311797,9148,
serial:COM8/dial_raw,1624776,1785394311799,9148,
serial:COM8/dial_raw,1624778,1785394311802,9147,
serial:COM8/dial_raw,1624780,1785394311804,9148,
serial:COM8/dial_raw,1624782,1785394311806,9149,
serial:COM8/dial_raw,1624784,1785394311807,9148,
serial:COM8/dial_raw,1624786,1785394311809,9147,
serial:COM8/dial_raw,1624788,1785394311812,9147,
serial:COM8/dial_raw,1624790,1785394311814,9148,
serial:COM8/dial_raw,1624792,1785394311816,9148,
serial:COM8/dial_raw,1624794,1785394311818,9147,
serial:COM8/dial_raw,1624796,1785394311820,9149,
serial:COM8/dial_raw,1624798,1785394311822,9148,
serial:COM8/dial_raw,1624800,1785394311824,9145,
serial:COM8/dial_raw,1624802,1785394311826,9147,
serial:COM8/dial_raw,1624804,1785394311828,9150,
serial:COM8/dial_raw,1624806,1785394311829,9148,
serial:COM8/dial_raw,1624808,1785394311832,9147,
serial:COM8/dial_raw,1624810,1785394311834,9145,
serial:COM8/dial_raw,1624812,1785394311836,9148,
serial:COM8/dial_raw,1624814,1785394311838,9146,
serial:COM8/dial_raw,1624816,1785394311839,9146,
serial:COM8/dial_raw,1624818,1785394311842,9146,
serial:COM8/dial_raw,1624820,1785394311844,9148,
serial:COM8/dial_raw,1624822,1785394311846,9150,
serial:COM8/dial_raw,1624824,1785394311848,9147,
serial:COM8/dial_raw,1624826,1785394311849,9151,
serial:COM8/dial_raw,1624828,1785394311851,9147,
serial:COM8/dial_raw,1624830,1785394311854,9149,
serial:COM8/dial_raw,1624832,1785394311856,9145,
serial:COM8/dial_raw,1624834,1785394311858,9149,
serial:COM8/dial_raw,1624836,1785394311859,9146,
serial:COM8/dial_raw,1624838,1785394311861,9145,
serial:COM8/dial_raw,1624840,1785394311864,9148,
serial:COM8/dial_raw,1624842,1785394311866,9148,
serial:COM8/dial_raw,1624844,1785394311867,9148,
serial:COM8/dial_raw,1624846,1785394311869,9147,
serial:COM8/dial_raw,1624848,1785394311871,9146,
serial:COM8/dial_raw,1624850,1785394311874,9147,
serial:COM8/dial_raw,1624852,1785394311876,9149,
serial:COM8/dial_raw,1624854,1785394311877,9149,
serial:COM8/dial_raw,1624856,1785394311880,9149,
serial:COM8/dial_raw,1624858,1785394311882,9145,
serial:COM8/dial_raw,1624860,1785394311884,9147,
serial:COM8/dial_raw,1624862,1785394311886,9145,
serial:COM8/dial_raw,1624864,1785394311887,9148,
serial:COM8/dial_raw,1624866,1785394311889,9148,
serial:COM8/dial_raw,1624868,1785394311891,9148,
serial:COM8/dial_raw,1624870,1785394311894,9149,
serial:COM8/dial_raw,1624872,1785394311896,9147,
serial:COM8/dial_raw,1624874,1785394311897,9150,
serial:COM8/dial_raw,1624876,1785394311900,9148,
serial:COM8/dial_raw,1624878,1785394311902,9148,
serial:COM8/dial_raw,1624880,1785394311904,9150,
serial:COM8/dial_raw,1624882,1785394311906,9148,
serial:COM8/dial_raw,1624884,1785394311908,9149,
serial:COM8/dial_raw,1624886,1785394311909,9150,
serial:COM8/dial_raw,1624888,1785394311912,9148,
serial:COM8/dial_raw,1624890,1785394311914,9147,
serial:COM8/dial_raw,1624892,1785394311916,9150,
serial:COM8/dial_raw,1624894,1785394311917,9148,
serial:COM8/dial_raw,1624896,1785394311920,9150,
serial:COM8/dial_raw,1624898,1785394311922,9148,
serial:COM8/dial_raw,1624900,1785394311924,9148,
serial:COM8/dial_raw,1624902,1785394311926,9147,
serial:COM8/dial_raw,1624904,1785394311927,9148,
serial:COM8/dial_raw,1624906,1785394311929,9149,
serial:COM8/dial_raw,1624908,1785394311931,9148,
serial:COM8/dial_raw,1624910,1785394311934,9148,
serial:COM8/dial_raw,1624912,1785394311936,9147,
serial:COM8/dial_raw,1624914,1785394311937,9147,
serial:COM8/dial_raw,1624916,1785394311939,9146,
serial:COM8/dial_raw,1624918,1785394311941,9146,
serial:COM8/dial_raw,1624920,1785394311944,9148,
serial:COM8/dial_raw,1624922,1785394311946,9150,
serial:COM8/dial_raw,1624924,1785394311947,9148,
serial:COM8/dial_raw,1624926,1785394311950,9149,
serial:COM8/dial_raw,1624928,1785394311951,9148,
serial:COM8/dial_raw,1624930,1785394311954,9148,
serial:COM8/dial_raw,1624932,1785394311958,9149,
serial:COM8/dial_raw,1624934,1785394311958,9148,
serial:COM8/dial_raw,1624936,1785394311959,9150,
serial:COM8/dial_raw,1624938,1785394311961,9147,
serial:COM8/dial_raw,1624940,1785394311964,9146,
serial:COM8/dial_raw,1624942,1785394311966,9147,
serial:COM8/dial_raw,1624944,1785394311968,9147,
serial:COM8/dial_raw,1624946,1785394311969,9146,
serial:COM8/dial_raw,1624948,1785394311971,9147,
serial:COM8/dial_raw,1624950,1785394311974,9148,
serial:COM8/dial_raw,1624952,1785394311976,9148,
serial:COM8/dial_raw,1624954,1785394311977,9148,
serial:COM8/dial_raw,1624956,1785394311979,9148,
serial:COM8/dial_raw,1624958,1785394311981,9146,
serial:COM8/dial_raw,1624960,1785394311984,9148,
serial:COM8/dial_raw,1624962,1785394311986,9149,
serial:COM8/dial_raw,1624964,1785394311987,9149,
serial:COM8/dial_raw,1624966,1785394311989,9144,
serial:COM8/dial_raw,1624968,1785394311992,9147,
serial:COM8/dial_raw,1624970,1785394311994,9148,
serial:COM8/dial_raw,1624972,1785394311996,9145,
serial:COM8/dial_raw,1624974,1785394311997,9147,
serial:COM8/dial_raw,1624976,1785394312000,9148,
serial:COM8/dial_raw,1624978,1785394312001,9147,
serial:COM8/dial_raw,1624980,1785394312004,9149,
serial:COM8/dial_raw,1624982,1785394312006,9150,
serial:COM8/dial_raw,1624984,1785394312007,9148,
serial:COM8/dial_raw,1624986,1785394312009,9149,
serial:COM8/dial_raw,1624988,1785394312011,9147,
serial:COM8/dial_raw,1624990,1785394312014,9147,
serial:COM8/dial_raw,1624992,1785394312016,9147,
serial:COM8/dial_raw,1624994,1785394312017,9145,
serial:COM8/dial_raw,1624996,1785394312019,9145,
serial:COM8/dial_raw,1624998,1785394312021,9147,
serial:COM8/dial_raw,1625000,1785394312024,9147,
serial:COM8/dial_raw,1625002,1785394312026,9148,
serial:COM8/dial_raw,1625004,1785394312027,9147,
serial:COM8/dial_raw,1625006,1785394312029,9147,
serial:COM8/dial_raw,1625008,1785394312031,9147,
serial:COM8/dial_raw,1625010,1785394312034,9146,
serial:COM8/dial_raw,1625012,1785394312036,9147,
serial:COM8/dial_raw,1625014,1785394312037,9148,
serial:COM8/dial_raw,1625016,1785394312040,9147,
serial:COM8/dial_raw,1625018,1785394312041,9148,
serial:COM8/dial_raw,1625020,1785394312044,9150,
serial:COM8/dial_raw,1625022,1785394312046,9147,
serial:COM8/dial_raw,1625024,1785394312047,9145,
serial:COM8/dial_raw,1625026,1785394312049,9147,
serial:COM8/dial_raw,1625028,1785394312051,9149,
serial:COM8/dial_raw,1625030,1785394312054,9147,
serial:COM8/dial_raw,1625032,1785394312056,9148,
serial:COM8/dial_raw,1625034,1785394312057,9145,
serial:COM8/dial_raw,1625036,1785394312059,9148,
serial:COM8/dial_raw,1625038,1785394312061,9147,
serial:COM8/dial_raw,1625040,1785394312064,9147,
serial:COM8/dial_raw,1625042,1785394312066,9148,
serial:COM8/dial_raw,1625044,1785394312067,9149,
serial:COM8/dial_raw,1625046,1785394312069,9147,
serial:COM8/dial_raw,1625048,1785394312071,9149,
serial:COM8/dial_raw,1625050,1785394312074,9148,
serial:COM8/dial_raw,1625052,1785394312076,9145,
serial:COM8/dial_raw,1625054,1785394312077,9147,
serial:COM8/dial_raw,1625056,1785394312079,9148,
serial:COM8/dial_raw,1625058,1785394312081,9147,
serial:COM8/dial_raw,1625060,1785394312084,9147,
serial:COM8/dial_raw,1625062,1785394312086,9148,
serial:COM8/dial_raw,1625064,1785394312087,9146,
serial:COM8/dial_raw,1625066,1785394312089,9147,
serial:COM8/dial_raw,1625068,1785394312091,9150,
serial:COM8/dial_raw,1625070,1785394312094,9147,
serial:COM8/dial_raw,1625072,1785394312096,9149,
serial:COM8/dial_raw,1625074,1785394312097,9147,
serial:COM8/dial_raw,1625076,1785394312099,9146,
serial:COM8/dial_raw,1625078,1785394312101,9147,
serial:COM8/dial_raw,1625080,1785394312104,9148,
serial:COM8/dial_raw,1625082,1785394312106,9147,
serial:COM8/dial_raw,1625084,1785394312107,9149,
serial:COM8/dial_raw,1625086,1785394312109,9146,
serial:COM8/dial_raw,1625088,1785394312111,9148,
serial:COM8/dial_raw,1625090,1785394312114,9147,
serial:COM8/dial_raw,1625092,1785394312116,9147,
serial:COM8/dial_raw,1625094,1785394312118,9148,
serial:COM8/dial_raw,1625096,1785394312119,9148,
serial:COM8/dial_raw,1625098,1785394312121,9147,
serial:COM8/dial_raw,1625100,1785394312124,9145,
serial:COM8/dial_raw,1625102,1785394312126,9147,
serial:COM8/dial_raw,1625104,1785394312127,9149,
serial:COM8/dial_raw,1625106,1785394312129,9146,
serial:COM8/dial_raw,1625108,1785394312131,9149,
serial:COM8/dial_raw,1625110,1785394312134,9148,
serial:COM8/dial_raw,1625112,1785394312136,9147,
serial:COM8/dial_raw,1625114,1785394312137,9147,
serial:COM8/dial_raw,1625116,1785394312139,9146,
serial:COM8/dial_raw,1625118,1785394312141,9148,
serial:COM8/dial_raw,1625120,1785394312144,9148,
serial:COM8/dial_raw,1625122,1785394312146,9147,
serial:COM8/dial_raw,1625124,1785394312147,9147,
serial:COM8/dial_raw,1625126,1785394312149,9148,
serial:COM8/dial_raw,1625128,1785394312151,9148,
serial:COM8/dial_raw,1625130,1785394312154,9146,
serial:COM8/dial_raw,1625132,1785394312158,9147,
serial:COM8/dial_raw,1625134,1785394312158,9148,
serial:COM8/dial_raw,1625136,1785394312159,9149,
serial:COM8/dial_raw,1625138,1785394312161,9146,
serial:COM8/dial_raw,1625140,1785394312164,9150,
serial:COM8/dial_raw,1625142,1785394312166,9147,
serial:COM8/dial_raw,1625144,1785394312167,9149,
serial:COM8/dial_raw,1625146,1785394312169,9148,
serial:COM8/dial_raw,1625148,1785394312172,9149,
serial:COM8/dial_raw,1625150,1785394312174,9150,
serial:COM8/dial_raw,1625152,1785394312176,9147,
serial:COM8/dial_raw,1625154,1785394312177,9147,
serial:COM8/dial_raw,1625156,1785394312179,9147,
serial:COM8/dial_raw,1625158,1785394312181,9148,
serial:COM8/dial_raw,1625160,1785394312184,9148,
serial:COM8/dial_raw,1625162,1785394312186,9147,
serial:COM8/dial_raw,1625164,1785394312187,9149,
serial:COM8/dial_raw,1625166,1785394312189,9146,
serial:COM8/dial_raw,1625168,1785394312191,9147,
serial:COM8/dial_raw,1625170,1785394312194,9151,
serial:COM8/dial_raw,1625172,1785394312196,9148,
serial:COM8/dial_raw,1625174,1785394312197,9147,
serial:COM8/dial_raw,1625176,1785394312199,9147,
serial:COM8/dial_raw,1625178,1785394312201,9147,
serial:COM8/dial_raw,1625180,1785394312204,9147,
serial:COM8/dial_raw,1625182,1785394312206,9149,
serial:COM8/dial_raw,1625184,1785394312207,9146,
serial:COM8/dial_raw,1625186,1785394312209,9147,
serial:COM8/dial_raw,1625188,1785394312211,9147,
serial:COM8/dial_raw,1625190,1785394312214,9149,
serial:COM8/dial_raw,1625192,1785394312216,9149,
serial:COM8/dial_raw,1625194,1785394312217,9146,
serial:COM8/dial_raw,1625196,1785394312219,9147,
serial:COM8/dial_raw,1625198,1785394312221,9150,
serial:COM8/dial_raw,1625200,1785394312224,9147,
serial:COM8/dial_raw,1625202,1785394312226,9148,
serial:COM8/dial_raw,1625204,1785394312227,9147,
serial:COM8/dial_raw,1625206,1785394312229,9148,
serial:COM8/dial_raw,1625208,1785394312231,9150,
serial:COM8/dial_raw,1625210,1785394312234,9147,
serial:COM8/dial_raw,1625212,1785394312236,9149,
serial:COM8/dial_raw,1625214,1785394312237,9148,
serial:COM8/dial_raw,1625216,1785394312239,9145,
serial:COM8/dial_raw,1625218,1785394312241,9146,
serial:COM8/dial_raw,1625220,1785394312244,9148,
serial:COM8/dial_raw,1625222,1785394312246,9146,
serial:COM8/dial_raw,1625224,1785394312247,9147,
serial:COM8/dial_raw,1625226,1785394312249,9146,
serial:COM8/dial_raw,1625228,1785394312251,9150,
serial:COM8/dial_raw,1625230,1785394312254,9148,
serial:COM8/dial_raw,1625232,1785394312256,9149,
serial:COM8/dial_raw,1625234,1785394312257,9147,
serial:COM8/dial_raw,1625236,1785394312259,9150,
serial:COM8/dial_raw,1625238,1785394312261,9147,
serial:COM8/dial_raw,1625240,1785394312264,9149,
serial:COM8/dial_raw,1625242,1785394312266,9147,
serial:COM8/dial_raw,1625244,1785394312267,9146,
serial:COM8/dial_raw,1625246,1785394312269,9147,
serial:COM8/dial_raw,1625248,1785394312271,9146,
serial:COM8/dial_raw,1625250,1785394312274,9149,
serial:COM8/dial_raw,1625252,1785394312276,9149,
serial:COM8/dial_raw,1625254,1785394312277,9146,
serial:COM8/dial_raw,1625256,1785394312279,9146,
serial:COM8/dial_raw,1625258,1785394312281,9147,
serial:COM8/dial_raw,1625260,1785394312284,9148,
serial:COM8/dial_raw,1625262,1785394312286,9147,
serial:COM8/dial_raw,1625264,1785394312287,9149,
serial:COM8/dial_raw,1625266,1785394312290,9146,
serial:COM8/dial_raw,1625268,1785394312291,9148,
serial:COM8/dial_raw,1625270,1785394312294,9148,
serial:COM8/dial_raw,1625272,1785394312295,9146,
serial:COM8/dial_raw,1625274,1785394312297,9149,
serial:COM8/dial_raw,1625276,1785394312299,9149,
serial:COM8/dial_raw,1625278,1785394312301,9150,
serial:COM8/dial_raw,1625280,1785394312304,9148,
serial:COM8/dial_raw,1625282,1785394312306,9150,
serial:COM8/dial_raw,1625284,1785394312307,9148,
serial:COM8/dial_raw,1625286,1785394312309,9146,
serial:COM8/dial_raw,1625288,1785394312311,9149,
serial:COM8/dial_raw,1625290,1785394312314,9146,
serial:COM8/dial_raw,1625292,1785394312316,9147,
serial:COM8/dial_raw,1625294,1785394312318,9147,
serial:COM8/dial_raw,1625296,1785394312319,9150,
serial:COM8/dial_raw,1625298,1785394312321,9148,
serial:COM8/dial_raw,1625300,1785394312324,9147,
serial:COM8/dial_raw,1625302,1785394312326,9149,
serial:COM8/dial_raw,1625304,1785394312327,9146,
serial:COM8/dial_raw,1625306,1785394312329,9149,
serial:COM8/dial_raw,1625308,1785394312331,9150,
serial:COM8/dial_raw,1625310,1785394312334,9149,
serial:COM8/dial_raw,1625312,1785394312335,9148,
serial:COM8/dial_raw,1625314,1785394312337,9147,
serial:COM8/dial_raw,1625316,1785394312339,9148,
serial:COM8/dial_raw,1625318,1785394312341,9147,
serial:COM8/dial_raw,1625320,1785394312344,9146,
serial:COM8/dial_raw,1625322,1785394312346,9148,
serial:COM8/dial_raw,1625324,1785394312347,9148,
serial:COM8/dial_raw,1625326,1785394312349,9149,
serial:COM8/dial_raw,1625328,1785394312351,9149,
serial:COM8/dial_raw,1625330,1785394312354,9148,
serial:COM8/dial_raw,1625332,1785394312358,9149,
serial:COM8/dial_raw,1625334,1785394312358,9147,
serial:COM8/dial_raw,1625336,1785394312359,9148,
serial:COM8/dial_raw,1625338,1785394312361,9145,
serial:COM8/dial_raw,1625340,1785394312364,9147,
serial:COM8/dial_raw,1625342,1785394312365,9148,
serial:COM8/dial_raw,1625344,1785394312367,9150,
serial:COM8/dial_raw,1625346,1785394312369,9147,
serial:COM8/dial_raw,1625348,1785394312371,9147,
serial:COM8/dial_raw,1625350,1785394312374,9149,
serial:COM8/dial_raw,1625352,1785394312376,9149,
serial:COM8/dial_raw,1625354,1785394312377,9148,
serial:COM8/dial_raw,1625356,1785394312379,9148,
serial:COM8/dial_raw,1625358,1785394312381,9149,
serial:COM8/dial_raw,1625360,1785394312384,9147,
serial:COM8/dial_raw,1625362,1785394312385,9147,
serial:COM8/dial_raw,1625364,1785394312387,9147,
serial:COM8/dial_raw,1625366,1785394312390,9149,
serial:COM8/dial_raw,1625368,1785394312391,9149,
serial:COM8/dial_raw,1625370,1785394312394,9147,
serial:COM8/dial_raw,1625372,1785394312395,9147,
serial:COM8/dial_raw,1625374,1785394312397,9149,
serial:COM8/dial_raw,1625376,1785394312399,9146,
serial:COM8/dial_raw,1625378,1785394312401,9149,
serial:COM8/dial_raw,1625380,1785394312404,9148,
serial:COM8/dial_raw,1625382,1785394312405,9145,
serial:COM8/dial_raw,1625384,1785394312407,9148,
serial:COM8/dial_raw,1625386,1785394312409,9148,
serial:COM8/dial_raw,1625388,1785394312411,9150,
serial:COM8/dial_raw,1625390,1785394312414,9145,
serial:COM8/dial_raw,1625392,1785394312416,9148,
serial:COM8/dial_raw,1625394,1785394312417,9149,
serial:COM8/dial_raw,1625396,1785394312419,9147,
serial:COM8/dial_raw,1625398,1785394312422,9148,
serial:COM8/dial_raw,1625400,1785394312424,9146,
serial:COM8/dial_raw,1625402,1785394312426,9150,
serial:COM8/dial_raw,1625404,1785394312427,9149,
serial:COM8/dial_raw,1625406,1785394312429,9145,
serial:COM8/dial_raw,1625408,1785394312431,9148,
serial:COM8/dial_raw,1625410,1785394312434,9147,
serial:COM8/dial_raw,1625412,1785394312436,9148,
serial:COM8/dial_raw,1625414,1785394312437,9148,
serial:COM8/dial_raw,1625416,1785394312439,9148,
serial:COM8/dial_raw,1625418,1785394312441,9147,
serial:COM8/dial_raw,1625420,1785394312444,9147,
serial:COM8/dial_raw,1625422,1785394312445,9149,
serial:COM8/dial_raw,1625424,1785394312447,9148,
serial:COM8/dial_raw,1625426,1785394312449,9148,
serial:COM8/dial_raw,1625428,1785394312451,9146,
serial:COM8/dial_raw,1625430,1785394312454,9148,
serial:COM8/dial_raw,1625432,1785394312455,9148,
serial:COM8/dial_raw,1625434,1785394312457,9149,
serial:COM8/dial_raw,1625436,1785394312459,9147,
serial:COM8/dial_raw,1625438,1785394312461,9147,
serial:COM8/dial_raw,1625440,1785394312464,9148,
serial:COM8/dial_raw,1625442,1785394312465,9146,
serial:COM8/dial_raw,1625444,1785394312467,9149,
serial:COM8/dial_raw,1625446,1785394312469,9148,
serial:COM8/dial_raw,1625448,1785394312471,9150,
serial:COM8/dial_raw,1625450,1785394312474,9147,
serial:COM8/dial_raw,1625452,1785394312476,9148,
serial:COM8/dial_raw,1625454,1785394312477,9148,
serial:COM8/dial_raw,1625456,1785394312479,9147,
serial:COM8/dial_raw,1625458,1785394312481,9147,
serial:COM8/dial_raw,1625460,1785394312484,9149,
serial:COM8/dial_raw,1625462,1785394312485,9148,
serial:COM8/dial_raw,1625464,1785394312487,9148,
serial:COM8/dial_raw,1625466,1785394312489,9146,
serial:COM8/dial_raw,1625468,1785394312491,9146,
serial:COM8/dial_raw,1625470,1785394312494,9148,
serial:COM8/dial_raw,1625472,1785394312496,9147,
serial:COM8/dial_raw,1625474,1785394312497,9146,
serial:COM8/dial_raw,1625476,1785394312499,9145,
serial:COM8/dial_raw,1625478,1785394312501,9147,
serial:COM8/dial_raw,1625480,1785394312504,9149,
serial:COM8/dial_raw,1625482,1785394312505,9147,
serial:COM8/dial_raw,1625484,1785394312507,9149,
serial:COM8/dial_raw,1625486,1785394312509,9146,
serial:COM8/dial_raw,1625488,1785394312511,9148,
serial:COM8/dial_raw,1625490,1785394312514,9148,
serial:COM8/dial_raw,1625492,1785394312516,9146,
serial:COM8/dial_raw,1625494,1785394312517,9148,
serial:COM8/dial_raw,1625496,1785394312519,9150,
serial:COM8/dial_raw,1625498,1785394312521,9148,
serial:COM8/dial_raw,1625500,1785394312524,9148,
serial:COM8/dial_raw,1625502,1785394312526,9147,
serial:COM8/dial_raw,1625504,1785394312527,9148,
serial:COM8/dial_raw,1625506,1785394312529,9147,
serial:COM8/dial_raw,1625508,1785394312531,9148,
serial:COM8/dial_raw,1625510,1785394312534,9146,
serial:COM8/dial_raw,1625512,1785394312536,9147,
serial:COM8/dial_raw,1625514,1785394312537,9148,
serial:COM8/dial_raw,1625516,1785394312540,9147,
serial:COM8/dial_raw,1625518,1785394312541,9148,
serial:COM8/dial_raw,1625520,1785394312544,9146,
serial:COM8/dial_raw,1625522,1785394312546,9149,
serial:COM8/dial_raw,1625524,1785394312547,9148,
serial:COM8/dial_raw,1625526,1785394312549,9148,
serial:COM8/dial_raw,1625528,1785394312551,9149,
serial:COM8/dial_raw,1625530,1785394312554,9147,
serial:COM8/dial_raw,1625532,1785394312558,9147,
serial:COM8/dial_raw,1625534,1785394312558,9147,
serial:COM8/dial_raw,1625536,1785394312559,9150,
serial:COM8/dial_raw,1625538,1785394312561,9146,
serial:COM8/dial_raw,1625540,1785394312564,9147,
serial:COM8/dial_raw,1625542,1785394312566,9149,
serial:COM8/dial_raw,1625544,1785394312567,9149,
serial:COM8/dial_raw,1625546,1785394312569,9147,
serial:COM8/dial_raw,1625548,1785394312571,9145,
serial:COM8/dial_raw,1625550,1785394312574,9147,
serial:COM8/dial_raw,1625552,1785394312576,9148,
serial:COM8/dial_raw,1625554,1785394312577,9148,
serial:COM8/dial_raw,1625556,1785394312579,9146,
serial:COM8/dial_raw,1625558,1785394312581,9148,
serial:COM8/dial_raw,1625560,1785394312584,9148,
serial:COM8/dial_raw,1625562,1785394312586,9150,
serial:COM8/dial_raw,1625564,1785394312587,9147,
serial:COM8/dial_raw,1625566,1785394312589,9147,
serial:COM8/dial_raw,1625568,1785394312591,9149,
serial:COM8/dial_raw,1625570,1785394312594,9148,
serial:COM8/dial_raw,1625572,1785394312596,9148,
serial:COM8/dial_raw,1625574,1785394312597,9149,
serial:COM8/dial_raw,1625576,1785394312599,9147,
serial:COM8/dial_raw,1625578,1785394312601,9148,
serial:COM8/dial_raw,1625580,1785394312604,9147,
serial:COM8/dial_raw,1625582,1785394312606,9148,
serial:COM8/dial_raw,1625584,1785394312607,9148,
serial:COM8/dial_raw,1625586,1785394312609,9147,
serial:COM8/dial_raw,1625588,1785394312611,9146,
serial:COM8/dial_raw,1625590,1785394312614,9147,
serial:COM8/dial_raw,1625592,1785394312616,9147,
serial:COM8/dial_raw,1625594,1785394312617,9148,
serial:COM8/dial_raw,1625596,1785394312619,9147,
serial:COM8/dial_raw,1625598,1785394312621,9149,
serial:COM8/dial_raw,1625600,1785394312624,9147,
serial:COM8/dial_raw,1625602,1785394312626,9146,
serial:COM8/dial_raw,1625604,1785394312628,9147,
serial:COM8/dial_raw,1625606,1785394312629,9147,
serial:COM8/dial_raw,1625608,1785394312631,9148,
serial:COM8/dial_raw,1625610,1785394312634,9147,
serial:COM8/dial_raw,1625612,1785394312636,9147,
serial:COM8/dial_raw,1625614,1785394312637,9147,
serial:COM8/dial_raw,1625616,1785394312639,9148,
serial:COM8/dial_raw,1625618,1785394312641,9147,
serial:COM8/dial_raw,1625620,1785394312644,9148,
serial:COM8/dial_raw,1625622,1785394312646,9146,
serial:COM8/dial_raw,1625624,1785394312647,9146,
serial:COM8/dial_raw,1625626,1785394312649,9149,
serial:COM8/dial_raw,1625628,1785394312651,9146,
serial:COM8/dial_raw,1625630,1785394312654,9149,
serial:COM8/dial_raw,1625632,1785394312656,9150,
serial:COM8/dial_raw,1625634,1785394312657,9147,
serial:COM8/dial_raw,1625636,1785394312659,9147,
serial:COM8/dial_raw,1625638,1785394312661,9148,
serial:COM8/dial_raw,1625640,1785394312664,9148,
serial:COM8/dial_raw,1625642,1785394312666,9147,
serial:COM8/dial_raw,1625644,1785394312667,9148,
serial:COM8/dial_raw,1625646,1785394312669,9148,
serial:COM8/dial_raw,1625648,1785394312671,9147,
serial:COM8/dial_raw,1625650,1785394312674,9149,
serial:COM8/dial_raw,1625652,1785394312676,9149,
serial:COM8/dial_raw,1625654,1785394312677,9147,
serial:COM8/dial_raw,1625656,1785394312679,9148,
serial:COM8/dial_raw,1625658,1785394312681,9145,
serial:COM8/dial_raw,1625660,1785394312684,9147,
serial:COM8/dial_raw,1625662,1785394312686,9148,
serial:COM8/dial_raw,1625664,1785394312687,9147,
serial:COM8/dial_raw,1625666,1785394312689,9149,
serial:COM8/dial_raw,1625668,1785394312691,9147,
serial:COM8/dial_raw,1625670,1785394312694,9146,
serial:COM8/dial_raw,1625672,1785394312696,9148,
serial:COM8/dial_raw,1625674,1785394312697,9148,
serial:COM8/dial_raw,1625676,1785394312699,9147,
serial:COM8/dial_raw,1625678,1785394312701,9147,
serial:COM8/dial_raw,1625680,1785394312704,9147,
serial:COM8/dial_raw,1625682,1785394312706,9146,
serial:COM8/dial_raw,1625684,1785394312707,9146,
serial:COM8/dial_raw,1625686,1785394312709,9146,
serial:COM8/dial_raw,1625688,1785394312711,9147,
serial:COM8/dial_raw,1625690,1785394312714,9150,
serial:COM8/dial_raw,1625692,1785394312716,9149,
serial:COM8/dial_raw,1625694,1785394312717,9148,
serial:COM8/dial_raw,1625696,1785394312719,9148,
serial:COM8/dial_raw,1625698,1785394312721,9145,
serial:COM8/dial_raw,1625700,1785394312724,9149,
serial:COM8/dial_raw,1625702,1785394312726,9146,
serial:COM8/dial_raw,1625704,1785394312727,9147,
serial:COM8/dial_raw,1625706,1785394312729,9146,
serial:COM8/dial_raw,1625708,1785394312731,9149,
serial:COM8/dial_raw,1625710,1785394312734,9145,
serial:COM8/dial_raw,1625712,1785394312736,9145,
serial:COM8/dial_raw,1625714,1785394312737,9150,
serial:COM8/dial_raw,1625716,1785394312739,9148,
serial:COM8/dial_raw,1625718,1785394312741,9146,
serial:COM8/dial_raw,1625720,1785394312744,9147,
serial:COM8/dial_raw,1625722,1785394312746,9148,
serial:COM8/dial_raw,1625724,1785394312747,9145,
serial:COM8/dial_raw,1625726,1785394312749,9147,
serial:COM8/dial_raw,1625728,1785394312751,9148,
serial:COM8/dial_raw,1625730,1785394312754,9149,
serial:COM8/dial_raw,1625732,1785394312758,9144,
serial:COM8/dial_raw,1625734,1785394312758,9148,
serial:COM8/dial_raw,1625736,1785394312759,9147,
serial:COM8/dial_raw,1625738,1785394312761,9148,
serial:COM8/dial_raw,1625740,1785394312764,9148,
serial:COM8/dial_raw,1625742,1785394312766,9148,
serial:COM8/dial_raw,1625744,1785394312767,9149,
serial:COM8/dial_raw,1625746,1785394312769,9147,
serial:COM8/dial_raw,1625748,1785394312771,9148,
serial:COM8/dial_raw,1625750,1785394312774,9149,
serial:COM8/dial_raw,1625752,1785394312776,9149,
serial:COM8/dial_raw,1625754,1785394312777,9148,
serial:COM8/dial_raw,1625756,1785394312779,9146,
serial:COM8/dial_raw,1625758,1785394312781,9148,
serial:COM8/dial_raw,1625760,1785394312784,9149,
serial:COM8/dial_raw,1625762,1785394312786,9144,
serial:COM8/dial_raw,1625764,1785394312787,9147,
serial:COM8/dial_raw,1625766,1785394312790,9150,
serial:COM8/dial_raw,1625768,1785394312792,9147,
serial:COM8/dial_raw,1625770,1785394312794,9148,
serial:COM8/dial_raw,1625772,1785394312796,9147,
serial:COM8/dial_raw,1625774,1785394312798,9146,
serial:COM8/dial_raw,1625776,1785394312800,9148,
serial:COM8/dial_raw,1625778,1785394312802,9146,
serial:COM8/dial_raw,1625780,1785394312804,9147,
serial:COM8/dial_raw,1625782,1785394312806,9148,
serial:COM8/dial_raw,1625784,1785394312808,9149,
serial:COM8/dial_raw,1625786,1785394312810,9147,
serial:COM8/dial_raw,1625788,1785394312812,9149,
serial:COM8/dial_raw,1625790,1785394312814,9148,
serial:COM8/dial_raw,1625792,1785394312816,9149,
serial:COM8/dial_raw,1625794,1785394312818,9146,
serial:COM8/dial_raw,1625796,1785394312820,9147,
serial:COM8/dial_raw,1625798,1785394312822,9146,
serial:COM8/dial_raw,1625800,1785394312824,9148,
serial:COM8/dial_raw,1625802,1785394312826,9146,
serial:COM8/dial_raw,1625804,1785394312828,9148,
serial:COM8/dial_raw,1625806,1785394312830,9147,
serial:COM8/dial_raw,1625808,1785394312832,9148,
serial:COM8/dial_raw,1625810,1785394312834,9148,
serial:COM8/dial_raw,1625812,1785394312836,9147,
serial:COM8/dial_raw,1625814,1785394312838,9147,
serial:COM8/dial_raw,1625816,1785394312840,9148,
serial:COM8/dial_raw,1625818,1785394312842,9150,
serial:COM8/dial_raw,1625820,1785394312844,9147,
serial:COM8/dial_raw,1625822,1785394312846,9148,
serial:COM8/dial_raw,1625824,1785394312848,9146,
serial:COM8/dial_raw,1625826,1785394312850,9147,
serial:COM8/dial_raw,1625828,1785394312852,9147,
serial:COM8/dial_raw,1625830,1785394312854,9149,
serial:COM8/dial_raw,1625832,1785394312856,9149,
serial:COM8/dial_raw,1625834,1785394312858,9147,
serial:COM8/dial_raw,1625836,1785394312860,9148,
serial:COM8/dial_raw,1625838,1785394312862,9148,
serial:COM8/dial_raw,1625840,1785394312864,9147,
serial:COM8/dial_raw,1625842,1785394312866,9148,
serial:COM8/dial_raw,1625844,1785394312868,9148,
serial:COM8/dial_raw,1625846,1785394312870,9148,
serial:COM8/dial_raw,1625848,1785394312872,9147,
serial:COM8/dial_raw,1625850,1785394312874,9148,
serial:COM8/dial_raw,1625852,1785394312876,9146,
serial:COM8/dial_raw,1625854,1785394312878,9148,
serial:COM8/dial_raw,1625856,1785394312880,9147,
serial:COM8/dial_raw,1625858,1785394312882,9145,
serial:COM8/dial_raw,1625860,1785394312884,9149,
serial:COM8/dial_raw,1625862,1785394312886,9146,
serial:COM8/dial_raw,1625864,1785394312888,9150,
serial:COM8/dial_raw,1625866,1785394312890,9147,
serial:COM8/dial_raw,1625868,1785394312892,9148,
serial:COM8/dial_raw,1625870,1785394312894,9149,
serial:COM8/dial_raw,1625872,1785394312896,9147,
serial:COM8/dial_raw,1625874,1785394312898,9149,
serial:COM8/dial_raw,1625876,1785394312900,9148,
serial:COM8/dial_raw,1625878,1785394312902,9148,
serial:COM8/dial_raw,1625880,1785394312904,9146,
serial:COM8/dial_raw,1625882,1785394312906,9147,
serial:COM8/dial_raw,1625884,1785394312908,9150,
serial:COM8/dial_raw,1625886,1785394312910,9148,
serial:COM8/dial_raw,1625888,1785394312912,9148,
serial:COM8/dial_raw,1625890,1785394312914,9150,
serial:COM8/dial_raw,1625892,1785394312916,9148,
serial:COM8/dial_raw,1625894,1785394312918,9147,
serial:COM8/dial_raw,1625896,1785394312920,9147,
serial:COM8/dial_raw,1625898,1785394312922,9149,
serial:COM8/dial_raw,1625900,1785394312924,9149,
serial:COM8/dial_raw,1625902,1785394312926,9146,
serial:COM8/dial_raw,1625904,1785394312928,9147,
serial:COM8/dial_raw,1625906,1785394312930,9150,
serial:COM8/dial_raw,1625908,1785394312932,9148,
serial:COM8/dial_raw,1625910,1785394312934,9148,
serial:COM8/dial_raw,1625912,1785394312936,9148,
serial:COM8/dial_raw,1625914,1785394312938,9148,
serial:COM8/dial_raw,1625916,1785394312940,9148,
serial:COM8/dial_raw,1625918,1785394312942,9147,
serial:COM8/dial_raw,1625920,1785394312944,9147,
serial:COM8/dial_raw,1625922,1785394312946,9150,
serial:COM8/dial_raw,1625924,1785394312948,9149,
serial:COM8/dial_raw,1625926,1785394312950,9148,
serial:COM8/dial_raw,1625928,1785394312952,9149,
serial:COM8/dial_raw,1625930,1785394312954,9147,
serial:COM8/dial_raw,1625932,1785394312958,9149,
serial:COM8/dial_raw,1625934,1785394312958,9146,
serial:COM8/dial_raw,1625936,1785394312960,9148,
serial:COM8/dial_raw,1625938,1785394312962,9147,
serial:COM8/dial_raw,1625940,1785394312964,9148,
serial:COM8/dial_raw,1625942,1785394312966,9149,
serial:COM8/dial_raw,1625944,1785394312968,9146,
serial:COM8/dial_raw,1625946,1785394312970,9147,
serial:COM8/dial_raw,1625948,1785394312972,9149,
serial:COM8/dial_raw,1625950,1785394312974,9150,
serial:COM8/dial_raw,1625952,1785394312976,9146,
serial:COM8/dial_raw,1625954,1785394312978,9146,
serial:COM8/dial_raw,1625956,1785394312980,9147,
serial:COM8/dial_raw,1625958,1785394312982,9148,
serial:COM8/dial_raw,1625960,1785394312984,9147,
serial:COM8/dial_raw,1625962,1785394312986,9149,
serial:COM8/dial_raw,1625964,1785394312988,9147,
serial:COM8/dial_raw,1625966,1785394312990,9145,
serial:COM8/dial_raw,1625968,1785394312992,9148,
serial:COM8/dial_raw,1625970,1785394312994,9147,
serial:COM8/dial_raw,1625972,1785394312996,9147,
serial:COM8/dial_raw,1625974,1785394312998,9147,
serial:COM8/dial_raw,1625976,1785394313000,9146,
serial:COM8/dial_raw,1625978,1785394313002,9148,
serial:COM8/dial_raw,1625980,1785394313004,9149,
serial:COM8/dial_raw,1625982,1785394313006,9147,
serial:COM8/dial_raw,1625984,1785394313008,9148,
serial:COM8/dial_raw,1625986,1785394313010,9148,
serial:COM8/dial_raw,1625988,1785394313012,9149,
serial:COM8/dial_raw,1625990,1785394313014,9150,
serial:COM8/dial_raw,1625992,1785394313016,9149,
serial:COM8/dial_raw,1625994,1785394313018,9150,
serial:COM8/dial_raw,1625996,1785394313020,9148,
serial:COM8/dial_raw,1625998,1785394313022,9147,
serial:COM8/dial_raw,1626000,1785394313024,9149,
serial:COM8/dial_raw,1626002,1785394313026,9149,
serial:COM8/dial_raw,1626004,1785394313028,9147,
serial:COM8/dial_raw,1626006,1785394313030,9148,
serial:COM8/dial_raw,1626008,1785394313032,9147,
serial:COM8/dial_raw,1626010,1785394313034,9148,
serial:COM8/dial_raw,1626012,1785394313036,9149,
serial:COM8/dial_raw,1626014,1785394313038,9153,
serial:COM8/dial_raw,1626016,1785394313040,9147,
serial:COM8/dial_raw,1626018,1785394313042,9147,
serial:COM8/dial_raw,1626020,1785394313044,9148,
serial:COM8/dial_raw,1626022,1785394313046,9147,
serial:COM8/dial_raw,1626024,1785394313047,9147,
serial:COM8/dial_raw,1626026,1785394313050,9146,
serial:COM8/dial_raw,1626028,1785394313052,9147,
serial:COM8/dial_raw,1626030,1785394313054,9146,
serial:COM8/dial_raw,1626032,1785394313056,9149,
serial:COM8/dial_raw,1626034,1785394313058,9147,
serial:COM8/dial_raw,1626036,1785394313060,9150,
serial:COM8/dial_raw,1626038,1785394313061,9148,
serial:COM8/dial_raw,1626040,1785394313064,9148,
serial:COM8/dial_raw,1626042,1785394313066,9147,
serial:COM8/dial_raw,1626044,1785394313068,9147,
serial:COM8/dial_raw,1626046,1785394313070,9146,
serial:COM8/dial_raw,1626048,1785394313072,9148,
serial:COM8/dial_raw,1626050,1785394313074,9149,
serial:COM8/dial_raw,1626052,1785394313076,9147,
serial:COM8/dial_raw,1626054,1785394313078,9147,
serial:COM8/dial_raw,1626056,1785394313080,9147,
serial:COM8/dial_raw,1626058,1785394313082,9148,
serial:COM8/dial_raw,1626060,1785394313084,9147,
serial:COM8/dial_raw,1626062,1785394313086,9148,
serial:COM8/dial_raw,1626064,1785394313088,9147,
serial:COM8/dial_raw,1626066,1785394313090,9148,
serial:COM8/dial_raw,1626068,1785394313092,9146,
serial:COM8/dial_raw,1626070,1785394313094,9147,
serial:COM8/dial_raw,1626072,1785394313096,9148,
serial:COM8/dial_raw,1626074,1785394313098,9151,
serial:COM8/dial_raw,1626076,1785394313100,9149,
serial:COM8/dial_raw,1626078,1785394313102,9150,
serial:COM8/dial_raw,1626080,1785394313104,9146,
serial:COM8/dial_raw,1626082,1785394313106,9147,
serial:COM8/dial_raw,1626084,1785394313107,9147,
serial:COM8/dial_raw,1626086,1785394313110,9145,
serial:COM8/dial_raw,1626088,1785394313112,9147,
serial:COM8/dial_raw,1626090,1785394313114,9149,
serial:COM8/dial_raw,1626092,1785394313116,9147,
serial:COM8/dial_raw,1626094,1785394313118,9148,
serial:COM8/dial_raw,1626096,1785394313120,9148,
serial:COM8/dial_raw,1626098,1785394313122,9146,
serial:COM8/dial_raw,1626100,1785394313124,9147,
serial:COM8/dial_raw,1626102,1785394313126,9147,
serial:COM8/dial_raw,1626104,1785394313128,9148,
serial:COM8/dial_raw,1626106,1785394313129,9147,
serial:COM8/dial_raw,1626108,1785394313132,9147,
serial:COM8/dial_raw,1626110,1785394313134,9148,
serial:COM8/dial_raw,1626112,1785394313136,9147,
serial:COM8/dial_raw,1626114,1785394313137,9147,
serial:COM8/dial_raw,1626116,1785394313140,9147,
serial:COM8/dial_raw,1626118,1785394313142,9147,
serial:COM8/dial_raw,1626120,1785394313144,9144,
serial:COM8/dial_raw,1626122,1785394313146,9148,
serial:COM8/dial_raw,1626124,1785394313148,9146,
serial:COM8/dial_raw,1626126,1785394313150,9147,
serial:COM8/dial_raw,1626128,1785394313151,9147,
serial:COM8/dial_raw,1626130,1785394313154,9150,
serial:COM8/dial_raw,1626132,1785394313158,9147,
serial:COM8/dial_raw,1626134,1785394313158,9146,
serial:COM8/dial_raw,1626136,1785394313159,9146,
serial:COM8/dial_raw,1626138,1785394313162,9146,
serial:COM8/dial_raw,1626140,1785394313164,9147,
serial:COM8/dial_raw,1626142,1785394313166,9147,
serial:COM8/dial_raw,1626144,1785394313167,9148,
serial:COM8/dial_raw,1626146,1785394313170,9147,
serial:COM8/dial_raw,1626148,1785394313172,9148,
serial:COM8/dial_raw,1626150,1785394313174,9149,
serial:COM8/dial_raw,1626152,1785394313176,9146,
serial:COM8/dial_raw,1626154,1785394313177,9148,
serial:COM8/dial_raw,1626156,1785394313179,9146,
serial:COM8/dial_raw,1626158,1785394313182,9146,
serial:COM8/dial_raw,1626160,1785394313184,9148,
serial:COM8/dial_raw,1626162,1785394313186,9149,
serial:COM8/dial_raw,1626164,1785394313188,9149,
serial:COM8/dial_raw,1626166,1785394313190,9148,
serial:COM8/dial_raw,1626168,1785394313191,9147,
serial:COM8/dial_raw,1626170,1785394313194,9148,
serial:COM8/dial_raw,1626172,1785394313196,9147,
serial:COM8/dial_raw,1626174,1785394313197,9148,
serial:COM8/dial_raw,1626176,1785394313200,9147,
serial:COM8/dial_raw,1626178,1785394313202,9147,
serial:COM8/dial_raw,1626180,1785394313204,9149,
serial:COM8/dial_raw,1626182,1785394313206,9149,
serial:COM8/dial_raw,1626184,1785394313207,9148,
serial:COM8/dial_raw,1626186,1785394313210,9147,
serial:COM8/dial_raw,1626188,1785394313211,9146,
serial:COM8/dial_raw,1626190,1785394313214,9146,
serial:COM8/dial_raw,1626192,1785394313216,9148,
serial:COM8/dial_raw,1626194,1785394313217,9147,
serial:COM8/dial_raw,1626196,1785394313219,9146,
serial:COM8/dial_raw,1626198,1785394313222,9147,
serial:COM8/dial_raw,1626200,1785394313224,9147,
serial:COM8/dial_raw,1626202,1785394313226,9147,
serial:COM8/dial_raw,1626204,1785394313227,9150,
serial:COM8/dial_raw,1626206,1785394313229,9145,
serial:COM8/dial_raw,1626208,1785394313231,9146,
serial:COM8/dial_raw,1626210,1785394313234,9147,
serial:COM8/dial_raw,1626212,1785394313236,9148,
serial:COM8/dial_raw,1626214,1785394313238,9149,
serial:COM8/dial_raw,1626216,1785394313239,9147,
serial:COM8/dial_raw,1626218,1785394313241,9147,
serial:COM8/dial_raw,1626220,1785394313244,9149,
serial:COM8/dial_raw,1626222,1785394313246,9150,
serial:COM8/dial_raw,1626224,1785394313247,9147,
serial:COM8/dial_raw,1626226,1785394313249,9148,
serial:COM8/dial_raw,1626228,1785394313251,9150,
serial:COM8/dial_raw,1626230,1785394313254,9148,
serial:COM8/dial_raw,1626232,1785394313256,9148,
serial:COM8/dial_raw,1626234,1785394313257,9149,
serial:COM8/dial_raw,1626236,1785394313259,9147,
serial:COM8/dial_raw,1626238,1785394313261,9147,
serial:COM8/dial_raw,1626240,1785394313264,9146,
serial:COM8/dial_raw,1626242,1785394313266,9149,
serial:COM8/dial_raw,1626244,1785394313267,9148,
serial:COM8/dial_raw,1626246,1785394313269,9148,
serial:COM8/dial_raw,1626248,1785394313271,9146,
serial:COM8/dial_raw,1626250,1785394313274,9149,
serial:COM8/dial_raw,1626252,1785394313276,9148,
serial:COM8/dial_raw,1626254,1785394313277,9149,
serial:COM8/dial_raw,1626256,1785394313279,9147,
serial:COM8/dial_raw,1626258,1785394313281,9148,
serial:COM8/dial_raw,1626260,1785394313284,9146,
serial:COM8/dial_raw,1626262,1785394313286,9148,
serial:COM8/dial_raw,1626264,1785394313287,9146,
serial:COM8/dial_raw,1626266,1785394313289,9150,
serial:COM8/dial_raw,1626268,1785394313291,9147,
serial:COM8/dial_raw,1626270,1785394313294,9147,
serial:COM8/dial_raw,1626272,1785394313296,9147,
serial:COM8/dial_raw,1626274,1785394313297,9149,
serial:COM8/dial_raw,1626276,1785394313299,9148,
serial:COM8/dial_raw,1626278,1785394313301,9145,
serial:COM8/dial_raw,1626280,1785394313304,9148,
serial:COM8/dial_raw,1626282,1785394313306,9147,
serial:COM8/dial_raw,1626284,1785394313307,9148,
serial:COM8/dial_raw,1626286,1785394313309,9148,
serial:COM8/dial_raw,1626288,1785394313311,9147,
serial:COM8/dial_raw,1626290,1785394313314,9147,
serial:COM8/dial_raw,1626292,1785394313316,9146,
serial:COM8/dial_raw,1626294,1785394313318,9147,
serial:COM8/dial_raw,1626296,1785394313319,9147,
serial:COM8/dial_raw,1626298,1785394313321,9148,
serial:COM8/dial_raw,1626300,1785394313324,9147,
serial:COM8/dial_raw,1626302,1785394313326,9147,
serial:COM8/dial_raw,1626304,1785394313327,9147,
serial:COM8/dial_raw,1626306,1785394313329,9148,
serial:COM8/dial_raw,1626308,1785394313331,9148,
serial:COM8/dial_raw,1626310,1785394313334,9149,
serial:COM8/dial_raw,1626312,1785394313336,9150,
serial:COM8/dial_raw,1626314,1785394313337,9149,
serial:COM8/dial_raw,1626316,1785394313339,9148,
serial:COM8/dial_raw,1626318,1785394313341,9146,
serial:COM8/dial_raw,1626320,1785394313344,9147,
serial:COM8/dial_raw,1626322,1785394313346,9147,
serial:COM8/dial_raw,1626324,1785394313347,9147,
serial:COM8/dial_raw,1626326,1785394313349,9148,
serial:COM8/dial_raw,1626328,1785394313351,9147,
serial:COM8/dial_raw,1626330,1785394313354,9147,
serial:COM8/dial_raw,1626332,1785394313358,9147,
serial:COM8/dial_raw,1626334,1785394313359,9147,
serial:COM8/dial_raw,1626336,1785394313359,9147,
serial:COM8/dial_raw,1626338,1785394313362,9149,
serial:COM8/dial_raw,1626340,1785394313364,9151,
serial:COM8/dial_raw,1626342,1785394313366,9146,
serial:COM8/dial_raw,1626344,1785394313367,9147,
serial:COM8/dial_raw,1626346,1785394313369,9150,
serial:COM8/dial_raw,1626348,1785394313371,9147,
serial:COM8/dial_raw,1626350,1785394313374,9146,
serial:COM8/dial_raw,1626352,1785394313376,9146,
serial:COM8/dial_raw,1626354,1785394313377,9149,
serial:COM8/dial_raw,1626356,1785394313379,9146,
serial:COM8/dial_raw,1626358,1785394313381,9147,
serial:COM8/dial_raw,1626360,1785394313384,9148,
serial:COM8/dial_raw,1626362,1785394313386,9147,
serial:COM8/dial_raw,1626364,1785394313388,9148,
serial:COM8/dial_raw,1626366,1785394313389,9149,
serial:COM8/dial_raw,1626368,1785394313391,9147,
serial:COM8/dial_raw,1626370,1785394313394,9148,
serial:COM8/dial_raw,1626372,1785394313396,9147,
serial:COM8/dial_raw,1626374,1785394313397,9147,
serial:COM8/dial_raw,1626376,1785394313399,9147,
serial:COM8/dial_raw,1626378,1785394313402,9149,
serial:COM8/dial_raw,1626380,1785394313404,9147,
serial:COM8/dial_raw,1626382,1785394313406,9147,
serial:COM8/dial_raw,1626384,1785394313408,9148,
serial:COM8/dial_raw,1626386,1785394313409,9147,
serial:COM8/dial_raw,1626388,1785394313411,9147,
serial:COM8/dial_raw,1626390,1785394313414,9147,
serial:COM8/dial_raw,1626392,1785394313416,9149,
serial:COM8/dial_raw,1626394,1785394313417,9148,
serial:COM8/dial_raw,1626396,1785394313419,9149,
serial:COM8/dial_raw,1626398,1785394313421,9147,
serial:COM8/dial_raw,1626400,1785394313424,9148,
serial:COM8/dial_raw,1626402,1785394313426,9147,
serial:COM8/dial_raw,1626404,1785394313427,9148,
serial:COM8/dial_raw,1626406,1785394313429,9145,
serial:COM8/dial_raw,1626408,1785394313431,9145,
serial:COM8/dial_raw,1626410,1785394313434,9148,
serial:COM8/dial_raw,1626412,1785394313436,9147,
serial:COM8/dial_raw,1626414,1785394313437,9148,
serial:COM8/dial_raw,1626416,1785394313439,9147,
serial:COM8/dial_raw,1626418,1785394313441,9149,
serial:COM8/dial_raw,1626420,1785394313444,9148,
serial:COM8/dial_raw,1626422,1785394313446,9150,
serial:COM8/dial_raw,1626424,1785394313447,9147,
serial:COM8/dial_raw,1626426,1785394313449,9146,
serial:COM8/dial_raw,1626428,1785394313451,9144,
serial:COM8/dial_raw,1626430,1785394313454,9145,
serial:COM8/dial_raw,1626432,1785394313456,9148,
serial:COM8/dial_raw,1626434,1785394313457,9147,
serial:COM8/dial_raw,1626436,1785394313459,9145,
serial:COM8/dial_raw,1626438,1785394313461,9148,
serial:COM8/dial_raw,1626440,1785394313464,9150,
serial:COM8/dial_raw,1626442,1785394313466,9148,
serial:COM8/dial_raw,1626444,1785394313467,9148,
serial:COM8/dial_raw,1626446,1785394313469,9148,
serial:COM8/dial_raw,1626448,1785394313471,9146,
serial:COM8/dial_raw,1626450,1785394313474,9150,
serial:COM8/dial_raw,1626452,1785394313476,9150,
serial:COM8/dial_raw,1626454,1785394313477,9147,
serial:COM8/dial_raw,1626456,1785394313479,9150,
serial:COM8/dial_raw,1626458,1785394313481,9148,
serial:COM8/dial_raw,1626460,1785394313484,9146,
serial:COM8/dial_raw,1626462,1785394313486,9149,
serial:COM8/dial_raw,1626464,1785394313487,9148,
serial:COM8/dial_raw,1626466,1785394313489,9147,
serial:COM8/dial_raw,1626468,1785394313491,9147,
serial:COM8/dial_raw,1626470,1785394313494,9147,
serial:COM8/dial_raw,1626472,1785394313496,9147,
serial:COM8/dial_raw,1626474,1785394313497,9150,
serial:COM8/dial_raw,1626476,1785394313499,9150,
serial:COM8/dial_raw,1626478,1785394313501,9147,
serial:COM8/dial_raw,1626480,1785394313504,9149,
serial:COM8/dial_raw,1626482,1785394313506,9146,
serial:COM8/dial_raw,1626484,1785394313507,9148,
serial:COM8/dial_raw,1626486,1785394313509,9146,
serial:COM8/dial_raw,1626488,1785394313511,9147,
serial:COM8/dial_raw,1626490,1785394313514,9147,
serial:COM8/dial_raw,1626492,1785394313516,9148,
serial:COM8/dial_raw,1626494,1785394313517,9148,
serial:COM8/dial_raw,1626496,1785394313519,9149,
serial:COM8/dial_raw,1626498,1785394313521,9149,
serial:COM8/dial_raw,1626500,1785394313524,9148,
serial:COM8/dial_raw,1626502,1785394313526,9148,
serial:COM8/dial_raw,1626504,1785394313527,9147,
serial:COM8/dial_raw,1626506,1785394313529,9150,
serial:COM8/dial_raw,1626508,1785394313531,9148,
serial:COM8/dial_raw,1626510,1785394313534,9148,
serial:COM8/dial_raw,1626512,1785394313536,9148,
serial:COM8/dial_raw,1626514,1785394313537,9150,
serial:COM8/dial_raw,1626516,1785394313539,9147,
serial:COM8/dial_raw,1626518,1785394313541,9147,
serial:COM8/dial_raw,1626520,1785394313544,9147,
serial:COM8/dial_raw,1626522,1785394313546,9149,
serial:COM8/dial_raw,1626524,1785394313547,9148,
serial:COM8/dial_raw,1626526,1785394313549,9148,
serial:COM8/dial_raw,1626528,1785394313551,9147,
serial:COM8/dial_raw,1626530,1785394313554,9149,
serial:COM8/dial_raw,1626532,1785394313558,9147,
serial:COM8/dial_raw,1626534,1785394313558,9147,
serial:COM8/dial_raw,1626536,1785394313559,9147,
serial:COM8/dial_raw,1626538,1785394313562,9147,
serial:COM8/dial_raw,1626540,1785394313564,9148,
serial:COM8/dial_raw,1626542,1785394313566,9147,
serial:COM8/dial_raw,1626544,1785394313567,9148,
serial:COM8/dial_raw,1626546,1785394313569,9148,
serial:COM8/dial_raw,1626548,1785394313571,9148,
serial:COM8/dial_raw,1626550,1785394313574,9147,
serial:COM8/dial_raw,1626552,1785394313576,9149,
serial:COM8/dial_raw,1626554,1785394313577,9147,
serial:COM8/dial_raw,1626556,1785394313579,9148,
serial:COM8/dial_raw,1626558,1785394313582,9147,
serial:COM8/dial_raw,1626560,1785394313584,9147,
serial:COM8/dial_raw,1626562,1785394313586,9148,
serial:COM8/dial_raw,1626564,1785394313587,9149,
serial:COM8/dial_raw,1626566,1785394313589,9149,
serial:COM8/dial_raw,1626568,1785394313591,9147,
serial:COM8/dial_raw,1626570,1785394313594,9148,
serial:COM8/dial_raw,1626572,1785394313596,9147,
serial:COM8/dial_raw,1626574,1785394313597,9146,
serial:COM8/dial_raw,1626576,1785394313599,9147,
serial:COM8/dial_raw,1626578,1785394313601,9148,
serial:COM8/dial_raw,1626580,1785394313604,9147,
serial:COM8/dial_raw,1626582,1785394313606,9149,
serial:COM8/dial_raw,1626584,1785394313607,9147,
serial:COM8/dial_raw,1626586,1785394313609,9147,
serial:COM8/dial_raw,1626588,1785394313611,9148,
serial:COM8/dial_raw,1626590,1785394313614,9150,
serial:COM8/dial_raw,1626592,1785394313616,9147,
serial:COM8/dial_raw,1626594,1785394313617,9148,
serial:COM8/dial_raw,1626596,1785394313619,9147,
serial:COM8/dial_raw,1626598,1785394313621,9149,
serial:COM8/dial_raw,1626600,1785394313624,9149,
serial:COM8/dial_raw,1626602,1785394313626,9148,
serial:COM8/dial_raw,1626604,1785394313627,9147,
serial:COM8/dial_raw,1626606,1785394313629,9148,
serial:COM8/dial_raw,1626608,1785394313631,9146,
serial:COM8/dial_raw,1626610,1785394313634,9148,
serial:COM8/dial_raw,1626612,1785394313636,9149,
serial:COM8/dial_raw,1626614,1785394313637,9149,
serial:COM8/dial_raw,1626616,1785394313639,9150,
serial:COM8/dial_raw,1626618,1785394313642,9149,
serial:COM8/dial_raw,1626620,1785394313644,9148,
serial:COM8/dial_raw,1626622,1785394313646,9148,
serial:COM8/dial_raw,1626624,1785394313647,9150,
serial:COM8/dial_raw,1626626,1785394313649,9147,
serial:COM8/dial_raw,1626628,1785394313651,9146,
serial:COM8/dial_raw,1626630,1785394313654,9149,
serial:COM8/dial_raw,1626632,1785394313656,9150,
serial:COM8/dial_raw,1626634,1785394313657,9145,
serial:COM8/dial_raw,1626636,1785394313659,9149,
serial:COM8/dial_raw,1626638,1785394313662,9147,
serial:COM8/dial_raw,1626640,1785394313664,9148,
serial:COM8/dial_raw,1626642,1785394313666,9148,
serial:COM8/dial_raw,1626644,1785394313667,9147,
serial:COM8/dial_raw,1626646,1785394313669,9147,
serial:COM8/dial_raw,1626648,1785394313671,9148,
serial:COM8/dial_raw,1626650,1785394313674,9147,
serial:COM8/dial_raw,1626652,1785394313676,9148,
serial:COM8/dial_raw,1626654,1785394313677,9146,
serial:COM8/dial_raw,1626656,1785394313679,9149,
serial:COM8/dial_raw,1626658,1785394313681,9148,
serial:COM8/dial_raw,1626660,1785394313684,9146,
serial:COM8/dial_raw,1626662,1785394313686,9146,
serial:COM8/dial_raw,1626664,1785394313687,9147,
serial:COM8/dial_raw,1626666,1785394313690,9146,
serial:COM8/dial_raw,1626668,1785394313692,9147,
serial:COM8/dial_raw,1626670,1785394313694,9147,
serial:COM8/dial_raw,1626672,1785394313696,9147,
serial:COM8/dial_raw,1626674,1785394313697,9150,
serial:COM8/dial_raw,1626676,1785394313700,9145,
serial:COM8/dial_raw,1626678,1785394313701,9149,
serial:COM8/dial_raw,1626680,1785394313704,9148,
serial:COM8/dial_raw,1626682,1785394313706,9151,
serial:COM8/dial_raw,1626684,1785394313707,9146,
serial:COM8/dial_raw,1626686,1785394313710,9147,
serial:COM8/dial_raw,1626688,1785394313711,9147,
serial:COM8/dial_raw,1626690,1785394313714,9147,
serial:COM8/dial_raw,1626692,1785394313716,9147,
serial:COM8/dial_raw,1626694,1785394313718,9148,
serial:COM8/dial_raw,1626696,1785394313719,9149,
serial:COM8/dial_raw,1626698,1785394313721,9149,
serial:COM8/dial_raw,1626700,1785394313724,9148,
serial:COM8/dial_raw,1626702,1785394313726,9147,
serial:COM8/dial_raw,1626704,1785394313727,9149,
serial:COM8/dial_raw,1626706,1785394313729,9148,
serial:COM8/dial_raw,1626708,1785394313732,9145,
serial:COM8/dial_raw,1626710,1785394313734,9146,
serial:COM8/dial_raw,1626712,1785394313736,9148,
serial:COM8/dial_raw,1626714,1785394313737,9149,
serial:COM8/dial_raw,1626716,1785394313739,9147,
serial:COM8/dial_raw,1626718,1785394313741,9149,
serial:COM8/dial_raw,1626720,1785394313744,9146,
serial:COM8/dial_raw,1626722,1785394313746,9147,
serial:COM8/dial_raw,1626724,1785394313747,9150,
serial:COM8/dial_raw,1626726,1785394313749,9148,
serial:COM8/dial_raw,1626728,1785394313751,9151,
serial:COM8/dial_raw,1626730,1785394313754,9148,
serial:COM8/dial_raw,1626732,1785394313758,9146,
serial:COM8/dial_raw,1626734,1785394313758,9146,
serial:COM8/dial_raw,1626736,1785394313759,9148,
serial:COM8/dial_raw,1626738,1785394313761,9148,
serial:COM8/dial_raw,1626740,1785394313764,9147,
serial:COM8/dial_raw,1626742,1785394313766,9147,
serial:COM8/dial_raw,1626744,1785394313767,9147,
serial:COM8/dial_raw,1626746,1785394313769,9147,
serial:COM8/dial_raw,1626748,1785394313771,9149,
serial:COM8/dial_raw,1626750,1785394313774,9147,
serial:COM8/dial_raw,1626752,1785394313776,9147,
serial:COM8/dial_raw,1626754,1785394313777,9148,
serial:COM8/dial_raw,1626756,1785394313779,9147,
serial:COM8/dial_raw,1626758,1785394313781,9147,
serial:COM8/dial_raw,1626760,1785394313784,9149,
serial:COM8/dial_raw,1626762,1785394313786,9148,
serial:COM8/dial_raw,1626764,1785394313787,9148,
serial:COM8/dial_raw,1626766,1785394313789,9148,
serial:COM8/dial_raw,1626768,1785394313791,9147,
serial:COM8/dial_raw,1626770,1785394313794,9146,
serial:COM8/dial_raw,1626772,1785394313796,9148,
serial:COM8/dial_raw,1626774,1785394313797,9148,
serial:COM8/dial_raw,1626776,1785394313799,9147,
serial:COM8/dial_raw,1626778,1785394313801,9146,
serial:COM8/dial_raw,1626780,1785394313804,9149,
serial:COM8/dial_raw,1626782,1785394313806,9148,
serial:COM8/dial_raw,1626784,1785394313807,9149,
serial:COM8/dial_raw,1626786,1785394313809,9145,
serial:COM8/dial_raw,1626788,1785394313811,9147,
serial:COM8/dial_raw,1626790,1785394313814,9148,
serial:COM8/dial_raw,1626792,1785394313816,9149,
serial:COM8/dial_raw,1626794,1785394313817,9146,
serial:COM8/dial_raw,1626796,1785394313819,9145,
serial:COM8/dial_raw,1626798,1785394313821,9147,
serial:COM8/dial_raw,1626800,1785394313824,9147,
serial:COM8/dial_raw,1626802,1785394313826,9148,
serial:COM8/dial_raw,1626804,1785394313828,9147,
serial:COM8/dial_raw,1626806,1785394313829,9148,
serial:COM8/dial_raw,1626808,1785394313831,9147,
serial:COM8/dial_raw,1626810,1785394313834,9150,
serial:COM8/dial_raw,1626812,1785394313836,9149,
serial:COM8/dial_raw,1626814,1785394313837,9147,
serial:COM8/dial_raw,1626816,1785394313839,9149,
serial:COM8/dial_raw,1626818,1785394313841,9146,
serial:COM8/dial_raw,1626820,1785394313844,9148,
serial:COM8/dial_raw,1626822,1785394313846,9148,
serial:COM8/dial_raw,1626824,1785394313847,9146,
serial:COM8/dial_raw,1626826,1785394313849,9147,
serial:COM8/dial_raw,1626828,1785394313851,9146,
serial:COM8/dial_raw,1626830,1785394313854,9147,
serial:COM8/dial_raw,1626832,1785394313856,9148,
serial:COM8/dial_raw,1626834,1785394313857,9148,
serial:COM8/dial_raw,1626836,1785394313859,9149,
serial:COM8/dial_raw,1626838,1785394313862,9147,
serial:COM8/dial_raw,1626840,1785394313864,9147,
serial:COM8/dial_raw,1626842,1785394313866,9149,
serial:COM8/dial_raw,1626844,1785394313867,9146,
serial:COM8/dial_raw,1626846,1785394313869,9146,
serial:COM8/dial_raw,1626848,1785394313871,9148,
serial:COM8/dial_raw,1626850,1785394313874,9149,
serial:COM8/dial_raw,1626852,1785394313876,9146,
serial:COM8/dial_raw,1626854,1785394313877,9145,
serial:COM8/dial_raw,1626856,1785394313879,9148,
serial:COM8/dial_raw,1626858,1785394313881,9147,
serial:COM8/dial_raw,1626860,1785394313884,9145,
serial:COM8/dial_raw,1626862,1785394313886,9150,
serial:COM8/dial_raw,1626864,1785394313887,9148,
serial:COM8/dial_raw,1626866,1785394313889,9148,
serial:COM8/dial_raw,1626868,1785394313891,9147,
serial:COM8/dial_raw,1626870,1785394313894,9149,
serial:COM8/dial_raw,1626872,1785394313896,9147,
serial:COM8/dial_raw,1626874,1785394313897,9151,
serial:COM8/dial_raw,1626876,1785394313899,9147,
serial:COM8/dial_raw,1626878,1785394313901,9148,
serial:COM8/dial_raw,1626880,1785394313904,9148,
serial:COM8/dial_raw,1626882,1785394313906,9145,
serial:COM8/dial_raw,1626884,1785394313907,9147,
serial:COM8/dial_raw,1626886,1785394313909,9148,
serial:COM8/dial_raw,1626888,1785394313911,9148,
serial:COM8/dial_raw,1626890,1785394313914,9146,
serial:COM8/dial_raw,1626892,1785394313916,9147,
serial:COM8/dial_raw,1626894,1785394313917,9150,
serial:COM8/dial_raw,1626896,1785394313919,9149,
serial:COM8/dial_raw,1626898,1785394313921,9147,
serial:COM8/dial_raw,1626900,1785394313924,9146,
serial:COM8/dial_raw,1626902,1785394313926,9147,
serial:COM8/dial_raw,1626904,1785394313927,9149,
serial:COM8/dial_raw,1626906,1785394313929,9146,
serial:COM8/dial_raw,1626908,1785394313931,9146,
serial:COM8/dial_raw,1626910,1785394313934,9149,
serial:COM8/dial_raw,1626912,1785394313936,9147,
serial:COM8/dial_raw,1626914,1785394313937,9148,
serial:COM8/dial_raw,1626916,1785394313939,9148,
serial:COM8/dial_raw,1626918,1785394313941,9149,
serial:COM8/dial_raw,1626920,1785394313944,9147,
serial:COM8/dial_raw,1626922,1785394313946,9148,
serial:COM8/dial_raw,1626924,1785394313947,9147,
serial:COM8/dial_raw,1626926,1785394313949,9148,
serial:COM8/dial_raw,1626928,1785394313951,9147,
serial:COM8/dial_raw,1626930,1785394313954,9148,
serial:COM8/dial_raw,1626932,1785394313958,9148,
serial:COM8/dial_raw,1626934,1785394313958,9147,
serial:COM8/dial_raw,1626936,1785394313959,9148,
serial:COM8/dial_raw,1626938,1785394313961,9149,
serial:COM8/dial_raw,1626940,1785394313964,9150,
serial:COM8/dial_raw,1626942,1785394313966,9149,
serial:COM8/dial_raw,1626944,1785394313967,9148,
serial:COM8/dial_raw,1626946,1785394313969,9149,
serial:COM8/dial_raw,1626948,1785394313972,9147,
serial:COM8/dial_raw,1626950,1785394313974,9148,
serial:COM8/dial_raw,1626952,1785394313976,9146,
serial:COM8/dial_raw,1626954,1785394313978,9147,
serial:COM8/dial_raw,1626956,1785394313980,9148,
serial:COM8/dial_raw,1626958,1785394313982,9150,
serial:COM8/dial_raw,1626960,1785394313984,9149,
serial:COM8/dial_raw,1626962,1785394313986,9149,
serial:COM8/dial_raw,1626964,1785394313988,9148,
serial:COM8/dial_raw,1626966,1785394313990,9149,
serial:COM8/dial_raw,1626968,1785394313992,9147,
serial:COM8/dial_raw,1626970,1785394313994,9148,
serial:COM8/dial_raw,1626972,1785394313996,9147,
serial:COM8/dial_raw,1626974,1785394313998,9148,
serial:COM8/dial_raw,1626976,1785394314000,9147,
serial:COM8/dial_raw,1626978,1785394314002,9149,
serial:COM8/dial_raw,1626980,1785394314004,9148,
serial:COM8/dial_raw,1626982,1785394314006,9148,
serial:COM8/dial_raw,1626984,1785394314008,9148,
serial:COM8/dial_raw,1626986,1785394314010,9147,
serial:COM8/dial_raw,1626988,1785394314012,9146,
serial:COM8/dial_raw,1626990,1785394314014,9147,
serial:COM8/dial_raw,1626992,1785394314016,9147,
serial:COM8/dial_raw,1626994,1785394314018,9148,
serial:COM8/dial_raw,1626996,1785394314020,9147,
serial:COM8/dial_raw,1626998,1785394314022,9147,
serial:COM8/dial_raw,1627000,1785394314024,9147,
serial:COM8/dial_raw,1627002,1785394314026,9149,
serial:COM8/dial_raw,1627004,1785394314028,9147,
serial:COM8/dial_raw,1627006,1785394314030,9149,
serial:COM8/dial_raw,1627008,1785394314032,9147,
serial:COM8/dial_raw,1627010,1785394314034,9149,
serial:COM8/dial_raw,1627012,1785394314036,9148,
serial:COM8/dial_raw,1627014,1785394314038,9149,
serial:COM8/dial_raw,1627016,1785394314040,9147,
serial:COM8/dial_raw,1627018,1785394314042,9148,
serial:COM8/dial_raw,1627020,1785394314044,9148,
serial:COM8/dial_raw,1627022,1785394314046,9147,
serial:COM8/dial_raw,1627024,1785394314048,9147,
serial:COM8/dial_raw,1627026,1785394314050,9147,
serial:COM8/dial_raw,1627028,1785394314052,9147,
serial:COM8/dial_raw,1627030,1785394314054,9148,
serial:COM8/dial_raw,1627032,1785394314056,9149,
serial:COM8/dial_raw,1627034,1785394314058,9147,
serial:COM8/dial_raw,1627036,1785394314060,9148,
serial:COM8/dial_raw,1627038,1785394314062,9146,
serial:COM8/dial_raw,1627040,1785394314064,9150,
serial:COM8/dial_raw,1627042,1785394314066,9149,
serial:COM8/dial_raw,1627044,1785394314068,9148,
serial:COM8/dial_raw,1627046,1785394314070,9146,
serial:COM8/dial_raw,1627048,1785394314072,9148,
serial:COM8/dial_raw,1627050,1785394314074,9147,
serial:COM8/dial_raw,1627052,1785394314076,9148,
serial:COM8/dial_raw,1627054,1785394314078,9146,
serial:COM8/dial_raw,1627056,1785394314080,9148,
serial:COM8/dial_raw,1627058,1785394314082,9147,
serial:COM8/dial_raw,1627060,1785394314084,9148,
serial:COM8/dial_raw,1627062,1785394314086,9148,
serial:COM8/dial_raw,1627064,1785394314088,9150,
serial:COM8/dial_raw,1627066,1785394314090,9150,
serial:COM8/dial_raw,1627068,1785394314092,9149,
serial:COM8/dial_raw,1627070,1785394314094,9148,
serial:COM8/dial_raw,1627072,1785394314096,9149,
serial:COM8/dial_raw,1627074,1785394314098,9148,
serial:COM8/dial_raw,1627076,1785394314100,9150,
serial:COM8/dial_raw,1627078,1785394314102,9147,
serial:COM8/dial_raw,1627080,1785394314104,9150,
serial:COM8/dial_raw,1627082,1785394314106,9149,
serial:COM8/dial_raw,1627084,1785394314108,9149,
serial:COM8/dial_raw,1627086,1785394314110,9148,
serial:COM8/dial_raw,1627088,1785394314112,9148,
serial:COM8/dial_raw,1627090,1785394314114,9148,
serial:COM8/dial_raw,1627092,1785394314116,9146,
serial:COM8/dial_raw,1627094,1785394314118,9147,
serial:COM8/dial_raw,1627096,1785394314120,9149,
serial:COM8/dial_raw,1627098,1785394314122,9147,
serial:COM8/dial_raw,1627100,1785394314124,9148,
serial:COM8/dial_raw,1627102,1785394314126,9145,
serial:COM8/dial_raw,1627104,1785394314128,9147,
serial:COM8/dial_raw,1627106,1785394314130,9148,
serial:COM8/dial_raw,1627108,1785394314132,9148,
serial:COM8/dial_raw,1627110,1785394314134,9148,
serial:COM8/dial_raw,1627112,1785394314136,9147,
serial:COM8/dial_raw,1627114,1785394314138,9147,
serial:COM8/dial_raw,1627116,1785394314140,9148,
serial:COM8/dial_raw,1627118,1785394314142,9149,
serial:COM8/dial_raw,1627120,1785394314144,9149,
serial:COM8/dial_raw,1627122,1785394314146,9147,
serial:COM8/dial_raw,1627124,1785394314148,9148,
serial:COM8/dial_raw,1627126,1785394314150,9147,
serial:COM8/dial_raw,1627128,1785394314152,9148,
serial:COM8/dial_raw,1627130,1785394314154,9147,
serial:COM8/dial_raw,1627132,1785394314158,9148,
serial:COM8/dial_raw,1627134,1785394314158,9147,
serial:COM8/dial_raw,1627136,1785394314159,9146,
serial:COM8/dial_raw,1627138,1785394314162,9147,
serial:COM8/dial_raw,1627140,1785394314164,9149,
serial:COM8/dial_raw,1627142,1785394314166,9147,
serial:COM8/dial_raw,1627144,1785394314168,9147,
serial:COM8/dial_raw,1627146,1785394314169,9147,
serial:COM8/dial_raw,1627148,1785394314171,9147,
serial:COM8/dial_raw,1627150,1785394314174,9147,
serial:COM8/dial_raw,1627152,1785394314176,9146,
serial:COM8/dial_raw,1627154,1785394314178,9149,
serial:COM8/dial_raw,1627156,1785394314180,9144,
serial:COM8/dial_raw,1627158,1785394314182,9150,
serial:COM8/dial_raw,1627160,1785394314184,9148,
serial:COM8/dial_raw,1627162,1785394314186,9148,
serial:COM8/dial_raw,1627164,1785394314188,9147,
serial:COM8/dial_raw,1627166,1785394314190,9146,
serial:COM8/dial_raw,1627168,1785394314192,9149,
serial:COM8/dial_raw,1627170,1785394314194,9148,
serial:COM8/dial_raw,1627172,1785394314196,9147,
serial:COM8/dial_raw,1627174,1785394314198,9148,
serial:COM8/dial_raw,1627176,1785394314200,9147,
serial:COM8/dial_raw,1627178,1785394314202,9148,
serial:COM8/dial_raw,1627180,1785394314204,9149,
serial:COM8/dial_raw,1627182,1785394314206,9148,
serial:COM8/dial_raw,1627184,1785394314207,9150,
serial:COM8/dial_raw,1627186,1785394314210,9149,
serial:COM8/dial_raw,1627188,1785394314212,9147,
serial:COM8/dial_raw,1627190,1785394314214,9146,
serial:COM8/dial_raw,1627192,1785394314216,9147,
serial:COM8/dial_raw,1627194,1785394314218,9148,
serial:COM8/dial_raw,1627196,1785394314220,9146,
serial:COM8/dial_raw,1627198,1785394314222,9147,
serial:COM8/dial_raw,1627200,1785394314224,9145,
serial:COM8/dial_raw,1627202,1785394314226,9148,
serial:COM8/dial_raw,1627204,1785394314228,9148,
serial:COM8/dial_raw,1627206,1785394314229,9149,
serial:COM8/dial_raw,1627208,1785394314231,9148,
serial:COM8/dial_raw,1627210,1785394314234,9147,
serial:COM8/dial_raw,1627212,1785394314236,9148,
serial:COM8/dial_raw,1627214,1785394314238,9147,
serial:COM8/dial_raw,1627216,1785394314240,9148,
serial:COM8/dial_raw,1627218,1785394314242,9148,
serial:COM8/dial_raw,1627220,1785394314244,9148,
serial:COM8/dial_raw,1627222,1785394314246,9148,
serial:COM8/dial_raw,1627224,1785394314247,9148,
serial:COM8/dial_raw,1627226,1785394314250,9148,
serial:COM8/dial_raw,1627228,1785394314252,9147,
serial:COM8/dial_raw,1627230,1785394314254,9146,
serial:COM8/dial_raw,1627232,1785394314256,9146,
serial:COM8/dial_raw,1627234,1785394314258,9145,
serial:COM8/dial_raw,1627236,1785394314260,9147,
serial:COM8/dial_raw,1627238,1785394314261,9147,
serial:COM8/dial_raw,1627240,1785394314264,9147,
serial:COM8/dial_raw,1627242,1785394314266,9147,
serial:COM8/dial_raw,1627244,1785394314267,9148,
serial:COM8/dial_raw,1627246,1785394314269,9147,
serial:COM8/dial_raw,1627248,1785394314271,9148,
serial:COM8/dial_raw,1627250,1785394314274,9147,
serial:COM8/dial_raw,1627252,1785394314276,9150,
serial:COM8/dial_raw,1627254,1785394314278,9148,
serial:COM8/dial_raw,1627256,1785394314280,9149,
serial:COM8/dial_raw,1627258,1785394314282,9149,
serial:COM8/dial_raw,1627260,1785394314284,9148,
serial:COM8/dial_raw,1627262,1785394314286,9147,
serial:COM8/dial_raw,1627264,1785394314288,9148,
serial:COM8/dial_raw,1627266,1785394314290,9148,
serial:COM8/dial_raw,1627268,1785394314292,9147,
serial:COM8/dial_raw,1627270,1785394314294,9146,
serial:COM8/dial_raw,1627272,1785394314296,9148,
serial:COM8/dial_raw,1627274,1785394314298,9150,
serial:COM8/dial_raw,1627276,1785394314300,9148,
serial:COM8/dial_raw,1627278,1785394314302,9146,
serial:COM8/dial_raw,1627280,1785394314304,9146,
serial:COM8/dial_raw,1627282,1785394314306,9148,
serial:COM8/dial_raw,1627284,1785394314308,9146,
serial:COM8/dial_raw,1627286,1785394314310,9147,
serial:COM8/dial_raw,1627288,1785394314312,9147,
serial:COM8/dial_raw,1627290,1785394314314,9148,
serial:COM8/dial_raw,1627292,1785394314316,9149,
serial:COM8/dial_raw,1627294,1785394314318,9147,
serial:COM8/dial_raw,1627296,1785394314320,9150,
serial:COM8/dial_raw,1627298,1785394314322,9149,
serial:COM8/dial_raw,1627300,1785394314324,9149,
serial:COM8/dial_raw,1627302,1785394314326,9147,
serial:COM8/dial_raw,1627304,1785394314328,9149,
serial:COM8/dial_raw,1627306,1785394314330,9147,
serial:COM8/dial_raw,1627308,1785394314332,9152,
serial:COM8/dial_raw,1627310,1785394314334,9147,
serial:COM8/dial_raw,1627312,1785394314336,9148,
serial:COM8/dial_raw,1627314,1785394314338,9147,
serial:COM8/dial_raw,1627316,1785394314340,9147,
serial:COM8/dial_raw,1627318,1785394314342,9148,
serial:COM8/dial_raw,1627320,1785394314344,9146,
serial:COM8/dial_raw,1627322,1785394314346,9148,
serial:COM8/dial_raw,1627324,1785394314348,9148,
serial:COM8/dial_raw,1627326,1785394314350,9147,
serial:COM8/dial_raw,1627328,1785394314352,9147,
serial:COM8/dial_raw,1627330,1785394314354,9148,
serial:COM8/dial_raw,1627332,1785394314359,9146,
serial:COM8/dial_raw,1627334,1785394314359,9145,
serial:COM8/dial_raw,1627336,1785394314360,9147,
serial:COM8/dial_raw,1627338,1785394314362,9146,
serial:COM8/dial_raw,1627340,1785394314364,9148,
serial:COM8/dial_raw,1627342,1785394314366,9147,
serial:COM8/dial_raw,1627344,1785394314368,9146,
serial:COM8/dial_raw,1627346,1785394314370,9148,
serial:COM8/dial_raw,1627348,1785394314372,9147,
serial:COM8/dial_raw,1627350,1785394314374,9148,
serial:COM8/dial_raw,1627352,1785394314376,9150,
serial:COM8/dial_raw,1627354,1785394314378,9150,
serial:COM8/dial_raw,1627356,1785394314380,9146,
serial:COM8/dial_raw,1627358,1785394314382,9147,
serial:COM8/dial_raw,1627360,1785394314384,9147,
serial:COM8/dial_raw,1627362,1785394314386,9147,
serial:COM8/dial_raw,1627364,1785394314388,9149,
serial:COM8/dial_raw,1627366,1785394314390,9147,
serial:COM8/dial_raw,1627368,1785394314392,9151,
serial:COM8/dial_raw,1627370,1785394314394,9147,
serial:COM8/dial_raw,1627372,1785394314396,9148,
serial:COM8/dial_raw,1627374,1785394314398,9148,
serial:COM8/dial_raw,1627376,1785394314400,9147,
serial:COM8/dial_raw,1627378,1785394314402,9149,
serial:COM8/dial_raw,1627380,1785394314404,9147,
serial:COM8/dial_raw,1627382,1785394314406,9146,
serial:COM8/dial_raw,1627384,1785394314408,9147,
serial:COM8/dial_raw,1627386,1785394314410,9148,
serial:COM8/dial_raw,1627388,1785394314412,9145,
serial:COM8/dial_raw,1627390,1785394314414,9148,
serial:COM8/dial_raw,1627392,1785394314416,9147,
serial:COM8/dial_raw,1627394,1785394314418,9146,
serial:COM8/dial_raw,1627396,1785394314420,9146,
serial:COM8/dial_raw,1627398,1785394314422,9148,
serial:COM8/dial_raw,1627400,1785394314424,9149,
serial:COM8/dial_raw,1627402,1785394314426,9146,
serial:COM8/dial_raw,1627404,1785394314428,9147,
serial:COM8/dial_raw,1627406,1785394314430,9148,
serial:COM8/dial_raw,1627408,1785394314432,9148,
serial:COM8/dial_raw,1627410,1785394314434,9147,
serial:COM8/dial_raw,1627412,1785394314436,9147,
serial:COM8/dial_raw,1627414,1785394314438,9146,
serial:COM8/dial_raw,1627416,1785394314440,9146,
serial:COM8/dial_raw,1627418,1785394314442,9147,
serial:COM8/dial_raw,1627420,1785394314444,9148,
serial:COM8/dial_raw,1627422,1785394314446,9149,
serial:COM8/dial_raw,1627424,1785394314448,9148,
serial:COM8/dial_raw,1627426,1785394314450,9146,
serial:COM8/dial_raw,1627428,1785394314452,9149,
serial:COM8/dial_raw,1627430,1785394314454,9147,
serial:COM8/dial_raw,1627432,1785394314456,9148,
serial:COM8/dial_raw,1627434,1785394314458,9149,
serial:COM8/dial_raw,1627436,1785394314460,9147,
serial:COM8/dial_raw,1627438,1785394314462,9148,
serial:COM8/dial_raw,1627440,1785394314464,9151,
serial:COM8/dial_raw,1627442,1785394314466,9147,
serial:COM8/dial_raw,1627444,1785394314468,9145,
serial:COM8/dial_raw,1627446,1785394314470,9147,
serial:COM8/dial_raw,1627448,1785394314472,9147,
serial:COM8/dial_raw,1627450,1785394314474,9146,
serial:COM8/dial_raw,1627452,1785394314476,9147,
serial:COM8/dial_raw,1627454,1785394314478,9146,
serial:COM8/dial_raw,1627456,1785394314480,9148,
serial:COM8/dial_raw,1627458,1785394314482,9149,
serial:COM8/dial_raw,1627460,1785394314484,9147,
serial:COM8/dial_raw,1627462,1785394314486,9146,
serial:COM8/dial_raw,1627464,1785394314488,9147,
serial:COM8/dial_raw,1627466,1785394314490,9147,
serial:COM8/dial_raw,1627468,1785394314492,9149,
serial:COM8/dial_raw,1627470,1785394314494,9147,
serial:COM8/dial_raw,1627472,1785394314496,9146,
serial:COM8/dial_raw,1627474,1785394314498,9149,
serial:COM8/dial_raw,1627476,1785394314500,9147,
serial:COM8/dial_raw,1627478,1785394314502,9149,
serial:COM8/dial_raw,1627480,1785394314504,9148,
serial:COM8/dial_raw,1627482,1785394314506,9147,
serial:COM8/dial_raw,1627484,1785394314508,9149,
serial:COM8/dial_raw,1627486,1785394314510,9148,
serial:COM8/dial_raw,1627488,1785394314512,9148,
serial:COM8/dial_raw,1627490,1785394314514,9150,
serial:COM8/dial_raw,1627492,1785394314516,9148,
serial:COM8/dial_raw,1627494,1785394314518,9148,
serial:COM8/dial_raw,1627496,1785394314520,9147,
serial:COM8/dial_raw,1627498,1785394314522,9147,
serial:COM8/dial_raw,1627500,1785394314524,9151,
serial:COM8/dial_raw,1627502,1785394314526,9146,
serial:COM8/dial_raw,1627504,1785394314528,9145,
serial:COM8/dial_raw,1627506,1785394314530,9147,
serial:COM8/dial_raw,1627508,1785394314532,9147,
serial:COM8/dial_raw,1627510,1785394314534,9146,
serial:COM8/dial_raw,1627512,1785394314536,9149,
serial:COM8/dial_raw,1627514,1785394314538,9148,
serial:COM8/dial_raw,1627516,1785394314540,9149,
serial:COM8/dial_raw,1627518,1785394314542,9149,
serial:COM8/dial_raw,1627520,1785394314544,9147,
serial:COM8/dial_raw,1627522,1785394314546,9149,
serial:COM8/dial_raw,1627524,1785394314548,9148,
serial:COM8/dial_raw,1627526,1785394314550,9148,
serial:COM8/dial_raw,1627528,1785394314552,9148,
serial:COM8/dial_raw,1627530,1785394314554,9147,
serial:COM8/dial_raw,1627532,1785394314559,9146,
serial:COM8/dial_raw,1627534,1785394314559,9147,
serial:COM8/dial_raw,1627536,1785394314560,9148,
serial:COM8/dial_raw,1627538,1785394314562,9148,
serial:COM8/dial_raw,1627540,1785394314564,9146,
serial:COM8/dial_raw,1627542,1785394314566,9148,
serial:COM8/dial_raw,1627544,1785394314568,9148,
serial:COM8/dial_raw,1627546,1785394314570,9148,
serial:COM8/dial_raw,1627548,1785394314572,9147,
serial:COM8/dial_raw,1627550,1785394314574,9146,
serial:COM8/dial_raw,1627552,1785394314576,9148,
serial:COM8/dial_raw,1627554,1785394314578,9147,
serial:COM8/dial_raw,1627556,1785394314580,9146,
serial:COM8/dial_raw,1627558,1785394314582,9148,
serial:COM8/dial_raw,1627560,1785394314584,9147,
serial:COM8/dial_raw,1627562,1785394314586,9147,
serial:COM8/dial_raw,1627564,1785394314588,9149,
serial:COM8/dial_raw,1627566,1785394314590,9149,
serial:COM8/dial_raw,1627568,1785394314592,9149,
serial:COM8/dial_raw,1627570,1785394314594,9148,
serial:COM8/dial_raw,1627572,1785394314596,9149,
serial:COM8/dial_raw,1627574,1785394314598,9149,
serial:COM8/dial_raw,1627576,1785394314600,9148,
serial:COM8/dial_raw,1627578,1785394314602,9147,
serial:COM8/dial_raw,1627580,1785394314604,9146,
serial:COM8/dial_raw,1627582,1785394314606,9148,
serial:COM8/dial_raw,1627584,1785394314608,9147,
serial:COM8/dial_raw,1627586,1785394314610,9147,
serial:COM8/dial_raw,1627588,1785394314612,9145,
serial:COM8/dial_raw,1627590,1785394314614,9150,
serial:COM8/dial_raw,1627592,1785394314616,9146,
serial:COM8/dial_raw,1627594,1785394314618,9148,
serial:COM8/dial_raw,1627596,1785394314620,9149,
serial:COM8/dial_raw,1627598,1785394314622,9148,
serial:COM8/dial_raw,1627600,1785394314624,9149,
serial:COM8/dial_raw,1627602,1785394314626,9150,
serial:COM8/dial_raw,1627604,1785394314628,9149,
serial:COM8/dial_raw,1627606,1785394314630,9147,
serial:COM8/dial_raw,1627608,1785394314632,9147,
serial:COM8/dial_raw,1627610,1785394314634,9148,
serial:COM8/dial_raw,1627612,1785394314636,9148,
serial:COM8/dial_raw,1627614,1785394314638,9150,
serial:COM8/dial_raw,1627616,1785394314640,9145,
serial:COM8/dial_raw,1627618,1785394314642,9148,
serial:COM8/dial_raw,1627620,1785394314644,9148,
serial:COM8/dial_raw,1627622,1785394314646,9148,
serial:COM8/dial_raw,1627624,1785394314648,9147,
serial:COM8/dial_raw,1627626,1785394314650,9148,
serial:COM8/dial_raw,1627628,1785394314652,9146,
serial:COM8/dial_raw,1627630,1785394314654,9148,
serial:COM8/dial_raw,1627632,1785394314656,9148,
serial:COM8/dial_raw,1627634,1785394314658,9146,
serial:COM8/dial_raw,1627636,1785394314660,9148,
serial:COM8/dial_raw,1627638,1785394314662,9149,
serial:COM8/dial_raw,1627640,1785394314664,9147,
serial:COM8/dial_raw,1627642,1785394314666,9147,
serial:COM8/dial_raw,1627644,1785394314668,9148,
serial:COM8/dial_raw,1627646,1785394314670,9148,
serial:COM8/dial_raw,1627648,1785394314672,9145,
serial:COM8/dial_raw,1627650,1785394314674,9146,
serial:COM8/dial_raw,1627652,1785394314676,9147,
serial:COM8/dial_raw,1627654,1785394314678,9147,
serial:COM8/dial_raw,1627656,1785394314680,9148,
serial:COM8/dial_raw,1627658,1785394314682,9147,
serial:COM8/dial_raw,1627660,1785394314684,9144,
serial:COM8/dial_raw,1627662,1785394314686,9147,
serial:COM8/dial_raw,1627664,1785394314688,9148,
serial:COM8/dial_raw,1627666,1785394314690,9147,
serial:COM8/dial_raw,1627668,1785394314692,9149,
serial:COM8/dial_raw,1627670,1785394314694,9150,
serial:COM8/dial_raw,1627672,1785394314696,9148,
serial:COM8/dial_raw,1627674,1785394314698,9150,
serial:COM8/dial_raw,1627676,1785394314700,9149,
serial:COM8/dial_raw,1627678,1785394314702,9147,
serial:COM8/dial_raw,1627680,1785394314704,9148,
serial:COM8/dial_raw,1627682,1785394314706,9149,
serial:COM8/dial_raw,1627684,1785394314708,9148,
serial:COM8/dial_raw,1627686,1785394314710,9150,
serial:COM8/dial_raw,1627688,1785394314712,9147,
serial:COM8/dial_raw,1627690,1785394314714,9146,
serial:COM8/dial_raw,1627692,1785394314716,9147,
serial:COM8/dial_raw,1627694,1785394314718,9148,
serial:COM8/dial_raw,1627696,1785394314720,9149,
serial:COM8/dial_raw,1627698,1785394314722,9147,
serial:COM8/dial_raw,1627700,1785394314724,9148,
serial:COM8/dial_raw,1627702,1785394314726,9148,
serial:COM8/dial_raw,1627704,1785394314728,9147,
serial:COM8/dial_raw,1627706,1785394314730,9148,
serial:COM8/dial_raw,1627708,1785394314732,9149,
serial:COM8/dial_raw,1627710,1785394314734,9147,
serial:COM8/dial_raw,1627712,1785394314736,9149,
serial:COM8/dial_raw,1627714,1785394314738,9147,
serial:COM8/dial_raw,1627716,1785394314740,9146,
serial:COM8/dial_raw,1627718,1785394314742,9148,
serial:COM8/dial_raw,1627720,1785394314744,9149,
serial:COM8/dial_raw,1627722,1785394314746,9148,
serial:COM8/dial_raw,1627724,1785394314748,9148,
serial:COM8/dial_raw,1627726,1785394314750,9147,
serial:COM8/dial_raw,1627728,1785394314752,9147,
serial:COM8/dial_raw,1627730,1785394314754,9146,
serial:COM8/dial_raw,1627732,1785394314759,9147,
serial:COM8/dial_raw,1627734,1785394314759,9147,
serial:COM8/dial_raw,1627736,1785394314760,9147,
serial:COM8/dial_raw,1627738,1785394314762,9146,
serial:COM8/dial_raw,1627740,1785394314764,9148,
serial:COM8/dial_raw,1627742,1785394314766,9150,
serial:COM8/dial_raw,1627744,1785394314768,9148,
serial:COM8/dial_raw,1627746,1785394314770,9147,
serial:COM8/dial_raw,1627748,1785394314772,9147,
serial:COM8/dial_raw,1627750,1785394314774,9147,
serial:COM8/dial_raw,1627752,1785394314776,9148,
serial:COM8/dial_raw,1627754,1785394314778,9151,
serial:COM8/dial_raw,1627756,1785394314780,9145,
serial:COM8/dial_raw,1627758,1785394314782,9148,
serial:COM8/dial_raw,1627760,1785394314784,9146,
serial:COM8/dial_raw,1627762,1785394314786,9149,
serial:COM8/dial_raw,1627764,1785394314788,9147,
serial:COM8/dial_raw,1627766,1785394314790,9150,
serial:COM8/dial_raw,1627768,1785394314792,9148,
serial:COM8/dial_raw,1627770,1785394314794,9147,
serial:COM8/dial_raw,1627772,1785394314796,9146,
serial:COM8/dial_raw,1627774,1785394314798,9148,
serial:COM8/dial_raw,1627776,1785394314800,9148,
serial:COM8/dial_raw,1627778,1785394314802,9147,
serial:COM8/dial_raw,1627780,1785394314804,9148,
serial:COM8/dial_raw,1627782,1785394314806,9148,
serial:COM8/dial_raw,1627784,1785394314808,9150,
serial:COM8/dial_raw,1627786,1785394314810,9147,
serial:COM8/dial_raw,1627788,1785394314812,9148,
serial:COM8/dial_raw,1627790,1785394314814,9149,
serial:COM8/dial_raw,1627792,1785394314816,9149,
serial:COM8/dial_raw,1627794,1785394314818,9148,
serial:COM8/dial_raw,1627796,1785394314820,9145,
serial:COM8/dial_raw,1627798,1785394314822,9150,
serial:COM8/dial_raw,1627800,1785394314824,9149,
serial:COM8/dial_raw,1627802,1785394314826,9149,
serial:COM8/dial_raw,1627804,1785394314828,9151,
serial:COM8/dial_raw,1627806,1785394314830,9146,
serial:COM8/dial_raw,1627808,1785394314832,9148,
serial:COM8/dial_raw,1627810,1785394314834,9148,
serial:COM8/dial_raw,1627812,1785394314836,9150,
serial:COM8/dial_raw,1627814,1785394314838,9147,
serial:COM8/dial_raw,1627816,1785394314840,9148,
serial:COM8/dial_raw,1627818,1785394314842,9148,
serial:COM8/dial_raw,1627820,1785394314844,9148,
serial:COM8/dial_raw,1627822,1785394314846,9148,
serial:COM8/dial_raw,1627824,1785394314848,9148,
serial:COM8/dial_raw,1627826,1785394314850,9149,
serial:COM8/dial_raw,1627828,1785394314852,9146,
serial:COM8/dial_raw,1627830,1785394314854,9147,
serial:COM8/dial_raw,1627832,1785394314856,9148,
serial:COM8/dial_raw,1627834,1785394314858,9147,
serial:COM8/dial_raw,1627836,1785394314860,9147,
serial:COM8/dial_raw,1627838,1785394314862,9149,
serial:COM8/dial_raw,1627840,1785394314864,9150,
serial:COM8/dial_raw,1627842,1785394314866,9148,
serial:COM8/dial_raw,1627844,1785394314868,9147,
serial:COM8/dial_raw,1627846,1785394314870,9150,
serial:COM8/dial_raw,1627848,1785394314872,9148,
serial:COM8/dial_raw,1627850,1785394314874,9146,
serial:COM8/dial_raw,1627852,1785394314876,9149,
serial:COM8/dial_raw,1627854,1785394314878,9146,
serial:COM8/dial_raw,1627856,1785394314880,9149,
serial:COM8/dial_raw,1627858,1785394314882,9148,
serial:COM8/dial_raw,1627860,1785394314884,9148,
serial:COM8/dial_raw,1627862,1785394314886,9148,
serial:COM8/dial_raw,1627864,1785394314888,9147,
serial:COM8/dial_raw,1627866,1785394314890,9147,
serial:COM8/dial_raw,1627868,1785394314892,9148,
serial:COM8/dial_raw,1627870,1785394314894,9149,
serial:COM8/dial_raw,1627872,1785394314896,9149,
serial:COM8/dial_raw,1627874,1785394314898,9149,
serial:COM8/dial_raw,1627876,1785394314900,9147,
serial:COM8/dial_raw,1627878,1785394314902,9149,
serial:COM8/dial_raw,1627880,1785394314904,9147,
serial:COM8/dial_raw,1627882,1785394314906,9147,
serial:COM8/dial_raw,1627884,1785394314908,9149,
serial:COM8/dial_raw,1627886,1785394314910,9148,
serial:COM8/dial_raw,1627888,1785394314912,9146,
serial:COM8/dial_raw,1627890,1785394314914,9148,
serial:COM8/dial_raw,1627892,1785394314916,9148,
serial:COM8/dial_raw,1627894,1785394314918,9148,
serial:COM8/dial_raw,1627896,1785394314920,9148,
serial:COM8/dial_raw,1627898,1785394314922,9147,
serial:COM8/dial_raw,1627900,1785394314924,9149,
serial:COM8/dial_raw,1627902,1785394314926,9149,
serial:COM8/dial_raw,1627904,1785394314928,9148,
serial:COM8/dial_raw,1627906,1785394314930,9148,
serial:COM8/dial_raw,1627908,1785394314932,9146,
serial:COM8/dial_raw,1627910,1785394314934,9149,
serial:COM8/dial_raw,1627912,1785394314936,9146,
serial:COM8/dial_raw,1627914,1785394314938,9149,
serial:COM8/dial_raw,1627916,1785394314940,9147,
serial:COM8/dial_raw,1627918,1785394314942,9150,
serial:COM8/dial_raw,1627920,1785394314944,9149,
serial:COM8/dial_raw,1627922,1785394314946,9148,
serial:COM8/dial_raw,1627924,1785394314948,9147,
serial:COM8/dial_raw,1627926,1785394314950,9149,
serial:COM8/dial_raw,1627928,1785394314952,9147,
serial:COM8/dial_raw,1627930,1785394314954,9146,
serial:COM8/dial_raw,1627932,1785394314959,9147,
serial:COM8/dial_raw,1627934,1785394314959,9148,
serial:COM8/dial_raw,1627936,1785394314960,9148,
serial:COM8/dial_raw,1627938,1785394314962,9148,
serial:COM8/dial_raw,1627940,1785394314964,9148,
serial:COM8/dial_raw,1627942,1785394314966,9148,
serial:COM8/dial_raw,1627944,1785394314968,9149,
serial:COM8/dial_raw,1627946,1785394314970,9148,
serial:COM8/dial_raw,1627948,1785394314972,9148,
serial:COM8/dial_raw,1627950,1785394314974,9149,
serial:COM8/dial_raw,1627952,1785394314976,9148,
serial:COM8/dial_raw,1627954,1785394314978,9149,
serial:COM8/dial_raw,1627956,1785394314980,9149,
serial:COM8/dial_raw,1627958,1785394314982,9148,
serial:COM8/dial_raw,1627960,1785394314984,9150,
serial:COM8/dial_raw,1627962,1785394314986,9147,
serial:COM8/dial_raw,1627964,1785394314988,9149,
serial:COM8/dial_raw,1627966,1785394314990,9148,
serial:COM8/dial_raw,1627968,1785394314992,9147,
serial:COM8/dial_raw,1627970,1785394314994,9147,
serial:COM8/dial_raw,1627972,1785394314996,9146,
serial:COM8/dial_raw,1627974,1785394314998,9147,
serial:COM8/dial_raw,1627976,1785394315000,9148,
serial:COM8/dial_raw,1627978,1785394315002,9147,
serial:COM8/dial_raw,1627980,1785394315004,9147,
serial:COM8/dial_raw,1627982,1785394315006,9147,
serial:COM8/dial_raw,1627984,1785394315008,9147,
serial:COM8/dial_raw,1627986,1785394315010,9149,
serial:COM8/dial_raw,1627988,1785394315012,9147,
serial:COM8/dial_raw,1627990,1785394315014,9148,
serial:COM8/dial_raw,1627992,1785394315016,9147,
serial:COM8/dial_raw,1627994,1785394315018,9148,
serial:COM8/dial_raw,1627996,1785394315020,9149,
serial:COM8/dial_raw,1627998,1785394315022,9147,
serial:COM8/dial_raw,1628000,1785394315024,9149,
serial:COM8/dial_raw,1628002,1785394315026,9149,
serial:COM8/dial_raw,1628004,1785394315028,9148,
serial:COM8/dial_raw,1628006,1785394315030,9147,
serial:COM8/dial_raw,1628008,1785394315032,9147,
serial:COM8/dial_raw,1628010,1785394315034,9148,
serial:COM8/dial_raw,1628012,1785394315036,9147,
serial:COM8/dial_raw,1628014,1785394315038,9146,
serial:COM8/dial_raw,1628016,1785394315040,9147,
serial:COM8/dial_raw,1628018,1785394315042,9149,
serial:COM8/dial_raw,1628020,1785394315044,9148,
serial:COM8/dial_raw,1628022,1785394315046,9147,
serial:COM8/dial_raw,1628024,1785394315048,9147,
serial:COM8/dial_raw,1628026,1785394315050,9148,
serial:COM8/dial_raw,1628028,1785394315052,9149,
serial:COM8/dial_raw,1628030,1785394315054,9147,
serial:COM8/dial_raw,1628032,1785394315056,9149,
serial:COM8/dial_raw,1628034,1785394315058,9148,
serial:COM8/dial_raw,1628036,1785394315060,9147,
serial:COM8/dial_raw,1628038,1785394315062,9147,
serial:COM8/dial_raw,1628040,1785394315064,9148,
serial:COM8/dial_raw,1628042,1785394315066,9147,
serial:COM8/dial_raw,1628044,1785394315068,9150,
serial:COM8/dial_raw,1628046,1785394315070,9147,
serial:COM8/dial_raw,1628048,1785394315072,9147,
serial:COM8/dial_raw,1628050,1785394315074,9149,
serial:COM8/dial_raw,1628052,1785394315076,9146,
serial:COM8/dial_raw,1628054,1785394315078,9147,
serial:COM8/dial_raw,1628056,1785394315080,9148,
serial:COM8/dial_raw,1628058,1785394315082,9148,
serial:COM8/dial_raw,1628060,1785394315084,9145,
serial:COM8/dial_raw,1628062,1785394315086,9146,
serial:COM8/dial_raw,1628064,1785394315088,9147,
serial:COM8/dial_raw,1628066,1785394315090,9148,
serial:COM8/dial_raw,1628068,1785394315092,9149,
serial:COM8/dial_raw,1628070,1785394315094,9148,
serial:COM8/dial_raw,1628072,1785394315096,9149,
serial:COM8/dial_raw,1628074,1785394315098,9147,
serial:COM8/dial_raw,1628076,1785394315100,9147,
serial:COM8/dial_raw,1628078,1785394315102,9147,
serial:COM8/dial_raw,1628080,1785394315104,9147,
serial:COM8/dial_raw,1628082,1785394315106,9148,
serial:COM8/dial_raw,1628084,1785394315108,9148,
serial:COM8/dial_raw,1628086,1785394315110,9148,
serial:COM8/dial_raw,1628088,1785394315112,9149,
serial:COM8/dial_raw,1628090,1785394315114,9148,
serial:COM8/dial_raw,1628092,1785394315116,9147,
serial:COM8/dial_raw,1628094,1785394315118,9150,
serial:COM8/dial_raw,1628096,1785394315120,9147,
serial:COM8/dial_raw,1628098,1785394315122,9147,
serial:COM8/dial_raw,1628100,1785394315124,9147,
serial:COM8/dial_raw,1628102,1785394315126,9147,
serial:COM8/dial_raw,1628104,1785394315128,9145,
serial:COM8/dial_raw,1628106,1785394315130,9147,
serial:COM8/dial_raw,1628108,1785394315132,9147,
serial:COM8/dial_raw,1628110,1785394315134,9149,
serial:COM8/dial_raw,1628112,1785394315136,9147,
serial:COM8/dial_raw,1628114,1785394315138,9149,
serial:COM8/dial_raw,1628116,1785394315140,9147,
serial:COM8/dial_raw,1628118,1785394315142,9146,
serial:COM8/dial_raw,1628120,1785394315144,9148,
serial:COM8/dial_raw,1628122,1785394315146,9148,
serial:COM8/dial_raw,1628124,1785394315148,9148,
serial:COM8/dial_raw,1628126,1785394315150,9146,
serial:COM8/dial_raw,1628128,1785394315152,9148,
serial:COM8/dial_raw,1628130,1785394315154,9147,
serial:COM8/dial_raw,1628132,1785394315159,9146,
serial:COM8/dial_raw,1628134,1785394315159,9151,
serial:COM8/dial_raw,1628136,1785394315160,9148,
serial:COM8/dial_raw,1628138,1785394315162,9148,
serial:COM8/dial_raw,1628140,1785394315164,9147,
serial:COM8/dial_raw,1628142,1785394315166,9147,
serial:COM8/dial_raw,1628144,1785394315168,9146,
serial:COM8/dial_raw,1628146,1785394315170,9148,
serial:COM8/dial_raw,1628148,1785394315172,9148,
serial:COM8/dial_raw,1628150,1785394315174,9148,
serial:COM8/dial_raw,1628152,1785394315176,9147,
serial:COM8/dial_raw,1628154,1785394315178,9147,
serial:COM8/dial_raw,1628156,1785394315180,9147,
serial:COM8/dial_raw,1628158,1785394315182,9147,
serial:COM8/dial_raw,1628160,1785394315184,9146,
serial:COM8/dial_raw,1628162,1785394315186,9148,
serial:COM8/dial_raw,1628164,1785394315188,9145,
serial:COM8/dial_raw,1628166,1785394315190,9148,
serial:COM8/dial_raw,1628168,1785394315192,9146,
serial:COM8/dial_raw,1628170,1785394315194,9147,
serial:COM8/dial_raw,1628172,1785394315196,9147,
serial:COM8/dial_raw,1628174,1785394315198,9147,
serial:COM8/dial_raw,1628176,1785394315200,9149,
serial:COM8/dial_raw,1628178,1785394315202,9147,
serial:COM8/dial_raw,1628180,1785394315204,9148,
serial:COM8/dial_raw,1628182,1785394315206,9145,
serial:COM8/dial_raw,1628184,1785394315208,9148,
serial:COM8/dial_raw,1628186,1785394315210,9148,
serial:COM8/dial_raw,1628188,1785394315212,9148,
serial:COM8/dial_raw,1628190,1785394315214,9147,
serial:COM8/dial_raw,1628192,1785394315216,9146,
serial:COM8/dial_raw,1628194,1785394315218,9147,
serial:COM8/dial_raw,1628196,1785394315220,9147,
serial:COM8/dial_raw,1628198,1785394315222,9146,
serial:COM8/dial_raw,1628200,1785394315224,9146,
serial:COM8/dial_raw,1628202,1785394315226,9147,
serial:COM8/dial_raw,1628204,1785394315228,9149,
serial:COM8/dial_raw,1628206,1785394315230,9148,
serial:COM8/dial_raw,1628208,1785394315232,9148,
serial:COM8/dial_raw,1628210,1785394315234,9148,
serial:COM8/dial_raw,1628212,1785394315236,9147,
serial:COM8/dial_raw,1628214,1785394315238,9151,
serial:COM8/dial_raw,1628216,1785394315240,9147,
serial:COM8/dial_raw,1628218,1785394315242,9146,
serial:COM8/dial_raw,1628220,1785394315244,9147,
serial:COM8/dial_raw,1628222,1785394315246,9148,
serial:COM8/dial_raw,1628224,1785394315248,9150,
serial:COM8/dial_raw,1628226,1785394315250,9147,
serial:COM8/dial_raw,1628228,1785394315252,9147,
serial:COM8/dial_raw,1628230,1785394315254,9148,
serial:COM8/dial_raw,1628232,1785394315256,9147,
serial:COM8/dial_raw,1628234,1785394315258,9148,
serial:COM8/dial_raw,1628236,1785394315260,9147,
serial:COM8/dial_raw,1628238,1785394315262,9146,
serial:COM8/dial_raw,1628240,1785394315264,9147,
serial:COM8/dial_raw,1628242,1785394315266,9148,
serial:COM8/dial_raw,1628244,1785394315268,9150,
serial:COM8/dial_raw,1628246,1785394315270,9146,
serial:COM8/dial_raw,1628248,1785394315272,9146,
serial:COM8/dial_raw,1628250,1785394315274,9151,
serial:COM8/dial_raw,1628252,1785394315276,9147,
serial:COM8/dial_raw,1628254,1785394315278,9149,
serial:COM8/dial_raw,1628256,1785394315280,9147,
serial:COM8/dial_raw,1628258,1785394315282,9147,
serial:COM8/dial_raw,1628260,1785394315284,9148,
serial:COM8/dial_raw,1628262,1785394315286,9148,
serial:COM8/dial_raw,1628264,1785394315288,9147,
serial:COM8/dial_raw,1628266,1785394315290,9147,
serial:COM8/dial_raw,1628268,1785394315292,9143,
serial:COM8/dial_raw,1628270,1785394315294,9148,
serial:COM8/dial_raw,1628272,1785394315296,9145,
serial:COM8/dial_raw,1628274,1785394315298,9147,
serial:COM8/dial_raw,1628276,1785394315300,9148,
serial:COM8/dial_raw,1628278,1785394315302,9148,
serial:COM8/dial_raw,1628280,1785394315304,9147,
serial:COM8/dial_raw,1628282,1785394315306,9148,
serial:COM8/dial_raw,1628284,1785394315308,9149,
serial:COM8/dial_raw,1628286,1785394315310,9148,
serial:COM8/dial_raw,1628288,1785394315312,9146,
serial:COM8/dial_raw,1628290,1785394315314,9148,
serial:COM8/dial_raw,1628292,1785394315316,9148,
serial:COM8/dial_raw,1628294,1785394315318,9147,
serial:COM8/dial_raw,1628296,1785394315320,9147,
serial:COM8/dial_raw,1628298,1785394315322,9148,
serial:COM8/dial_raw,1628300,1785394315324,9147,
serial:COM8/dial_raw,1628302,1785394315326,9148,
serial:COM8/dial_raw,1628304,1785394315328,9148,
serial:COM8/dial_raw,1628306,1785394315330,9145,
serial:COM8/dial_raw,1628308,1785394315332,9147,
serial:COM8/dial_raw,1628310,1785394315334,9146,
serial:COM8/dial_raw,1628312,1785394315336,9147,
serial:COM8/dial_raw,1628314,1785394315338,9150,
serial:COM8/dial_raw,1628316,1785394315340,9149,
serial:COM8/dial_raw,1628318,1785394315342,9148,
serial:COM8/dial_raw,1628320,1785394315344,9146,
serial:COM8/dial_raw,1628322,1785394315346,9147,
serial:COM8/dial_raw,1628324,1785394315348,9148,
serial:COM8/dial_raw,1628326,1785394315350,9148,
serial:COM8/dial_raw,1628328,1785394315352,9147,
serial:COM8/dial_raw,1628330,1785394315354,9148,
serial:COM8/dial_raw,1628332,1785394315359,9145,
serial:COM8/dial_raw,1628334,1785394315359,9147,
serial:COM8/dial_raw,1628336,1785394315360,9148,
serial:COM8/dial_raw,1628338,1785394315362,9147,
serial:COM8/dial_raw,1628340,1785394315364,9145,
serial:COM8/dial_raw,1628342,1785394315366,9147,
serial:COM8/dial_raw,1628344,1785394315368,9147,
serial:COM8/dial_raw,1628346,1785394315370,9149,
serial:COM8/dial_raw,1628348,1785394315372,9149,
serial:COM8/dial_raw,1628350,1785394315374,9150,
serial:COM8/dial_raw,1628352,1785394315376,9151,
serial:COM8/dial_raw,1628354,1785394315378,9146,
serial:COM8/dial_raw,1628356,1785394315380,9149,
serial:COM8/dial_raw,1628358,1785394315382,9146,
serial:COM8/dial_raw,1628360,1785394315384,9147,
serial:COM8/dial_raw,1628362,1785394315386,9147,
serial:COM8/dial_raw,1628364,1785394315388,9147,
serial:COM8/dial_raw,1628366,1785394315390,9147,
serial:COM8/dial_raw,1628368,1785394315392,9147,
serial:COM8/dial_raw,1628370,1785394315394,9147,
serial:COM8/dial_raw,1628372,1785394315396,9147,
serial:COM8/dial_raw,1628374,1785394315398,9148,
serial:COM8/dial_raw,1628376,1785394315400,9147,
serial:COM8/dial_raw,1628378,1785394315402,9148,
serial:COM8/dial_raw,1628380,1785394315404,9147,
serial:COM8/dial_raw,1628382,1785394315406,9148,
serial:COM8/dial_raw,1628384,1785394315408,9152,
serial:COM8/dial_raw,1628386,1785394315410,9148,
serial:COM8/dial_raw,1628388,1785394315412,9150,
serial:COM8/dial_raw,1628390,1785394315414,9146,
serial:COM8/dial_raw,1628392,1785394315416,9148,
serial:COM8/dial_raw,1628394,1785394315418,9147,
serial:COM8/dial_raw,1628396,1785394315420,9150,
serial:COM8/dial_raw,1628398,1785394315422,9147,
serial:COM8/dial_raw,1628400,1785394315424,9147,
serial:COM8/dial_raw,1628402,1785394315426,9146,
serial:COM8/dial_raw,1628404,1785394315428,9147,
serial:COM8/dial_raw,1628406,1785394315430,9147,
serial:COM8/dial_raw,1628408,1785394315432,9147,
serial:COM8/dial_raw,1628410,1785394315434,9147,
serial:COM8/dial_raw,1628412,1785394315436,9149,
serial:COM8/dial_raw,1628414,1785394315438,9146,
serial:COM8/dial_raw,1628416,1785394315440,9147,
serial:COM8/dial_raw,1628418,1785394315442,9150,
serial:COM8/dial_raw,1628420,1785394315444,9146,
serial:COM8/dial_raw,1628422,1785394315446,9146,
serial:COM8/dial_raw,1628424,1785394315448,9147,
serial:COM8/dial_raw,1628426,1785394315450,9147,
serial:COM8/dial_raw,1628428,1785394315452,9149,
serial:COM8/dial_raw,1628430,1785394315454,9148,
serial:COM8/dial_raw,1628432,1785394315456,9147,
serial:COM8/dial_raw,1628434,1785394315458,9149,
serial:COM8/dial_raw,1628436,1785394315460,9148,
serial:COM8/dial_raw,1628438,1785394315462,9146,
serial:COM8/dial_raw,1628440,1785394315464,9148,
serial:COM8/dial_raw,1628442,1785394315466,9147,
serial:COM8/dial_raw,1628444,1785394315468,9150,
serial:COM8/dial_raw,1628446,1785394315470,9149,
serial:COM8/dial_raw,1628448,1785394315472,9147,
serial:COM8/dial_raw,1628450,1785394315474,9147,
serial:COM8/dial_raw,1628452,1785394315476,9147,
serial:COM8/dial_raw,1628454,1785394315478,9150,
serial:COM8/dial_raw,1628456,1785394315480,9149,
serial:COM8/dial_raw,1628458,1785394315482,9150,
serial:COM8/dial_raw,1628460,1785394315484,9149,
serial:COM8/dial_raw,1628462,1785394315486,9148,
serial:COM8/dial_raw,1628464,1785394315488,9148,
serial:COM8/dial_raw,1628466,1785394315490,9149,
serial:COM8/dial_raw,1628468,1785394315492,9150,
serial:COM8/dial_raw,1628470,1785394315494,9148,
serial:COM8/dial_raw,1628472,1785394315496,9150,
serial:COM8/dial_raw,1628474,1785394315498,9147,
serial:COM8/dial_raw,1628476,1785394315500,9149,
serial:COM8/dial_raw,1628478,1785394315502,9147,
serial:COM8/dial_raw,1628480,1785394315504,9148,
serial:COM8/dial_raw,1628482,1785394315506,9147,
serial:COM8/dial_raw,1628484,1785394315508,9147,
serial:COM8/dial_raw,1628486,1785394315510,9149,
serial:COM8/dial_raw,1628488,1785394315512,9145,
serial:COM8/dial_raw,1628490,1785394315514,9146,
serial:COM8/dial_raw,1628492,1785394315516,9147,
serial:COM8/dial_raw,1628494,1785394315518,9148,
serial:COM8/dial_raw,1628496,1785394315520,9147,
serial:COM8/dial_raw,1628498,1785394315522,9144,
serial:COM8/dial_raw,1628500,1785394315524,9148,
serial:COM8/dial_raw,1628502,1785394315526,9149,
serial:COM8/dial_raw,1628504,1785394315528,9148,
serial:COM8/dial_raw,1628506,1785394315530,9147,
serial:COM8/dial_raw,1628508,1785394315532,9148,
serial:COM8/dial_raw,1628510,1785394315534,9147,
serial:COM8/dial_raw,1628512,1785394315536,9147,
serial:COM8/dial_raw,1628514,1785394315538,9147,
serial:COM8/dial_raw,1628516,1785394315540,9149,
serial:COM8/dial_raw,1628518,1785394315542,9148,
serial:COM8/dial_raw,1628520,1785394315544,9147,
serial:COM8/dial_raw,1628522,1785394315546,9147,
serial:COM8/dial_raw,1628524,1785394315548,9147,
serial:COM8/dial_raw,1628526,1785394315550,9148,
serial:COM8/dial_raw,1628528,1785394315552,9148,
serial:COM8/dial_raw,1628530,1785394315554,9148,
serial:COM8/dial_raw,1628532,1785394315559,9149,
serial:COM8/dial_raw,1628534,1785394315559,9147,
serial:COM8/dial_raw,1628536,1785394315560,9148,
serial:COM8/dial_raw,1628538,1785394315562,9146,
serial:COM8/dial_raw,1628540,1785394315564,9148,
serial:COM8/dial_raw,1628542,1785394315566,9146,
serial:COM8/dial_raw,1628544,1785394315568,9147,
serial:COM8/dial_raw,1628546,1785394315570,9148,
serial:COM8/dial_raw,1628548,1785394315572,9149,
serial:COM8/dial_raw,1628550,1785394315574,9145,
serial:COM8/dial_raw,1628552,1785394315576,9146,
serial:COM8/dial_raw,1628554,1785394315578,9148,
serial:COM8/dial_raw,1628556,1785394315580,9149,
serial:COM8/dial_raw,1628558,1785394315582,9150,
serial:COM8/dial_raw,1628560,1785394315584,9147,
serial:COM8/dial_raw,1628562,1785394315586,9147,
serial:COM8/dial_raw,1628564,1785394315588,9149,
serial:COM8/dial_raw,1628566,1785394315590,9146,
serial:COM8/dial_raw,1628568,1785394315592,9147,
serial:COM8/dial_raw,1628570,1785394315594,9150,
serial:COM8/dial_raw,1628572,1785394315596,9148,
serial:COM8/dial_raw,1628574,1785394315598,9150,
serial:COM8/dial_raw,1628576,1785394315600,9146,
serial:COM8/dial_raw,1628578,1785394315602,9149,
serial:COM8/dial_raw,1628580,1785394315604,9147,
serial:COM8/dial_raw,1628582,1785394315606,9145,
serial:COM8/dial_raw,1628584,1785394315608,9148,
serial:COM8/dial_raw,1628586,1785394315610,9147,
serial:COM8/dial_raw,1628588,1785394315612,9148,
serial:COM8/dial_raw,1628590,1785394315614,9147,
serial:COM8/dial_raw,1628592,1785394315616,9147,
serial:COM8/dial_raw,1628594,1785394315618,9146,
serial:COM8/dial_raw,1628596,1785394315620,9149,
serial:COM8/dial_raw,1628598,1785394315622,9147,
serial:COM8/dial_raw,1628600,1785394315624,9147,
serial:COM8/dial_raw,1628602,1785394315626,9146,
serial:COM8/dial_raw,1628604,1785394315628,9149,
serial:COM8/dial_raw,1628606,1785394315630,9147,
serial:COM8/dial_raw,1628608,1785394315632,9149,
serial:COM8/dial_raw,1628610,1785394315634,9148,
serial:COM8/dial_raw,1628612,1785394315636,9148,
serial:COM8/dial_raw,1628614,1785394315638,9149,
serial:COM8/dial_raw,1628616,1785394315640,9149,
serial:COM8/dial_raw,1628618,1785394315642,9147,
serial:COM8/dial_raw,1628620,1785394315644,9148,
serial:COM8/dial_raw,1628622,1785394315646,9150,
serial:COM8/dial_raw,1628624,1785394315648,9148,
serial:COM8/dial_raw,1628626,1785394315650,9147,
serial:COM8/dial_raw,1628628,1785394315652,9147,
serial:COM8/dial_raw,1628630,1785394315654,9147,
serial:COM8/dial_raw,1628632,1785394315656,9147,
serial:COM8/dial_raw,1628634,1785394315658,9148,
serial:COM8/dial_raw,1628636,1785394315660,9148,
serial:COM8/dial_raw,1628638,1785394315662,9144,
serial:COM8/dial_raw,1628640,1785394315664,9145,
serial:COM8/dial_raw,1628642,1785394315666,9150,
serial:COM8/dial_raw,1628644,1785394315668,9145,
serial:COM8/dial_raw,1628646,1785394315670,9150,
serial:COM8/dial_raw,1628648,1785394315672,9148,
serial:COM8/dial_raw,1628650,1785394315674,9149,
serial:COM8/dial_raw,1628652,1785394315676,9148,
serial:COM8/dial_raw,1628654,1785394315678,9147,
serial:COM8/dial_raw,1628656,1785394315680,9148,
serial:COM8/dial_raw,1628658,1785394315682,9146,
serial:COM8/dial_raw,1628660,1785394315684,9149,
serial:COM8/dial_raw,1628662,1785394315686,9147,
serial:COM8/dial_raw,1628664,1785394315688,9147,
serial:COM8/dial_raw,1628666,1785394315690,9147,
serial:COM8/dial_raw,1628668,1785394315692,9148,
serial:COM8/dial_raw,1628670,1785394315694,9147,
serial:COM8/dial_raw,1628672,1785394315696,9147,
serial:COM8/dial_raw,1628674,1785394315698,9147,
serial:COM8/dial_raw,1628676,1785394315700,9147,
serial:COM8/dial_raw,1628678,1785394315702,9146,
serial:COM8/dial_raw,1628680,1785394315704,9147,
serial:COM8/dial_raw,1628682,1785394315706,9148,
serial:COM8/dial_raw,1628684,1785394315708,9147,
serial:COM8/dial_raw,1628686,1785394315710,9148,
serial:COM8/dial_raw,1628688,1785394315712,9146,
serial:COM8/dial_raw,1628690,1785394315714,9150,
serial:COM8/dial_raw,1628692,1785394315716,9148,
serial:COM8/dial_raw,1628694,1785394315718,9148,
serial:COM8/dial_raw,1628696,1785394315720,9147,
serial:COM8/dial_raw,1628698,1785394315722,9147,
serial:COM8/dial_raw,1628700,1785394315724,9146,
serial:COM8/dial_raw,1628702,1785394315726,9149,
serial:COM8/dial_raw,1628704,1785394315728,9149,
serial:COM8/dial_raw,1628706,1785394315730,9148,
serial:COM8/dial_raw,1628708,1785394315732,9146,
serial:COM8/dial_raw,1628710,1785394315734,9148,
serial:COM8/dial_raw,1628712,1785394315736,9149,
serial:COM8/dial_raw,1628714,1785394315738,9147,
serial:COM8/dial_raw,1628716,1785394315740,9147,
serial:COM8/dial_raw,1628718,1785394315742,9145,
serial:COM8/dial_raw,1628720,1785394315744,9147,
serial:COM8/dial_raw,1628722,1785394315746,9147,
serial:COM8/dial_raw,1628724,1785394315748,9149,
serial:COM8/dial_raw,1628726,1785394315750,9149,
serial:COM8/dial_raw,1628728,1785394315752,9147,
serial:COM8/dial_raw,1628730,1785394315754,9147,
serial:COM8/dial_raw,1628732,1785394315759,9147,
serial:COM8/dial_raw,1628734,1785394315759,9150,
serial:COM8/dial_raw,1628736,1785394315760,9147,
serial:COM8/dial_raw,1628738,1785394315762,9149,
serial:COM8/dial_raw,1628740,1785394315764,9149,
serial:COM8/dial_raw,1628742,1785394315766,9147,
serial:COM8/dial_raw,1628744,1785394315768,9147,
serial:COM8/dial_raw,1628746,1785394315770,9148,
serial:COM8/dial_raw,1628748,1785394315772,9147,
serial:COM8/dial_raw,1628750,1785394315774,9147,
serial:COM8/dial_raw,1628752,1785394315776,9147,
serial:COM8/dial_raw,1628754,1785394315778,9147,
serial:COM8/dial_raw,1628756,1785394315780,9148,
serial:COM8/dial_raw,1628758,1785394315782,9147,
serial:COM8/dial_raw,1628760,1785394315784,9148,
serial:COM8/dial_raw,1628762,1785394315786,9148,
serial:COM8/dial_raw,1628764,1785394315788,9147,
serial:COM8/dial_raw,1628766,1785394315790,9147,
serial:COM8/dial_raw,1628768,1785394315792,9147,
serial:COM8/dial_raw,1628770,1785394315794,9148,
serial:COM8/dial_raw,1628772,1785394315796,9149,
serial:COM8/dial_raw,1628774,1785394315798,9148,
serial:COM8/dial_raw,1628776,1785394315800,9149,
serial:COM8/dial_raw,1628778,1785394315802,9147,
serial:COM8/dial_raw,1628780,1785394315804,9147,
serial:COM8/dial_raw,1628782,1785394315806,9147,
serial:COM8/dial_raw,1628784,1785394315808,9148,
serial:COM8/dial_raw,1628786,1785394315810,9147,
serial:COM8/dial_raw,1628788,1785394315812,9150,
serial:COM8/dial_raw,1628790,1785394315814,9148,
serial:COM8/dial_raw,1628792,1785394315816,9147,
serial:COM8/dial_raw,1628794,1785394315818,9145,
serial:COM8/dial_raw,1628796,1785394315820,9147,
serial:COM8/dial_raw,1628798,1785394315822,9148,
serial:COM8/dial_raw,1628800,1785394315824,9146,
serial:COM8/dial_raw,1628802,1785394315826,9147,
serial:COM8/dial_raw,1628804,1785394315828,9149,
serial:COM8/dial_raw,1628806,1785394315830,9149,
serial:COM8/dial_raw,1628808,1785394315832,9148,
serial:COM8/dial_raw,1628810,1785394315834,9146,
serial:COM8/dial_raw,1628812,1785394315836,9146,
serial:COM8/dial_raw,1628814,1785394315838,9147,
serial:COM8/dial_raw,1628816,1785394315840,9148,
serial:COM8/dial_raw,1628818,1785394315842,9150,
serial:COM8/dial_raw,1628820,1785394315844,9148,
serial:COM8/dial_raw,1628822,1785394315846,9148,
serial:COM8/dial_raw,1628824,1785394315848,9149,
serial:COM8/dial_raw,1628826,1785394315850,9147,
serial:COM8/dial_raw,1628828,1785394315852,9148,
serial:COM8/dial_raw,1628830,1785394315854,9152,
serial:COM8/dial_raw,1628832,1785394315856,9147,
serial:COM8/dial_raw,1628834,1785394315858,9147,
serial:COM8/dial_raw,1628836,1785394315860,9148,
serial:COM8/dial_raw,1628838,1785394315862,9148,
serial:COM8/dial_raw,1628840,1785394315864,9147,
serial:COM8/dial_raw,1628842,1785394315866,9150,
serial:COM8/dial_raw,1628844,1785394315868,9147,
serial:COM8/dial_raw,1628846,1785394315870,9148,
serial:COM8/dial_raw,1628848,1785394315872,9145,
serial:COM8/dial_raw,1628850,1785394315874,9147,
serial:COM8/dial_raw,1628852,1785394315876,9147,
serial:COM8/dial_raw,1628854,1785394315878,9147,
serial:COM8/dial_raw,1628856,1785394315880,9146,
serial:COM8/dial_raw,1628858,1785394315882,9146,
serial:COM8/dial_raw,1628860,1785394315884,9148,
serial:COM8/dial_raw,1628862,1785394315886,9147,
serial:COM8/dial_raw,1628864,1785394315888,9147,
serial:COM8/dial_raw,1628866,1785394315890,9148,
serial:COM8/dial_raw,1628868,1785394315892,9148,
serial:COM8/dial_raw,1628870,1785394315894,9149,
serial:COM8/dial_raw,1628872,1785394315896,9147,
serial:COM8/dial_raw,1628874,1785394315898,9148,
serial:COM8/dial_raw,1628876,1785394315900,9148,
serial:COM8/dial_raw,1628878,1785394315902,9147,
serial:COM8/dial_raw,1628880,1785394315904,9147,
serial:COM8/dial_raw,1628882,1785394315906,9149,
serial:COM8/dial_raw,1628884,1785394315908,9147,
serial:COM8/dial_raw,1628886,1785394315910,9148,
serial:COM8/dial_raw,1628888,1785394315912,9147,
serial:COM8/dial_raw,1628890,1785394315914,9147,
serial:COM8/dial_raw,1628892,1785394315916,9148,
serial:COM8/dial_raw,1628894,1785394315918,9148,
serial:COM8/dial_raw,1628896,1785394315920,9147,
serial:COM8/dial_raw,1628898,1785394315922,9147,
serial:COM8/dial_raw,1628900,1785394315924,9148,
serial:COM8/dial_raw,1628902,1785394315926,9147,
serial:COM8/dial_raw,1628904,1785394315928,9148,
serial:COM8/dial_raw,1628906,1785394315930,9144,
serial:COM8/dial_raw,1628908,1785394315932,9148,
serial:COM8/dial_raw,1628910,1785394315934,9147,
serial:COM8/dial_raw,1628912,1785394315936,9146,
serial:COM8/dial_raw,1628914,1785394315938,9149,
serial:COM8/dial_raw,1628916,1785394315940,9149,
serial:COM8/dial_raw,1628918,1785394315942,9147,
serial:COM8/dial_raw,1628920,1785394315944,9147,
serial:COM8/dial_raw,1628922,1785394315946,9145,
serial:COM8/dial_raw,1628924,1785394315948,9149,
serial:COM8/dial_raw,1628926,1785394315950,9145,
serial:COM8/dial_raw,1628928,1785394315952,9148,
serial:COM8/dial_raw,1628930,1785394315954,9148,
serial:COM8/dial_raw,1628932,1785394315959,9147,
serial:COM8/dial_raw,1628934,1785394315959,9147,
serial:COM8/dial_raw,1628936,1785394315960,9147,
serial:COM8/dial_raw,1628938,1785394315962,9149,
serial:COM8/dial_raw,1628940,1785394315964,9148,
serial:COM8/dial_raw,1628942,1785394315966,9147,
serial:COM8/dial_raw,1628944,1785394315968,9147,
serial:COM8/dial_raw,1628946,1785394315970,9149,
serial:COM8/dial_raw,1628948,1785394315972,9147,
serial:COM8/dial_raw,1628950,1785394315974,9148,
serial:COM8/dial_raw,1628952,1785394315976,9147,
serial:COM8/dial_raw,1628954,1785394315978,9147,
serial:COM8/dial_raw,1628956,1785394315980,9148,
serial:COM8/dial_raw,1628958,1785394315982,9147,
serial:COM8/dial_raw,1628960,1785394315984,9147,
serial:COM8/dial_raw,1628962,1785394315986,9148,
serial:COM8/dial_raw,1628964,1785394315988,9148,
serial:COM8/dial_raw,1628966,1785394315990,9148,
serial:COM8/dial_raw,1628968,1785394315992,9147,
serial:COM8/dial_raw,1628970,1785394315994,9151,
serial:COM8/dial_raw,1628972,1785394315996,9148,
serial:COM8/dial_raw,1628974,1785394315998,9146,
serial:COM8/dial_raw,1628976,1785394316000,9147,
serial:COM8/dial_raw,1628978,1785394316002,9147,
serial:COM8/dial_raw,1628980,1785394316004,9147,
serial:COM8/dial_raw,1628982,1785394316006,9148,
serial:COM8/dial_raw,1628984,1785394316008,9148,
serial:COM8/dial_raw,1628986,1785394316010,9147,
serial:COM8/dial_raw,1628988,1785394316012,9147,
serial:COM8/dial_raw,1628990,1785394316014,9148,
serial:COM8/dial_raw,1628992,1785394316016,9148,
serial:COM8/dial_raw,1628994,1785394316018,9146,
serial:COM8/dial_raw,1628996,1785394316020,9145,
serial:COM8/dial_raw,1628998,1785394316022,9148,
serial:COM8/dial_raw,1629000,1785394316024,9150,
serial:COM8/dial_raw,1629002,1785394316026,9145,
serial:COM8/dial_raw,1629004,1785394316028,9147,
serial:COM8/dial_raw,1629006,1785394316030,9148,
serial:COM8/dial_raw,1629008,1785394316032,9149,
serial:COM8/dial_raw,1629010,1785394316034,9149,
serial:COM8/dial_raw,1629012,1785394316036,9146,
serial:COM8/dial_raw,1629014,1785394316038,9147,
serial:COM8/dial_raw,1629016,1785394316040,9148,
serial:COM8/dial_raw,1629018,1785394316042,9148,
serial:COM8/dial_raw,1629020,1785394316044,9147,
serial:COM8/dial_raw,1629022,1785394316046,9146,
serial:COM8/dial_raw,1629024,1785394316048,9147,
serial:COM8/dial_raw,1629026,1785394316050,9147,
serial:COM8/dial_raw,1629028,1785394316052,9150,
serial:COM8/dial_raw,1629030,1785394316054,9147,
serial:COM8/dial_raw,1629032,1785394316056,9148,
serial:COM8/dial_raw,1629034,1785394316058,9148,
serial:COM8/dial_raw,1629036,1785394316060,9148,
serial:COM8/dial_raw,1629038,1785394316062,9146,
serial:COM8/dial_raw,1629040,1785394316064,9147,
serial:COM8/dial_raw,1629042,1785394316066,9147,
serial:COM8/dial_raw,1629044,1785394316068,9148,
serial:COM8/dial_raw,1629046,1785394316070,9149,
serial:COM8/dial_raw,1629048,1785394316072,9148,
serial:COM8/dial_raw,1629050,1785394316074,9148,
serial:COM8/dial_raw,1629052,1785394316076,9148,
serial:COM8/dial_raw,1629054,1785394316078,9148,
serial:COM8/dial_raw,1629056,1785394316080,9146,
serial:COM8/dial_raw,1629058,1785394316082,9147,
serial:COM8/dial_raw,1629060,1785394316084,9147,
serial:COM8/dial_raw,1629062,1785394316086,9148,
serial:COM8/dial_raw,1629064,1785394316088,9147,
serial:COM8/dial_raw,1629066,1785394316090,9147,
serial:COM8/dial_raw,1629068,1785394316092,9150,
serial:COM8/dial_raw,1629070,1785394316094,9148,
serial:COM8/dial_raw,1629072,1785394316096,9148,
serial:COM8/dial_raw,1629074,1785394316098,9147,
serial:COM8/dial_raw,1629076,1785394316100,9147,
serial:COM8/dial_raw,1629078,1785394316102,9147,
serial:COM8/dial_raw,1629080,1785394316104,9149,
serial:COM8/dial_raw,1629082,1785394316106,9149,
serial:COM8/dial_raw,1629084,1785394316108,9147,
serial:COM8/dial_raw,1629086,1785394316110,9146,
serial:COM8/dial_raw,1629088,1785394316112,9148,
serial:COM8/dial_raw,1629090,1785394316114,9147,
serial:COM8/dial_raw,1629092,1785394316116,9147,
serial:COM8/dial_raw,1629094,1785394316118,9146,
serial:COM8/dial_raw,1629096,1785394316120,9148,
serial:COM8/dial_raw,1629098,1785394316122,9149,
serial:COM8/dial_raw,1629100,1785394316124,9149,
serial:COM8/dial_raw,1629102,1785394316126,9147,
serial:COM8/dial_raw,1629104,1785394316128,9148,
serial:COM8/dial_raw,1629106,1785394316130,9147,
serial:COM8/dial_raw,1629108,1785394316132,9148,
serial:COM8/dial_raw,1629110,1785394316134,9148,
serial:COM8/dial_raw,1629112,1785394316136,9150,
serial:COM8/dial_raw,1629114,1785394316138,9147,
serial:COM8/dial_raw,1629116,1785394316140,9146,
serial:COM8/dial_raw,1629118,1785394316142,9149,
serial:COM8/dial_raw,1629120,1785394316144,9148,
serial:COM8/dial_raw,1629122,1785394316146,9147,
serial:COM8/dial_raw,1629124,1785394316148,9149,
serial:COM8/dial_raw,1629126,1785394316150,9147,
serial:COM8/dial_raw,1629128,1785394316152,9150,
serial:COM8/dial_raw,1629130,1785394316154,9148,
serial:COM8/dial_raw,1629132,1785394316159,9147,
serial:COM8/dial_raw,1629134,1785394316159,9150,
serial:COM8/dial_raw,1629136,1785394316160,9144,
serial:COM8/dial_raw,1629138,1785394316162,9147,
serial:COM8/dial_raw,1629140,1785394316164,9148,
serial:COM8/dial_raw,1629142,1785394316166,9148,
serial:COM8/dial_raw,1629144,1785394316168,9149,
serial:COM8/dial_raw,1629146,1785394316170,9149,
serial:COM8/dial_raw,1629148,1785394316172,9147,
serial:COM8/dial_raw,1629150,1785394316174,9149,
serial:COM8/dial_raw,1629152,1785394316176,9148,
serial:COM8/dial_raw,1629154,1785394316178,9149,
serial:COM8/dial_raw,1629156,1785394316180,9146,
serial:COM8/dial_raw,1629158,1785394316182,9149,
serial:COM8/dial_raw,1629160,1785394316184,9148,
serial:COM8/dial_raw,1629162,1785394316186,9147,
serial:COM8/dial_raw,1629164,1785394316188,9146,
serial:COM8/dial_raw,1629166,1785394316190,9147,
serial:COM8/dial_raw,1629168,1785394316192,9148,
serial:COM8/dial_raw,1629170,1785394316194,9147,
serial:COM8/dial_raw,1629172,1785394316196,9148,
serial:COM8/dial_raw,1629174,1785394316198,9146,
serial:COM8/dial_raw,1629176,1785394316200,9149,
serial:COM8/dial_raw,1629178,1785394316202,9149,
serial:COM8/dial_raw,1629180,1785394316204,9148,
serial:COM8/dial_raw,1629182,1785394316206,9149,
serial:COM8/dial_raw,1629184,1785394316208,9148,
serial:COM8/dial_raw,1629186,1785394316210,9147,
serial:COM8/dial_raw,1629188,1785394316212,9147,
serial:COM8/dial_raw,1629190,1785394316214,9146,
serial:COM8/dial_raw,1629192,1785394316216,9147,
serial:COM8/dial_raw,1629194,1785394316218,9146,
serial:COM8/dial_raw,1629196,1785394316220,9149,
serial:COM8/dial_raw,1629198,1785394316222,9147,
serial:COM8/dial_raw,1629200,1785394316224,9146,
serial:COM8/dial_raw,1629202,1785394316226,9148,
serial:COM8/dial_raw,1629204,1785394316228,9146,
serial:COM8/dial_raw,1629206,1785394316230,9147,
serial:COM8/dial_raw,1629208,1785394316232,9149,
serial:COM8/dial_raw,1629210,1785394316234,9147,
serial:COM8/dial_raw,1629212,1785394316236,9148,
serial:COM8/dial_raw,1629214,1785394316238,9147,
serial:COM8/dial_raw,1629216,1785394316240,9147,
serial:COM8/dial_raw,1629218,1785394316242,9147,
serial:COM8/dial_raw,1629220,1785394316244,9147,
serial:COM8/dial_raw,1629222,1785394316246,9147,
serial:COM8/dial_raw,1629224,1785394316248,9149,
serial:COM8/dial_raw,1629226,1785394316250,9144,
serial:COM8/dial_raw,1629228,1785394316252,9149,
serial:COM8/dial_raw,1629230,1785394316254,9145,
serial:COM8/dial_raw,1629232,1785394316256,9147,
serial:COM8/dial_raw,1629234,1785394316258,9148,
serial:COM8/dial_raw,1629236,1785394316260,9149,
serial:COM8/dial_raw,1629238,1785394316262,9146,
serial:COM8/dial_raw,1629240,1785394316264,9146,
serial:COM8/dial_raw,1629242,1785394316266,9147,
serial:COM8/dial_raw,1629244,1785394316268,9147,
serial:COM8/dial_raw,1629246,1785394316270,9149,
serial:COM8/dial_raw,1629248,1785394316272,9147,
serial:COM8/dial_raw,1629250,1785394316274,9149,
serial:COM8/dial_raw,1629252,1785394316276,9147,
serial:COM8/dial_raw,1629254,1785394316278,9150,
serial:COM8/dial_raw,1629256,1785394316280,9150,
serial:COM8/dial_raw,1629258,1785394316282,9148,
serial:COM8/dial_raw,1629260,1785394316284,9147,
serial:COM8/dial_raw,1629262,1785394316286,9148,
serial:COM8/dial_raw,1629264,1785394316288,9149,
serial:COM8/dial_raw,1629266,1785394316290,9150,
serial:COM8/dial_raw,1629268,1785394316292,9148,
serial:COM8/dial_raw,1629270,1785394316294,9147,
serial:COM8/dial_raw,1629272,1785394316296,9149,
serial:COM8/dial_raw,1629274,1785394316298,9147,
serial:COM8/dial_raw,1629276,1785394316300,9149,
serial:COM8/dial_raw,1629278,1785394316302,9146,
serial:COM8/dial_raw,1629280,1785394316304,9147,
serial:COM8/dial_raw,1629282,1785394316306,9149,
serial:COM8/dial_raw,1629284,1785394316308,9146,
serial:COM8/dial_raw,1629286,1785394316310,9149,
serial:COM8/dial_raw,1629288,1785394316312,9147,
serial:COM8/dial_raw,1629290,1785394316314,9148,
serial:COM8/dial_raw,1629292,1785394316316,9151,
serial:COM8/dial_raw,1629294,1785394316318,9148,
serial:COM8/dial_raw,1629296,1785394316320,9148,
serial:COM8/dial_raw,1629298,1785394316322,9146,
serial:COM8/dial_raw,1629300,1785394316324,9147,
serial:COM8/dial_raw,1629302,1785394316326,9147,
serial:COM8/dial_raw,1629304,1785394316328,9146,
serial:COM8/dial_raw,1629306,1785394316330,9147,
serial:COM8/dial_raw,1629308,1785394316332,9148,
serial:COM8/dial_raw,1629310,1785394316334,9149,
serial:COM8/dial_raw,1629312,1785394316336,9147,
serial:COM8/dial_raw,1629314,1785394316338,9146,
serial:COM8/dial_raw,1629316,1785394316340,9147,
serial:COM8/dial_raw,1629318,1785394316342,9147,
serial:COM8/dial_raw,1629320,1785394316344,9146,
serial:COM8/dial_raw,1629322,1785394316346,9148,
serial:COM8/dial_raw,1629324,1785394316348,9147,
serial:COM8/dial_raw,1629326,1785394316350,9147,
serial:COM8/dial_raw,1629328,1785394316352,9146,
serial:COM8/dial_raw,1629330,1785394316354,9148,
serial:COM8/dial_raw,1629332,1785394316359,9150,
serial:COM8/dial_raw,1629334,1785394316359,9148,
serial:COM8/dial_raw,1629336,1785394316360,9148,
serial:COM8/dial_raw,1629338,1785394316362,9148,
serial:COM8/dial_raw,1629340,1785394316364,9147,
serial:COM8/dial_raw,1629342,1785394316366,9149,
serial:COM8/dial_raw,1629344,1785394316368,9149,
serial:COM8/dial_raw,1629346,1785394316370,9147,
serial:COM8/dial_raw,1629348,1785394316372,9148,
serial:COM8/dial_raw,1629350,1785394316374,9150,
serial:COM8/dial_raw,1629352,1785394316376,9148,
serial:COM8/dial_raw,1629354,1785394316378,9148,
serial:COM8/dial_raw,1629356,1785394316380,9147,
serial:COM8/dial_raw,1629358,1785394316382,9147,
serial:COM8/dial_raw,1629360,1785394316384,9147,
serial:COM8/dial_raw,1629362,1785394316386,9146,
serial:COM8/dial_raw,1629364,1785394316388,9145,
serial:COM8/dial_raw,1629366,1785394316390,9147,
serial:COM8/dial_raw,1629368,1785394316392,9148,
serial:COM8/dial_raw,1629370,1785394316394,9148,
serial:COM8/dial_raw,1629372,1785394316396,9147,
serial:COM8/dial_raw,1629374,1785394316398,9147,
serial:COM8/dial_raw,1629376,1785394316400,9148,
serial:COM8/dial_raw,1629378,1785394316402,9147,
serial:COM8/dial_raw,1629380,1785394316404,9148,
serial:COM8/dial_raw,1629382,1785394316406,9149,
serial:COM8/dial_raw,1629384,1785394316408,9147,
serial:COM8/dial_raw,1629386,1785394316410,9147,
serial:COM8/dial_raw,1629388,1785394316412,9148,
serial:COM8/dial_raw,1629390,1785394316414,9147,
serial:COM8/dial_raw,1629392,1785394316416,9150,
serial:COM8/dial_raw,1629394,1785394316418,9147,
serial:COM8/dial_raw,1629396,1785394316420,9147,
serial:COM8/dial_raw,1629398,1785394316422,9148,
serial:COM8/dial_raw,1629400,1785394316424,9147,
serial:COM8/dial_raw,1629402,1785394316426,9145,
serial:COM8/dial_raw,1629404,1785394316428,9147,
serial:COM8/dial_raw,1629406,1785394316430,9150,
serial:COM8/dial_raw,1629408,1785394316432,9147,
serial:COM8/dial_raw,1629410,1785394316434,9147,
serial:COM8/dial_raw,1629412,1785394316436,9147,
serial:COM8/dial_raw,1629414,1785394316438,9147,
serial:COM8/dial_raw,1629416,1785394316440,9147,
serial:COM8/dial_raw,1629418,1785394316442,9148,
serial:COM8/dial_raw,1629420,1785394316444,9147,
serial:COM8/dial_raw,1629422,1785394316446,9147,
serial:COM8/dial_raw,1629424,1785394316448,9149,
serial:COM8/dial_raw,1629426,1785394316450,9148,
serial:COM8/dial_raw,1629428,1785394316452,9149,
serial:COM8/dial_raw,1629430,1785394316454,9148,
serial:COM8/dial_raw,1629432,1785394316456,9148,
serial:COM8/dial_raw,1629434,1785394316458,9148,
serial:COM8/dial_raw,1629436,1785394316460,9148,
serial:COM8/dial_raw,1629438,1785394316462,9147,
serial:COM8/dial_raw,1629440,1785394316464,9149,
serial:COM8/dial_raw,1629442,1785394316466,9148,
serial:COM8/dial_raw,1629444,1785394316468,9148,
serial:COM8/dial_raw,1629446,1785394316470,9148,
serial:COM8/dial_raw,1629448,1785394316472,9147,
serial:COM8/dial_raw,1629450,1785394316474,9149,
serial:COM8/dial_raw,1629452,1785394316476,9150,
serial:COM8/dial_raw,1629454,1785394316478,9147,
serial:COM8/dial_raw,1629456,1785394316480,9147,
serial:COM8/dial_raw,1629458,1785394316482,9149,
serial:COM8/dial_raw,1629460,1785394316484,9147,
serial:COM8/dial_raw,1629462,1785394316486,9148,
serial:COM8/dial_raw,1629464,1785394316488,9148,
serial:COM8/dial_raw,1629466,1785394316490,9148,
serial:COM8/dial_raw,1629468,1785394316492,9147,
serial:COM8/dial_raw,1629470,1785394316494,9147,
serial:COM8/dial_raw,1629472,1785394316496,9147,
serial:COM8/dial_raw,1629474,1785394316498,9148,
serial:COM8/dial_raw,1629476,1785394316500,9147,
serial:COM8/dial_raw,1629478,1785394316502,9145,
serial:COM8/dial_raw,1629480,1785394316504,9149,
serial:COM8/dial_raw,1629482,1785394316506,9148,
serial:COM8/dial_raw,1629484,1785394316508,9148,
serial:COM8/dial_raw,1629486,1785394316510,9146,
serial:COM8/dial_raw,1629488,1785394316512,9151,
serial:COM8/dial_raw,1629490,1785394316514,9149,
serial:COM8/dial_raw,1629492,1785394316516,9148,
serial:COM8/dial_raw,1629494,1785394316518,9150,
serial:COM8/dial_raw,1629496,1785394316520,9146,
serial:COM8/dial_raw,1629498,1785394316522,9149,
serial:COM8/dial_raw,1629500,1785394316524,9149,
serial:COM8/dial_raw,1629502,1785394316526,9144,
serial:COM8/dial_raw,1629504,1785394316528,9146,
serial:COM8/dial_raw,1629506,1785394316530,9149,
serial:COM8/dial_raw,1629508,1785394316532,9148,
serial:COM8/dial_raw,1629510,1785394316534,9147,
serial:COM8/dial_raw,1629512,1785394316536,9147,
serial:COM8/dial_raw,1629514,1785394316538,9147,
serial:COM8/dial_raw,1629516,1785394316540,9148,
serial:COM8/dial_raw,1629518,1785394316542,9146,
serial:COM8/dial_raw,1629520,1785394316544,9147,
serial:COM8/dial_raw,1629522,1785394316546,9149,
serial:COM8/dial_raw,1629524,1785394316548,9147,
serial:COM8/dial_raw,1629526,1785394316550,9147,
serial:COM8/dial_raw,1629528,1785394316552,9148,
serial:COM8/dial_raw,1629530,1785394316554,9147,
serial:COM8/dial_raw,1629532,1785394316559,9148,
serial:COM8/dial_raw,1629534,1785394316559,9146,
serial:COM8/dial_raw,1629536,1785394316560,9148,
serial:COM8/dial_raw,1629538,1785394316562,9147,
serial:COM8/dial_raw,1629540,1785394316564,9149,
serial:COM8/dial_raw,1629542,1785394316566,9146,
serial:COM8/dial_raw,1629544,1785394316568,9147,
serial:COM8/dial_raw,1629546,1785394316570,9149,
serial:COM8/dial_raw,1629548,1785394316572,9147,
serial:COM8/dial_raw,1629550,1785394316574,9147,
serial:COM8/dial_raw,1629552,1785394316576,9147,
serial:COM8/dial_raw,1629554,1785394316578,9150,
serial:COM8/dial_raw,1629556,1785394316580,9150,
serial:COM8/dial_raw,1629558,1785394316582,9146,
serial:COM8/dial_raw,1629560,1785394316584,9149,
serial:COM8/dial_raw,1629562,1785394316586,9148,
serial:COM8/dial_raw,1629564,1785394316588,9150,
serial:COM8/dial_raw,1629566,1785394316590,9149,
serial:COM8/dial_raw,1629568,1785394316592,9147,
serial:COM8/dial_raw,1629570,1785394316594,9147,
serial:COM8/dial_raw,1629572,1785394316596,9147,
serial:COM8/dial_raw,1629574,1785394316598,9147,
serial:COM8/dial_raw,1629576,1785394316600,9145,
serial:COM8/dial_raw,1629578,1785394316602,9149,
serial:COM8/dial_raw,1629580,1785394316604,9150,
serial:COM8/dial_raw,1629582,1785394316606,9146,
serial:COM8/dial_raw,1629584,1785394316608,9148,
serial:COM8/dial_raw,1629586,1785394316610,9150,
serial:COM8/dial_raw,1629588,1785394316612,9148,
serial:COM8/dial_raw,1629590,1785394316614,9151,
serial:COM8/dial_raw,1629592,1785394316616,9147,
serial:COM8/dial_raw,1629594,1785394316618,9146,
serial:COM8/dial_raw,1629596,1785394316620,9146,
serial:COM8/dial_raw,1629598,1785394316622,9149,
serial:COM8/dial_raw,1629600,1785394316624,9146,
serial:COM8/dial_raw,1629602,1785394316626,9148,
serial:COM8/dial_raw,1629604,1785394316628,9147,
serial:COM8/dial_raw,1629606,1785394316630,9148,
serial:COM8/dial_raw,1629608,1785394316632,9146,
serial:COM8/dial_raw,1629610,1785394316634,9149,
serial:COM8/dial_raw,1629612,1785394316636,9144,
serial:COM8/dial_raw,1629614,1785394316638,9148,
serial:COM8/dial_raw,1629616,1785394316640,9148,
serial:COM8/dial_raw,1629618,1785394316642,9145,
serial:COM8/dial_raw,1629620,1785394316644,9148,
serial:COM8/dial_raw,1629622,1785394316646,9149,
serial:COM8/dial_raw,1629624,1785394316648,9147,
serial:COM8/dial_raw,1629626,1785394316650,9148,
serial:COM8/dial_raw,1629628,1785394316652,9148,
serial:COM8/dial_raw,1629630,1785394316654,9150,
serial:COM8/dial_raw,1629632,1785394316656,9150,
serial:COM8/dial_raw,1629634,1785394316658,9148,
serial:COM8/dial_raw,1629636,1785394316660,9150,
serial:COM8/dial_raw,1629638,1785394316662,9147,
serial:COM8/dial_raw,1629640,1785394316664,9146,
serial:COM8/dial_raw,1629642,1785394316666,9149,
serial:COM8/dial_raw,1629644,1785394316668,9148,
serial:COM8/dial_raw,1629646,1785394316670,9149,
serial:COM8/dial_raw,1629648,1785394316672,9146,
serial:COM8/dial_raw,1629650,1785394316674,9146,
serial:COM8/dial_raw,1629652,1785394316676,9149,
serial:COM8/dial_raw,1629654,1785394316678,9147,
serial:COM8/dial_raw,1629656,1785394316680,9148,
serial:COM8/dial_raw,1629658,1785394316682,9148,
serial:COM8/dial_raw,1629660,1785394316684,9148,
serial:COM8/dial_raw,1629662,1785394316686,9147,
serial:COM8/dial_raw,1629664,1785394316688,9148,
serial:COM8/dial_raw,1629666,1785394316690,9150,
serial:COM8/dial_raw,1629668,1785394316692,9146,
serial:COM8/dial_raw,1629670,1785394316694,9147,
serial:COM8/dial_raw,1629672,1785394316696,9147,
serial:COM8/dial_raw,1629674,1785394316698,9147,
serial:COM8/dial_raw,1629676,1785394316700,9146,
serial:COM8/dial_raw,1629678,1785394316702,9150,
serial:COM8/dial_raw,1629680,1785394316704,9149,
serial:COM8/dial_raw,1629682,1785394316706,9146,
serial:COM8/dial_raw,1629684,1785394316708,9149,
serial:COM8/dial_raw,1629686,1785394316710,9146,
serial:COM8/dial_raw,1629688,1785394316712,9147,
serial:COM8/dial_raw,1629690,1785394316714,9148,
serial:COM8/dial_raw,1629692,1785394316716,9150,
serial:COM8/dial_raw,1629694,1785394316718,9147,
serial:COM8/dial_raw,1629696,1785394316720,9149,
serial:COM8/dial_raw,1629698,1785394316722,9147,
serial:COM8/dial_raw,1629700,1785394316724,9144,
serial:COM8/dial_raw,1629702,1785394316726,9147,
serial:COM8/dial_raw,1629704,1785394316728,9150,
serial:COM8/dial_raw,1629706,1785394316730,9149,
serial:COM8/dial_raw,1629708,1785394316732,9147,
serial:COM8/dial_raw,1629710,1785394316734,9147,
serial:COM8/dial_raw,1629712,1785394316736,9148,
serial:COM8/dial_raw,1629714,1785394316738,9148,
serial:COM8/dial_raw,1629716,1785394316740,9147,
serial:COM8/dial_raw,1629718,1785394316742,9147,
serial:COM8/dial_raw,1629720,1785394316744,9149,
serial:COM8/dial_raw,1629722,1785394316746,9149,
serial:COM8/dial_raw,1629724,1785394316748,9149,
serial:COM8/dial_raw,1629726,1785394316750,9147,
serial:COM8/dial_raw,1629728,1785394316752,9147,
serial:COM8/dial_raw,1629730,1785394316754,9147,
serial:COM8/dial_raw,1629732,1785394316759,9147,
serial:COM8/dial_raw,1629734,1785394316759,9149,
serial:COM8/dial_raw,1629736,1785394316760,9147,
serial:COM8/dial_raw,1629738,1785394316762,9148,
serial:COM8/dial_raw,1629740,1785394316764,9148,
serial:COM8/dial_raw,1629742,1785394316766,9147,
serial:COM8/dial_raw,1629744,1785394316768,9144,
serial:COM8/dial_raw,1629746,1785394316770,9147,
serial:COM8/dial_raw,1629748,1785394316772,9145,
serial:COM8/dial_raw,1629750,1785394316774,9149,
serial:COM8/dial_raw,1629752,1785394316776,9148,
serial:COM8/dial_raw,1629754,1785394316778,9147,
serial:COM8/dial_raw,1629756,1785394316780,9148,
serial:COM8/dial_raw,1629758,1785394316782,9149,
serial:COM8/dial_raw,1629760,1785394316784,9145,
serial:COM8/dial_raw,1629762,1785394316786,9146,
serial:COM8/dial_raw,1629764,1785394316788,9148,
serial:COM8/dial_raw,1629766,1785394316790,9146,
serial:COM8/dial_raw,1629768,1785394316792,9148,
serial:COM8/dial_raw,1629770,1785394316794,9146,
serial:COM8/dial_raw,1629772,1785394316796,9147,
serial:COM8/dial_raw,1629774,1785394316798,9147,
serial:COM8/dial_raw,1629776,1785394316800,9149,
serial:COM8/dial_raw,1629778,1785394316802,9147,
serial:COM8/dial_raw,1629780,1785394316804,9148,
serial:COM8/dial_raw,1629782,1785394316806,9149,
serial:COM8/dial_raw,1629784,1785394316808,9148,
serial:COM8/dial_raw,1629786,1785394316810,9147,
serial:COM8/dial_raw,1629788,1785394316812,9148,
serial:COM8/dial_raw,1629790,1785394316814,9147,
serial:COM8/dial_raw,1629792,1785394316816,9147,
serial:COM8/dial_raw,1629794,1785394316818,9148,
serial:COM8/dial_raw,1629796,1785394316820,9148,
serial:COM8/dial_raw,1629798,1785394316822,9148,
serial:COM8/dial_raw,1629800,1785394316824,9149,
serial:COM8/dial_raw,1629802,1785394316826,9149,
serial:COM8/dial_raw,1629804,1785394316828,9146,
serial:COM8/dial_raw,1629806,1785394316830,9146,
serial:COM8/dial_raw,1629808,1785394316832,9149,
serial:COM8/dial_raw,1629810,1785394316834,9146,
serial:COM8/dial_raw,1629812,1785394316836,9149,
serial:COM8/dial_raw,1629814,1785394316838,9149,
serial:COM8/dial_raw,1629816,1785394316840,9150,
serial:COM8/dial_raw,1629818,1785394316842,9148,
serial:COM8/dial_raw,1629820,1785394316844,9148,
serial:COM8/dial_raw,1629822,1785394316846,9148,
serial:COM8/dial_raw,1629824,1785394316848,9147,
serial:COM8/dial_raw,1629826,1785394316850,9150,
serial:COM8/dial_raw,1629828,1785394316852,9149,
serial:COM8/dial_raw,1629830,1785394316854,9147,
serial:COM8/dial_raw,1629832,1785394316856,9148,
serial:COM8/dial_raw,1629834,1785394316858,9146,
serial:COM8/dial_raw,1629836,1785394316860,9148,
serial:COM8/dial_raw,1629838,1785394316862,9148,
serial:COM8/dial_raw,1629840,1785394316864,9148,
serial:COM8/dial_raw,1629842,1785394316866,9150,
serial:COM8/dial_raw,1629844,1785394316868,9147,
serial:COM8/dial_raw,1629846,1785394316870,9145,
serial:COM8/dial_raw,1629848,1785394316872,9148,
serial:COM8/dial_raw,1629850,1785394316874,9151,
serial:COM8/dial_raw,1629852,1785394316876,9148,
serial:COM8/dial_raw,1629854,1785394316878,9148,
serial:COM8/dial_raw,1629856,1785394316880,9148,
serial:COM8/dial_raw,1629858,1785394316882,9149,
serial:COM8/dial_raw,1629860,1785394316884,9147,
serial:COM8/dial_raw,1629862,1785394316886,9146,
serial:COM8/dial_raw,1629864,1785394316888,9149,
serial:COM8/dial_raw,1629866,1785394316890,9148,
serial:COM8/dial_raw,1629868,1785394316892,9148,
serial:COM8/dial_raw,1629870,1785394316894,9147,
serial:COM8/dial_raw,1629872,1785394316896,9149,
serial:COM8/dial_raw,1629874,1785394316898,9150,
serial:COM8/dial_raw,1629876,1785394316900,9149,
serial:COM8/dial_raw,1629878,1785394316902,9148,
serial:COM8/dial_raw,1629880,1785394316904,9145,
serial:COM8/dial_raw,1629882,1785394316906,9148,
serial:COM8/dial_raw,1629884,1785394316908,9148,
serial:COM8/dial_raw,1629886,1785394316910,9148,
serial:COM8/dial_raw,1629888,1785394316912,9149,
serial:COM8/dial_raw,1629890,1785394316914,9148,
serial:COM8/dial_raw,1629892,1785394316916,9147,
serial:COM8/dial_raw,1629894,1785394316918,9148,
serial:COM8/dial_raw,1629896,1785394316920,9148,
serial:COM8/dial_raw,1629898,1785394316922,9150,
serial:COM8/dial_raw,1629900,1785394316924,9150,
serial:COM8/dial_raw,1629902,1785394316926,9149,
serial:COM8/dial_raw,1629904,1785394316928,9148,
serial:COM8/dial_raw,1629906,1785394316930,9146,
serial:COM8/dial_raw,1629908,1785394316932,9147,
serial:COM8/dial_raw,1629910,1785394316934,9146,
serial:COM8/dial_raw,1629912,1785394316936,9146,
serial:COM8/dial_raw,1629914,1785394316938,9148,
serial:COM8/dial_raw,1629916,1785394316940,9150,
serial:COM8/dial_raw,1629918,1785394316942,9148,
serial:COM8/dial_raw,1629920,1785394316944,9147,
serial:COM8/dial_raw,1629922,1785394316946,9149,
serial:COM8/dial_raw,1629924,1785394316948,9147,
serial:COM8/dial_raw,1629926,1785394316950,9147,
serial:COM8/dial_raw,1629928,1785394316952,9147,
serial:COM8/dial_raw,1629930,1785394316954,9147,
serial:COM8/dial_raw,1629932,1785394316959,9147,
serial:COM8/dial_raw,1629934,1785394316959,9147,
serial:COM8/dial_raw,1629936,1785394316960,9146,
serial:COM8/dial_raw,1629938,1785394316962,9148,
serial:COM8/dial_raw,1629940,1785394316964,9148,
serial:COM8/dial_raw,1629942,1785394316966,9147,
serial:COM8/dial_raw,1629944,1785394316968,9150,
serial:COM8/dial_raw,1629946,1785394316970,9148,
serial:COM8/dial_raw,1629948,1785394316972,9149,
serial:COM8/dial_raw,1629950,1785394316974,9148,
serial:COM8/dial_raw,1629952,1785394316976,9146,
serial:COM8/dial_raw,1629954,1785394316978,9147,
serial:COM8/dial_raw,1629956,1785394316980,9149,
serial:COM8/dial_raw,1629958,1785394316982,9148,
serial:COM8/dial_raw,1629960,1785394316984,9147,
serial:COM8/dial_raw,1629962,1785394316986,9148,
serial:COM8/dial_raw,1629964,1785394316988,9148,
serial:COM8/dial_raw,1629966,1785394316990,9148,
serial:COM8/dial_raw,1629968,1785394316992,9148,
serial:COM8/dial_raw,1629970,1785394316994,9148,
serial:COM8/dial_raw,1629972,1785394316996,9149,
serial:COM8/dial_raw,1629974,1785394316998,9148,
serial:COM8/dial_raw,1629976,1785394317000,9148,
serial:COM8/dial_raw,1629978,1785394317002,9146,
serial:COM8/dial_raw,1629980,1785394317004,9147,
serial:COM8/dial_raw,1629982,1785394317006,9146,
serial:COM8/dial_raw,1629984,1785394317008,9148,
serial:COM8/dial_raw,1629986,1785394317010,9147,
serial:COM8/dial_raw,1629988,1785394317012,9148,
serial:COM8/dial_raw,1629990,1785394317014,9149,
serial:COM8/dial_raw,1629992,1785394317016,9148,
serial:COM8/dial_raw,1629994,1785394317018,9147,
serial:COM8/dial_raw,1629996,1785394317020,9150,
serial:COM8/dial_raw,1629998,1785394317022,9149,
serial:COM8/dial_raw,1630000,1785394317024,9148,
serial:COM8/dial_raw,1630002,1785394317026,9147,
serial:COM8/dial_raw,1630004,1785394317028,9150,
serial:COM8/dial_raw,1630006,1785394317030,9148,
serial:COM8/dial_raw,1630008,1785394317032,9144,
serial:COM8/dial_raw,1630010,1785394317034,9145,
serial:COM8/dial_raw,1630012,1785394317036,9147,
serial:COM8/dial_raw,1630014,1785394317038,9149,
serial:COM8/dial_raw,1630016,1785394317040,9150,
serial:COM8/dial_raw,1630018,1785394317042,9149,
serial:COM8/dial_raw,1630020,1785394317044,9147,
serial:COM8/dial_raw,1630022,1785394317046,9148,
serial:COM8/dial_raw,1630024,1785394317048,9148,
serial:COM8/dial_raw,1630026,1785394317050,9147,
serial:COM8/dial_raw,1630028,1785394317052,9148,
serial:COM8/dial_raw,1630030,1785394317054,9147,
serial:COM8/dial_raw,1630032,1785394317056,9147,
serial:COM8/dial_raw,1630034,1785394317058,9152,
serial:COM8/dial_raw,1630036,1785394317060,9151,
serial:COM8/dial_raw,1630038,1785394317062,9146,
serial:COM8/dial_raw,1630040,1785394317064,9149,
serial:COM8/dial_raw,1630042,1785394317066,9147,
serial:COM8/dial_raw,1630044,1785394317068,9148,
serial:COM8/dial_raw,1630046,1785394317070,9149,
serial:COM8/dial_raw,1630048,1785394317072,9147,
serial:COM8/dial_raw,1630050,1785394317074,9148,
serial:COM8/dial_raw,1630052,1785394317076,9149,
serial:COM8/dial_raw,1630054,1785394317078,9149,
serial:COM8/dial_raw,1630056,1785394317080,9149,
serial:COM8/dial_raw,1630058,1785394317082,9148,
serial:COM8/dial_raw,1630060,1785394317084,9148,
serial:COM8/dial_raw,1630062,1785394317086,9148,
serial:COM8/dial_raw,1630064,1785394317088,9148,
serial:COM8/dial_raw,1630066,1785394317090,9151,
serial:COM8/dial_raw,1630068,1785394317092,9149,
serial:COM8/dial_raw,1630070,1785394317094,9147,
serial:COM8/dial_raw,1630072,1785394317096,9146,
serial:COM8/dial_raw,1630074,1785394317098,9149,
serial:COM8/dial_raw,1630076,1785394317100,9148,
serial:COM8/dial_raw,1630078,1785394317102,9147,
serial:COM8/dial_raw,1630080,1785394317104,9150,
serial:COM8/dial_raw,1630082,1785394317106,9145,
serial:COM8/dial_raw,1630084,1785394317108,9148,
serial:COM8/dial_raw,1630086,1785394317110,9150,
serial:COM8/dial_raw,1630088,1785394317112,9147,
serial:COM8/dial_raw,1630090,1785394317114,9148,
serial:COM8/dial_raw,1630092,1785394317116,9149,
serial:COM8/dial_raw,1630094,1785394317118,9149,
serial:COM8/dial_raw,1630096,1785394317120,9147,
serial:COM8/dial_raw,1630098,1785394317122,9148,
serial:COM8/dial_raw,1630100,1785394317124,9146,
serial:COM8/dial_raw,1630102,1785394317126,9149,
serial:COM8/dial_raw,1630104,1785394317128,9148,
serial:COM8/dial_raw,1630106,1785394317130,9148,
serial:COM8/dial_raw,1630108,1785394317132,9147,
serial:COM8/dial_raw,1630110,1785394317134,9148,
serial:COM8/dial_raw,1630112,1785394317136,9145,
serial:COM8/dial_raw,1630114,1785394317138,9149,
serial:COM8/dial_raw,1630116,1785394317140,9147,
serial:COM8/dial_raw,1630118,1785394317142,9148,
serial:COM8/dial_raw,1630120,1785394317144,9147,
serial:COM8/dial_raw,1630122,1785394317146,9149,
serial:COM8/dial_raw,1630124,1785394317148,9148,
serial:COM8/dial_raw,1630126,1785394317150,9146,
serial:COM8/dial_raw,1630128,1785394317152,9148,
serial:COM8/dial_raw,1630130,1785394317154,9150,
serial:COM8/dial_raw,1630132,1785394317159,9148,
serial:COM8/dial_raw,1630134,1785394317159,9147,
serial:COM8/dial_raw,1630136,1785394317160,9147,
serial:COM8/dial_raw,1630138,1785394317162,9149,
serial:COM8/dial_raw,1630140,1785394317164,9150,
serial:COM8/dial_raw,1630142,1785394317166,9147,
serial:COM8/dial_raw,1630144,1785394317168,9147,
serial:COM8/dial_raw,1630146,1785394317170,9150,
serial:COM8/dial_raw,1630148,1785394317172,9150,
serial:COM8/dial_raw,1630150,1785394317174,9148,
serial:COM8/dial_raw,1630152,1785394317176,9146,
serial:COM8/dial_raw,1630154,1785394317178,9148,
serial:COM8/dial_raw,1630156,1785394317180,9149,
serial:COM8/dial_raw,1630158,1785394317182,9148,
serial:COM8/dial_raw,1630160,1785394317184,9147,
serial:COM8/dial_raw,1630162,1785394317186,9148,
serial:COM8/dial_raw,1630164,1785394317188,9148,
serial:COM8/dial_raw,1630166,1785394317190,9147,
serial:COM8/dial_raw,1630168,1785394317192,9148,
serial:COM8/dial_raw,1630170,1785394317194,9147,
serial:COM8/dial_raw,1630172,1785394317196,9147,
serial:COM8/dial_raw,1630174,1785394317198,9150,
serial:COM8/dial_raw,1630176,1785394317200,9146,
serial:COM8/dial_raw,1630178,1785394317202,9148,
serial:COM8/dial_raw,1630180,1785394317204,9147,
serial:COM8/dial_raw,1630182,1785394317206,9147,
serial:COM8/dial_raw,1630184,1785394317208,9146,
serial:COM8/dial_raw,1630186,1785394317210,9147,
serial:COM8/dial_raw,1630188,1785394317212,9147,
serial:COM8/dial_raw,1630190,1785394317214,9147,
serial:COM8/dial_raw,1630192,1785394317216,9146,
serial:COM8/dial_raw,1630194,1785394317218,9148,
serial:COM8/dial_raw,1630196,1785394317220,9146,
serial:COM8/dial_raw,1630198,1785394317222,9147,
serial:COM8/dial_raw,1630200,1785394317224,9145,
serial:COM8/dial_raw,1630202,1785394317226,9144,
serial:COM8/dial_raw,1630204,1785394317228,9148,
serial:COM8/dial_raw,1630206,1785394317230,9147,
serial:COM8/dial_raw,1630208,1785394317232,9148,
serial:COM8/dial_raw,1630210,1785394317234,9144,
serial:COM8/dial_raw,1630212,1785394317236,9147,
serial:COM8/dial_raw,1630214,1785394317238,9147,
serial:COM8/dial_raw,1630216,1785394317240,9148,
serial:COM8/dial_raw,1630218,1785394317242,9147,
serial:COM8/dial_raw,1630220,1785394317244,9147,
serial:COM8/dial_raw,1630222,1785394317246,9150,
serial:COM8/dial_raw,1630224,1785394317248,9147,
serial:COM8/dial_raw,1630226,1785394317250,9150,
serial:COM8/dial_raw,1630228,1785394317252,9146,
serial:COM8/dial_raw,1630230,1785394317254,9148,
serial:COM8/dial_raw,1630232,1785394317256,9148,
serial:COM8/dial_raw,1630234,1785394317258,9146,
serial:COM8/dial_raw,1630236,1785394317260,9150,
serial:COM8/dial_raw,1630238,1785394317262,9149,
serial:COM8/dial_raw,1630240,1785394317264,9147,
serial:COM8/dial_raw,1630242,1785394317266,9147,
serial:COM8/dial_raw,1630244,1785394317268,9148,
serial:COM8/dial_raw,1630246,1785394317270,9149,
serial:COM8/dial_raw,1630248,1785394317272,9147,
serial:COM8/dial_raw,1630250,1785394317274,9146,
serial:COM8/dial_raw,1630252,1785394317276,9147,
serial:COM8/dial_raw,1630254,1785394317278,9148,
serial:COM8/dial_raw,1630256,1785394317280,9146,
serial:COM8/dial_raw,1630258,1785394317282,9148,
serial:COM8/dial_raw,1630260,1785394317284,9146,
serial:COM8/dial_raw,1630262,1785394317286,9148,
serial:COM8/dial_raw,1630264,1785394317288,9146,
serial:COM8/dial_raw,1630266,1785394317290,9148,
serial:COM8/dial_raw,1630268,1785394317292,9147,
serial:COM8/dial_raw,1630270,1785394317294,9146,
serial:COM8/dial_raw,1630272,1785394317296,9147,
serial:COM8/dial_raw,1630274,1785394317298,9148,
serial:COM8/dial_raw,1630276,1785394317300,9146,
serial:COM8/dial_raw,1630278,1785394317302,9146,
serial:COM8/dial_raw,1630280,1785394317304,9146,
serial:COM8/dial_raw,1630282,1785394317306,9148,
serial:COM8/dial_raw,1630284,1785394317308,9147,
serial:COM8/dial_raw,1630286,1785394317310,9148,
serial:COM8/dial_raw,1630288,1785394317312,9146,
serial:COM8/dial_raw,1630290,1785394317314,9145,
serial:COM8/dial_raw,1630292,1785394317316,9148,
serial:COM8/dial_raw,1630294,1785394317318,9147,
serial:COM8/dial_raw,1630296,1785394317320,9149,
serial:COM8/dial_raw,1630298,1785394317322,9148,
serial:COM8/dial_raw,1630300,1785394317324,9146,
serial:COM8/dial_raw,1630302,1785394317326,9148,
serial:COM8/dial_raw,1630304,1785394317328,9148,
serial:COM8/dial_raw,1630306,1785394317330,9148,
serial:COM8/dial_raw,1630308,1785394317332,9148,
serial:COM8/dial_raw,1630310,1785394317334,9147,
serial:COM8/dial_raw,1630312,1785394317336,9148,
serial:COM8/dial_raw,1630314,1785394317338,9147,
serial:COM8/dial_raw,1630316,1785394317340,9146,
serial:COM8/dial_raw,1630318,1785394317342,9146,
serial:COM8/dial_raw,1630320,1785394317344,9144,
serial:COM8/dial_raw,1630322,1785394317346,9148,
serial:COM8/dial_raw,1630324,1785394317348,9148,
serial:COM8/dial_raw,1630326,1785394317350,9146,
serial:COM8/dial_raw,1630328,1785394317352,9146,
serial:COM8/dial_raw,1630330,1785394317354,9147,
serial:COM8/dial_raw,1630332,1785394317359,9144,
serial:COM8/dial_raw,1630334,1785394317359,9145,
serial:COM8/dial_raw,1630336,1785394317360,9149,
serial:COM8/dial_raw,1630338,1785394317362,9146,
serial:COM8/dial_raw,1630340,1785394317364,9149,
serial:COM8/dial_raw,1630342,1785394317366,9147,
serial:COM8/dial_raw,1630344,1785394317368,9147,
serial:COM8/dial_raw,1630346,1785394317370,9148,
serial:COM8/dial_raw,1630348,1785394317372,9148,
serial:COM8/dial_raw,1630350,1785394317374,9150,
serial:COM8/dial_raw,1630352,1785394317376,9147,
serial:COM8/dial_raw,1630354,1785394317378,9147,
serial:COM8/dial_raw,1630356,1785394317380,9148,
serial:COM8/dial_raw,1630358,1785394317382,9149,
serial:COM8/dial_raw,1630360,1785394317384,9150,
serial:COM8/dial_raw,1630362,1785394317386,9147,
serial:COM8/dial_raw,1630364,1785394317388,9147,
serial:COM8/dial_raw,1630366,1785394317390,9148,
serial:COM8/dial_raw,1630368,1785394317392,9145,
serial:COM8/dial_raw,1630370,1785394317394,9145,
serial:COM8/dial_raw,1630372,1785394317396,9151,
serial:COM8/dial_raw,1630374,1785394317398,9149,
serial:COM8/dial_raw,1630376,1785394317400,9146,
serial:COM8/dial_raw,1630378,1785394317402,9149,
serial:COM8/dial_raw,1630380,1785394317404,9150,
serial:COM8/dial_raw,1630382,1785394317406,9148,
serial:COM8/dial_raw,1630384,1785394317408,9147,
serial:COM8/dial_raw,1630386,1785394317410,9148,
serial:COM8/dial_raw,1630388,1785394317412,9147,
serial:COM8/dial_raw,1630390,1785394317414,9148,
serial:COM8/dial_raw,1630392,1785394317416,9147,
serial:COM8/dial_raw,1630394,1785394317418,9148,
serial:COM8/dial_raw,1630396,1785394317420,9145,
serial:COM8/dial_raw,1630398,1785394317422,9148,
serial:COM8/dial_raw,1630400,1785394317424,9148,
serial:COM8/dial_raw,1630402,1785394317426,9145,
serial:COM8/dial_raw,1630404,1785394317428,9147,
serial:COM8/dial_raw,1630406,1785394317430,9148,
serial:COM8/dial_raw,1630408,1785394317432,9148,
serial:COM8/dial_raw,1630410,1785394317434,9147,
serial:COM8/dial_raw,1630412,1785394317436,9149,
serial:COM8/dial_raw,1630414,1785394317438,9147,
serial:COM8/dial_raw,1630416,1785394317440,9148,
serial:COM8/dial_raw,1630418,1785394317442,9146,
serial:COM8/dial_raw,1630420,1785394317444,9147,
serial:COM8/dial_raw,1630422,1785394317446,9146,
serial:COM8/dial_raw,1630424,1785394317448,9147,
serial:COM8/dial_raw,1630426,1785394317450,9149,
serial:COM8/dial_raw,1630428,1785394317452,9147,
serial:COM8/dial_raw,1630430,1785394317454,9146,
serial:COM8/dial_raw,1630432,1785394317456,9149,
serial:COM8/dial_raw,1630434,1785394317458,9145,
serial:COM8/dial_raw,1630436,1785394317460,9148,
serial:COM8/dial_raw,1630438,1785394317462,9147,
serial:COM8/dial_raw,1630440,1785394317464,9147,
serial:COM8/dial_raw,1630442,1785394317466,9149,
serial:COM8/dial_raw,1630444,1785394317468,9150,
serial:COM8/dial_raw,1630446,1785394317470,9149,
serial:COM8/dial_raw,1630448,1785394317472,9148,
serial:COM8/dial_raw,1630450,1785394317474,9146,
serial:COM8/dial_raw,1630452,1785394317476,9148,
serial:COM8/dial_raw,1630454,1785394317478,9151,
serial:COM8/dial_raw,1630456,1785394317480,9149,
serial:COM8/dial_raw,1630458,1785394317482,9149,
serial:COM8/dial_raw,1630460,1785394317484,9150,
serial:COM8/dial_raw,1630462,1785394317486,9149,
serial:COM8/dial_raw,1630464,1785394317488,9151,
serial:COM8/dial_raw,1630466,1785394317490,9147,
serial:COM8/dial_raw,1630468,1785394317492,9149,
serial:COM8/dial_raw,1630470,1785394317494,9148,
serial:COM8/dial_raw,1630472,1785394317496,9147,
serial:COM8/dial_raw,1630474,1785394317498,9149,
serial:COM8/dial_raw,1630476,1785394317500,9147,
serial:COM8/dial_raw,1630478,1785394317502,9147,
serial:COM8/dial_raw,1630480,1785394317504,9151,
serial:COM8/dial_raw,1630482,1785394317506,9149,
serial:COM8/dial_raw,1630484,1785394317508,9149,
serial:COM8/dial_raw,1630486,1785394317510,9148,
serial:COM8/dial_raw,1630488,1785394317512,9147,
serial:COM8/dial_raw,1630490,1785394317514,9144,
serial:COM8/dial_raw,1630492,1785394317516,9146,
serial:COM8/dial_raw,1630494,1785394317518,9147,
serial:COM8/dial_raw,1630496,1785394317520,9149,
serial:COM8/dial_raw,1630498,1785394317522,9147,
serial:COM8/dial_raw,1630500,1785394317524,9149,
serial:COM8/dial_raw,1630502,1785394317526,9144,
serial:COM8/dial_raw,1630504,1785394317528,9147,
serial:COM8/dial_raw,1630506,1785394317530,9147,
serial:COM8/dial_raw,1630508,1785394317532,9147,
serial:COM8/dial_raw,1630510,1785394317534,9147,
serial:COM8/dial_raw,1630512,1785394317536,9147,
serial:COM8/dial_raw,1630514,1785394317538,9149,
serial:COM8/dial_raw,1630516,1785394317540,9148,
serial:COM8/dial_raw,1630518,1785394317542,9149,
serial:COM8/dial_raw,1630520,1785394317544,9148,
serial:COM8/dial_raw,1630522,1785394317546,9148,
serial:COM8/dial_raw,1630524,1785394317548,9148,
serial:COM8/dial_raw,1630526,1785394317550,9146,
serial:COM8/dial_raw,1630528,1785394317552,9148,
serial:COM8/dial_raw,1630530,1785394317554,9148,
serial:COM8/dial_raw,1630532,1785394317559,9146,
serial:COM8/dial_raw,1630534,1785394317559,9148,
serial:COM8/dial_raw,1630536,1785394317560,9147,
serial:COM8/dial_raw,1630538,1785394317562,9148,
serial:COM8/dial_raw,1630540,1785394317564,9148,
serial:COM8/dial_raw,1630542,1785394317566,9147,
serial:COM8/dial_raw,1630544,1785394317568,9148,
serial:COM8/dial_raw,1630546,1785394317570,9150,
serial:COM8/dial_raw,1630548,1785394317572,9148,
serial:COM8/dial_raw,1630550,1785394317574,9147,
serial:COM8/dial_raw,1630552,1785394317576,9147,
serial:COM8/dial_raw,1630554,1785394317578,9149,
serial:COM8/dial_raw,1630556,1785394317580,9147,
serial:COM8/dial_raw,1630558,1785394317582,9149,
serial:COM8/dial_raw,1630560,1785394317584,9148,
serial:COM8/dial_raw,1630562,1785394317586,9150,
serial:COM8/dial_raw,1630564,1785394317588,9146,
serial:COM8/dial_raw,1630566,1785394317590,9148,
serial:COM8/dial_raw,1630568,1785394317592,9147,
serial:COM8/dial_raw,1630570,1785394317594,9147,
serial:COM8/dial_raw,1630572,1785394317596,9146,
serial:COM8/dial_raw,1630574,1785394317598,9149,
serial:COM8/dial_raw,1630576,1785394317600,9146,
serial:COM8/dial_raw,1630578,1785394317602,9148,
serial:COM8/dial_raw,1630580,1785394317604,9149,
serial:COM8/dial_raw,1630582,1785394317606,9145,
serial:COM8/dial_raw,1630584,1785394317608,9147,
serial:COM8/dial_raw,1630586,1785394317610,9147,
serial:COM8/dial_raw,1630588,1785394317612,9146,
serial:COM8/dial_raw,1630590,1785394317614,9149,
serial:COM8/dial_raw,1630592,1785394317616,9149,
serial:COM8/dial_raw,1630594,1785394317618,9147,
serial:COM8/dial_raw,1630596,1785394317620,9147,
serial:COM8/dial_raw,1630598,1785394317622,9149,
serial:COM8/dial_raw,1630600,1785394317624,9146,
serial:COM8/dial_raw,1630602,1785394317626,9148,
serial:COM8/dial_raw,1630604,1785394317628,9150,
serial:COM8/dial_raw,1630606,1785394317630,9148,
serial:COM8/dial_raw,1630608,1785394317632,9147,
serial:COM8/dial_raw,1630610,1785394317634,9148,
serial:COM8/dial_raw,1630612,1785394317636,9147,
serial:COM8/dial_raw,1630614,1785394317638,9148,
serial:COM8/dial_raw,1630616,1785394317640,9147,
serial:COM8/dial_raw,1630618,1785394317642,9151,
serial:COM8/dial_raw,1630620,1785394317644,9148,
serial:COM8/dial_raw,1630622,1785394317646,9147,
serial:COM8/dial_raw,1630624,1785394317648,9146,
serial:COM8/dial_raw,1630626,1785394317650,9147,
serial:COM8/dial_raw,1630628,1785394317652,9147,
serial:COM8/dial_raw,1630630,1785394317654,9148,
serial:COM8/dial_raw,1630632,1785394317656,9147,
serial:COM8/dial_raw,1630634,1785394317658,9148,
serial:COM8/dial_raw,1630636,1785394317660,9147,
serial:COM8/dial_raw,1630638,1785394317662,9147,
serial:COM8/dial_raw,1630640,1785394317664,9148,
serial:COM8/dial_raw,1630642,1785394317666,9147,
serial:COM8/dial_raw,1630644,1785394317668,9148,
serial:COM8/dial_raw,1630646,1785394317670,9147,
serial:COM8/dial_raw,1630648,1785394317672,9150,
serial:COM8/dial_raw,1630650,1785394317674,9148,
serial:COM8/dial_raw,1630652,1785394317676,9148,
serial:COM8/dial_raw,1630654,1785394317678,9149,
serial:COM8/dial_raw,1630656,1785394317680,9149,
serial:COM8/dial_raw,1630658,1785394317682,9148,
serial:COM8/dial_raw,1630660,1785394317684,9145,
serial:COM8/dial_raw,1630662,1785394317686,9146,
serial:COM8/dial_raw,1630664,1785394317688,9151,
serial:COM8/dial_raw,1630666,1785394317690,9146,
serial:COM8/dial_raw,1630668,1785394317692,9148,
serial:COM8/dial_raw,1630670,1785394317694,9146,
serial:COM8/dial_raw,1630672,1785394317696,9148,
serial:COM8/dial_raw,1630674,1785394317698,9149,
serial:COM8/dial_raw,1630676,1785394317700,9147,
serial:COM8/dial_raw,1630678,1785394317702,9148,
serial:COM8/dial_raw,1630680,1785394317704,9149,
serial:COM8/dial_raw,1630682,1785394317706,9148,
serial:COM8/dial_raw,1630684,1785394317708,9147,
serial:COM8/dial_raw,1630686,1785394317710,9147,
serial:COM8/dial_raw,1630688,1785394317712,9147,
serial:COM8/dial_raw,1630690,1785394317714,9148,
serial:COM8/dial_raw,1630692,1785394317716,9148,
serial:COM8/dial_raw,1630694,1785394317718,9146,
serial:COM8/dial_raw,1630696,1785394317720,9147,
serial:COM8/dial_raw,1630698,1785394317722,9148,
serial:COM8/dial_raw,1630700,1785394317724,9147,
serial:COM8/dial_raw,1630702,1785394317726,9149,
serial:COM8/dial_raw,1630704,1785394317728,9149,
serial:COM8/dial_raw,1630706,1785394317730,9147,
serial:COM8/dial_raw,1630708,1785394317732,9147,
serial:COM8/dial_raw,1630710,1785394317734,9148,
serial:COM8/dial_raw,1630712,1785394317736,9146,
serial:COM8/dial_raw,1630714,1785394317738,9147,
serial:COM8/dial_raw,1630716,1785394317740,9147,
serial:COM8/dial_raw,1630718,1785394317742,9149,
serial:COM8/dial_raw,1630720,1785394317744,9148,
serial:COM8/dial_raw,1630722,1785394317746,9147,
serial:COM8/dial_raw,1630724,1785394317748,9146,
serial:COM8/dial_raw,1630726,1785394317750,9145,
serial:COM8/dial_raw,1630728,1785394317752,9150,
serial:COM8/dial_raw,1630730,1785394317754,9147,
serial:COM8/dial_raw,1630732,1785394317759,9149,
serial:COM8/dial_raw,1630734,1785394317759,9149,
serial:COM8/dial_raw,1630736,1785394317760,9150,
serial:COM8/dial_raw,1630738,1785394317762,9149,
serial:COM8/dial_raw,1630740,1785394317764,9147,
serial:COM8/dial_raw,1630742,1785394317766,9147,
serial:COM8/dial_raw,1630744,1785394317768,9149,
serial:COM8/dial_raw,1630746,1785394317770,9146,
serial:COM8/dial_raw,1630748,1785394317772,9150,
serial:COM8/dial_raw,1630750,1785394317774,9149,
serial:COM8/dial_raw,1630752,1785394317776,9148,
serial:COM8/dial_raw,1630754,1785394317778,9147,
serial:COM8/dial_raw,1630756,1785394317780,9147,
serial:COM8/dial_raw,1630758,1785394317782,9146,
serial:COM8/dial_raw,1630760,1785394317784,9145,
serial:COM8/dial_raw,1630762,1785394317786,9149,
serial:COM8/dial_raw,1630764,1785394317788,9146,
serial:COM8/dial_raw,1630766,1785394317790,9149,
serial:COM8/dial_raw,1630768,1785394317792,9146,
serial:COM8/dial_raw,1630770,1785394317794,9146,
serial:COM8/dial_raw,1630772,1785394317796,9148,
serial:COM8/dial_raw,1630774,1785394317798,9147,
serial:COM8/dial_raw,1630776,1785394317800,9147,
serial:COM8/dial_raw,1630778,1785394317802,9149,
serial:COM8/dial_raw,1630780,1785394317804,9148,
serial:COM8/dial_raw,1630782,1785394317806,9147,
serial:COM8/dial_raw,1630784,1785394317808,9149,
serial:COM8/dial_raw,1630786,1785394317810,9148,
serial:COM8/dial_raw,1630788,1785394317812,9146,
serial:COM8/dial_raw,1630790,1785394317814,9148,
serial:COM8/dial_raw,1630792,1785394317816,9148,
serial:COM8/dial_raw,1630794,1785394317818,9146,
serial:COM8/dial_raw,1630796,1785394317820,9149,
serial:COM8/dial_raw,1630798,1785394317822,9148,
serial:COM8/dial_raw,1630800,1785394317824,9148,
serial:COM8/dial_raw,1630802,1785394317826,9147,
serial:COM8/dial_raw,1630804,1785394317828,9147,
serial:COM8/dial_raw,1630806,1785394317830,9147,
serial:COM8/dial_raw,1630808,1785394317832,9150,
serial:COM8/dial_raw,1630810,1785394317834,9148,
serial:COM8/dial_raw,1630812,1785394317836,9148,
serial:COM8/dial_raw,1630814,1785394317838,9148,
serial:COM8/dial_raw,1630816,1785394317840,9148,
serial:COM8/dial_raw,1630818,1785394317842,9145,
serial:COM8/dial_raw,1630820,1785394317844,9145,
serial:COM8/dial_raw,1630822,1785394317846,9148,
serial:COM8/dial_raw,1630824,1785394317848,9151,
serial:COM8/dial_raw,1630826,1785394317850,9149,
serial:COM8/dial_raw,1630828,1785394317852,9148,
serial:COM8/dial_raw,1630830,1785394317854,9148,
serial:COM8/dial_raw,1630832,1785394317856,9149,
serial:COM8/dial_raw,1630834,1785394317858,9146,
serial:COM8/dial_raw,1630836,1785394317860,9148,
serial:COM8/dial_raw,1630838,1785394317862,9148,
serial:COM8/dial_raw,1630840,1785394317864,9144,
serial:COM8/dial_raw,1630842,1785394317866,9148,
serial:COM8/dial_raw,1630844,1785394317868,9148,
serial:COM8/dial_raw,1630846,1785394317870,9150,
serial:COM8/dial_raw,1630848,1785394317872,9149,
serial:COM8/dial_raw,1630850,1785394317874,9149,
serial:COM8/dial_raw,1630852,1785394317876,9149,
serial:COM8/dial_raw,1630854,1785394317878,9147,
serial:COM8/dial_raw,1630856,1785394317880,9150,
serial:COM8/dial_raw,1630858,1785394317882,9149,
serial:COM8/dial_raw,1630860,1785394317884,9147,
serial:COM8/dial_raw,1630862,1785394317886,9147,
serial:COM8/dial_raw,1630864,1785394317888,9147,
serial:COM8/dial_raw,1630866,1785394317890,9147,
serial:COM8/dial_raw,1630868,1785394317892,9148,
serial:COM8/dial_raw,1630870,1785394317894,9147,
serial:COM8/dial_raw,1630872,1785394317896,9147,
serial:COM8/dial_raw,1630874,1785394317898,9147,
serial:COM8/dial_raw,1630876,1785394317900,9147,
serial:COM8/dial_raw,1630878,1785394317902,9150,
serial:COM8/dial_raw,1630880,1785394317904,9146,
serial:COM8/dial_raw,1630882,1785394317906,9148,
serial:COM8/dial_raw,1630884,1785394317908,9149,
serial:COM8/dial_raw,1630886,1785394317910,9148,
serial:COM8/dial_raw,1630888,1785394317912,9147,
serial:COM8/dial_raw,1630890,1785394317914,9148,
serial:COM8/dial_raw,1630892,1785394317916,9147,
serial:COM8/dial_raw,1630894,1785394317918,9148,
serial:COM8/dial_raw,1630896,1785394317920,9149,
serial:COM8/dial_raw,1630898,1785394317922,9147,
serial:COM8/dial_raw,1630900,1785394317924,9147,
serial:COM8/dial_raw,1630902,1785394317926,9147,
serial:COM8/dial_raw,1630904,1785394317928,9149,
serial:COM8/dial_raw,1630906,1785394317930,9144,
serial:COM8/dial_raw,1630908,1785394317932,9146,
serial:COM8/dial_raw,1630910,1785394317934,9148,
serial:COM8/dial_raw,1630912,1785394317936,9148,
serial:COM8/dial_raw,1630914,1785394317938,9149,
serial:COM8/dial_raw,1630916,1785394317940,9147,
serial:COM8/dial_raw,1630918,1785394317942,9149,
serial:COM8/dial_raw,1630920,1785394317944,9150,
serial:COM8/dial_raw,1630922,1785394317946,9147,
serial:COM8/dial_raw,1630924,1785394317948,9148,
serial:COM8/dial_raw,1630926,1785394317950,9147,
serial:COM8/dial_raw,1630928,1785394317952,9148,
serial:COM8/dial_raw,1630930,1785394317954,9148,
serial:COM8/dial_raw,1630932,1785394317959,9150,
serial:COM8/dial_raw,1630934,1785394317959,9149,
serial:COM8/dial_raw,1630936,1785394317960,9147,
serial:COM8/dial_raw,1630938,1785394317962,9148,
serial:COM8/dial_raw,1630940,1785394317964,9145,
serial:COM8/dial_raw,1630942,1785394317966,9150,
serial:COM8/dial_raw,1630944,1785394317968,9147,
serial:COM8/dial_raw,1630946,1785394317970,9146,
serial:COM8/dial_raw,1630948,1785394317972,9149,
serial:COM8/dial_raw,1630950,1785394317974,9148,
serial:COM8/dial_raw,1630952,1785394317976,9148,
serial:COM8/dial_raw,1630954,1785394317978,9148,
serial:COM8/dial_raw,1630956,1785394317980,9148,
serial:COM8/dial_raw,1630958,1785394317982,9147,
serial:COM8/dial_raw,1630960,1785394317984,9145,
serial:COM8/dial_raw,1630962,1785394317986,9146,
serial:COM8/dial_raw,1630964,1785394317988,9148,
serial:COM8/dial_raw,1630966,1785394317990,9147,
serial:COM8/dial_raw,1630968,1785394317992,9145,
serial:COM8/dial_raw,1630970,1785394317994,9147,
serial:COM8/dial_raw,1630972,1785394317996,9147,
serial:COM8/dial_raw,1630974,1785394317998,9148,
serial:COM8/dial_raw,1630976,1785394318000,9147,
serial:COM8/dial_raw,1630978,1785394318002,9147,
serial:COM8/dial_raw,1630980,1785394318004,9146,
serial:COM8/dial_raw,1630982,1785394318006,9148,
serial:COM8/dial_raw,1630984,1785394318008,9147,
serial:COM8/dial_raw,1630986,1785394318010,9148,
serial:COM8/dial_raw,1630988,1785394318012,9147,
serial:COM8/dial_raw,1630990,1785394318014,9149,
serial:COM8/dial_raw,1630992,1785394318016,9147,
serial:COM8/dial_raw,1630994,1785394318018,9149,
serial:COM8/dial_raw,1630996,1785394318020,9148,
serial:COM8/dial_raw,1630998,1785394318022,9148,
serial:COM8/dial_raw,1631000,1785394318024,9149,
serial:COM8/dial_raw,1631002,1785394318026,9148,
serial:COM8/dial_raw,1631004,1785394318028,9150,
serial:COM8/dial_raw,1631006,1785394318030,9147,
serial:COM8/dial_raw,1631008,1785394318032,9148,
serial:COM8/dial_raw,1631010,1785394318034,9147,
serial:COM8/dial_raw,1631012,1785394318036,9146,
serial:COM8/dial_raw,1631014,1785394318038,9144,
serial:COM8/dial_raw,1631016,1785394318040,9152,
serial:COM8/dial_raw,1631018,1785394318042,9146,
serial:COM8/dial_raw,1631020,1785394318044,9147,
serial:COM8/dial_raw,1631022,1785394318046,9149,
serial:COM8/dial_raw,1631024,1785394318048,9150,
serial:COM8/dial_raw,1631026,1785394318050,9146,
serial:COM8/dial_raw,1631028,1785394318052,9148,
serial:COM8/dial_raw,1631030,1785394318054,9148,
serial:COM8/dial_raw,1631032,1785394318056,9148,
serial:COM8/dial_raw,1631034,1785394318058,9149,
serial:COM8/dial_raw,1631036,1785394318060,9148,
serial:COM8/dial_raw,1631038,1785394318062,9151,
serial:COM8/dial_raw,1631040,1785394318064,9148,
serial:COM8/dial_raw,1631042,1785394318066,9146,
serial:COM8/dial_raw,1631044,1785394318068,9150,
serial:COM8/dial_raw,1631046,1785394318070,9147,
serial:COM8/dial_raw,1631048,1785394318072,9147,
serial:COM8/dial_raw,1631050,1785394318074,9147,
serial:COM8/dial_raw,1631052,1785394318076,9147,
serial:COM8/dial_raw,1631054,1785394318078,9145,
serial:COM8/dial_raw,1631056,1785394318080,9147,
serial:COM8/dial_raw,1631058,1785394318082,9147,
serial:COM8/dial_raw,1631060,1785394318084,9147,
serial:COM8/dial_raw,1631062,1785394318086,9149,
serial:COM8/dial_raw,1631064,1785394318088,9149,
serial:COM8/dial_raw,1631066,1785394318090,9146,
serial:COM8/dial_raw,1631068,1785394318092,9147,
serial:COM8/dial_raw,1631070,1785394318094,9148,
serial:COM8/dial_raw,1631072,1785394318096,9148,
serial:COM8/dial_raw,1631074,1785394318098,9143,
serial:COM8/dial_raw,1631076,1785394318100,9150,
serial:COM8/dial_raw,1631078,1785394318102,9147,
serial:COM8/dial_raw,1631080,1785394318104,9147,
serial:COM8/dial_raw,1631082,1785394318106,9148,
serial:COM8/dial_raw,1631084,1785394318108,9148,
serial:COM8/dial_raw,1631086,1785394318110,9148,
serial:COM8/dial_raw,1631088,1785394318112,9147,
serial:COM8/dial_raw,1631090,1785394318114,9148,
serial:COM8/dial_raw,1631092,1785394318116,9147,
serial:COM8/dial_raw,1631094,1785394318118,9148,
serial:COM8/dial_raw,1631096,1785394318120,9147,
serial:COM8/dial_raw,1631098,1785394318122,9146,
serial:COM8/dial_raw,1631100,1785394318124,9148,
serial:COM8/dial_raw,1631102,1785394318126,9148,
serial:COM8/dial_raw,1631104,1785394318128,9149,
serial:COM8/dial_raw,1631106,1785394318130,9146,
serial:COM8/dial_raw,1631108,1785394318132,9146,
serial:COM8/dial_raw,1631110,1785394318134,9148,
serial:COM8/dial_raw,1631112,1785394318136,9146,
serial:COM8/dial_raw,1631114,1785394318138,9148,
serial:COM8/dial_raw,1631116,1785394318140,9147,
serial:COM8/dial_raw,1631118,1785394318142,9146,
serial:COM8/dial_raw,1631120,1785394318144,9146,
serial:COM8/dial_raw,1631122,1785394318146,9148,
serial:COM8/dial_raw,1631124,1785394318148,9146,
serial:COM8/dial_raw,1631126,1785394318150,9147,
serial:COM8/dial_raw,1631128,1785394318152,9147,
serial:COM8/dial_raw,1631130,1785394318154,9148,
serial:COM8/dial_raw,1631132,1785394318159,9146,
serial:COM8/dial_raw,1631134,1785394318159,9148,
serial:COM8/dial_raw,1631136,1785394318160,9147,
serial:COM8/dial_raw,1631138,1785394318162,9146,
serial:COM8/dial_raw,1631140,1785394318164,9148,
serial:COM8/dial_raw,1631142,1785394318166,9147,
serial:COM8/dial_raw,1631144,1785394318168,9147,
serial:COM8/dial_raw,1631146,1785394318170,9150,
serial:COM8/dial_raw,1631148,1785394318172,9147,
serial:COM8/dial_raw,1631150,1785394318174,9148,
serial:COM8/dial_raw,1631152,1785394318176,9148,
serial:COM8/dial_raw,1631154,1785394318178,9146,
serial:COM8/dial_raw,1631156,1785394318180,9148,
serial:COM8/dial_raw,1631158,1785394318182,9148,
serial:COM8/dial_raw,1631160,1785394318184,9149,
serial:COM8/dial_raw,1631162,1785394318186,9148,
serial:COM8/dial_raw,1631164,1785394318188,9149,
serial:COM8/dial_raw,1631166,1785394318190,9149,
serial:COM8/dial_raw,1631168,1785394318192,9145,
serial:COM8/dial_raw,1631170,1785394318194,9150,
serial:COM8/dial_raw,1631172,1785394318196,9145,
serial:COM8/dial_raw,1631174,1785394318198,9147,
serial:COM8/dial_raw,1631176,1785394318200,9149,
serial:COM8/dial_raw,1631178,1785394318202,9148,
serial:COM8/dial_raw,1631180,1785394318204,9148,
serial:COM8/dial_raw,1631182,1785394318206,9148,
serial:COM8/dial_raw,1631184,1785394318208,9148,
serial:COM8/dial_raw,1631186,1785394318210,9149,
serial:COM8/dial_raw,1631188,1785394318212,9146,
serial:COM8/dial_raw,1631190,1785394318214,9148,
serial:COM8/dial_raw,1631192,1785394318216,9147,
serial:COM8/dial_raw,1631194,1785394318218,9148,
serial:COM8/dial_raw,1631196,1785394318220,9148,
serial:COM8/dial_raw,1631198,1785394318222,9147,
serial:COM8/dial_raw,1631200,1785394318224,9147,
serial:COM8/dial_raw,1631202,1785394318226,9149,
serial:COM8/dial_raw,1631204,1785394318228,9148,
serial:COM8/dial_raw,1631206,1785394318230,9147,
serial:COM8/dial_raw,1631208,1785394318232,9149,
serial:COM8/dial_raw,1631210,1785394318234,9146,
serial:COM8/dial_raw,1631212,1785394318236,9149,
serial:COM8/dial_raw,1631214,1785394318238,9147,
serial:COM8/dial_raw,1631216,1785394318240,9147,
serial:COM8/dial_raw,1631218,1785394318242,9145,
serial:COM8/dial_raw,1631220,1785394318244,9150,
serial:COM8/dial_raw,1631222,1785394318246,9147,
serial:COM8/dial_raw,1631224,1785394318248,9146,
serial:COM8/dial_raw,1631226,1785394318250,9146,
serial:COM8/dial_raw,1631228,1785394318252,9150,
serial:COM8/dial_raw,1631230,1785394318254,9147,
serial:COM8/dial_raw,1631232,1785394318256,9148,
serial:COM8/dial_raw,1631234,1785394318258,9148,
serial:COM8/dial_raw,1631236,1785394318260,9149,
serial:COM8/dial_raw,1631238,1785394318262,9147,
serial:COM8/dial_raw,1631240,1785394318264,9148,
serial:COM8/dial_raw,1631242,1785394318266,9148,
serial:COM8/dial_raw,1631244,1785394318268,9148,
serial:COM8/dial_raw,1631246,1785394318270,9149,
serial:COM8/dial_raw,1631248,1785394318272,9148,
serial:COM8/dial_raw,1631250,1785394318274,9146,
serial:COM8/dial_raw,1631252,1785394318276,9148,
serial:COM8/dial_raw,1631254,1785394318278,9147,
serial:COM8/dial_raw,1631256,1785394318280,9147,
serial:COM8/dial_raw,1631258,1785394318282,9148,
serial:COM8/dial_raw,1631260,1785394318284,9146,
serial:COM8/dial_raw,1631262,1785394318286,9147,
serial:COM8/dial_raw,1631264,1785394318288,9148,
serial:COM8/dial_raw,1631266,1785394318290,9149,
serial:COM8/dial_raw,1631268,1785394318292,9148,
serial:COM8/dial_raw,1631270,1785394318294,9148,
serial:COM8/dial_raw,1631272,1785394318296,9149,
serial:COM8/dial_raw,1631274,1785394318298,9148,
serial:COM8/dial_raw,1631276,1785394318300,9145,
serial:COM8/dial_raw,1631278,1785394318302,9147,
serial:COM8/dial_raw,1631280,1785394318304,9148,
serial:COM8/dial_raw,1631282,1785394318306,9149,
serial:COM8/dial_raw,1631284,1785394318308,9148,
serial:COM8/dial_raw,1631286,1785394318310,9147,
serial:COM8/dial_raw,1631288,1785394318312,9145,
serial:COM8/dial_raw,1631290,1785394318314,9145,
serial:COM8/dial_raw,1631292,1785394318316,9147,
serial:COM8/dial_raw,1631294,1785394318318,9148,
serial:COM8/dial_raw,1631296,1785394318320,9148,
serial:COM8/dial_raw,1631298,1785394318322,9148,
serial:COM8/dial_raw,1631300,1785394318324,9147,
serial:COM8/dial_raw,1631302,1785394318326,9148,
serial:COM8/dial_raw,1631304,1785394318328,9146,
serial:COM8/dial_raw,1631306,1785394318330,9147,
serial:COM8/dial_raw,1631308,1785394318332,9147,
serial:COM8/dial_raw,1631310,1785394318334,9146,
serial:COM8/dial_raw,1631312,1785394318336,9148,
serial:COM8/dial_raw,1631314,1785394318338,9147,
serial:COM8/dial_raw,1631316,1785394318340,9147,
serial:COM8/dial_raw,1631318,1785394318342,9149,
serial:COM8/dial_raw,1631320,1785394318344,9149,
serial:COM8/dial_raw,1631322,1785394318346,9147,
serial:COM8/dial_raw,1631324,1785394318348,9149,
serial:COM8/dial_raw,1631326,1785394318350,9147,
serial:COM8/dial_raw,1631328,1785394318352,9147,
serial:COM8/dial_raw,1631330,1785394318354,9147,
serial:COM8/dial_raw,1631332,1785394318359,9150,
serial:COM8/dial_raw,1631334,1785394318359,9147,
serial:COM8/dial_raw,1631336,1785394318360,9148,
serial:COM8/dial_raw,1631338,1785394318362,9145,
serial:COM8/dial_raw,1631340,1785394318364,9146,
serial:COM8/dial_raw,1631342,1785394318366,9147,
serial:COM8/dial_raw,1631344,1785394318368,9148,
serial:COM8/dial_raw,1631346,1785394318370,9149,
serial:COM8/dial_raw,1631348,1785394318372,9150,
serial:COM8/dial_raw,1631350,1785394318374,9147,
serial:COM8/dial_raw,1631352,1785394318376,9143,
serial:COM8/dial_raw,1631354,1785394318378,9147,
serial:COM8/dial_raw,1631356,1785394318380,9147,
serial:COM8/dial_raw,1631358,1785394318382,9147,
serial:COM8/dial_raw,1631360,1785394318384,9147,
serial:COM8/dial_raw,1631362,1785394318386,9149,
serial:COM8/dial_raw,1631364,1785394318388,9147,
serial:COM8/dial_raw,1631366,1785394318390,9148,
serial:COM8/dial_raw,1631368,1785394318392,9148,
serial:COM8/dial_raw,1631370,1785394318394,9147,
serial:COM8/dial_raw,1631372,1785394318396,9146,
serial:COM8/dial_raw,1631374,1785394318398,9145,
serial:COM8/dial_raw,1631376,1785394318400,9147,
serial:COM8/dial_raw,1631378,1785394318402,9147,
serial:COM8/dial_raw,1631380,1785394318404,9146,
serial:COM8/dial_raw,1631382,1785394318406,9147,
serial:COM8/dial_raw,1631384,1785394318408,9148,
serial:COM8/dial_raw,1631386,1785394318410,9148,
serial:COM8/dial_raw,1631388,1785394318413,9147,
serial:COM8/dial_raw,1631390,1785394318414,9148,
serial:COM8/dial_raw,1631392,1785394318416,9145,
serial:COM8/dial_raw,1631394,1785394318418,9148,
serial:COM8/dial_raw,1631396,1785394318420,9148,
serial:COM8/dial_raw,1631398,1785394318422,9147,
serial:COM8/dial_raw,1631400,1785394318424,9147,
serial:COM8/dial_raw,1631402,1785394318426,9146,
serial:COM8/dial_raw,1631404,1785394318428,9150,
serial:COM8/dial_raw,1631406,1785394318430,9147,
serial:COM8/dial_raw,1631408,1785394318432,9146,
serial:COM8/dial_raw,1631410,1785394318434,9148,
serial:COM8/dial_raw,1631412,1785394318436,9147,
serial:COM8/dial_raw,1631414,1785394318438,9147,
serial:COM8/dial_raw,1631416,1785394318440,9147,
serial:COM8/dial_raw,1631418,1785394318442,9151,
serial:COM8/dial_raw,1631420,1785394318444,9146,
serial:COM8/dial_raw,1631422,1785394318446,9148,
serial:COM8/dial_raw,1631424,1785394318448,9147,
serial:COM8/dial_raw,1631426,1785394318450,9147,
serial:COM8/dial_raw,1631428,1785394318452,9148,
serial:COM8/dial_raw,1631430,1785394318454,9148,
serial:COM8/dial_raw,1631432,1785394318456,9148,
serial:COM8/dial_raw,1631434,1785394318458,9148,
serial:COM8/dial_raw,1631436,1785394318460,9148,
serial:COM8/dial_raw,1631438,1785394318462,9148,
serial:COM8/dial_raw,1631440,1785394318464,9149,
serial:COM8/dial_raw,1631442,1785394318466,9149,
serial:COM8/dial_raw,1631444,1785394318468,9147,
serial:COM8/dial_raw,1631446,1785394318470,9147,
serial:COM8/dial_raw,1631448,1785394318472,9147,
serial:COM8/dial_raw,1631450,1785394318474,9149,
serial:COM8/dial_raw,1631452,1785394318476,9145,
serial:COM8/dial_raw,1631454,1785394318478,9147,
serial:COM8/dial_raw,1631456,1785394318480,9147,
serial:COM8/dial_raw,1631458,1785394318482,9148,
serial:COM8/dial_raw,1631460,1785394318484,9150,
serial:COM8/dial_raw,1631462,1785394318486,9146,
serial:COM8/dial_raw,1631464,1785394318488,9148,
serial:COM8/dial_raw,1631466,1785394318490,9147,
serial:COM8/dial_raw,1631468,1785394318492,9149,
serial:COM8/dial_raw,1631470,1785394318494,9147,
serial:COM8/dial_raw,1631472,1785394318496,9145,
serial:COM8/dial_raw,1631474,1785394318498,9147,
serial:COM8/dial_raw,1631476,1785394318500,9148,
serial:COM8/dial_raw,1631478,1785394318502,9148,
serial:COM8/dial_raw,1631480,1785394318504,9147,
serial:COM8/dial_raw,1631482,1785394318506,9147,
serial:COM8/dial_raw,1631484,1785394318508,9150,
serial:COM8/dial_raw,1631486,1785394318510,9147,
serial:COM8/dial_raw,1631488,1785394318512,9147,
serial:COM8/dial_raw,1631490,1785394318514,9147,
serial:COM8/dial_raw,1631492,1785394318516,9148,
serial:COM8/dial_raw,1631494,1785394318518,9147,
serial:COM8/dial_raw,1631496,1785394318520,9149,
serial:COM8/dial_raw,1631498,1785394318522,9148,
serial:COM8/dial_raw,1631500,1785394318524,9148,
serial:COM8/dial_raw,1631502,1785394318526,9146,
serial:COM8/dial_raw,1631504,1785394318528,9147,
serial:COM8/dial_raw,1631506,1785394318530,9148,
serial:COM8/dial_raw,1631508,1785394318532,9148,
serial:COM8/dial_raw,1631510,1785394318534,9147,
serial:COM8/dial_raw,1631512,1785394318536,9148,
serial:COM8/dial_raw,1631514,1785394318538,9148,
serial:COM8/dial_raw,1631516,1785394318540,9147,
serial:COM8/dial_raw,1631518,1785394318542,9148,
serial:COM8/dial_raw,1631520,1785394318544,9145,
serial:COM8/dial_raw,1631522,1785394318546,9147,
serial:COM8/dial_raw,1631524,1785394318548,9148,
serial:COM8/dial_raw,1631526,1785394318550,9148,
serial:COM8/dial_raw,1631528,1785394318552,9146,
serial:COM8/dial_raw,1631530,1785394318554,9147,
serial:COM8/dial_raw,1631532,1785394318559,9147,
serial:COM8/dial_raw,1631534,1785394318559,9150,
serial:COM8/dial_raw,1631536,1785394318560,9147,
serial:COM8/dial_raw,1631538,1785394318562,9147,
serial:COM8/dial_raw,1631540,1785394318564,9146,
serial:COM8/dial_raw,1631542,1785394318566,9146,
serial:COM8/dial_raw,1631544,1785394318568,9150,
serial:COM8/dial_raw,1631546,1785394318570,9147,
serial:COM8/dial_raw,1631548,1785394318572,9146,
serial:COM8/dial_raw,1631550,1785394318574,9146,
serial:COM8/dial_raw,1631552,1785394318576,9147,
serial:COM8/dial_raw,1631554,1785394318578,9148,
serial:COM8/dial_raw,1631556,1785394318580,9148,
serial:COM8/dial_raw,1631558,1785394318582,9146,
serial:COM8/dial_raw,1631560,1785394318584,9149,
serial:COM8/dial_raw,1631562,1785394318586,9147,
serial:COM8/dial_raw,1631564,1785394318588,9148,
serial:COM8/dial_raw,1631566,1785394318590,9146,
serial:COM8/dial_raw,1631568,1785394318592,9148,
serial:COM8/dial_raw,1631570,1785394318594,9146,
serial:COM8/dial_raw,1631572,1785394318596,9147,
serial:COM8/dial_raw,1631574,1785394318598,9148,
serial:COM8/dial_raw,1631576,1785394318600,9147,
serial:COM8/dial_raw,1631578,1785394318602,9148,
serial:COM8/dial_raw,1631580,1785394318604,9149,
serial:COM8/dial_raw,1631582,1785394318606,9149,
serial:COM8/dial_raw,1631584,1785394318608,9147,
serial:COM8/dial_raw,1631586,1785394318610,9147,
serial:COM8/dial_raw,1631588,1785394318612,9146,
serial:COM8/dial_raw,1631590,1785394318614,9149,
serial:COM8/dial_raw,1631592,1785394318616,9149,
serial:COM8/dial_raw,1631594,1785394318618,9147,
serial:COM8/dial_raw,1631596,1785394318620,9148,
serial:COM8/dial_raw,1631598,1785394318622,9147,
serial:COM8/dial_raw,1631600,1785394318624,9146,
serial:COM8/dial_raw,1631602,1785394318626,9148,
serial:COM8/dial_raw,1631604,1785394318628,9146,
serial:COM8/dial_raw,1631606,1785394318630,9149,
serial:COM8/dial_raw,1631608,1785394318632,9145,
serial:COM8/dial_raw,1631610,1785394318634,9148,
serial:COM8/dial_raw,1631612,1785394318636,9149,
serial:COM8/dial_raw,1631614,1785394318638,9148,
serial:COM8/dial_raw,1631616,1785394318640,9147,
serial:COM8/dial_raw,1631618,1785394318642,9149,
serial:COM8/dial_raw,1631620,1785394318644,9149,
serial:COM8/dial_raw,1631622,1785394318646,9148,
serial:COM8/dial_raw,1631624,1785394318648,9146,
serial:COM8/dial_raw,1631626,1785394318650,9146,
serial:COM8/dial_raw,1631628,1785394318652,9148,
serial:COM8/dial_raw,1631630,1785394318654,9149,
serial:COM8/dial_raw,1631632,1785394318656,9147,
serial:COM8/dial_raw,1631634,1785394318658,9147,
serial:COM8/dial_raw,1631636,1785394318660,9147,
serial:COM8/dial_raw,1631638,1785394318662,9148,
serial:COM8/dial_raw,1631640,1785394318664,9149,
serial:COM8/dial_raw,1631642,1785394318666,9147,
serial:COM8/dial_raw,1631644,1785394318668,9147,
serial:COM8/dial_raw,1631646,1785394318670,9148,
serial:COM8/dial_raw,1631648,1785394318672,9145,
serial:COM8/dial_raw,1631650,1785394318674,9148,
serial:COM8/dial_raw,1631652,1785394318676,9148,
serial:COM8/dial_raw,1631654,1785394318678,9147,
serial:COM8/dial_raw,1631656,1785394318680,9149,
serial:COM8/dial_raw,1631658,1785394318682,9148,
serial:COM8/dial_raw,1631660,1785394318684,9145,
serial:COM8/dial_raw,1631662,1785394318686,9148,
serial:COM8/dial_raw,1631664,1785394318688,9147,
serial:COM8/dial_raw,1631666,1785394318690,9146,
serial:COM8/dial_raw,1631668,1785394318692,9148,
serial:COM8/dial_raw,1631670,1785394318694,9148,
serial:COM8/dial_raw,1631672,1785394318696,9148,
serial:COM8/dial_raw,1631674,1785394318698,9148,
serial:COM8/dial_raw,1631676,1785394318700,9146,
serial:COM8/dial_raw,1631678,1785394318702,9153,
serial:COM8/dial_raw,1631680,1785394318704,9145,
serial:COM8/dial_raw,1631682,1785394318706,9147,
serial:COM8/dial_raw,1631684,1785394318708,9148,
serial:COM8/dial_raw,1631686,1785394318710,9147,
serial:COM8/dial_raw,1631688,1785394318712,9149,
serial:COM8/dial_raw,1631690,1785394318714,9147,
serial:COM8/dial_raw,1631692,1785394318716,9148,
serial:COM8/dial_raw,1631694,1785394318718,9149,
serial:COM8/dial_raw,1631696,1785394318720,9147,
serial:COM8/dial_raw,1631698,1785394318722,9147,
serial:COM8/dial_raw,1631700,1785394318724,9149,
serial:COM8/dial_raw,1631702,1785394318726,9147,
serial:COM8/dial_raw,1631704,1785394318728,9148,
serial:COM8/dial_raw,1631706,1785394318730,9147,
serial:COM8/dial_raw,1631708,1785394318732,9147,
serial:COM8/dial_raw,1631710,1785394318734,9150,
serial:COM8/dial_raw,1631712,1785394318736,9147,
serial:COM8/dial_raw,1631714,1785394318738,9147,
serial:COM8/dial_raw,1631716,1785394318740,9149,
serial:COM8/dial_raw,1631718,1785394318742,9148,
serial:COM8/dial_raw,1631720,1785394318744,9146,
serial:COM8/dial_raw,1631722,1785394318746,9147,
serial:COM8/dial_raw,1631724,1785394318748,9149,
serial:COM8/dial_raw,1631726,1785394318750,9148,
serial:COM8/dial_raw,1631728,1785394318752,9146,
serial:COM8/dial_raw,1631730,1785394318754,9148,
serial:COM8/dial_raw,1631732,1785394318759,9146,
serial:COM8/dial_raw,1631734,1785394318759,9147,
serial:COM8/dial_raw,1631736,1785394318760,9147,
serial:COM8/dial_raw,1631738,1785394318762,9148,
serial:COM8/dial_raw,1631740,1785394318764,9147,
serial:COM8/dial_raw,1631742,1785394318766,9147,
serial:COM8/dial_raw,1631744,1785394318768,9147,
serial:COM8/dial_raw,1631746,1785394318770,9149,
serial:COM8/dial_raw,1631748,1785394318772,9148,
serial:COM8/dial_raw,1631750,1785394318774,9148,
serial:COM8/dial_raw,1631752,1785394318776,9147,
serial:COM8/dial_raw,1631754,1785394318778,9148,
serial:COM8/dial_raw,1631756,1785394318780,9150,
serial:COM8/dial_raw,1631758,1785394318782,9149,
serial:COM8/dial_raw,1631760,1785394318784,9148,
serial:COM8/dial_raw,1631762,1785394318786,9146,
serial:COM8/dial_raw,1631764,1785394318788,9147,
serial:COM8/dial_raw,1631766,1785394318790,9148,
serial:COM8/dial_raw,1631768,1785394318792,9146,
serial:COM8/dial_raw,1631770,1785394318794,9147,
serial:COM8/dial_raw,1631772,1785394318796,9148,
serial:COM8/dial_raw,1631774,1785394318798,9148,
serial:COM8/dial_raw,1631776,1785394318800,9148,
serial:COM8/dial_raw,1631778,1785394318802,9144,
serial:COM8/dial_raw,1631780,1785394318804,9150,
serial:COM8/dial_raw,1631782,1785394318806,9149,
serial:COM8/dial_raw,1631784,1785394318808,9148,
serial:COM8/dial_raw,1631786,1785394318810,9148,
serial:COM8/dial_raw,1631788,1785394318812,9145,
serial:COM8/dial_raw,1631790,1785394318814,9147,
serial:COM8/dial_raw,1631792,1785394318816,9148,
serial:COM8/dial_raw,1631794,1785394318818,9150,
serial:COM8/dial_raw,1631796,1785394318820,9150,
serial:COM8/dial_raw,1631798,1785394318822,9148,
serial:COM8/dial_raw,1631800,1785394318824,9147,
serial:COM8/dial_raw,1631802,1785394318826,9147,
serial:COM8/dial_raw,1631804,1785394318828,9148,
serial:COM8/dial_raw,1631806,1785394318830,9149,
serial:COM8/dial_raw,1631808,1785394318832,9149,
serial:COM8/dial_raw,1631810,1785394318834,9147,
serial:COM8/dial_raw,1631812,1785394318836,9146,
serial:COM8/dial_raw,1631814,1785394318838,9148,
serial:COM8/dial_raw,1631816,1785394318840,9148,
serial:COM8/dial_raw,1631818,1785394318842,9147,
serial:COM8/dial_raw,1631820,1785394318844,9147,
serial:COM8/dial_raw,1631822,1785394318846,9148,
serial:COM8/dial_raw,1631824,1785394318848,9148,
serial:COM8/dial_raw,1631826,1785394318850,9147,
serial:COM8/dial_raw,1631828,1785394318852,9146,
serial:COM8/dial_raw,1631830,1785394318854,9147,
serial:COM8/dial_raw,1631832,1785394318856,9150,
serial:COM8/dial_raw,1631834,1785394318858,9147,
serial:COM8/dial_raw,1631836,1785394318860,9149,
serial:COM8/dial_raw,1631838,1785394318862,9145,
serial:COM8/dial_raw,1631840,1785394318864,9146,
serial:COM8/dial_raw,1631842,1785394318866,9149,
serial:COM8/dial_raw,1631844,1785394318868,9147,
serial:COM8/dial_raw,1631846,1785394318870,9147,
serial:COM8/dial_raw,1631848,1785394318872,9145,
serial:COM8/dial_raw,1631850,1785394318874,9149,
serial:COM8/dial_raw,1631852,1785394318876,9147,
serial:COM8/dial_raw,1631854,1785394318878,9147,
serial:COM8/dial_raw,1631856,1785394318880,9148,
serial:COM8/dial_raw,1631858,1785394318882,9150,
serial:COM8/dial_raw,1631860,1785394318884,9150,
serial:COM8/dial_raw,1631862,1785394318886,9149,
serial:COM8/dial_raw,1631864,1785394318888,9148,
serial:COM8/dial_raw,1631866,1785394318890,9149,
serial:COM8/dial_raw,1631868,1785394318892,9149,
serial:COM8/dial_raw,1631870,1785394318894,9146,
serial:COM8/dial_raw,1631872,1785394318896,9148,
serial:COM8/dial_raw,1631874,1785394318898,9146,
serial:COM8/dial_raw,1631876,1785394318900,9146,
serial:COM8/dial_raw,1631878,1785394318902,9147,
serial:COM8/dial_raw,1631880,1785394318904,9148,
serial:COM8/dial_raw,1631882,1785394318906,9149,
serial:COM8/dial_raw,1631884,1785394318908,9147,
serial:COM8/dial_raw,1631886,1785394318910,9148,
serial:COM8/dial_raw,1631888,1785394318912,9148,
serial:COM8/dial_raw,1631890,1785394318914,9148,
serial:COM8/dial_raw,1631892,1785394318916,9145,
serial:COM8/dial_raw,1631894,1785394318918,9148,
serial:COM8/dial_raw,1631896,1785394318920,9148,
serial:COM8/dial_raw,1631898,1785394318922,9150,
serial:COM8/dial_raw,1631900,1785394318924,9146,
serial:COM8/dial_raw,1631902,1785394318926,9147,
serial:COM8/dial_raw,1631904,1785394318928,9147,
serial:COM8/dial_raw,1631906,1785394318930,9148,
serial:COM8/dial_raw,1631908,1785394318932,9145,
serial:COM8/dial_raw,1631910,1785394318934,9147,
serial:COM8/dial_raw,1631912,1785394318936,9148,
serial:COM8/dial_raw,1631914,1785394318938,9150,
serial:COM8/dial_raw,1631916,1785394318940,9145,
serial:COM8/dial_raw,1631918,1785394318942,9149,
serial:COM8/dial_raw,1631920,1785394318944,9149,
serial:COM8/dial_raw,1631922,1785394318946,9148,
serial:COM8/dial_raw,1631924,1785394318948,9149,
serial:COM8/dial_raw,1631926,1785394318950,9147,
serial:COM8/dial_raw,1631928,1785394318952,9148,
serial:COM8/dial_raw,1631930,1785394318954,9146,
serial:COM8/dial_raw,1631932,1785394318959,9147,
serial:COM8/dial_raw,1631934,1785394318959,9146,
serial:COM8/dial_raw,1631936,1785394318960,9147,
serial:COM8/dial_raw,1631938,1785394318962,9147,
serial:COM8/dial_raw,1631940,1785394318964,9148,
serial:COM8/dial_raw,1631942,1785394318966,9146,
serial:COM8/dial_raw,1631944,1785394318968,9146,
serial:COM8/dial_raw,1631946,1785394318970,9147,
serial:COM8/dial_raw,1631948,1785394318972,9147,
serial:COM8/dial_raw,1631950,1785394318974,9146,
serial:COM8/dial_raw,1631952,1785394318976,9148,
serial:COM8/dial_raw,1631954,1785394318978,9150,
serial:COM8/dial_raw,1631956,1785394318980,9150,
serial:COM8/dial_raw,1631958,1785394318982,9146,
serial:COM8/dial_raw,1631960,1785394318984,9147,
serial:COM8/dial_raw,1631962,1785394318986,9147,
serial:COM8/dial_raw,1631964,1785394318988,9148,
serial:COM8/dial_raw,1631966,1785394318990,9146,
serial:COM8/dial_raw,1631968,1785394318992,9149,
serial:COM8/dial_raw,1631970,1785394318994,9148,
serial:COM8/dial_raw,1631972,1785394318996,9146,
serial:COM8/dial_raw,1631974,1785394318998,9147,
serial:COM8/dial_raw,1631976,1785394319000,9148,
serial:COM8/dial_raw,1631978,1785394319002,9150,
serial:COM8/dial_raw,1631980,1785394319004,9148,
serial:COM8/dial_raw,1631982,1785394319006,9146,
serial:COM8/dial_raw,1631984,1785394319008,9147,
serial:COM8/dial_raw,1631986,1785394319010,9147,
serial:COM8/dial_raw,1631988,1785394319012,9147,
serial:COM8/dial_raw,1631990,1785394319014,9147,
serial:COM8/dial_raw,1631992,1785394319016,9148,
serial:COM8/dial_raw,1631994,1785394319018,9147,
serial:COM8/dial_raw,1631996,1785394319020,9149,
serial:COM8/dial_raw,1631998,1785394319022,9147,
serial:COM8/dial_raw,1632000,1785394319024,9148,
serial:COM8/dial_raw,1632002,1785394319026,9149,
serial:COM8/dial_raw,1632004,1785394319028,9147,
serial:COM8/dial_raw,1632006,1785394319030,9149,
serial:COM8/dial_raw,1632008,1785394319032,9147,
serial:COM8/dial_raw,1632010,1785394319034,9147,
serial:COM8/dial_raw,1632012,1785394319036,9148,
serial:COM8/dial_raw,1632014,1785394319038,9147,
serial:COM8/dial_raw,1632016,1785394319040,9148,
serial:COM8/dial_raw,1632018,1785394319042,9148,
serial:COM8/dial_raw,1632020,1785394319044,9147,
serial:COM8/dial_raw,1632022,1785394319046,9150,
serial:COM8/dial_raw,1632024,1785394319048,9147,
serial:COM8/dial_raw,1632026,1785394319050,9146,
serial:COM8/dial_raw,1632028,1785394319052,9148,
serial:COM8/dial_raw,1632030,1785394319054,9149,
serial:COM8/dial_raw,1632032,1785394319056,9149,
serial:COM8/dial_raw,1632034,1785394319058,9147,
serial:COM8/dial_raw,1632036,1785394319060,9146,
serial:COM8/dial_raw,1632038,1785394319062,9147,
serial:COM8/dial_raw,1632040,1785394319064,9149,
serial:COM8/dial_raw,1632042,1785394319066,9148,
serial:COM8/dial_raw,1632044,1785394319068,9149,
serial:COM8/dial_raw,1632046,1785394319070,9149,
serial:COM8/dial_raw,1632048,1785394319072,9148,
serial:COM8/dial_raw,1632050,1785394319074,9147,
serial:COM8/dial_raw,1632052,1785394319076,9148,
serial:COM8/dial_raw,1632054,1785394319078,9149,
serial:COM8/dial_raw,1632056,1785394319080,9150,
serial:COM8/dial_raw,1632058,1785394319082,9151,
serial:COM8/dial_raw,1632060,1785394319084,9147,
serial:COM8/dial_raw,1632062,1785394319086,9150,
serial:COM8/dial_raw,1632064,1785394319088,9148,
serial:COM8/dial_raw,1632066,1785394319090,9148,
serial:COM8/dial_raw,1632068,1785394319092,9147,
serial:COM8/dial_raw,1632070,1785394319094,9146,
serial:COM8/dial_raw,1632072,1785394319096,9149,
serial:COM8/dial_raw,1632074,1785394319098,9150,
serial:COM8/dial_raw,1632076,1785394319100,9148,
serial:COM8/dial_raw,1632078,1785394319102,9146,
serial:COM8/dial_raw,1632080,1785394319104,9148,
serial:COM8/dial_raw,1632082,1785394319106,9149,
serial:COM8/dial_raw,1632084,1785394319108,9148,
serial:COM8/dial_raw,1632086,1785394319110,9147,
serial:COM8/dial_raw,1632088,1785394319112,9147,
serial:COM8/dial_raw,1632090,1785394319114,9147,
serial:COM8/dial_raw,1632092,1785394319116,9146,
serial:COM8/dial_raw,1632094,1785394319118,9147,
serial:COM8/dial_raw,1632096,1785394319120,9149,
serial:COM8/dial_raw,1632098,1785394319122,9151,
serial:COM8/dial_raw,1632100,1785394319124,9148,
serial:COM8/dial_raw,1632102,1785394319126,9147,
serial:COM8/dial_raw,1632104,1785394319128,9148,
serial:COM8/dial_raw,1632106,1785394319130,9147,
serial:COM8/dial_raw,1632108,1785394319132,9147,
serial:COM8/dial_raw,1632110,1785394319134,9148,
serial:COM8/dial_raw,1632112,1785394319136,9148,
serial:COM8/dial_raw,1632114,1785394319138,9146,
serial:COM8/dial_raw,1632116,1785394319140,9146,
serial:COM8/dial_raw,1632118,1785394319142,9148,
serial:COM8/dial_raw,1632120,1785394319144,9147,
serial:COM8/dial_raw,1632122,1785394319146,9148,
serial:COM8/dial_raw,1632124,1785394319148,9147,
serial:COM8/dial_raw,1632126,1785394319150,9147,
serial:COM8/dial_raw,1632128,1785394319152,9148,
serial:COM8/dial_raw,1632130,1785394319154,9147,
serial:COM8/dial_raw,1632132,1785394319159,9148,
serial:COM8/dial_raw,1632134,1785394319159,9147,
serial:COM8/dial_raw,1632136,1785394319160,9147,
serial:COM8/dial_raw,1632138,1785394319162,9146,
serial:COM8/dial_raw,1632140,1785394319164,9149,
serial:COM8/dial_raw,1632142,1785394319166,9147,
serial:COM8/dial_raw,1632144,1785394319168,9146,
serial:COM8/dial_raw,1632146,1785394319170,9147,
serial:COM8/dial_raw,1632148,1785394319172,9148,
serial:COM8/dial_raw,1632150,1785394319174,9149,
serial:COM8/dial_raw,1632152,1785394319176,9148,
serial:COM8/dial_raw,1632154,1785394319178,9148,
serial:COM8/dial_raw,1632156,1785394319180,9147,
serial:COM8/dial_raw,1632158,1785394319182,9146,
serial:COM8/dial_raw,1632160,1785394319184,9148,
serial:COM8/dial_raw,1632162,1785394319186,9151,
serial:COM8/dial_raw,1632164,1785394319188,9147,
serial:COM8/dial_raw,1632166,1785394319190,9148,
serial:COM8/dial_raw,1632168,1785394319192,9147,
serial:COM8/dial_raw,1632170,1785394319194,9148,
serial:COM8/dial_raw,1632172,1785394319196,9145,
serial:COM8/dial_raw,1632174,1785394319198,9147,
serial:COM8/dial_raw,1632176,1785394319200,9148,
serial:COM8/dial_raw,1632178,1785394319202,9147,
serial:COM8/dial_raw,1632180,1785394319204,9148,
serial:COM8/dial_raw,1632182,1785394319206,9146,
serial:COM8/dial_raw,1632184,1785394319208,9147,
serial:COM8/dial_raw,1632186,1785394319210,9146,
serial:COM8/dial_raw,1632188,1785394319212,9148,
serial:COM8/dial_raw,1632190,1785394319214,9148,
serial:COM8/dial_raw,1632192,1785394319216,9148,
serial:COM8/dial_raw,1632194,1785394319218,9147,
serial:COM8/dial_raw,1632196,1785394319220,9147,
serial:COM8/dial_raw,1632198,1785394319222,9147,
serial:COM8/dial_raw,1632200,1785394319224,9147,
serial:COM8/dial_raw,1632202,1785394319226,9146,
serial:COM8/dial_raw,1632204,1785394319228,9146,
serial:COM8/dial_raw,1632206,1785394319230,9149,
serial:COM8/dial_raw,1632208,1785394319232,9146,
serial:COM8/dial_raw,1632210,1785394319234,9148,
serial:COM8/dial_raw,1632212,1785394319236,9149,
serial:COM8/dial_raw,1632214,1785394319238,9150,
serial:COM8/dial_raw,1632216,1785394319240,9147,
serial:COM8/dial_raw,1632218,1785394319242,9149,
serial:COM8/dial_raw,1632220,1785394319244,9146,
serial:COM8/dial_raw,1632222,1785394319246,9148,
serial:COM8/dial_raw,1632224,1785394319248,9146,
serial:COM8/dial_raw,1632226,1785394319250,9145,
serial:COM8/dial_raw,1632228,1785394319252,9146,
serial:COM8/dial_raw,1632230,1785394319254,9147,
serial:COM8/dial_raw,1632232,1785394319256,9150,
serial:COM8/dial_raw,1632234,1785394319258,9148,
serial:COM8/dial_raw,1632236,1785394319260,9149,
serial:COM8/dial_raw,1632238,1785394319262,9148,
serial:COM8/dial_raw,1632240,1785394319264,9149,
serial:COM8/dial_raw,1632242,1785394319266,9148,
serial:COM8/dial_raw,1632244,1785394319268,9147,
serial:COM8/dial_raw,1632246,1785394319270,9149,
serial:COM8/dial_raw,1632248,1785394319272,9148,
serial:COM8/dial_raw,1632250,1785394319274,9148,
serial:COM8/dial_raw,1632252,1785394319276,9146,
serial:COM8/dial_raw,1632254,1785394319278,9148,
serial:COM8/dial_raw,1632256,1785394319280,9147,
serial:COM8/dial_raw,1632258,1785394319282,9147,
serial:COM8/dial_raw,1632260,1785394319284,9148,
serial:COM8/dial_raw,1632262,1785394319286,9149,
serial:COM8/dial_raw,1632264,1785394319288,9150,
serial:COM8/dial_raw,1632266,1785394319290,9145,
serial:COM8/dial_raw,1632268,1785394319292,9148,
serial:COM8/dial_raw,1632270,1785394319294,9146,
serial:COM8/dial_raw,1632272,1785394319296,9146,
serial:COM8/dial_raw,1632274,1785394319298,9147,
serial:COM8/dial_raw,1632276,1785394319300,9146,
serial:COM8/dial_raw,1632278,1785394319302,9148,
serial:COM8/dial_raw,1632280,1785394319304,9146,
serial:COM8/dial_raw,1632282,1785394319306,9147,
serial:COM8/dial_raw,1632284,1785394319308,9151,
serial:COM8/dial_raw,1632286,1785394319310,9150,
serial:COM8/dial_raw,1632288,1785394319312,9149,
serial:COM8/dial_raw,1632290,1785394319314,9145,
serial:COM8/dial_raw,1632292,1785394319316,9147,
serial:COM8/dial_raw,1632294,1785394319318,9149,
serial:COM8/dial_raw,1632296,1785394319320,9149,
serial:COM8/dial_raw,1632298,1785394319322,9146,
serial:COM8/dial_raw,1632300,1785394319324,9147,
serial:COM8/dial_raw,1632302,1785394319326,9147,
serial:COM8/dial_raw,1632304,1785394319328,9147,
serial:COM8/dial_raw,1632306,1785394319330,9148,
serial:COM8/dial_raw,1632308,1785394319332,9146,
serial:COM8/dial_raw,1632310,1785394319334,9146,
serial:COM8/dial_raw,1632312,1785394319336,9148,
serial:COM8/dial_raw,1632314,1785394319338,9146,
serial:COM8/dial_raw,1632316,1785394319340,9148,
serial:COM8/dial_raw,1632318,1785394319342,9146,
serial:COM8/dial_raw,1632320,1785394319344,9148,
serial:COM8/dial_raw,1632322,1785394319346,9146,
serial:COM8/dial_raw,1632324,1785394319348,9148,
serial:COM8/dial_raw,1632326,1785394319350,9146,
serial:COM8/dial_raw,1632328,1785394319352,9150,
serial:COM8/dial_raw,1632330,1785394319354,9147,
serial:COM8/dial_raw,1632332,1785394319359,9149,
serial:COM8/dial_raw,1632334,1785394319359,9148,
serial:COM8/dial_raw,1632336,1785394319360,9147,
serial:COM8/dial_raw,1632338,1785394319362,9147,
serial:COM8/dial_raw,1632340,1785394319364,9150,
serial:COM8/dial_raw,1632342,1785394319366,9149,
serial:COM8/dial_raw,1632344,1785394319368,9149,
serial:COM8/dial_raw,1632346,1785394319370,9149,
serial:COM8/dial_raw,1632348,1785394319372,9147,
serial:COM8/dial_raw,1632350,1785394319374,9146,
serial:COM8/dial_raw,1632352,1785394319376,9150,
serial:COM8/dial_raw,1632354,1785394319378,9148,
serial:COM8/dial_raw,1632356,1785394319380,9149,
serial:COM8/dial_raw,1632358,1785394319382,9146,
serial:COM8/dial_raw,1632360,1785394319384,9149,
serial:COM8/dial_raw,1632362,1785394319386,9147,
serial:COM8/dial_raw,1632364,1785394319388,9147,
serial:COM8/dial_raw,1632366,1785394319390,9147,
serial:COM8/dial_raw,1632368,1785394319392,9149,
serial:COM8/dial_raw,1632370,1785394319394,9147,
serial:COM8/dial_raw,1632372,1785394319396,9149,
serial:COM8/dial_raw,1632374,1785394319398,9147,
serial:COM8/dial_raw,1632376,1785394319400,9151,
serial:COM8/dial_raw,1632378,1785394319402,9149,
serial:COM8/dial_raw,1632380,1785394319404,9147,
serial:COM8/dial_raw,1632382,1785394319406,9148,
serial:COM8/dial_raw,1632384,1785394319408,9147,
serial:COM8/dial_raw,1632386,1785394319410,9146,
serial:COM8/dial_raw,1632388,1785394319412,9148,
serial:COM8/dial_raw,1632390,1785394319414,9145,
serial:COM8/dial_raw,1632392,1785394319416,9146,
serial:COM8/dial_raw,1632394,1785394319418,9145,
serial:COM8/dial_raw,1632396,1785394319420,9147,
serial:COM8/dial_raw,1632398,1785394319422,9151,
serial:COM8/dial_raw,1632400,1785394319424,9149,
serial:COM8/dial_raw,1632402,1785394319426,9147,
serial:COM8/dial_raw,1632404,1785394319428,9147,
serial:COM8/dial_raw,1632406,1785394319430,9148,
serial:COM8/dial_raw,1632408,1785394319432,9146,
serial:COM8/dial_raw,1632410,1785394319434,9148,
serial:COM8/dial_raw,1632412,1785394319436,9148,
serial:COM8/dial_raw,1632414,1785394319438,9148,
serial:COM8/dial_raw,1632416,1785394319440,9148,
serial:COM8/dial_raw,1632418,1785394319442,9147,
serial:COM8/dial_raw,1632420,1785394319444,9146,
serial:COM8/dial_raw,1632422,1785394319446,9149,
serial:COM8/dial_raw,1632424,1785394319448,9147,
serial:COM8/dial_raw,1632426,1785394319450,9146,
serial:COM8/dial_raw,1632428,1785394319452,9148,
serial:COM8/dial_raw,1632430,1785394319454,9146,
serial:COM8/dial_raw,1632432,1785394319456,9145,
serial:COM8/dial_raw,1632434,1785394319458,9148,
serial:COM8/dial_raw,1632436,1785394319460,9148,
serial:COM8/dial_raw,1632438,1785394319462,9147,
serial:COM8/dial_raw,1632440,1785394319464,9147,
serial:COM8/dial_raw,1632442,1785394319466,9145,
serial:COM8/dial_raw,1632444,1785394319468,9145,
serial:COM8/dial_raw,1632446,1785394319470,9147,
serial:COM8/dial_raw,1632448,1785394319472,9148,
serial:COM8/dial_raw,1632450,1785394319474,9148,
serial:COM8/dial_raw,1632452,1785394319476,9150,
serial:COM8/dial_raw,1632454,1785394319478,9148,
serial:COM8/dial_raw,1632456,1785394319480,9148,
serial:COM8/dial_raw,1632458,1785394319482,9147,
serial:COM8/dial_raw,1632460,1785394319484,9144,
serial:COM8/dial_raw,1632462,1785394319486,9150,
serial:COM8/dial_raw,1632464,1785394319488,9147,
serial:COM8/dial_raw,1632466,1785394319490,9146,
serial:COM8/dial_raw,1632468,1785394319492,9147,
serial:COM8/dial_raw,1632470,1785394319494,9145,
serial:COM8/dial_raw,1632472,1785394319496,9146,
serial:COM8/dial_raw,1632474,1785394319498,9148,
serial:COM8/dial_raw,1632476,1785394319500,9147,
serial:COM8/dial_raw,1632478,1785394319502,9146,
serial:COM8/dial_raw,1632480,1785394319504,9149,
serial:COM8/dial_raw,1632482,1785394319506,9148,
serial:COM8/dial_raw,1632484,1785394319508,9148,
serial:COM8/dial_raw,1632486,1785394319510,9148,
serial:COM8/dial_raw,1632488,1785394319512,9147,
serial:COM8/dial_raw,1632490,1785394319514,9148,
serial:COM8/dial_raw,1632492,1785394319516,9147,
serial:COM8/dial_raw,1632494,1785394319518,9149,
serial:COM8/dial_raw,1632496,1785394319520,9148,
serial:COM8/dial_raw,1632498,1785394319522,9149,
serial:COM8/dial_raw,1632500,1785394319524,9147,
serial:COM8/dial_raw,1632502,1785394319526,9148,
serial:COM8/dial_raw,1632504,1785394319528,9148,
serial:COM8/dial_raw,1632506,1785394319530,9148,
serial:COM8/dial_raw,1632508,1785394319532,9147,
serial:COM8/dial_raw,1632510,1785394319534,9148,
serial:COM8/dial_raw,1632512,1785394319536,9150,
serial:COM8/dial_raw,1632514,1785394319538,9147,
serial:COM8/dial_raw,1632516,1785394319540,9148,
serial:COM8/dial_raw,1632518,1785394319542,9145,
serial:COM8/dial_raw,1632520,1785394319544,9148,
serial:COM8/dial_raw,1632522,1785394319546,9146,
serial:COM8/dial_raw,1632524,1785394319548,9147,
serial:COM8/dial_raw,1632526,1785394319550,9148,
serial:COM8/dial_raw,1632528,1785394319552,9148,
serial:COM8/dial_raw,1632530,1785394319554,9147,
serial:COM8/dial_raw,1632532,1785394319559,9149,
serial:COM8/dial_raw,1632534,1785394319559,9149,
serial:COM8/dial_raw,1632536,1785394319560,9146,
serial:COM8/dial_raw,1632538,1785394319562,9148,
serial:COM8/dial_raw,1632540,1785394319564,9147,
serial:COM8/dial_raw,1632542,1785394319566,9148,
serial:COM8/dial_raw,1632544,1785394319568,9147,
serial:COM8/dial_raw,1632546,1785394319570,9147,
serial:COM8/dial_raw,1632548,1785394319572,9146,
serial:COM8/dial_raw,1632550,1785394319574,9149,
serial:COM8/dial_raw,1632552,1785394319576,9149,
serial:COM8/dial_raw,1632554,1785394319578,9147,
serial:COM8/dial_raw,1632556,1785394319580,9149,
serial:COM8/dial_raw,1632558,1785394319582,9149,
serial:COM8/dial_raw,1632560,1785394319584,9147,
serial:COM8/dial_raw,1632562,1785394319586,9146,
serial:COM8/dial_raw,1632564,1785394319588,9147,
serial:COM8/dial_raw,1632566,1785394319590,9148,
serial:COM8/dial_raw,1632568,1785394319592,9147,
serial:COM8/dial_raw,1632570,1785394319595,9146,
serial:COM8/dial_raw,1632572,1785394319596,9149,
serial:COM8/dial_raw,1632574,1785394319598,9147,
serial:COM8/dial_raw,1632576,1785394319600,9146,
serial:COM8/dial_raw,1632578,1785394319602,9148,
serial:COM8/dial_raw,1632580,1785394319604,9147,
serial:COM8/dial_raw,1632582,1785394319606,9148,
serial:COM8/dial_raw,1632584,1785394319608,9148,
serial:COM8/dial_raw,1632586,1785394319610,9148,
serial:COM8/dial_raw,1632588,1785394319612,9150,
serial:COM8/dial_raw,1632590,1785394319614,9146,
serial:COM8/dial_raw,1632592,1785394319616,9146,
serial:COM8/dial_raw,1632594,1785394319618,9147,
serial:COM8/dial_raw,1632596,1785394319620,9152,
serial:COM8/dial_raw,1632598,1785394319622,9148,
serial:COM8/dial_raw,1632600,1785394319624,9148,
serial:COM8/dial_raw,1632602,1785394319626,9148,
serial:COM8/dial_raw,1632604,1785394319628,9147,
serial:COM8/dial_raw,1632606,1785394319630,9148,
serial:COM8/dial_raw,1632608,1785394319632,9148,
serial:COM8/dial_raw,1632610,1785394319634,9146,
serial:COM8/dial_raw,1632612,1785394319636,9148,
serial:COM8/dial_raw,1632614,1785394319638,9150,
serial:COM8/dial_raw,1632616,1785394319640,9146,
serial:COM8/dial_raw,1632618,1785394319642,9147,
serial:COM8/dial_raw,1632620,1785394319644,9148,
serial:COM8/dial_raw,1632622,1785394319646,9148,
serial:COM8/dial_raw,1632624,1785394319648,9147,
serial:COM8/dial_raw,1632626,1785394319650,9148,
serial:COM8/dial_raw,1632628,1785394319652,9148,
serial:COM8/dial_raw,1632630,1785394319654,9150,
serial:COM8/dial_raw,1632632,1785394319656,9147,
serial:COM8/dial_raw,1632634,1785394319658,9147,
serial:COM8/dial_raw,1632636,1785394319660,9149,
serial:COM8/dial_raw,1632638,1785394319662,9148,
serial:COM8/dial_raw,1632640,1785394319664,9146,
serial:COM8/dial_raw,1632642,1785394319666,9145,
serial:COM8/dial_raw,1632644,1785394319668,9147,
serial:COM8/dial_raw,1632646,1785394319670,9148,
serial:COM8/dial_raw,1632648,1785394319672,9146,
serial:COM8/dial_raw,1632650,1785394319674,9148,
serial:COM8/dial_raw,1632652,1785394319676,9147,
serial:COM8/dial_raw,1632654,1785394319678,9148,
serial:COM8/dial_raw,1632656,1785394319680,9148,
serial:COM8/dial_raw,1632658,1785394319682,9148,
serial:COM8/dial_raw,1632660,1785394319684,9148,
serial:COM8/dial_raw,1632662,1785394319686,9147,
serial:COM8/dial_raw,1632664,1785394319688,9148,
serial:COM8/dial_raw,1632666,1785394319690,9147,
serial:COM8/dial_raw,1632668,1785394319692,9147,
serial:COM8/dial_raw,1632670,1785394319694,9148,
serial:COM8/dial_raw,1632672,1785394319696,9147,
serial:COM8/dial_raw,1632674,1785394319698,9149,
serial:COM8/dial_raw,1632676,1785394319700,9149,
serial:COM8/dial_raw,1632678,1785394319702,9149,
serial:COM8/dial_raw,1632680,1785394319704,9148,
serial:COM8/dial_raw,1632682,1785394319706,9147,
serial:COM8/dial_raw,1632684,1785394319708,9147,
serial:COM8/dial_raw,1632686,1785394319710,9150,
serial:COM8/dial_raw,1632688,1785394319712,9148,
serial:COM8/dial_raw,1632690,1785394319714,9145,
serial:COM8/dial_raw,1632692,1785394319716,9148,
serial:COM8/dial_raw,1632694,1785394319718,9149,
serial:COM8/dial_raw,1632696,1785394319720,9148,
serial:COM8/dial_raw,1632698,1785394319722,9146,
serial:COM8/dial_raw,1632700,1785394319724,9148,
serial:COM8/dial_raw,1632702,1785394319726,9146,
serial:COM8/dial_raw,1632704,1785394319728,9147,
serial:COM8/dial_raw,1632706,1785394319730,9147,
serial:COM8/dial_raw,1632708,1785394319732,9146,
serial:COM8/dial_raw,1632710,1785394319734,9147,
serial:COM8/dial_raw,1632712,1785394319736,9147,
serial:COM8/dial_raw,1632714,1785394319738,9147,
serial:COM8/dial_raw,1632716,1785394319740,9148,
serial:COM8/dial_raw,1632718,1785394319742,9147,
serial:COM8/dial_raw,1632720,1785394319744,9144,
serial:COM8/dial_raw,1632722,1785394319746,9146,
serial:COM8/dial_raw,1632724,1785394319748,9148,
serial:COM8/dial_raw,1632726,1785394319750,9147,
serial:COM8/dial_raw,1632728,1785394319752,9146,
serial:COM8/dial_raw,1632730,1785394319754,9147,
serial:COM8/dial_raw,1632732,1785394319759,9147,
serial:COM8/dial_raw,1632734,1785394319759,9148,
serial:COM8/dial_raw,1632736,1785394319760,9147,
serial:COM8/dial_raw,1632738,1785394319762,9147,
serial:COM8/dial_raw,1632740,1785394319764,9147,
serial:COM8/dial_raw,1632742,1785394319766,9150,
serial:COM8/dial_raw,1632744,1785394319768,9148,
serial:COM8/dial_raw,1632746,1785394319770,9148,
serial:COM8/dial_raw,1632748,1785394319772,9148,
serial:COM8/dial_raw,1632750,1785394319774,9147,
serial:COM8/dial_raw,1632752,1785394319776,9148,
serial:COM8/dial_raw,1632754,1785394319778,9147,
serial:COM8/dial_raw,1632756,1785394319780,9147,
serial:COM8/dial_raw,1632758,1785394319782,9147,
serial:COM8/dial_raw,1632760,1785394319784,9148,
serial:COM8/dial_raw,1632762,1785394319786,9148,
serial:COM8/dial_raw,1632764,1785394319788,9148,
serial:COM8/dial_raw,1632766,1785394319790,9148,
serial:COM8/dial_raw,1632768,1785394319792,9145,
serial:COM8/dial_raw,1632770,1785394319794,9147,
serial:COM8/dial_raw,1632772,1785394319796,9145,
serial:COM8/dial_raw,1632774,1785394319798,9149,
serial:COM8/dial_raw,1632776,1785394319800,9147,
serial:COM8/dial_raw,1632778,1785394319802,9148,
serial:COM8/dial_raw,1632780,1785394319804,9146,
serial:COM8/dial_raw,1632782,1785394319806,9147,
serial:COM8/dial_raw,1632784,1785394319808,9147,
serial:COM8/dial_raw,1632786,1785394319810,9147,
serial:COM8/dial_raw,1632788,1785394319812,9149,
serial:COM8/dial_raw,1632790,1785394319814,9148,
serial:COM8/dial_raw,1632792,1785394319816,9149,
serial:COM8/dial_raw,1632794,1785394319818,9149,
serial:COM8/dial_raw,1632796,1785394319820,9148,
serial:COM8/dial_raw,1632798,1785394319822,9148,
serial:COM8/dial_raw,1632800,1785394319824,9148,
serial:COM8/dial_raw,1632802,1785394319826,9149,
serial:COM8/dial_raw,1632804,1785394319828,9146,
serial:COM8/dial_raw,1632806,1785394319830,9146,
serial:COM8/dial_raw,1632808,1785394319832,9148,
serial:COM8/dial_raw,1632810,1785394319834,9149,
serial:COM8/dial_raw,1632812,1785394319836,9147,
serial:COM8/dial_raw,1632814,1785394319838,9148,
serial:COM8/dial_raw,1632816,1785394319840,9146,
serial:COM8/dial_raw,1632818,1785394319842,9147,
serial:COM8/dial_raw,1632820,1785394319844,9148,
serial:COM8/dial_raw,1632822,1785394319846,9147,
serial:COM8/dial_raw,1632824,1785394319848,9147,
serial:COM8/dial_raw,1632826,1785394319850,9146,
serial:COM8/dial_raw,1632828,1785394319852,9149,
serial:COM8/dial_raw,1632830,1785394319854,9148,
serial:COM8/dial_raw,1632832,1785394319856,9147,
serial:COM8/dial_raw,1632834,1785394319858,9148,
serial:COM8/dial_raw,1632836,1785394319860,9148,
serial:COM8/dial_raw,1632838,1785394319862,9147,
serial:COM8/dial_raw,1632840,1785394319864,9147,
serial:COM8/dial_raw,1632842,1785394319866,9151,
serial:COM8/dial_raw,1632844,1785394319868,9149,
serial:COM8/dial_raw,1632846,1785394319870,9147,
serial:COM8/dial_raw,1632848,1785394319872,9147,
serial:COM8/dial_raw,1632850,1785394319874,9147,
serial:COM8/dial_raw,1632852,1785394319876,9146,
serial:COM8/dial_raw,1632854,1785394319878,9147,
serial:COM8/dial_raw,1632856,1785394319880,9147,
serial:COM8/dial_raw,1632858,1785394319882,9146,
serial:COM8/dial_raw,1632860,1785394319884,9149,
serial:COM8/dial_raw,1632862,1785394319886,9148,
serial:COM8/dial_raw,1632864,1785394319888,9148,
serial:COM8/dial_raw,1632866,1785394319890,9148,
serial:COM8/dial_raw,1632868,1785394319892,9148,
serial:COM8/dial_raw,1632870,1785394319894,9147,
serial:COM8/dial_raw,1632872,1785394319896,9147,
serial:COM8/dial_raw,1632874,1785394319898,9146,
serial:COM8/dial_raw,1632876,1785394319900,9147,
serial:COM8/dial_raw,1632878,1785394319902,9148,
serial:COM8/dial_raw,1632880,1785394319904,9148,
serial:COM8/dial_raw,1632882,1785394319906,9145,
serial:COM8/dial_raw,1632884,1785394319908,9147,
serial:COM8/dial_raw,1632886,1785394319910,9148,
serial:COM8/dial_raw,1632888,1785394319912,9145,
serial:COM8/dial_raw,1632890,1785394319914,9148,
serial:COM8/dial_raw,1632892,1785394319916,9145,
serial:COM8/dial_raw,1632894,1785394319918,9147,
serial:COM8/dial_raw,1632896,1785394319920,9146,
serial:COM8/dial_raw,1632898,1785394319922,9148,
serial:COM8/dial_raw,1632900,1785394319924,9145,
serial:COM8/dial_raw,1632902,1785394319926,9148,
serial:COM8/dial_raw,1632904,1785394319928,9147,
serial:COM8/dial_raw,1632906,1785394319930,9149,
serial:COM8/dial_raw,1632908,1785394319932,9148,
serial:COM8/dial_raw,1632910,1785394319934,9147,
serial:COM8/dial_raw,1632912,1785394319936,9149,
serial:COM8/dial_raw,1632914,1785394319938,9148,
serial:COM8/dial_raw,1632916,1785394319940,9147,
serial:COM8/dial_raw,1632918,1785394319942,9147,
serial:COM8/dial_raw,1632920,1785394319944,9145,
serial:COM8/dial_raw,1632922,1785394319946,9147,
serial:COM8/dial_raw,1632924,1785394319948,9147,
serial:COM8/dial_raw,1632926,1785394319950,9146,
serial:COM8/dial_raw,1632928,1785394319952,9145,
serial:COM8/dial_raw,1632930,1785394319954,9147,
serial:COM8/dial_raw,1632932,1785394319959,9147,
serial:COM8/dial_raw,1632934,1785394319959,9146,
serial:COM8/dial_raw,1632936,1785394319960,9149,
serial:COM8/dial_raw,1632938,1785394319962,9147,
serial:COM8/dial_raw,1632940,1785394319964,9147,
serial:COM8/dial_raw,1632942,1785394319966,9149,
serial:COM8/dial_raw,1632944,1785394319968,9146,
serial:COM8/dial_raw,1632946,1785394319970,9150,
serial:COM8/dial_raw,1632948,1785394319972,9147,
serial:COM8/dial_raw,1632950,1785394319974,9148,
serial:COM8/dial_raw,1632952,1785394319976,9147,
serial:COM8/dial_raw,1632954,1785394319978,9149,
serial:COM8/dial_raw,1632956,1785394319980,9149,
serial:COM8/dial_raw,1632958,1785394319982,9148,
serial:COM8/dial_raw,1632960,1785394319984,9147,
serial:COM8/dial_raw,1632962,1785394319986,9149,
serial:COM8/dial_raw,1632964,1785394319988,9147,
serial:COM8/dial_raw,1632966,1785394319990,9147,
serial:COM8/dial_raw,1632968,1785394319992,9144,
serial:COM8/dial_raw,1632970,1785394319994,9147,
serial:COM8/dial_raw,1632972,1785394319996,9149,
serial:COM8/dial_raw,1632974,1785394319998,9148,
serial:COM8/dial_raw,1632976,1785394320000,9147,
serial:COM8/dial_raw,1632978,1785394320002,9145,
serial:COM8/dial_raw,1632980,1785394320004,9150,
serial:COM8/dial_raw,1632982,1785394320006,9149,
serial:COM8/dial_raw,1632984,1785394320008,9147,
serial:COM8/dial_raw,1632986,1785394320010,9147,
serial:COM8/dial_raw,1632988,1785394320012,9149,
serial:COM8/dial_raw,1632990,1785394320014,9146,
serial:COM8/dial_raw,1632992,1785394320016,9148,
serial:COM8/dial_raw,1632994,1785394320018,9148,
serial:COM8/dial_raw,1632996,1785394320020,9147,
serial:COM8/dial_raw,1632998,1785394320022,9149,
serial:COM8/dial_raw,1633000,1785394320024,9146,
serial:COM8/dial_raw,1633002,1785394320026,9148,
serial:COM8/dial_raw,1633004,1785394320028,9148,
serial:COM8/dial_raw,1633006,1785394320030,9145,
serial:COM8/dial_raw,1633008,1785394320032,9147,
serial:COM8/dial_raw,1633010,1785394320034,9148,
serial:COM8/dial_raw,1633012,1785394320036,9149,
serial:COM8/dial_raw,1633014,1785394320038,9145,
serial:COM8/dial_raw,1633016,1785394320040,9148,
serial:COM8/dial_raw,1633018,1785394320042,9146,
serial:COM8/dial_raw,1633020,1785394320044,9148,
serial:COM8/dial_raw,1633022,1785394320046,9149,
serial:COM8/dial_raw,1633024,1785394320048,9146,
serial:COM8/dial_raw,1633026,1785394320050,9149,
serial:COM8/dial_raw,1633028,1785394320052,9149,
serial:COM8/dial_raw,1633030,1785394320054,9147,
serial:COM8/dial_raw,1633032,1785394320056,9147,
serial:COM8/dial_raw,1633034,1785394320058,9147,
serial:COM8/dial_raw,1633036,1785394320060,9148,
serial:COM8/dial_raw,1633038,1785394320062,9148,
serial:COM8/dial_raw,1633040,1785394320064,9147,
serial:COM8/dial_raw,1633042,1785394320066,9148,
serial:COM8/dial_raw,1633044,1785394320068,9147,
serial:COM8/dial_raw,1633046,1785394320070,9147,
serial:COM8/dial_raw,1633048,1785394320072,9147,
serial:COM8/dial_raw,1633050,1785394320074,9147,
serial:COM8/dial_raw,1633052,1785394320076,9148,
serial:COM8/dial_raw,1633054,1785394320078,9148,
serial:COM8/dial_raw,1633056,1785394320080,9148,
serial:COM8/dial_raw,1633058,1785394320082,9149,
serial:COM8/dial_raw,1633060,1785394320084,9148,
serial:COM8/dial_raw,1633062,1785394320086,9148,
serial:COM8/dial_raw,1633064,1785394320088,9148,
serial:COM8/dial_raw,1633066,1785394320090,9147,
serial:COM8/dial_raw,1633068,1785394320092,9146,
serial:COM8/dial_raw,1633070,1785394320094,9147,
serial:COM8/dial_raw,1633072,1785394320096,9145,
serial:COM8/dial_raw,1633074,1785394320098,9147,
serial:COM8/dial_raw,1633076,1785394320100,9149,
serial:COM8/dial_raw,1633078,1785394320102,9150,
serial:COM8/dial_raw,1633080,1785394320104,9146,
serial:COM8/dial_raw,1633082,1785394320106,9146,
serial:COM8/dial_raw,1633084,1785394320108,9148,
serial:COM8/dial_raw,1633086,1785394320110,9148,
serial:COM8/dial_raw,1633088,1785394320112,9147,
serial:COM8/dial_raw,1633090,1785394320114,9146,
serial:COM8/dial_raw,1633092,1785394320116,9147,
serial:COM8/dial_raw,1633094,1785394320118,9149,
serial:COM8/dial_raw,1633096,1785394320120,9149,
serial:COM8/dial_raw,1633098,1785394320122,9148,
serial:COM8/dial_raw,1633100,1785394320124,9147,
serial:COM8/dial_raw,1633102,1785394320126,9148,
serial:COM8/dial_raw,1633104,1785394320128,9148,
serial:COM8/dial_raw,1633106,1785394320130,9148,
serial:COM8/dial_raw,1633108,1785394320132,9147,
serial:COM8/dial_raw,1633110,1785394320134,9147,
serial:COM8/dial_raw,1633112,1785394320136,9147,
serial:COM8/dial_raw,1633114,1785394320138,9149,
serial:COM8/dial_raw,1633116,1785394320140,9149,
serial:COM8/dial_raw,1633118,1785394320142,9148,
serial:COM8/dial_raw,1633120,1785394320144,9147,
serial:COM8/dial_raw,1633122,1785394320146,9149,
serial:COM8/dial_raw,1633124,1785394320148,9149,
serial:COM8/dial_raw,1633126,1785394320150,9147,
serial:COM8/dial_raw,1633128,1785394320152,9146,
serial:COM8/dial_raw,1633130,1785394320154,9149,
serial:COM8/dial_raw,1633132,1785394320159,9147,
serial:COM8/dial_raw,1633134,1785394320159,9144,
serial:COM8/dial_raw,1633136,1785394320160,9148,
serial:COM8/dial_raw,1633138,1785394320162,9148,
serial:COM8/dial_raw,1633140,1785394320164,9147,
serial:COM8/dial_raw,1633142,1785394320166,9151,
serial:COM8/dial_raw,1633144,1785394320168,9147,
serial:COM8/dial_raw,1633146,1785394320170,9147,
serial:COM8/dial_raw,1633148,1785394320172,9147,
serial:COM8/dial_raw,1633150,1785394320174,9149,
serial:COM8/dial_raw,1633152,1785394320176,9148,
serial:COM8/dial_raw,1633154,1785394320178,9149,
serial:COM8/dial_raw,1633156,1785394320180,9146,
serial:COM8/dial_raw,1633158,1785394320182,9148,
serial:COM8/dial_raw,1633160,1785394320184,9146,
serial:COM8/dial_raw,1633162,1785394320186,9147,
serial:COM8/dial_raw,1633164,1785394320188,9147,
serial:COM8/dial_raw,1633166,1785394320190,9147,
serial:COM8/dial_raw,1633168,1785394320192,9151,
serial:COM8/dial_raw,1633170,1785394320194,9148,
serial:COM8/dial_raw,1633172,1785394320196,9149,
serial:COM8/dial_raw,1633174,1785394320198,9147,
serial:COM8/dial_raw,1633176,1785394320200,9147,
serial:COM8/dial_raw,1633178,1785394320202,9148,
serial:COM8/dial_raw,1633180,1785394320204,9147,
serial:COM8/dial_raw,1633182,1785394320206,9147,
serial:COM8/dial_raw,1633184,1785394320208,9149,
serial:COM8/dial_raw,1633186,1785394320210,9149,
serial:COM8/dial_raw,1633188,1785394320212,9146,
serial:COM8/dial_raw,1633190,1785394320214,9146,
serial:COM8/dial_raw,1633192,1785394320216,9148,
serial:COM8/dial_raw,1633194,1785394320218,9149,
serial:COM8/dial_raw,1633196,1785394320220,9146,
serial:COM8/dial_raw,1633198,1785394320222,9146,
serial:COM8/dial_raw,1633200,1785394320224,9147,
serial:COM8/dial_raw,1633202,1785394320226,9150,
serial:COM8/dial_raw,1633204,1785394320228,9146,
serial:COM8/dial_raw,1633206,1785394320230,9147,
serial:COM8/dial_raw,1633208,1785394320232,9149,
serial:COM8/dial_raw,1633210,1785394320234,9146,
serial:COM8/dial_raw,1633212,1785394320236,9148,
serial:COM8/dial_raw,1633214,1785394320238,9148,
serial:COM8/dial_raw,1633216,1785394320240,9147,
serial:COM8/dial_raw,1633218,1785394320242,9146,
serial:COM8/dial_raw,1633220,1785394320244,9149,
serial:COM8/dial_raw,1633222,1785394320246,9149,
serial:COM8/dial_raw,1633224,1785394320248,9146,
serial:COM8/dial_raw,1633226,1785394320250,9148,
serial:COM8/dial_raw,1633228,1785394320252,9148,
serial:COM8/dial_raw,1633230,1785394320254,9149,
serial:COM8/dial_raw,1633232,1785394320256,9147,
serial:COM8/dial_raw,1633234,1785394320258,9147,
serial:COM8/dial_raw,1633236,1785394320260,9147,
serial:COM8/dial_raw,1633238,1785394320262,9147,
serial:COM8/dial_raw,1633240,1785394320264,9148,
serial:COM8/dial_raw,1633242,1785394320266,9148,
serial:COM8/dial_raw,1633244,1785394320268,9149,
serial:COM8/dial_raw,1633246,1785394320270,9149,
serial:COM8/dial_raw,1633248,1785394320272,9147,
serial:COM8/dial_raw,1633250,1785394320274,9147,
serial:COM8/dial_raw,1633252,1785394320276,9149,
serial:COM8/dial_raw,1633254,1785394320278,9148,
serial:COM8/dial_raw,1633256,1785394320280,9146,
serial:COM8/dial_raw,1633258,1785394320282,9150,
serial:COM8/dial_raw,1633260,1785394320284,9145,
serial:COM8/dial_raw,1633262,1785394320286,9147,
serial:COM8/dial_raw,1633264,1785394320288,9148,
serial:COM8/dial_raw,1633266,1785394320290,9150,
serial:COM8/dial_raw,1633268,1785394320292,9148,
serial:COM8/dial_raw,1633270,1785394320294,9148,
serial:COM8/dial_raw,1633272,1785394320296,9145,
serial:COM8/dial_raw,1633274,1785394320298,9149,
serial:COM8/dial_raw,1633276,1785394320300,9148,
serial:COM8/dial_raw,1633278,1785394320302,9148,
serial:COM8/dial_raw,1633280,1785394320304,9148,
serial:COM8/dial_raw,1633282,1785394320306,9148,
serial:COM8/dial_raw,1633284,1785394320308,9148,
serial:COM8/dial_raw,1633286,1785394320310,9147,
serial:COM8/dial_raw,1633288,1785394320312,9146,
serial:COM8/dial_raw,1633290,1785394320314,9150,
serial:COM8/dial_raw,1633292,1785394320316,9149,
serial:COM8/dial_raw,1633294,1785394320318,9150,
serial:COM8/dial_raw,1633296,1785394320320,9148,
serial:COM8/dial_raw,1633298,1785394320322,9149,
serial:COM8/dial_raw,1633300,1785394320324,9148,
serial:COM8/dial_raw,1633302,1785394320326,9147,
serial:COM8/dial_raw,1633304,1785394320328,9150,
serial:COM8/dial_raw,1633306,1785394320330,9149,
serial:COM8/dial_raw,1633308,1785394320332,9148,
serial:COM8/dial_raw,1633310,1785394320334,9148,
serial:COM8/dial_raw,1633312,1785394320336,9146,
serial:COM8/dial_raw,1633314,1785394320338,9145,
serial:COM8/dial_raw,1633316,1785394320340,9147,
serial:COM8/dial_raw,1633318,1785394320342,9148,
serial:COM8/dial_raw,1633320,1785394320344,9147,
serial:COM8/dial_raw,1633322,1785394320346,9146,
serial:COM8/dial_raw,1633324,1785394320348,9148,
serial:COM8/dial_raw,1633326,1785394320350,9149,
serial:COM8/dial_raw,1633328,1785394320352,9148,
serial:COM8/dial_raw,1633330,1785394320354,9147,
serial:COM8/dial_raw,1633332,1785394320359,9150,
serial:COM8/dial_raw,1633334,1785394320359,9148,
serial:COM8/dial_raw,1633336,1785394320360,9147,
serial:COM8/dial_raw,1633338,1785394320362,9147,
serial:COM8/dial_raw,1633340,1785394320364,9147,
serial:COM8/dial_raw,1633342,1785394320366,9147,
serial:COM8/dial_raw,1633344,1785394320368,9147,
serial:COM8/dial_raw,1633346,1785394320370,9146,
serial:COM8/dial_raw,1633348,1785394320372,9148,
serial:COM8/dial_raw,1633350,1785394320374,9146,
serial:COM8/dial_raw,1633352,1785394320376,9148,
serial:COM8/dial_raw,1633354,1785394320378,9147,
serial:COM8/dial_raw,1633356,1785394320380,9147,
serial:COM8/dial_raw,1633358,1785394320382,9147,
serial:COM8/dial_raw,1633360,1785394320384,9147,
serial:COM8/dial_raw,1633362,1785394320386,9145,
serial:COM8/dial_raw,1633364,1785394320388,9147,
serial:COM8/dial_raw,1633366,1785394320390,9149,
serial:COM8/dial_raw,1633368,1785394320392,9149,
serial:COM8/dial_raw,1633370,1785394320394,9147,
serial:COM8/dial_raw,1633372,1785394320396,9148,
serial:COM8/dial_raw,1633374,1785394320398,9150,
serial:COM8/dial_raw,1633376,1785394320400,9150,
serial:COM8/dial_raw,1633378,1785394320402,9148,
serial:COM8/dial_raw,1633380,1785394320404,9149,
serial:COM8/dial_raw,1633382,1785394320406,9148,
serial:COM8/dial_raw,1633384,1785394320408,9147,
serial:COM8/dial_raw,1633386,1785394320410,9149,
serial:COM8/dial_raw,1633388,1785394320412,9147,
serial:COM8/dial_raw,1633390,1785394320414,9145,
serial:COM8/dial_raw,1633392,1785394320416,9149,
serial:COM8/dial_raw,1633394,1785394320418,9148,
serial:COM8/dial_raw,1633396,1785394320420,9147,
serial:COM8/dial_raw,1633398,1785394320422,9147,
serial:COM8/dial_raw,1633400,1785394320424,9147,
serial:COM8/dial_raw,1633402,1785394320426,9147,
serial:COM8/dial_raw,1633404,1785394320428,9148,
serial:COM8/dial_raw,1633406,1785394320430,9149,
serial:COM8/dial_raw,1633408,1785394320432,9146,
serial:COM8/dial_raw,1633410,1785394320434,9147,
serial:COM8/dial_raw,1633412,1785394320436,9147,
serial:COM8/dial_raw,1633414,1785394320438,9147,
serial:COM8/dial_raw,1633416,1785394320440,9148,
serial:COM8/dial_raw,1633418,1785394320442,9147,
serial:COM8/dial_raw,1633420,1785394320444,9149,
serial:COM8/dial_raw,1633422,1785394320446,9147,
serial:COM8/dial_raw,1633424,1785394320448,9150,
serial:COM8/dial_raw,1633426,1785394320450,9147,
serial:COM8/dial_raw,1633428,1785394320452,9148,
serial:COM8/dial_raw,1633430,1785394320454,9150,
serial:COM8/dial_raw,1633432,1785394320456,9147,
serial:COM8/dial_raw,1633434,1785394320458,9147,
serial:COM8/dial_raw,1633436,1785394320460,9150,
serial:COM8/dial_raw,1633438,1785394320462,9149,
serial:COM8/dial_raw,1633440,1785394320464,9148,
serial:COM8/dial_raw,1633442,1785394320466,9148,
serial:COM8/dial_raw,1633444,1785394320468,9146,
serial:COM8/dial_raw,1633446,1785394320470,9148,
serial:COM8/dial_raw,1633448,1785394320472,9149,
serial:COM8/dial_raw,1633450,1785394320474,9147,
serial:COM8/dial_raw,1633452,1785394320476,9146,
serial:COM8/dial_raw,1633454,1785394320478,9147,
serial:COM8/dial_raw,1633456,1785394320480,9148,
serial:COM8/dial_raw,1633458,1785394320482,9147,
serial:COM8/dial_raw,1633460,1785394320484,9148,
serial:COM8/dial_raw,1633462,1785394320486,9149,
serial:COM8/dial_raw,1633464,1785394320488,9148,
serial:COM8/dial_raw,1633466,1785394320490,9148,
serial:COM8/dial_raw,1633468,1785394320492,9151,
serial:COM8/dial_raw,1633470,1785394320494,9148,
serial:COM8/dial_raw,1633472,1785394320496,9147,
serial:COM8/dial_raw,1633474,1785394320498,9148,
serial:COM8/dial_raw,1633476,1785394320500,9147,
serial:COM8/dial_raw,1633478,1785394320502,9148,
serial:COM8/dial_raw,1633480,1785394320504,9148,
serial:COM8/dial_raw,1633482,1785394320506,9147,
serial:COM8/dial_raw,1633484,1785394320508,9147,
serial:COM8/dial_raw,1633486,1785394320510,9148,
serial:COM8/dial_raw,1633488,1785394320512,9149,
serial:COM8/dial_raw,1633490,1785394320514,9149,
serial:COM8/dial_raw,1633492,1785394320516,9147,
serial:COM8/dial_raw,1633494,1785394320518,9146,
serial:COM8/dial_raw,1633496,1785394320520,9146,
serial:COM8/dial_raw,1633498,1785394320522,9147,
serial:COM8/dial_raw,1633500,1785394320524,9146,
serial:COM8/dial_raw,1633502,1785394320526,9149,
serial:COM8/dial_raw,1633504,1785394320528,9149,
serial:COM8/dial_raw,1633506,1785394320530,9147,
serial:COM8/dial_raw,1633508,1785394320532,9150,
serial:COM8/dial_raw,1633510,1785394320534,9147,
serial:COM8/dial_raw,1633512,1785394320536,9150,
serial:COM8/dial_raw,1633514,1785394320538,9150,
serial:COM8/dial_raw,1633516,1785394320540,9151,
serial:COM8/dial_raw,1633518,1785394320542,9149,
serial:COM8/dial_raw,1633520,1785394320544,9147,
serial:COM8/dial_raw,1633522,1785394320546,9149,
serial:COM8/dial_raw,1633524,1785394320548,9149,
serial:COM8/dial_raw,1633526,1785394320550,9149,
serial:COM8/dial_raw,1633528,1785394320552,9148,
serial:COM8/dial_raw,1633530,1785394320554,9147,
serial:COM8/dial_raw,1633532,1785394320559,9147,
serial:COM8/dial_raw,1633534,1785394320559,9146,
serial:COM8/dial_raw,1633536,1785394320560,9148,
serial:COM8/dial_raw,1633538,1785394320562,9147,
serial:COM8/dial_raw,1633540,1785394320564,9146,
serial:COM8/dial_raw,1633542,1785394320566,9147,
serial:COM8/dial_raw,1633544,1785394320568,9145,
serial:COM8/dial_raw,1633546,1785394320570,9149,
serial:COM8/dial_raw,1633548,1785394320572,9147,
serial:COM8/dial_raw,1633550,1785394320574,9148,
serial:COM8/dial_raw,1633552,1785394320576,9145,
serial:COM8/dial_raw,1633554,1785394320578,9147,
serial:COM8/dial_raw,1633556,1785394320580,9151,
serial:COM8/dial_raw,1633558,1785394320582,9147,
serial:COM8/dial_raw,1633560,1785394320584,9146,
serial:COM8/dial_raw,1633562,1785394320586,9148,
serial:COM8/dial_raw,1633564,1785394320588,9151,
serial:COM8/dial_raw,1633566,1785394320590,9147,
serial:COM8/dial_raw,1633568,1785394320592,9145,
serial:COM8/dial_raw,1633570,1785394320594,9150,
serial:COM8/dial_raw,1633572,1785394320596,9148,
serial:COM8/dial_raw,1633574,1785394320598,9147,
serial:COM8/dial_raw,1633576,1785394320600,9146,
serial:COM8/dial_raw,1633578,1785394320602,9149,
serial:COM8/dial_raw,1633580,1785394320604,9148,
serial:COM8/dial_raw,1633582,1785394320606,9147,
serial:COM8/dial_raw,1633584,1785394320608,9150,
serial:COM8/dial_raw,1633586,1785394320610,9148,
serial:COM8/dial_raw,1633588,1785394320612,9148,
serial:COM8/dial_raw,1633590,1785394320614,9148,
serial:COM8/dial_raw,1633592,1785394320616,9146,
serial:COM8/dial_raw,1633594,1785394320618,9149,
serial:COM8/dial_raw,1633596,1785394320620,9147,
serial:COM8/dial_raw,1633598,1785394320622,9147,
serial:COM8/dial_raw,1633600,1785394320624,9146,
serial:COM8/dial_raw,1633602,1785394320626,9145,
serial:COM8/dial_raw,1633604,1785394320628,9149,
serial:COM8/dial_raw,1633606,1785394320630,9147,
serial:COM8/dial_raw,1633608,1785394320632,9147,
serial:COM8/dial_raw,1633610,1785394320634,9146,
serial:COM8/dial_raw,1633612,1785394320636,9146,
serial:COM8/dial_raw,1633614,1785394320638,9147,
serial:COM8/dial_raw,1633616,1785394320640,9148,
serial:COM8/dial_raw,1633618,1785394320642,9147,
serial:COM8/dial_raw,1633620,1785394320644,9147,
serial:COM8/dial_raw,1633622,1785394320646,9145,
serial:COM8/dial_raw,1633624,1785394320648,9147,
serial:COM8/dial_raw,1633626,1785394320650,9148,
serial:COM8/dial_raw,1633628,1785394320652,9147,
serial:COM8/dial_raw,1633630,1785394320654,9150,
serial:COM8/dial_raw,1633632,1785394320656,9149,
serial:COM8/dial_raw,1633634,1785394320658,9147,
serial:COM8/dial_raw,1633636,1785394320660,9150,
serial:COM8/dial_raw,1633638,1785394320662,9149,
serial:COM8/dial_raw,1633640,1785394320664,9147,
serial:COM8/dial_raw,1633642,1785394320666,9149,
serial:COM8/dial_raw,1633644,1785394320668,9147,
serial:COM8/dial_raw,1633646,1785394320670,9147,
serial:COM8/dial_raw,1633648,1785394320672,9147,
serial:COM8/dial_raw,1633650,1785394320674,9145,
serial:COM8/dial_raw,1633652,1785394320676,9147,
serial:COM8/dial_raw,1633654,1785394320678,9146,
serial:COM8/dial_raw,1633656,1785394320680,9149,
serial:COM8/dial_raw,1633658,1785394320682,9147,
serial:COM8/dial_raw,1633660,1785394320684,9148,
serial:COM8/dial_raw,1633662,1785394320686,9147,
serial:COM8/dial_raw,1633664,1785394320688,9150,
serial:COM8/dial_raw,1633666,1785394320690,9144,
serial:COM8/dial_raw,1633668,1785394320692,9148,
serial:COM8/dial_raw,1633670,1785394320694,9146,
serial:COM8/dial_raw,1633672,1785394320696,9146,
serial:COM8/dial_raw,1633674,1785394320698,9148,
serial:COM8/dial_raw,1633676,1785394320700,9146,
serial:COM8/dial_raw,1633678,1785394320702,9147,
serial:COM8/dial_raw,1633680,1785394320704,9145,
serial:COM8/dial_raw,1633682,1785394320706,9148,
serial:COM8/dial_raw,1633684,1785394320708,9148,
serial:COM8/dial_raw,1633686,1785394320710,9147,
serial:COM8/dial_raw,1633688,1785394320712,9148,
serial:COM8/dial_raw,1633690,1785394320714,9148,
serial:COM8/dial_raw,1633692,1785394320716,9148,
serial:COM8/dial_raw,1633694,1785394320718,9147,
serial:COM8/dial_raw,1633696,1785394320720,9148,
serial:COM8/dial_raw,1633698,1785394320722,9145,
serial:COM8/dial_raw,1633700,1785394320724,9146,
serial:COM8/dial_raw,1633702,1785394320726,9147,
serial:COM8/dial_raw,1633704,1785394320728,9149,
serial:COM8/dial_raw,1633706,1785394320730,9147,
serial:COM8/dial_raw,1633708,1785394320732,9147,
serial:COM8/dial_raw,1633710,1785394320734,9149,
serial:COM8/dial_raw,1633712,1785394320736,9147,
serial:COM8/dial_raw,1633714,1785394320738,9147,
serial:COM8/dial_raw,1633716,1785394320740,9148,
serial:COM8/dial_raw,1633718,1785394320742,9150,
serial:COM8/dial_raw,1633720,1785394320744,9148,
serial:COM8/dial_raw,1633722,1785394320746,9148,
serial:COM8/dial_raw,1633724,1785394320748,9146,
serial:COM8/dial_raw,1633726,1785394320750,9149,
serial:COM8/dial_raw,1633728,1785394320752,9148,
serial:COM8/dial_raw,1633730,1785394320754,9147,
serial:COM8/dial_raw,1633732,1785394320759,9148,
serial:COM8/dial_raw,1633734,1785394320759,9148,
serial:COM8/dial_raw,1633736,1785394320760,9147,
serial:COM8/dial_raw,1633738,1785394320762,9148,
serial:COM8/dial_raw,1633740,1785394320764,9147,
serial:COM8/dial_raw,1633742,1785394320766,9148,
serial:COM8/dial_raw,1633744,1785394320768,9147,
serial:COM8/dial_raw,1633746,1785394320770,9149,
serial:COM8/dial_raw,1633748,1785394320772,9147,
serial:COM8/dial_raw,1633750,1785394320774,9148,
serial:COM8/dial_raw,1633752,1785394320776,9147,
serial:COM8/dial_raw,1633754,1785394320778,9148,
serial:COM8/dial_raw,1633756,1785394320780,9148,
serial:COM8/dial_raw,1633758,1785394320782,9147,
serial:COM8/dial_raw,1633760,1785394320784,9148,
serial:COM8/dial_raw,1633762,1785394320786,9149,
serial:COM8/dial_raw,1633764,1785394320788,9149,
serial:COM8/dial_raw,1633766,1785394320790,9147,
serial:COM8/dial_raw,1633768,1785394320792,9146,
serial:COM8/dial_raw,1633770,1785394320794,9147,
serial:COM8/dial_raw,1633772,1785394320796,9148,
serial:COM8/dial_raw,1633774,1785394320798,9148,
serial:COM8/dial_raw,1633776,1785394320800,9149,
serial:COM8/dial_raw,1633778,1785394320802,9147,
serial:COM8/dial_raw,1633780,1785394320804,9146,
serial:COM8/dial_raw,1633782,1785394320806,9148,
serial:COM8/dial_raw,1633784,1785394320808,9149,
serial:COM8/dial_raw,1633786,1785394320810,9147,
serial:COM8/dial_raw,1633788,1785394320812,9148,
serial:COM8/dial_raw,1633790,1785394320814,9146,
serial:COM8/dial_raw,1633792,1785394320816,9147,
serial:COM8/dial_raw,1633794,1785394320818,9148,
serial:COM8/dial_raw,1633796,1785394320820,9147,
serial:COM8/dial_raw,1633798,1785394320822,9149,
serial:COM8/dial_raw,1633800,1785394320824,9147,
serial:COM8/dial_raw,1633802,1785394320826,9149,
serial:COM8/dial_raw,1633804,1785394320828,9147,
serial:COM8/dial_raw,1633806,1785394320830,9147,
serial:COM8/dial_raw,1633808,1785394320832,9150,
serial:COM8/dial_raw,1633810,1785394320834,9146,
serial:COM8/dial_raw,1633812,1785394320836,9149,
serial:COM8/dial_raw,1633814,1785394320838,9147,
serial:COM8/dial_raw,1633816,1785394320840,9148,
serial:COM8/dial_raw,1633818,1785394320842,9147,
serial:COM8/dial_raw,1633820,1785394320844,9146,
serial:COM8/dial_raw,1633822,1785394320846,9146,
serial:COM8/dial_raw,1633824,1785394320848,9148,
serial:COM8/dial_raw,1633826,1785394320850,9147,
serial:COM8/dial_raw,1633828,1785394320852,9149,
serial:COM8/dial_raw,1633830,1785394320854,9147,
serial:COM8/dial_raw,1633832,1785394320856,9148,
serial:COM8/dial_raw,1633834,1785394320858,9148,
serial:COM8/dial_raw,1633836,1785394320860,9147,
serial:COM8/dial_raw,1633838,1785394320862,9148,
serial:COM8/dial_raw,1633840,1785394320864,9147,
serial:COM8/dial_raw,1633842,1785394320866,9147,
serial:COM8/dial_raw,1633844,1785394320868,9149,
serial:COM8/dial_raw,1633846,1785394320870,9148,
serial:COM8/dial_raw,1633848,1785394320872,9147,
serial:COM8/dial_raw,1633850,1785394320874,9149,
serial:COM8/dial_raw,1633852,1785394320876,9149,
serial:COM8/dial_raw,1633854,1785394320878,9145,
serial:COM8/dial_raw,1633856,1785394320880,9149,
serial:COM8/dial_raw,1633858,1785394320882,9147,
serial:COM8/dial_raw,1633860,1785394320884,9147,
serial:COM8/dial_raw,1633862,1785394320886,9148,
serial:COM8/dial_raw,1633864,1785394320888,9148,
serial:COM8/dial_raw,1633866,1785394320890,9148,
serial:COM8/dial_raw,1633868,1785394320892,9149,
serial:COM8/dial_raw,1633870,1785394320894,9148,
serial:COM8/dial_raw,1633872,1785394320896,9147,
serial:COM8/dial_raw,1633874,1785394320898,9147,
serial:COM8/dial_raw,1633876,1785394320900,9147,
serial:COM8/dial_raw,1633878,1785394320902,9145,
serial:COM8/dial_raw,1633880,1785394320904,9148,
serial:COM8/dial_raw,1633882,1785394320906,9148,
serial:COM8/dial_raw,1633884,1785394320908,9147,
serial:COM8/dial_raw,1633886,1785394320910,9147,
serial:COM8/dial_raw,1633888,1785394320912,9146,
serial:COM8/dial_raw,1633890,1785394320914,9147,
serial:COM8/dial_raw,1633892,1785394320916,9147,
serial:COM8/dial_raw,1633894,1785394320918,9148,
serial:COM8/dial_raw,1633896,1785394320920,9146,
serial:COM8/dial_raw,1633898,1785394320922,9147,
serial:COM8/dial_raw,1633900,1785394320924,9146,
serial:COM8/dial_raw,1633902,1785394320926,9148,
serial:COM8/dial_raw,1633904,1785394320928,9147,
serial:COM8/dial_raw,1633906,1785394320930,9149,
serial:COM8/dial_raw,1633908,1785394320932,9147,
serial:COM8/dial_raw,1633910,1785394320934,9148,
serial:COM8/dial_raw,1633912,1785394320936,9145,
serial:COM8/dial_raw,1633914,1785394320938,9147,
serial:COM8/dial_raw,1633916,1785394320940,9147,
serial:COM8/dial_raw,1633918,1785394320942,9146,
serial:COM8/dial_raw,1633920,1785394320944,9147,
serial:COM8/dial_raw,1633922,1785394320946,9146,
serial:COM8/dial_raw,1633924,1785394320948,9148,
serial:COM8/dial_raw,1633926,1785394320950,9148,
serial:COM8/dial_raw,1633928,1785394320952,9146,
serial:COM8/dial_raw,1633930,1785394320954,9148,
serial:COM8/dial_raw,1633932,1785394320959,9148,
serial:COM8/dial_raw,1633934,1785394320959,9147,
serial:COM8/dial_raw,1633936,1785394320960,9148,
serial:COM8/dial_raw,1633938,1785394320962,9149,
serial:COM8/dial_raw,1633940,1785394320964,9148,
serial:COM8/dial_raw,1633942,1785394320966,9150,
serial:COM8/dial_raw,1633944,1785394320968,9147,
serial:COM8/dial_raw,1633946,1785394320970,9148,
serial:COM8/dial_raw,1633948,1785394320972,9148,
serial:COM8/dial_raw,1633950,1785394320974,9148,
serial:COM8/dial_raw,1633952,1785394320976,9148,
serial:COM8/dial_raw,1633954,1785394320978,9148,
serial:COM8/dial_raw,1633956,1785394320980,9149,
serial:COM8/dial_raw,1633958,1785394320982,9149,
serial:COM8/dial_raw,1633960,1785394320984,9149,
serial:COM8/dial_raw,1633962,1785394320986,9148,
serial:COM8/dial_raw,1633964,1785394320988,9148,
serial:COM8/dial_raw,1633966,1785394320990,9148,
serial:COM8/dial_raw,1633968,1785394320992,9147,
serial:COM8/dial_raw,1633970,1785394320994,9147,
serial:COM8/dial_raw,1633972,1785394320996,9147,
serial:COM8/dial_raw,1633974,1785394320998,9146,
serial:COM8/dial_raw,1633976,1785394321000,9149,
serial:COM8/dial_raw,1633978,1785394321002,9147,
serial:COM8/dial_raw,1633980,1785394321004,9147,
serial:COM8/dial_raw,1633982,1785394321006,9147,
serial:COM8/dial_raw,1633984,1785394321008,9152,
serial:COM8/dial_raw,1633986,1785394321010,9146,
serial:COM8/dial_raw,1633988,1785394321012,9148,
serial:COM8/dial_raw,1633990,1785394321014,9147,
serial:COM8/dial_raw,1633992,1785394321016,9145,
serial:COM8/dial_raw,1633994,1785394321018,9148,
serial:COM8/dial_raw,1633996,1785394321020,9148,
serial:COM8/dial_raw,1633998,1785394321022,9148,
serial:COM8/dial_raw,1634000,1785394321024,9148,
serial:COM8/dial_raw,1634002,1785394321026,9147,
serial:COM8/dial_raw,1634004,1785394321028,9148,
serial:COM8/dial_raw,1634006,1785394321030,9147,
serial:COM8/dial_raw,1634008,1785394321032,9148,
serial:COM8/dial_raw,1634010,1785394321034,9146,
serial:COM8/dial_raw,1634012,1785394321036,9147,
serial:COM8/dial_raw,1634014,1785394321038,9147,
serial:COM8/dial_raw,1634016,1785394321040,9146,
serial:COM8/dial_raw,1634018,1785394321042,9146,
serial:COM8/dial_raw,1634020,1785394321044,9146,
serial:COM8/dial_raw,1634022,1785394321046,9149,
serial:COM8/dial_raw,1634024,1785394321048,9149,
serial:COM8/dial_raw,1634026,1785394321050,9147,
serial:COM8/dial_raw,1634028,1785394321052,9150,
serial:COM8/dial_raw,1634030,1785394321054,9147,
serial:COM8/dial_raw,1634032,1785394321056,9146,
serial:COM8/dial_raw,1634034,1785394321058,9146,
serial:COM8/dial_raw,1634036,1785394321060,9145,
serial:COM8/dial_raw,1634038,1785394321062,9147,
serial:COM8/dial_raw,1634040,1785394321064,9146,
serial:COM8/dial_raw,1634042,1785394321066,9147,
serial:COM8/dial_raw,1634044,1785394321068,9148,
serial:COM8/dial_raw,1634046,1785394321070,9145,
serial:COM8/dial_raw,1634048,1785394321072,9148,
serial:COM8/dial_raw,1634050,1785394321074,9147,
serial:COM8/dial_raw,1634052,1785394321076,9147,
serial:COM8/dial_raw,1634054,1785394321078,9149,
serial:COM8/dial_raw,1634056,1785394321080,9148,
serial:COM8/dial_raw,1634058,1785394321082,9149,
serial:COM8/dial_raw,1634060,1785394321084,9147,
serial:COM8/dial_raw,1634062,1785394321086,9144,
serial:COM8/dial_raw,1634064,1785394321088,9146,
serial:COM8/dial_raw,1634066,1785394321090,9150,
serial:COM8/dial_raw,1634068,1785394321092,9150,
serial:COM8/dial_raw,1634070,1785394321094,9148,
serial:COM8/dial_raw,1634072,1785394321096,9150,
serial:COM8/dial_raw,1634074,1785394321098,9148,
serial:COM8/dial_raw,1634076,1785394321100,9147,
serial:COM8/dial_raw,1634078,1785394321102,9146,
serial:COM8/dial_raw,1634080,1785394321104,9149,
serial:COM8/dial_raw,1634082,1785394321106,9148,
serial:COM8/dial_raw,1634084,1785394321108,9146,
serial:COM8/dial_raw,1634086,1785394321110,9147,
serial:COM8/dial_raw,1634088,1785394321112,9149,
serial:COM8/dial_raw,1634090,1785394321114,9144,
serial:COM8/dial_raw,1634092,1785394321116,9145,
serial:COM8/dial_raw,1634094,1785394321118,9147,
serial:COM8/dial_raw,1634096,1785394321120,9146,
serial:COM8/dial_raw,1634098,1785394321122,9148,
serial:COM8/dial_raw,1634100,1785394321124,9146,
serial:COM8/dial_raw,1634102,1785394321126,9147,
serial:COM8/dial_raw,1634104,1785394321128,9147,
serial:COM8/dial_raw,1634106,1785394321130,9149,
serial:COM8/dial_raw,1634108,1785394321132,9149,
serial:COM8/dial_raw,1634110,1785394321134,9148,
serial:COM8/dial_raw,1634112,1785394321136,9148,
serial:COM8/dial_raw,1634114,1785394321138,9148,
serial:COM8/dial_raw,1634116,1785394321140,9147,
serial:COM8/dial_raw,1634118,1785394321142,9148,
serial:COM8/dial_raw,1634120,1785394321144,9149,
serial:COM8/dial_raw,1634122,1785394321146,9147,
serial:COM8/dial_raw,1634124,1785394321148,9147,
serial:COM8/dial_raw,1634126,1785394321150,9148,
serial:COM8/dial_raw,1634128,1785394321152,9148,
serial:COM8/dial_raw,1634130,1785394321154,9147,
serial:COM8/dial_raw,1634132,1785394321159,9150,
serial:COM8/dial_raw,1634134,1785394321159,9146,
serial:COM8/dial_raw,1634136,1785394321160,9148,
serial:COM8/dial_raw,1634138,1785394321162,9148,
serial:COM8/dial_raw,1634140,1785394321164,9148,
serial:COM8/dial_raw,1634142,1785394321166,9146,
serial:COM8/dial_raw,1634144,1785394321168,9148,
serial:COM8/dial_raw,1634146,1785394321170,9148,
serial:COM8/dial_raw,1634148,1785394321172,9146,
serial:COM8/dial_raw,1634150,1785394321174,9146,
serial:COM8/dial_raw,1634152,1785394321176,9150,
serial:COM8/dial_raw,1634154,1785394321178,9147,
serial:COM8/dial_raw,1634156,1785394321180,9148,
serial:COM8/dial_raw,1634158,1785394321182,9146,
serial:COM8/dial_raw,1634160,1785394321184,9147,
serial:COM8/dial_raw,1634162,1785394321186,9147,
serial:COM8/dial_raw,1634164,1785394321188,9147,
serial:COM8/dial_raw,1634166,1785394321190,9148,
serial:COM8/dial_raw,1634168,1785394321192,9148,
serial:COM8/dial_raw,1634170,1785394321194,9145,
serial:COM8/dial_raw,1634172,1785394321196,9147,
serial:COM8/dial_raw,1634174,1785394321198,9149,
serial:COM8/dial_raw,1634176,1785394321200,9149,
serial:COM8/dial_raw,1634178,1785394321202,9148,
serial:COM8/dial_raw,1634180,1785394321204,9145,
serial:COM8/dial_raw,1634182,1785394321206,9147,
serial:COM8/dial_raw,1634184,1785394321208,9149,
serial:COM8/dial_raw,1634186,1785394321210,9147,
serial:COM8/dial_raw,1634188,1785394321212,9149,
serial:COM8/dial_raw,1634190,1785394321214,9150,
serial:COM8/dial_raw,1634192,1785394321216,9147,
serial:COM8/dial_raw,1634194,1785394321218,9148,
serial:COM8/dial_raw,1634196,1785394321220,9147,
serial:COM8/dial_raw,1634198,1785394321222,9148,
serial:COM8/dial_raw,1634200,1785394321224,9149,
serial:COM8/dial_raw,1634202,1785394321226,9149,
serial:COM8/dial_raw,1634204,1785394321228,9149,
serial:COM8/dial_raw,1634206,1785394321230,9147,
serial:COM8/dial_raw,1634208,1785394321232,9148,
serial:COM8/dial_raw,1634210,1785394321234,9149,
serial:COM8/dial_raw,1634212,1785394321236,9150,
serial:COM8/dial_raw,1634214,1785394321238,9146,
serial:COM8/dial_raw,1634216,1785394321240,9148,
serial:COM8/dial_raw,1634218,1785394321242,9146,
serial:COM8/dial_raw,1634220,1785394321244,9147,
serial:COM8/dial_raw,1634222,1785394321246,9150,
serial:COM8/dial_raw,1634224,1785394321248,9147,
serial:COM8/dial_raw,1634226,1785394321250,9148,
serial:COM8/dial_raw,1634228,1785394321252,9149,
serial:COM8/dial_raw,1634230,1785394321254,9147,
serial:COM8/dial_raw,1634232,1785394321256,9147,
serial:COM8/dial_raw,1634234,1785394321258,9149,
serial:COM8/dial_raw,1634236,1785394321260,9147,
serial:COM8/dial_raw,1634238,1785394321262,9147,
serial:COM8/dial_raw,1634240,1785394321264,9149,
serial:COM8/dial_raw,1634242,1785394321266,9146,
serial:COM8/dial_raw,1634244,1785394321268,9149,
serial:COM8/dial_raw,1634246,1785394321270,9147,
serial:COM8/dial_raw,1634248,1785394321272,9150,
serial:COM8/dial_raw,1634250,1785394321274,9148,
serial:COM8/dial_raw,1634252,1785394321276,9148,
serial:COM8/dial_raw,1634254,1785394321278,9147,
serial:COM8/dial_raw,1634256,1785394321280,9147,
serial:COM8/dial_raw,1634258,1785394321282,9150,
serial:COM8/dial_raw,1634260,1785394321284,9148,
serial:COM8/dial_raw,1634262,1785394321286,9148,
serial:COM8/dial_raw,1634264,1785394321288,9147,
serial:COM8/dial_raw,1634266,1785394321290,9147,
serial:COM8/dial_raw,1634268,1785394321292,9148,
serial:COM8/dial_raw,1634270,1785394321294,9151,
serial:COM8/dial_raw,1634272,1785394321296,9147,
serial:COM8/dial_raw,1634274,1785394321298,9147,
serial:COM8/dial_raw,1634276,1785394321300,9147,
serial:COM8/dial_raw,1634278,1785394321302,9148,
serial:COM8/dial_raw,1634280,1785394321304,9149,
serial:COM8/dial_raw,1634282,1785394321306,9147,
serial:COM8/dial_raw,1634284,1785394321308,9150,
serial:COM8/dial_raw,1634286,1785394321310,9146,
serial:COM8/dial_raw,1634288,1785394321312,9147,
serial:COM8/dial_raw,1634290,1785394321314,9150,
serial:COM8/dial_raw,1634292,1785394321316,9148,
serial:COM8/dial_raw,1634294,1785394321318,9146,
serial:COM8/dial_raw,1634296,1785394321320,9147,
serial:COM8/dial_raw,1634298,1785394321322,9148,
serial:COM8/dial_raw,1634300,1785394321324,9150,
serial:COM8/dial_raw,1634302,1785394321326,9151,
serial:COM8/dial_raw,1634304,1785394321328,9147,
serial:COM8/dial_raw,1634306,1785394321330,9149,
serial:COM8/dial_raw,1634308,1785394321332,9147,
serial:COM8/dial_raw,1634310,1785394321334,9144,
serial:COM8/dial_raw,1634312,1785394321336,9147,
serial:COM8/dial_raw,1634314,1785394321338,9147,
serial:COM8/dial_raw,1634316,1785394321340,9145,
serial:COM8/dial_raw,1634318,1785394321342,9150,
serial:COM8/dial_raw,1634320,1785394321344,9147,
serial:COM8/dial_raw,1634322,1785394321346,9147,
serial:COM8/dial_raw,1634324,1785394321348,9150,
serial:COM8/dial_raw,1634326,1785394321350,9148,
serial:COM8/dial_raw,1634328,1785394321352,9147,
serial:COM8/dial_raw,1634330,1785394321354,9146,
serial:COM8/dial_raw,1634332,1785394321359,9147,
serial:COM8/dial_raw,1634334,1785394321359,9148,
serial:COM8/dial_raw,1634336,1785394321360,9146,
serial:COM8/dial_raw,1634338,1785394321362,9149,
serial:COM8/dial_raw,1634340,1785394321364,9148,
serial:COM8/dial_raw,1634342,1785394321366,9146,
serial:COM8/dial_raw,1634344,1785394321368,9147,
serial:COM8/dial_raw,1634346,1785394321370,9147,
serial:COM8/dial_raw,1634348,1785394321372,9147,
serial:COM8/dial_raw,1634350,1785394321374,9148,
serial:COM8/dial_raw,1634352,1785394321376,9150,
serial:COM8/dial_raw,1634354,1785394321378,9146,
serial:COM8/dial_raw,1634356,1785394321380,9147,
serial:COM8/dial_raw,1634358,1785394321382,9148,
serial:COM8/dial_raw,1634360,1785394321384,9150,
serial:COM8/dial_raw,1634362,1785394321386,9149,
serial:COM8/dial_raw,1634364,1785394321388,9148,
serial:COM8/dial_raw,1634366,1785394321390,9147,
serial:COM8/dial_raw,1634368,1785394321392,9148,
serial:COM8/dial_raw,1634370,1785394321394,9148,
serial:COM8/dial_raw,1634372,1785394321396,9151,
serial:COM8/dial_raw,1634374,1785394321398,9147,
serial:COM8/dial_raw,1634376,1785394321400,9148,
serial:COM8/dial_raw,1634378,1785394321402,9147,
serial:COM8/dial_raw,1634380,1785394321404,9147,
serial:COM8/dial_raw,1634382,1785394321406,9147,
serial:COM8/dial_raw,1634384,1785394321408,9147,
serial:COM8/dial_raw,1634386,1785394321410,9146,
serial:COM8/dial_raw,1634388,1785394321412,9147,
serial:COM8/dial_raw,1634390,1785394321414,9147,
serial:COM8/dial_raw,1634392,1785394321416,9147,
serial:COM8/dial_raw,1634394,1785394321418,9148,
serial:COM8/dial_raw,1634396,1785394321420,9147,
serial:COM8/dial_raw,1634398,1785394321422,9148,
serial:COM8/dial_raw,1634400,1785394321424,9148,
serial:COM8/dial_raw,1634402,1785394321426,9146,
serial:COM8/dial_raw,1634404,1785394321428,9145,
serial:COM8/dial_raw,1634406,1785394321430,9148,
serial:COM8/dial_raw,1634408,1785394321432,9147,
serial:COM8/dial_raw,1634410,1785394321434,9148,
serial:COM8/dial_raw,1634412,1785394321436,9147,
serial:COM8/dial_raw,1634414,1785394321438,9148,
serial:COM8/dial_raw,1634416,1785394321440,9148,
serial:COM8/dial_raw,1634418,1785394321442,9148,
serial:COM8/dial_raw,1634420,1785394321444,9147,
serial:COM8/dial_raw,1634422,1785394321446,9150,
serial:COM8/dial_raw,1634424,1785394321448,9146,
serial:COM8/dial_raw,1634426,1785394321450,9150,
serial:COM8/dial_raw,1634428,1785394321452,9149,
serial:COM8/dial_raw,1634430,1785394321454,9149,
serial:COM8/dial_raw,1634432,1785394321456,9149,
serial:COM8/dial_raw,1634434,1785394321458,9149,
serial:COM8/dial_raw,1634436,1785394321460,9147,
serial:COM8/dial_raw,1634438,1785394321462,9145,
serial:COM8/dial_raw,1634440,1785394321464,9147,
serial:COM8/dial_raw,1634442,1785394321466,9148,
serial:COM8/dial_raw,1634444,1785394321468,9147,
serial:COM8/dial_raw,1634446,1785394321470,9146,
serial:COM8/dial_raw,1634448,1785394321472,9150,
serial:COM8/dial_raw,1634450,1785394321474,9147,
serial:COM8/dial_raw,1634452,1785394321476,9147,
serial:COM8/dial_raw,1634454,1785394321478,9147,
serial:COM8/dial_raw,1634456,1785394321480,9149,
serial:COM8/dial_raw,1634458,1785394321482,9148,
serial:COM8/dial_raw,1634460,1785394321484,9146,
serial:COM8/dial_raw,1634462,1785394321486,9147,
serial:COM8/dial_raw,1634464,1785394321488,9148,
serial:COM8/dial_raw,1634466,1785394321490,9148,
serial:COM8/dial_raw,1634468,1785394321492,9148,
serial:COM8/dial_raw,1634470,1785394321494,9147,
serial:COM8/dial_raw,1634472,1785394321496,9148,
serial:COM8/dial_raw,1634474,1785394321498,9147,
serial:COM8/dial_raw,1634476,1785394321500,9148,
serial:COM8/dial_raw,1634478,1785394321502,9148,
serial:COM8/dial_raw,1634480,1785394321504,9147,
serial:COM8/dial_raw,1634482,1785394321506,9150,
serial:COM8/dial_raw,1634484,1785394321508,9147,
serial:COM8/dial_raw,1634486,1785394321510,9146,
serial:COM8/dial_raw,1634488,1785394321512,9147,
serial:COM8/dial_raw,1634490,1785394321514,9148,
serial:COM8/dial_raw,1634492,1785394321516,9147,
serial:COM8/dial_raw,1634494,1785394321518,9148,
serial:COM8/dial_raw,1634496,1785394321520,9147,
serial:COM8/dial_raw,1634498,1785394321522,9148,
serial:COM8/dial_raw,1634500,1785394321524,9148,
serial:COM8/dial_raw,1634502,1785394321526,9148,
serial:COM8/dial_raw,1634504,1785394321528,9148,
serial:COM8/dial_raw,1634506,1785394321530,9148,
serial:COM8/dial_raw,1634508,1785394321532,9146,
serial:COM8/dial_raw,1634510,1785394321534,9147,
serial:COM8/dial_raw,1634512,1785394321536,9149,
serial:COM8/dial_raw,1634514,1785394321538,9147,
serial:COM8/dial_raw,1634516,1785394321540,9145,
serial:COM8/dial_raw,1634518,1785394321542,9146,
serial:COM8/dial_raw,1634520,1785394321544,9146,
serial:COM8/dial_raw,1634522,1785394321546,9147,
serial:COM8/dial_raw,1634524,1785394321548,9147,
serial:COM8/dial_raw,1634526,1785394321550,9146,
serial:COM8/dial_raw,1634528,1785394321552,9149,
serial:COM8/dial_raw,1634530,1785394321554,9146,
serial:COM8/dial_raw,1634532,1785394321559,9149,
serial:COM8/dial_raw,1634534,1785394321559,9149,
serial:COM8/dial_raw,1634536,1785394321560,9147,
serial:COM8/dial_raw,1634538,1785394321562,9147,
serial:COM8/dial_raw,1634540,1785394321564,9147,
serial:COM8/dial_raw,1634542,1785394321566,9147,
serial:COM8/dial_raw,1634544,1785394321568,9147,
serial:COM8/dial_raw,1634546,1785394321570,9146,
serial:COM8/dial_raw,1634548,1785394321572,9148,
serial:COM8/dial_raw,1634550,1785394321574,9148,
serial:COM8/dial_raw,1634552,1785394321576,9147,
serial:COM8/dial_raw,1634554,1785394321578,9148,
serial:COM8/dial_raw,1634556,1785394321580,9147,
serial:COM8/dial_raw,1634558,1785394321582,9148,
serial:COM8/dial_raw,1634560,1785394321584,9147,
serial:COM8/dial_raw,1634562,1785394321586,9148,
serial:COM8/dial_raw,1634564,1785394321588,9147,
serial:COM8/dial_raw,1634566,1785394321590,9147,
serial:COM8/dial_raw,1634568,1785394321592,9150,
serial:COM8/dial_raw,1634570,1785394321594,9146,
serial:COM8/dial_raw,1634572,1785394321596,9148,
serial:COM8/dial_raw,1634574,1785394321598,9148,
serial:COM8/dial_raw,1634576,1785394321600,9148,
serial:COM8/dial_raw,1634578,1785394321602,9148,
serial:COM8/dial_raw,1634580,1785394321604,9149,
serial:COM8/dial_raw,1634582,1785394321606,9145,
serial:COM8/dial_raw,1634584,1785394321608,9148,
serial:COM8/dial_raw,1634586,1785394321610,9148,
serial:COM8/dial_raw,1634588,1785394321612,9148,
serial:COM8/dial_raw,1634590,1785394321614,9147,
serial:COM8/dial_raw,1634592,1785394321616,9149,
serial:COM8/dial_raw,1634594,1785394321618,9148,
serial:COM8/dial_raw,1634596,1785394321620,9148,
serial:COM8/dial_raw,1634598,1785394321622,9147,
serial:COM8/dial_raw,1634600,1785394321624,9146,
serial:COM8/dial_raw,1634602,1785394321626,9147,
serial:COM8/dial_raw,1634604,1785394321628,9151,
serial:COM8/dial_raw,1634606,1785394321630,9148,
serial:COM8/dial_raw,1634608,1785394321632,9146,
serial:COM8/dial_raw,1634610,1785394321634,9149,
serial:COM8/dial_raw,1634612,1785394321636,9146,
serial:COM8/dial_raw,1634614,1785394321638,9146,
serial:COM8/dial_raw,1634616,1785394321640,9146,
serial:COM8/dial_raw,1634618,1785394321642,9148,
serial:COM8/dial_raw,1634620,1785394321645,9147,
serial:COM8/dial_raw,1634622,1785394321646,9147,
serial:COM8/dial_raw,1634624,1785394321648,9148,
serial:COM8/dial_raw,1634626,1785394321650,9149,
serial:COM8/dial_raw,1634628,1785394321652,9145,
serial:COM8/dial_raw,1634630,1785394321654,9148,
serial:COM8/dial_raw,1634632,1785394321656,9146,
serial:COM8/dial_raw,1634634,1785394321658,9148,
serial:COM8/dial_raw,1634636,1785394321660,9147,
serial:COM8/dial_raw,1634638,1785394321662,9148,
serial:COM8/dial_raw,1634640,1785394321664,9147,
serial:COM8/dial_raw,1634642,1785394321666,9148,
serial:COM8/dial_raw,1634644,1785394321668,9148,
serial:COM8/dial_raw,1634646,1785394321670,9151,
serial:COM8/dial_raw,1634648,1785394321672,9148,
serial:COM8/dial_raw,1634650,1785394321674,9148,
serial:COM8/dial_raw,1634652,1785394321676,9149,
serial:COM8/dial_raw,1634654,1785394321678,9148,
serial:COM8/dial_raw,1634656,1785394321680,9147,
serial:COM8/dial_raw,1634658,1785394321682,9149,
serial:COM8/dial_raw,1634660,1785394321684,9149,
serial:COM8/dial_raw,1634662,1785394321686,9148,
serial:COM8/dial_raw,1634664,1785394321688,9147,
serial:COM8/dial_raw,1634666,1785394321690,9147,
serial:COM8/dial_raw,1634668,1785394321692,9147,
serial:COM8/dial_raw,1634670,1785394321694,9146,
serial:COM8/dial_raw,1634672,1785394321696,9147,
serial:COM8/dial_raw,1634674,1785394321698,9147,
serial:COM8/dial_raw,1634676,1785394321700,9147,
serial:COM8/dial_raw,1634678,1785394321702,9147,
serial:COM8/dial_raw,1634680,1785394321704,9148,
serial:COM8/dial_raw,1634682,1785394321706,9149,
serial:COM8/dial_raw,1634684,1785394321708,9146,
serial:COM8/dial_raw,1634686,1785394321710,9148,
serial:COM8/dial_raw,1634688,1785394321712,9145,
serial:COM8/dial_raw,1634690,1785394321714,9147,
serial:COM8/dial_raw,1634692,1785394321716,9147,
serial:COM8/dial_raw,1634694,1785394321718,9147,
serial:COM8/dial_raw,1634696,1785394321720,9147,
serial:COM8/dial_raw,1634698,1785394321722,9148,
serial:COM8/dial_raw,1634700,1785394321724,9147,
serial:COM8/dial_raw,1634702,1785394321726,9148,
serial:COM8/dial_raw,1634704,1785394321728,9150,
serial:COM8/dial_raw,1634706,1785394321730,9148,
serial:COM8/dial_raw,1634708,1785394321732,9148,
serial:COM8/dial_raw,1634710,1785394321734,9147,
serial:COM8/dial_raw,1634712,1785394321736,9149,
serial:COM8/dial_raw,1634714,1785394321738,9149,
serial:COM8/dial_raw,1634716,1785394321740,9149,
serial:COM8/dial_raw,1634718,1785394321742,9147,
serial:COM8/dial_raw,1634720,1785394321744,9149,
serial:COM8/dial_raw,1634722,1785394321746,9151,
serial:COM8/dial_raw,1634724,1785394321748,9149,
serial:COM8/dial_raw,1634726,1785394321750,9148,
serial:COM8/dial_raw,1634728,1785394321752,9147,
serial:COM8/dial_raw,1634730,1785394321754,9147,
serial:COM8/dial_raw,1634732,1785394321759,9150,
serial:COM8/dial_raw,1634734,1785394321759,9148,
serial:COM8/dial_raw,1634736,1785394321760,9146,
serial:COM8/dial_raw,1634738,1785394321762,9147,
serial:COM8/dial_raw,1634740,1785394321764,9145,
serial:COM8/dial_raw,1634742,1785394321766,9147,
serial:COM8/dial_raw,1634744,1785394321768,9148,
serial:COM8/dial_raw,1634746,1785394321770,9147,
serial:COM8/dial_raw,1634748,1785394321772,9149,
serial:COM8/dial_raw,1634750,1785394321774,9149,
serial:COM8/dial_raw,1634752,1785394321776,9151,
serial:COM8/dial_raw,1634754,1785394321778,9148,
serial:COM8/dial_raw,1634756,1785394321780,9149,
serial:COM8/dial_raw,1634758,1785394321782,9146,
serial:COM8/dial_raw,1634760,1785394321784,9147,
serial:COM8/dial_raw,1634762,1785394321786,9148,
serial:COM8/dial_raw,1634764,1785394321788,9147,
serial:COM8/dial_raw,1634766,1785394321790,9148,
serial:COM8/dial_raw,1634768,1785394321792,9147,
serial:COM8/dial_raw,1634770,1785394321794,9150,
serial:COM8/dial_raw,1634772,1785394321796,9148,
serial:COM8/dial_raw,1634774,1785394321798,9148,
serial:COM8/dial_raw,1634776,1785394321800,9148,
serial:COM8/dial_raw,1634778,1785394321802,9148,
serial:COM8/dial_raw,1634780,1785394321804,9148,
serial:COM8/dial_raw,1634782,1785394321806,9149,
serial:COM8/dial_raw,1634784,1785394321808,9149,
serial:COM8/dial_raw,1634786,1785394321810,9147,
serial:COM8/dial_raw,1634788,1785394321812,9146,
serial:COM8/dial_raw,1634790,1785394321814,9149,
serial:COM8/dial_raw,1634792,1785394321816,9147,
serial:COM8/dial_raw,1634794,1785394321818,9149,
serial:COM8/dial_raw,1634796,1785394321820,9147,
serial:COM8/dial_raw,1634798,1785394321822,9146,
serial:COM8/dial_raw,1634800,1785394321824,9147,
serial:COM8/dial_raw,1634802,1785394321826,9148,
serial:COM8/dial_raw,1634804,1785394321828,9148,
serial:COM8/dial_raw,1634806,1785394321830,9147,
serial:COM8/dial_raw,1634808,1785394321832,9150,
serial:COM8/dial_raw,1634810,1785394321834,9149,
serial:COM8/dial_raw,1634812,1785394321836,9148,
serial:COM8/dial_raw,1634814,1785394321838,9149,
serial:COM8/dial_raw,1634816,1785394321840,9146,
serial:COM8/dial_raw,1634818,1785394321842,9148,
serial:COM8/dial_raw,1634820,1785394321844,9145,
serial:COM8/dial_raw,1634822,1785394321846,9147,
serial:COM8/dial_raw,1634824,1785394321848,9148,
serial:COM8/dial_raw,1634826,1785394321850,9146,
serial:COM8/dial_raw,1634828,1785394321852,9147,
serial:COM8/dial_raw,1634830,1785394321854,9149,
serial:COM8/dial_raw,1634832,1785394321856,9146,
serial:COM8/dial_raw,1634834,1785394321858,9146,
serial:COM8/dial_raw,1634836,1785394321860,9148,
serial:COM8/dial_raw,1634838,1785394321862,9146,
serial:COM8/dial_raw,1634840,1785394321864,9146,
serial:COM8/dial_raw,1634842,1785394321866,9147,
serial:COM8/dial_raw,1634844,1785394321868,9148,
serial:COM8/dial_raw,1634846,1785394321870,9148,
serial:COM8/dial_raw,1634848,1785394321872,9149,
serial:COM8/dial_raw,1634850,1785394321874,9149,
serial:COM8/dial_raw,1634852,1785394321876,9147,
serial:COM8/dial_raw,1634854,1785394321878,9148,
serial:COM8/dial_raw,1634856,1785394321880,9145,
serial:COM8/dial_raw,1634858,1785394321882,9147,
serial:COM8/dial_raw,1634860,1785394321884,9149,
serial:COM8/dial_raw,1634862,1785394321886,9147,
serial:COM8/dial_raw,1634864,1785394321888,9148,
serial:COM8/dial_raw,1634866,1785394321890,9147,
serial:COM8/dial_raw,1634868,1785394321892,9148,
serial:COM8/dial_raw,1634870,1785394321894,9150,
serial:COM8/dial_raw,1634872,1785394321896,9148,
serial:COM8/dial_raw,1634874,1785394321898,9149,
serial:COM8/dial_raw,1634876,1785394321900,9148,
serial:COM8/dial_raw,1634878,1785394321902,9147,
serial:COM8/dial_raw,1634880,1785394321904,9147,
serial:COM8/dial_raw,1634882,1785394321906,9146,
serial:COM8/dial_raw,1634884,1785394321908,9148,
serial:COM8/dial_raw,1634886,1785394321910,9148,
serial:COM8/dial_raw,1634888,1785394321912,9149,
serial:COM8/dial_raw,1634890,1785394321914,9147,
serial:COM8/dial_raw,1634892,1785394321916,9149,
serial:COM8/dial_raw,1634894,1785394321918,9148,
serial:COM8/dial_raw,1634896,1785394321920,9147,
serial:COM8/dial_raw,1634898,1785394321922,9147,
serial:COM8/dial_raw,1634900,1785394321924,9147,
serial:COM8/dial_raw,1634902,1785394321926,9147,
serial:COM8/dial_raw,1634904,1785394321928,9147,
serial:COM8/dial_raw,1634906,1785394321930,9147,
serial:COM8/dial_raw,1634908,1785394321932,9150,
serial:COM8/dial_raw,1634910,1785394321934,9148,
serial:COM8/dial_raw,1634912,1785394321936,9147,
serial:COM8/dial_raw,1634914,1785394321938,9148,
serial:COM8/dial_raw,1634916,1785394321940,9148,
serial:COM8/dial_raw,1634918,1785394321942,9149,
serial:COM8/dial_raw,1634920,1785394321944,9148,
serial:COM8/dial_raw,1634922,1785394321946,9147,
serial:COM8/dial_raw,1634924,1785394321948,9149,
serial:COM8/dial_raw,1634926,1785394321950,9149,
serial:COM8/dial_raw,1634928,1785394321952,9148,
serial:COM8/dial_raw,1634930,1785394321954,9148,
serial:COM8/dial_raw,1634932,1785394321959,9147,
serial:COM8/dial_raw,1634934,1785394321959,9149,
serial:COM8/dial_raw,1634936,1785394321960,9149,
serial:COM8/dial_raw,1634938,1785394321962,9147,
serial:COM8/dial_raw,1634940,1785394321964,9147,
serial:COM8/dial_raw,1634942,1785394321966,9146,
serial:COM8/dial_raw,1634944,1785394321968,9147,
serial:COM8/dial_raw,1634946,1785394321970,9147,
serial:COM8/dial_raw,1634948,1785394321972,9147,
serial:COM8/dial_raw,1634950,1785394321974,9147,
serial:COM8/dial_raw,1634952,1785394321976,9150,
serial:COM8/dial_raw,1634954,1785394321978,9148,
serial:COM8/dial_raw,1634956,1785394321980,9150,
serial:COM8/dial_raw,1634958,1785394321982,9151,
serial:COM8/dial_raw,1634960,1785394321984,9147,
serial:COM8/dial_raw,1634962,1785394321986,9149,
serial:COM8/dial_raw,1634964,1785394321988,9150,
serial:COM8/dial_raw,1634966,1785394321990,9148,
serial:COM8/dial_raw,1634968,1785394321992,9149,
serial:COM8/dial_raw,1634970,1785394321994,9148,
serial:COM8/dial_raw,1634972,1785394321996,9148,
serial:COM8/dial_raw,1634974,1785394321998,9148,
serial:COM8/dial_raw,1634976,1785394322000,9148,
serial:COM8/dial_raw,1634978,1785394322002,9147,
serial:COM8/dial_raw,1634980,1785394322004,9150,
serial:COM8/dial_raw,1634982,1785394322006,9146,
serial:COM8/dial_raw,1634984,1785394322008,9147,
serial:COM8/dial_raw,1634986,1785394322010,9147,
serial:COM8/dial_raw,1634988,1785394322012,9149,
serial:COM8/dial_raw,1634990,1785394322014,9149,
serial:COM8/dial_raw,1634992,1785394322016,9148,
serial:COM8/dial_raw,1634994,1785394322018,9147,
serial:COM8/dial_raw,1634996,1785394322020,9149,
serial:COM8/dial_raw,1634998,1785394322022,9147,
serial:COM8/dial_raw,1635000,1785394322024,9148,
serial:COM8/dial_raw,1635002,1785394322026,9148,
serial:COM8/dial_raw,1635004,1785394322028,9149,
serial:COM8/dial_raw,1635006,1785394322030,9147,
serial:COM8/dial_raw,1635008,1785394322032,9147,
serial:COM8/dial_raw,1635010,1785394322034,9148,
serial:COM8/dial_raw,1635012,1785394322036,9148,
serial:COM8/dial_raw,1635014,1785394322038,9147,
serial:COM8/dial_raw,1635016,1785394322040,9146,
serial:COM8/dial_raw,1635018,1785394322042,9145,
serial:COM8/dial_raw,1635020,1785394322044,9150,
serial:COM8/dial_raw,1635022,1785394322046,9148,
serial:COM8/dial_raw,1635024,1785394322048,9149,
serial:COM8/dial_raw,1635026,1785394322050,9147,
serial:COM8/dial_raw,1635028,1785394322052,9147,
serial:COM8/dial_raw,1635030,1785394322054,9147,
serial:COM8/dial_raw,1635032,1785394322056,9151,
serial:COM8/dial_raw,1635034,1785394322058,9145,
serial:COM8/dial_raw,1635036,1785394322060,9149,
serial:COM8/dial_raw,1635038,1785394322062,9147,
serial:COM8/dial_raw,1635040,1785394322064,9147,
serial:COM8/dial_raw,1635042,1785394322066,9147,
serial:COM8/dial_raw,1635044,1785394322068,9148,
serial:COM8/dial_raw,1635046,1785394322070,9145,
serial:COM8/dial_raw,1635048,1785394322072,9149,
serial:COM8/dial_raw,1635050,1785394322074,9147,
serial:COM8/dial_raw,1635052,1785394322076,9148,
serial:COM8/dial_raw,1635054,1785394322078,9147,
serial:COM8/dial_raw,1635056,1785394322080,9149,
serial:COM8/dial_raw,1635058,1785394322082,9147,
serial:COM8/dial_raw,1635060,1785394322084,9148,
serial:COM8/dial_raw,1635062,1785394322086,9149,
serial:COM8/dial_raw,1635064,1785394322088,9148,
serial:COM8/dial_raw,1635066,1785394322090,9147,
serial:COM8/dial_raw,1635068,1785394322092,9148,
serial:COM8/dial_raw,1635070,1785394322094,9147,
serial:COM8/dial_raw,1635072,1785394322096,9147,
serial:COM8/dial_raw,1635074,1785394322098,9146,
serial:COM8/dial_raw,1635076,1785394322100,9149,
serial:COM8/dial_raw,1635078,1785394322102,9147,
serial:COM8/dial_raw,1635080,1785394322104,9148,
serial:COM8/dial_raw,1635082,1785394322106,9147,
serial:COM8/dial_raw,1635084,1785394322108,9150,
serial:COM8/dial_raw,1635086,1785394322110,9148,
serial:COM8/dial_raw,1635088,1785394322112,9148,
serial:COM8/dial_raw,1635090,1785394322114,9147,
serial:COM8/dial_raw,1635092,1785394322116,9148,
serial:COM8/dial_raw,1635094,1785394322118,9148,
serial:COM8/dial_raw,1635096,1785394322120,9146,
serial:COM8/dial_raw,1635098,1785394322122,9148,
serial:COM8/dial_raw,1635100,1785394322124,9147,
serial:COM8/dial_raw,1635102,1785394322126,9145,
serial:COM8/dial_raw,1635104,1785394322128,9149,
serial:COM8/dial_raw,1635106,1785394322130,9147,
serial:COM8/dial_raw,1635108,1785394322132,9147,
serial:COM8/dial_raw,1635110,1785394322134,9147,
serial:COM8/dial_raw,1635112,1785394322136,9148,
serial:COM8/dial_raw,1635114,1785394322138,9148,
serial:COM8/dial_raw,1635116,1785394322140,9148,
serial:COM8/dial_raw,1635118,1785394322142,9147,
serial:COM8/dial_raw,1635120,1785394322144,9147,
serial:COM8/dial_raw,1635122,1785394322146,9150,
serial:COM8/dial_raw,1635124,1785394322148,9148,
serial:COM8/dial_raw,1635126,1785394322150,9149,
serial:COM8/dial_raw,1635128,1785394322152,9149,
serial:COM8/dial_raw,1635130,1785394322154,9149,
serial:COM8/dial_raw,1635132,1785394322159,9145,
serial:COM8/dial_raw,1635134,1785394322159,9147,
serial:COM8/dial_raw,1635136,1785394322160,9148,
serial:COM8/dial_raw,1635138,1785394322162,9150,
serial:COM8/dial_raw,1635140,1785394322164,9145,
serial:COM8/dial_raw,1635142,1785394322166,9146,
serial:COM8/dial_raw,1635144,1785394322168,9146,
serial:COM8/dial_raw,1635146,1785394322170,9146,
serial:COM8/dial_raw,1635148,1785394322172,9148,
serial:COM8/dial_raw,1635150,1785394322174,9148,
serial:COM8/dial_raw,1635152,1785394322176,9149,
serial:COM8/dial_raw,1635154,1785394322178,9148,
serial:COM8/dial_raw,1635156,1785394322180,9149,
serial:COM8/dial_raw,1635158,1785394322182,9146,
serial:COM8/dial_raw,1635160,1785394322184,9148,
serial:COM8/dial_raw,1635162,1785394322186,9146,
serial:COM8/dial_raw,1635164,1785394322188,9147,
serial:COM8/dial_raw,1635166,1785394322190,9148,
serial:COM8/dial_raw,1635168,1785394322192,9148,
serial:COM8/dial_raw,1635170,1785394322194,9147,
serial:COM8/dial_raw,1635172,1785394322196,9145,
serial:COM8/dial_raw,1635174,1785394322198,9147,
serial:COM8/dial_raw,1635176,1785394322200,9146,
serial:COM8/dial_raw,1635178,1785394322202,9146,
serial:COM8/dial_raw,1635180,1785394322204,9148,
serial:COM8/dial_raw,1635182,1785394322206,9148,
serial:COM8/dial_raw,1635184,1785394322208,9148,
serial:COM8/dial_raw,1635186,1785394322210,9149,
serial:COM8/dial_raw,1635188,1785394322212,9148,
serial:COM8/dial_raw,1635190,1785394322214,9145,
serial:COM8/dial_raw,1635192,1785394322216,9147,
serial:COM8/dial_raw,1635194,1785394322218,9147,
serial:COM8/dial_raw,1635196,1785394322220,9148,
serial:COM8/dial_raw,1635198,1785394322222,9148,
serial:COM8/dial_raw,1635200,1785394322224,9149,
serial:COM8/dial_raw,1635202,1785394322226,9146,
serial:COM8/dial_raw,1635204,1785394322228,9147,
serial:COM8/dial_raw,1635206,1785394322230,9146,
serial:COM8/dial_raw,1635208,1785394322232,9147,
serial:COM8/dial_raw,1635210,1785394322234,9146,
serial:COM8/dial_raw,1635212,1785394322236,9149,
serial:COM8/dial_raw,1635214,1785394322238,9149,
serial:COM8/dial_raw,1635216,1785394322240,9146,
serial:COM8/dial_raw,1635218,1785394322242,9147,
serial:COM8/dial_raw,1635220,1785394322244,9148,
serial:COM8/dial_raw,1635222,1785394322246,9149,
serial:COM8/dial_raw,1635224,1785394322248,9147,
serial:COM8/dial_raw,1635226,1785394322250,9149,
serial:COM8/dial_raw,1635228,1785394322252,9149,
serial:COM8/dial_raw,1635230,1785394322254,9146,
serial:COM8/dial_raw,1635232,1785394322256,9149,
serial:COM8/dial_raw,1635234,1785394322258,9147,
serial:COM8/dial_raw,1635236,1785394322260,9147,
serial:COM8/dial_raw,1635238,1785394322262,9147,
serial:COM8/dial_raw,1635240,1785394322264,9147,
serial:COM8/dial_raw,1635242,1785394322266,9148,
serial:COM8/dial_raw,1635244,1785394322268,9148,
serial:COM8/dial_raw,1635246,1785394322270,9148,
serial:COM8/dial_raw,1635248,1785394322272,9147,
serial:COM8/dial_raw,1635250,1785394322274,9148,
serial:COM8/dial_raw,1635252,1785394322276,9146,
serial:COM8/dial_raw,1635254,1785394322278,9147,
serial:COM8/dial_raw,1635256,1785394322280,9146,
serial:COM8/dial_raw,1635258,1785394322282,9148,
serial:COM8/dial_raw,1635260,1785394322284,9148,
serial:COM8/dial_raw,1635262,1785394322286,9147,
serial:COM8/dial_raw,1635264,1785394322288,9147,
serial:COM8/dial_raw,1635266,1785394322290,9145,
serial:COM8/dial_raw,1635268,1785394322292,9147,
serial:COM8/dial_raw,1635270,1785394322294,9149,
serial:COM8/dial_raw,1635272,1785394322296,9148,
serial:COM8/dial_raw,1635274,1785394322298,9148,
serial:COM8/dial_raw,1635276,1785394322300,9149,
serial:COM8/dial_raw,1635278,1785394322302,9148,
serial:COM8/dial_raw,1635280,1785394322304,9147,
serial:COM8/dial_raw,1635282,1785394322306,9146,
serial:COM8/dial_raw,1635284,1785394322308,9147,
serial:COM8/dial_raw,1635286,1785394322310,9145,
serial:COM8/dial_raw,1635288,1785394322312,9149,
serial:COM8/dial_raw,1635290,1785394322314,9148,
serial:COM8/dial_raw,1635292,1785394322316,9146,
serial:COM8/dial_raw,1635294,1785394322318,9148,
serial:COM8/dial_raw,1635296,1785394322320,9149,
serial:COM8/dial_raw,1635298,1785394322322,9147,
serial:COM8/dial_raw,1635300,1785394322324,9149,
serial:COM8/dial_raw,1635302,1785394322326,9147,
serial:COM8/dial_raw,1635304,1785394322328,9147,
serial:COM8/dial_raw,1635306,1785394322330,9148,
serial:COM8/dial_raw,1635308,1785394322332,9149,
serial:COM8/dial_raw,1635310,1785394322334,9148,
serial:COM8/dial_raw,1635312,1785394322336,9150,
serial:COM8/dial_raw,1635314,1785394322338,9147,
serial:COM8/dial_raw,1635316,1785394322340,9147,
serial:COM8/dial_raw,1635318,1785394322342,9148,
serial:COM8/dial_raw,1635320,1785394322344,9146,
serial:COM8/dial_raw,1635322,1785394322346,9147,
serial:COM8/dial_raw,1635324,1785394322348,9150,
serial:COM8/dial_raw,1635326,1785394322350,9148,
serial:COM8/dial_raw,1635328,1785394322352,9144,
serial:COM8/dial_raw,1635330,1785394322354,9148,
serial:COM8/dial_raw,1635332,1785394322359,9147,
serial:COM8/dial_raw,1635334,1785394322359,9148,
serial:COM8/dial_raw,1635336,1785394322360,9148,
serial:COM8/dial_raw,1635338,1785394322362,9146,
serial:COM8/dial_raw,1635340,1785394322364,9148,
serial:COM8/dial_raw,1635342,1785394322366,9148,
serial:COM8/dial_raw,1635344,1785394322368,9147,
serial:COM8/dial_raw,1635346,1785394322370,9147,
serial:COM8/dial_raw,1635348,1785394322372,9149,
serial:COM8/dial_raw,1635350,1785394322374,9148,
serial:COM8/dial_raw,1635352,1785394322376,9147,
serial:COM8/dial_raw,1635354,1785394322378,9148,
serial:COM8/dial_raw,1635356,1785394322380,9147,
serial:COM8/dial_raw,1635358,1785394322382,9147,
serial:COM8/dial_raw,1635360,1785394322384,9148,
serial:COM8/dial_raw,1635362,1785394322386,9146,
serial:COM8/dial_raw,1635364,1785394322388,9147,
serial:COM8/dial_raw,1635366,1785394322390,9148,
serial:COM8/dial_raw,1635368,1785394322392,9146,
serial:COM8/dial_raw,1635370,1785394322394,9147,
serial:COM8/dial_raw,1635372,1785394322396,9148,
serial:COM8/dial_raw,1635374,1785394322398,9147,
serial:COM8/dial_raw,1635376,1785394322400,9148,
serial:COM8/dial_raw,1635378,1785394322402,9146,
serial:COM8/dial_raw,1635380,1785394322404,9148,
serial:COM8/dial_raw,1635382,1785394322406,9146,
serial:COM8/dial_raw,1635384,1785394322408,9148,
serial:COM8/dial_raw,1635386,1785394322410,9148,
serial:COM8/dial_raw,1635388,1785394322412,9147,
serial:COM8/dial_raw,1635390,1785394322414,9146,
serial:COM8/dial_raw,1635392,1785394322416,9146,
serial:COM8/dial_raw,1635394,1785394322418,9146,
serial:COM8/dial_raw,1635396,1785394322420,9148,
serial:COM8/dial_raw,1635398,1785394322422,9148,
serial:COM8/dial_raw,1635400,1785394322424,9147,
serial:COM8/dial_raw,1635402,1785394322426,9148,
serial:COM8/dial_raw,1635404,1785394322428,9148,
serial:COM8/dial_raw,1635406,1785394322430,9146,
serial:COM8/dial_raw,1635408,1785394322432,9149,
serial:COM8/dial_raw,1635410,1785394322434,9146,
serial:COM8/dial_raw,1635412,1785394322436,9147,
serial:COM8/dial_raw,1635414,1785394322438,9147,
serial:COM8/dial_raw,1635416,1785394322440,9147,
serial:COM8/dial_raw,1635418,1785394322442,9148,
serial:COM8/dial_raw,1635420,1785394322444,9147,
serial:COM8/dial_raw,1635422,1785394322446,9146,
serial:COM8/dial_raw,1635424,1785394322448,9148,
serial:COM8/dial_raw,1635426,1785394322450,9148,
serial:COM8/dial_raw,1635428,1785394322452,9147,
serial:COM8/dial_raw,1635430,1785394322454,9147,
serial:COM8/dial_raw,1635432,1785394322456,9148,
serial:COM8/dial_raw,1635434,1785394322458,9148,
serial:COM8/dial_raw,1635436,1785394322460,9146,
serial:COM8/dial_raw,1635438,1785394322462,9149,
serial:COM8/dial_raw,1635440,1785394322464,9146,
serial:COM8/dial_raw,1635442,1785394322466,9149,
serial:COM8/dial_raw,1635444,1785394322468,9146,
serial:COM8/dial_raw,1635446,1785394322470,9147,
serial:COM8/dial_raw,1635448,1785394322472,9146,
serial:COM8/dial_raw,1635450,1785394322474,9148,
serial:COM8/dial_raw,1635452,1785394322476,9147,
serial:COM8/dial_raw,1635454,1785394322478,9149,
serial:COM8/dial_raw,1635456,1785394322480,9146,
serial:COM8/dial_raw,1635458,1785394322482,9147,
serial:COM8/dial_raw,1635460,1785394322484,9147,
serial:COM8/dial_raw,1635462,1785394322486,9146,
serial:COM8/dial_raw,1635464,1785394322488,9152,
serial:COM8/dial_raw,1635466,1785394322490,9149,
serial:COM8/dial_raw,1635468,1785394322492,9147,
serial:COM8/dial_raw,1635470,1785394322494,9148,
serial:COM8/dial_raw,1635472,1785394322496,9146,
serial:COM8/dial_raw,1635474,1785394322498,9147,
serial:COM8/dial_raw,1635476,1785394322500,9146,
serial:COM8/dial_raw,1635478,1785394322502,9147,
serial:COM8/dial_raw,1635480,1785394322504,9147,
serial:COM8/dial_raw,1635482,1785394322506,9147,
serial:COM8/dial_raw,1635484,1785394322508,9149,
serial:COM8/dial_raw,1635486,1785394322510,9148,
serial:COM8/dial_raw,1635488,1785394322512,9149,
serial:COM8/dial_raw,1635490,1785394322514,9147,
serial:COM8/dial_raw,1635492,1785394322516,9145,
serial:COM8/dial_raw,1635494,1785394322518,9150,
serial:COM8/dial_raw,1635496,1785394322520,9151,
serial:COM8/dial_raw,1635498,1785394322522,9148,
serial:COM8/dial_raw,1635500,1785394322524,9149,
serial:COM8/dial_raw,1635502,1785394322526,9145,
serial:COM8/dial_raw,1635504,1785394322528,9147,
serial:COM8/dial_raw,1635506,1785394322530,9147,
serial:COM8/dial_raw,1635508,1785394322532,9148,
serial:COM8/dial_raw,1635510,1785394322534,9145,
serial:COM8/dial_raw,1635512,1785394322536,9148,
serial:COM8/dial_raw,1635514,1785394322538,9145,
serial:COM8/dial_raw,1635516,1785394322540,9147,
serial:COM8/dial_raw,1635518,1785394322542,9149,
serial:COM8/dial_raw,1635520,1785394322544,9147,
serial:COM8/dial_raw,1635522,1785394322546,9148,
serial:COM8/dial_raw,1635524,1785394322548,9148,
serial:COM8/dial_raw,1635526,1785394322550,9149,
serial:COM8/dial_raw,1635528,1785394322552,9148,
serial:COM8/dial_raw,1635530,1785394322554,9146,
serial:COM8/dial_raw,1635532,1785394322559,9146,
serial:COM8/dial_raw,1635534,1785394322559,9146,
serial:COM8/dial_raw,1635536,1785394322560,9150,
serial:COM8/dial_raw,1635538,1785394322562,9147,
serial:COM8/dial_raw,1635540,1785394322564,9149,
serial:COM8/dial_raw,1635542,1785394322566,9149,
serial:COM8/dial_raw,1635544,1785394322568,9147,
serial:COM8/dial_raw,1635546,1785394322570,9148,
serial:COM8/dial_raw,1635548,1785394322572,9147,
serial:COM8/dial_raw,1635550,1785394322574,9149,
serial:COM8/dial_raw,1635552,1785394322576,9148,
serial:COM8/dial_raw,1635554,1785394322578,9147,
serial:COM8/dial_raw,1635556,1785394322580,9150,
serial:COM8/dial_raw,1635558,1785394322582,9150,
serial:COM8/dial_raw,1635560,1785394322584,9147,
serial:COM8/dial_raw,1635562,1785394322586,9147,
serial:COM8/dial_raw,1635564,1785394322588,9148,
serial:COM8/dial_raw,1635566,1785394322590,9148,
serial:COM8/dial_raw,1635568,1785394322592,9150,
serial:COM8/dial_raw,1635570,1785394322594,9147,
serial:COM8/dial_raw,1635572,1785394322596,9147,
serial:COM8/dial_raw,1635574,1785394322598,9146,
serial:COM8/dial_raw,1635576,1785394322600,9148,
serial:COM8/dial_raw,1635578,1785394322602,9148,
serial:COM8/dial_raw,1635580,1785394322604,9146,
serial:COM8/dial_raw,1635582,1785394322606,9145,
serial:COM8/dial_raw,1635584,1785394322608,9146,
serial:COM8/dial_raw,1635586,1785394322610,9147,
serial:COM8/dial_raw,1635588,1785394322612,9146,
serial:COM8/dial_raw,1635590,1785394322614,9149,
serial:COM8/dial_raw,1635592,1785394322616,9147,
serial:COM8/dial_raw,1635594,1785394322618,9148,
serial:COM8/dial_raw,1635596,1785394322620,9149,
serial:COM8/dial_raw,1635598,1785394322622,9148,
serial:COM8/dial_raw,1635600,1785394322624,9148,
serial:COM8/dial_raw,1635602,1785394322626,9148,
serial:COM8/dial_raw,1635604,1785394322628,9147,
serial:COM8/dial_raw,1635606,1785394322630,9148,
serial:COM8/dial_raw,1635608,1785394322632,9147,
serial:COM8/dial_raw,1635610,1785394322634,9147,
serial:COM8/dial_raw,1635612,1785394322636,9145,
serial:COM8/dial_raw,1635614,1785394322638,9147,
serial:COM8/dial_raw,1635616,1785394322640,9147,
serial:COM8/dial_raw,1635618,1785394322642,9145,
serial:COM8/dial_raw,1635620,1785394322644,9148,
serial:COM8/dial_raw,1635622,1785394322646,9147,
serial:COM8/dial_raw,1635624,1785394322648,9149,
serial:COM8/dial_raw,1635626,1785394322650,9150,
serial:COM8/dial_raw,1635628,1785394322652,9147,
serial:COM8/dial_raw,1635630,1785394322654,9148,
serial:COM8/dial_raw,1635632,1785394322656,9148,
serial:COM8/dial_raw,1635634,1785394322658,9147,
serial:COM8/dial_raw,1635636,1785394322660,9147,
serial:COM8/dial_raw,1635638,1785394322662,9150,
serial:COM8/dial_raw,1635640,1785394322664,9148,
serial:COM8/dial_raw,1635642,1785394322666,9148,
serial:COM8/dial_raw,1635644,1785394322668,9147,
serial:COM8/dial_raw,1635646,1785394322670,9147,
serial:COM8/dial_raw,1635648,1785394322672,9146,
serial:COM8/dial_raw,1635650,1785394322674,9149,
serial:COM8/dial_raw,1635652,1785394322676,9147,
serial:COM8/dial_raw,1635654,1785394322678,9148,
serial:COM8/dial_raw,1635656,1785394322680,9148,
serial:COM8/dial_raw,1635658,1785394322682,9146,
serial:COM8/dial_raw,1635660,1785394322684,9149,
serial:COM8/dial_raw,1635662,1785394322686,9148,
serial:COM8/dial_raw,1635664,1785394322688,9147,
serial:COM8/dial_raw,1635666,1785394322690,9148,
serial:COM8/dial_raw,1635668,1785394322692,9148,
serial:COM8/dial_raw,1635670,1785394322694,9147,
serial:COM8/dial_raw,1635672,1785394322696,9149,
serial:COM8/dial_raw,1635674,1785394322698,9148,
serial:COM8/dial_raw,1635676,1785394322700,9149,
serial:COM8/dial_raw,1635678,1785394322702,9147,
serial:COM8/dial_raw,1635680,1785394322704,9147,
serial:COM8/dial_raw,1635682,1785394322706,9146,
serial:COM8/dial_raw,1635684,1785394322708,9147,
serial:COM8/dial_raw,1635686,1785394322710,9149,
serial:COM8/dial_raw,1635688,1785394322712,9147,
serial:COM8/dial_raw,1635690,1785394322714,9148,
serial:COM8/dial_raw,1635692,1785394322716,9145,
serial:COM8/dial_raw,1635694,1785394322718,9150,
serial:COM8/dial_raw,1635696,1785394322720,9148,
serial:COM8/dial_raw,1635698,1785394322722,9150,
serial:COM8/dial_raw,1635700,1785394322724,9147,
serial:COM8/dial_raw,1635702,1785394322726,9148,
serial:COM8/dial_raw,1635704,1785394322728,9147,
serial:COM8/dial_raw,1635706,1785394322730,9149,
serial:COM8/dial_raw,1635708,1785394322732,9147,
serial:COM8/dial_raw,1635710,1785394322734,9149,
serial:COM8/dial_raw,1635712,1785394322736,9148,
serial:COM8/dial_raw,1635714,1785394322738,9149,
serial:COM8/dial_raw,1635716,1785394322740,9148,
serial:COM8/dial_raw,1635718,1785394322742,9147,
serial:COM8/dial_raw,1635720,1785394322744,9148,
serial:COM8/dial_raw,1635722,1785394322746,9146,
serial:COM8/dial_raw,1635724,1785394322748,9147,
serial:COM8/dial_raw,1635726,1785394322750,9148,
serial:COM8/dial_raw,1635728,1785394322752,9148,
serial:COM8/dial_raw,1635730,1785394322754,9145,
serial:COM8/dial_raw,1635732,1785394322759,9150,
serial:COM8/dial_raw,1635734,1785394322759,9147,
serial:COM8/dial_raw,1635736,1785394322760,9149,
serial:COM8/dial_raw,1635738,1785394322762,9146,
serial:COM8/dial_raw,1635740,1785394322764,9147,
serial:COM8/dial_raw,1635742,1785394322766,9147,
serial:COM8/dial_raw,1635744,1785394322768,9147,
serial:COM8/dial_raw,1635746,1785394322770,9151,
serial:COM8/dial_raw,1635748,1785394322772,9146,
serial:COM8/dial_raw,1635750,1785394322774,9148,
serial:COM8/dial_raw,1635752,1785394322776,9147,
serial:COM8/dial_raw,1635754,1785394322778,9147,
serial:COM8/dial_raw,1635756,1785394322780,9149,
serial:COM8/dial_raw,1635758,1785394322782,9145,
serial:COM8/dial_raw,1635760,1785394322784,9148,
serial:COM8/dial_raw,1635762,1785394322786,9147,
serial:COM8/dial_raw,1635764,1785394322788,9148,
serial:COM8/dial_raw,1635766,1785394322790,9149,
serial:COM8/dial_raw,1635768,1785394322792,9146,
serial:COM8/dial_raw,1635770,1785394322794,9146,
serial:COM8/dial_raw,1635772,1785394322796,9146,
serial:COM8/dial_raw,1635774,1785394322798,9147,
serial:COM8/dial_raw,1635776,1785394322800,9147,
serial:COM8/dial_raw,1635778,1785394322802,9149,
serial:COM8/dial_raw,1635780,1785394322804,9149,
serial:COM8/dial_raw,1635782,1785394322806,9147,
serial:COM8/dial_raw,1635784,1785394322808,9148,
serial:COM8/dial_raw,1635786,1785394322810,9149,
serial:COM8/dial_raw,1635788,1785394322812,9148,
serial:COM8/dial_raw,1635790,1785394322814,9147,
serial:COM8/dial_raw,1635792,1785394322816,9146,
serial:COM8/dial_raw,1635794,1785394322818,9147,
serial:COM8/dial_raw,1635796,1785394322820,9147,
serial:COM8/dial_raw,1635798,1785394322822,9148,
serial:COM8/dial_raw,1635800,1785394322824,9147,
serial:COM8/dial_raw,1635802,1785394322826,9147,
serial:COM8/dial_raw,1635804,1785394322828,9149,
serial:COM8/dial_raw,1635806,1785394322830,9145,
serial:COM8/dial_raw,1635808,1785394322832,9147,
serial:COM8/dial_raw,1635810,1785394322834,9147,
serial:COM8/dial_raw,1635812,1785394322836,9147,
serial:COM8/dial_raw,1635814,1785394322838,9148,
serial:COM8/dial_raw,1635816,1785394322840,9148,
serial:COM8/dial_raw,1635818,1785394322842,9148,
serial:COM8/dial_raw,1635820,1785394322844,9148,
serial:COM8/dial_raw,1635822,1785394322846,9146,
serial:COM8/dial_raw,1635824,1785394322848,9150,
serial:COM8/dial_raw,1635826,1785394322850,9146,
serial:COM8/dial_raw,1635828,1785394322852,9147,
serial:COM8/dial_raw,1635830,1785394322854,9147,
serial:COM8/dial_raw,1635832,1785394322856,9148,
serial:COM8/dial_raw,1635834,1785394322858,9149,
serial:COM8/dial_raw,1635836,1785394322860,9149,
serial:COM8/dial_raw,1635838,1785394322862,9147,
serial:COM8/dial_raw,1635840,1785394322864,9151,
serial:COM8/dial_raw,1635842,1785394322866,9147,
serial:COM8/dial_raw,1635844,1785394322868,9147,
serial:COM8/dial_raw,1635846,1785394322870,9146,
serial:COM8/dial_raw,1635848,1785394322872,9145,
serial:COM8/dial_raw,1635850,1785394322874,9146,
serial:COM8/dial_raw,1635852,1785394322876,9148,
serial:COM8/dial_raw,1635854,1785394322878,9147,
serial:COM8/dial_raw,1635856,1785394322880,9148,
serial:COM8/dial_raw,1635858,1785394322882,9148,
serial:COM8/dial_raw,1635860,1785394322884,9147,
serial:COM8/dial_raw,1635862,1785394322886,9145,
serial:COM8/dial_raw,1635864,1785394322888,9149,
serial:COM8/dial_raw,1635866,1785394322890,9147,
serial:COM8/dial_raw,1635868,1785394322892,9147,
serial:COM8/dial_raw,1635870,1785394322894,9146,
serial:COM8/dial_raw,1635872,1785394322896,9149,
serial:COM8/dial_raw,1635874,1785394322898,9148,
serial:COM8/dial_raw,1635876,1785394322900,9150,
serial:COM8/dial_raw,1635878,1785394322902,9147,
serial:COM8/dial_raw,1635880,1785394322904,9148,
serial:COM8/dial_raw,1635882,1785394322906,9147,
serial:COM8/dial_raw,1635884,1785394322908,9147,
serial:COM8/dial_raw,1635886,1785394322910,9145,
serial:COM8/dial_raw,1635888,1785394322912,9147,
serial:COM8/dial_raw,1635890,1785394322914,9148,
serial:COM8/dial_raw,1635892,1785394322916,9147,
serial:COM8/dial_raw,1635894,1785394322918,9147,
serial:COM8/dial_raw,1635896,1785394322920,9148,
serial:COM8/dial_raw,1635898,1785394322922,9147,
serial:COM8/dial_raw,1635900,1785394322924,9147,
serial:COM8/dial_raw,1635902,1785394322926,9149,
serial:COM8/dial_raw,1635904,1785394322928,9149,
serial:COM8/dial_raw,1635906,1785394322930,9149,
serial:COM8/dial_raw,1635908,1785394322932,9147,
serial:COM8/dial_raw,1635910,1785394322934,9148,
serial:COM8/dial_raw,1635912,1785394322936,9149,
serial:COM8/dial_raw,1635914,1785394322938,9148,
serial:COM8/dial_raw,1635916,1785394322940,9146,
serial:COM8/dial_raw,1635918,1785394322942,9148,
serial:COM8/dial_raw,1635920,1785394322944,9148,
serial:COM8/dial_raw,1635922,1785394322946,9150,
serial:COM8/dial_raw,1635924,1785394322948,9148,
serial:COM8/dial_raw,1635926,1785394322950,9146,
serial:COM8/dial_raw,1635928,1785394322952,9146,
serial:COM8/dial_raw,1635930,1785394322954,9146,
serial:COM8/dial_raw,1635932,1785394322959,9149,
serial:COM8/dial_raw,1635934,1785394322959,9148,
serial:COM8/dial_raw,1635936,1785394322960,9147,
serial:COM8/dial_raw,1635938,1785394322962,9148,
serial:COM8/dial_raw,1635940,1785394322964,9149,
serial:COM8/dial_raw,1635942,1785394322966,9147,
serial:COM8/dial_raw,1635944,1785394322968,9147,
serial:COM8/dial_raw,1635946,1785394322970,9147,
serial:COM8/dial_raw,1635948,1785394322972,9148,
serial:COM8/dial_raw,1635950,1785394322974,9148,
serial:COM8/dial_raw,1635952,1785394322976,9148,
serial:COM8/dial_raw,1635954,1785394322978,9148,
serial:COM8/dial_raw,1635956,1785394322980,9147,
serial:COM8/dial_raw,1635958,1785394322982,9147,
serial:COM8/dial_raw,1635960,1785394322984,9147,
serial:COM8/dial_raw,1635962,1785394322986,9147,
serial:COM8/dial_raw,1635964,1785394322988,9148,
serial:COM8/dial_raw,1635966,1785394322990,9146,
serial:COM8/dial_raw,1635968,1785394322992,9148,
serial:COM8/dial_raw,1635970,1785394322994,9148,
serial:COM8/dial_raw,1635972,1785394322996,9148,
serial:COM8/dial_raw,1635974,1785394322998,9146,
serial:COM8/dial_raw,1635976,1785394323000,9147,
serial:COM8/dial_raw,1635978,1785394323002,9147,
serial:COM8/dial_raw,1635980,1785394323004,9148,
serial:COM8/dial_raw,1635982,1785394323006,9148,
serial:COM8/dial_raw,1635984,1785394323008,9147,
serial:COM8/dial_raw,1635986,1785394323010,9147,
serial:COM8/dial_raw,1635988,1785394323012,9149,
serial:COM8/dial_raw,1635990,1785394323014,9148,
serial:COM8/dial_raw,1635992,1785394323016,9149,
serial:COM8/dial_raw,1635994,1785394323018,9149,
serial:COM8/dial_raw,1635996,1785394323020,9147,
serial:COM8/dial_raw,1635998,1785394323022,9145,
serial:COM8/dial_raw,1636000,1785394323024,9148,
serial:COM8/dial_raw,1636002,1785394323026,9145,
serial:COM8/dial_raw,1636004,1785394323028,9148,
serial:COM8/dial_raw,1636006,1785394323030,9147,
serial:COM8/dial_raw,1636008,1785394323032,9149,
serial:COM8/dial_raw,1636010,1785394323034,9149,
serial:COM8/dial_raw,1636012,1785394323036,9146,
serial:COM8/dial_raw,1636014,1785394323038,9148,
serial:COM8/dial_raw,1636016,1785394323040,9147,
serial:COM8/dial_raw,1636018,1785394323042,9147,
serial:COM8/dial_raw,1636020,1785394323044,9147,
serial:COM8/dial_raw,1636022,1785394323046,9146,
serial:COM8/dial_raw,1636024,1785394323048,9147,
serial:COM8/dial_raw,1636026,1785394323050,9147,
serial:COM8/dial_raw,1636028,1785394323052,9149,
serial:COM8/dial_raw,1636030,1785394323054,9150,
serial:COM8/dial_raw,1636032,1785394323056,9147,
serial:COM8/dial_raw,1636034,1785394323058,9148,
serial:COM8/dial_raw,1636036,1785394323060,9146,
serial:COM8/dial_raw,1636038,1785394323062,9147,
serial:COM8/dial_raw,1636040,1785394323064,9147,
serial:COM8/dial_raw,1636042,1785394323066,9146,
serial:COM8/dial_raw,1636044,1785394323068,9147,
serial:COM8/dial_raw,1636046,1785394323070,9147,
serial:COM8/dial_raw,1636048,1785394323072,9148,
serial:COM8/dial_raw,1636050,1785394323074,9147,
serial:COM8/dial_raw,1636052,1785394323076,9147,
serial:COM8/dial_raw,1636054,1785394323078,9146,
serial:COM8/dial_raw,1636056,1785394323080,9148,
serial:COM8/dial_raw,1636058,1785394323082,9147,
serial:COM8/dial_raw,1636060,1785394323084,9147,
serial:COM8/dial_raw,1636062,1785394323086,9149,
serial:COM8/dial_raw,1636064,1785394323088,9146,
serial:COM8/dial_raw,1636066,1785394323090,9149,
serial:COM8/dial_raw,1636068,1785394323092,9149,
serial:COM8/dial_raw,1636070,1785394323094,9147,
serial:COM8/dial_raw,1636072,1785394323096,9147,
serial:COM8/dial_raw,1636074,1785394323098,9146,
serial:COM8/dial_raw,1636076,1785394323100,9147,
serial:COM8/dial_raw,1636078,1785394323102,9147,
serial:COM8/dial_raw,1636080,1785394323104,9146,
serial:COM8/dial_raw,1636082,1785394323106,9148,
serial:COM8/dial_raw,1636084,1785394323108,9148,
serial:COM8/dial_raw,1636086,1785394323110,9146,
serial:COM8/dial_raw,1636088,1785394323112,9147,
serial:COM8/dial_raw,1636090,1785394323114,9146,
serial:COM8/dial_raw,1636092,1785394323116,9148,
serial:COM8/dial_raw,1636094,1785394323118,9147,
serial:COM8/dial_raw,1636096,1785394323120,9147,
serial:COM8/dial_raw,1636098,1785394323122,9147,
serial:COM8/dial_raw,1636100,1785394323124,9147,
serial:COM8/dial_raw,1636102,1785394323126,9147,
serial:COM8/dial_raw,1636104,1785394323128,9150,
serial:COM8/dial_raw,1636106,1785394323130,9150,
serial:COM8/dial_raw,1636108,1785394323132,9147,
serial:COM8/dial_raw,1636110,1785394323134,9147,
serial:COM8/dial_raw,1636112,1785394323136,9148,
serial:COM8/dial_raw,1636114,1785394323138,9148,
serial:COM8/dial_raw,1636116,1785394323140,9148,
serial:COM8/dial_raw,1636118,1785394323142,9148,
serial:COM8/dial_raw,1636120,1785394323144,9147,
serial:COM8/dial_raw,1636122,1785394323146,9148,
serial:COM8/dial_raw,1636124,1785394323148,9148,
serial:COM8/dial_raw,1636126,1785394323150,9146,
serial:COM8/dial_raw,1636128,1785394323152,9148,
serial:COM8/dial_raw,1636130,1785394323154,9149,
serial:COM8/dial_raw,1636132,1785394323159,9146,
serial:COM8/dial_raw,1636134,1785394323159,9148,
serial:COM8/dial_raw,1636136,1785394323160,9147,
serial:COM8/dial_raw,1636138,1785394323162,9149,
serial:COM8/dial_raw,1636140,1785394323164,9146,
serial:COM8/dial_raw,1636142,1785394323166,9146,
serial:COM8/dial_raw,1636144,1785394323168,9146,
serial:COM8/dial_raw,1636146,1785394323170,9147,
serial:COM8/dial_raw,1636148,1785394323172,9147,
serial:COM8/dial_raw,1636150,1785394323174,9145,
serial:COM8/dial_raw,1636152,1785394323176,9148,
serial:COM8/dial_raw,1636154,1785394323178,9148,
serial:COM8/dial_raw,1636156,1785394323180,9149,
serial:COM8/dial_raw,1636158,1785394323182,9148,
serial:COM8/dial_raw,1636160,1785394323184,9149,
serial:COM8/dial_raw,1636162,1785394323186,9147,
serial:COM8/dial_raw,1636164,1785394323188,9146,
serial:COM8/dial_raw,1636166,1785394323190,9145,
serial:COM8/dial_raw,1636168,1785394323192,9150,
serial:COM8/dial_raw,1636170,1785394323194,9147,
serial:COM8/dial_raw,1636172,1785394323196,9146,
serial:COM8/dial_raw,1636174,1785394323198,9147,
serial:COM8/dial_raw,1636176,1785394323200,9149,
serial:COM8/dial_raw,1636178,1785394323202,9145,
serial:COM8/dial_raw,1636180,1785394323204,9147,
serial:COM8/dial_raw,1636182,1785394323206,9147,
serial:COM8/dial_raw,1636184,1785394323208,9147,
serial:COM8/dial_raw,1636186,1785394323210,9150,
serial:COM8/dial_raw,1636188,1785394323212,9147,
serial:COM8/dial_raw,1636190,1785394323214,9147,
serial:COM8/dial_raw,1636192,1785394323216,9148,
serial:COM8/dial_raw,1636194,1785394323218,9148,
serial:COM8/dial_raw,1636196,1785394323220,9149,
serial:COM8/dial_raw,1636198,1785394323222,9146,
serial:COM8/dial_raw,1636200,1785394323224,9147,
serial:COM8/dial_raw,1636202,1785394323226,9148,
serial:COM8/dial_raw,1636204,1785394323228,9150,
serial:COM8/dial_raw,1636206,1785394323230,9148,
serial:COM8/dial_raw,1636208,1785394323232,9148,
serial:COM8/dial_raw,1636210,1785394323234,9146,
serial:COM8/dial_raw,1636212,1785394323236,9149,
serial:COM8/dial_raw,1636214,1785394323238,9144,
serial:COM8/dial_raw,1636216,1785394323240,9147,
serial:COM8/dial_raw,1636218,1785394323242,9147,
serial:COM8/dial_raw,1636220,1785394323244,9147,
serial:COM8/dial_raw,1636222,1785394323246,9146,
serial:COM8/dial_raw,1636224,1785394323248,9148,
serial:COM8/dial_raw,1636226,1785394323250,9147,
serial:COM8/dial_raw,1636228,1785394323252,9148,
serial:COM8/dial_raw,1636230,1785394323254,9149,
serial:COM8/dial_raw,1636232,1785394323256,9146,
serial:COM8/dial_raw,1636234,1785394323258,9148,
serial:COM8/dial_raw,1636236,1785394323260,9148,
serial:COM8/dial_raw,1636238,1785394323262,9147,
serial:COM8/dial_raw,1636240,1785394323264,9147,
serial:COM8/dial_raw,1636242,1785394323266,9146,
serial:COM8/dial_raw,1636244,1785394323268,9148,
serial:COM8/dial_raw,1636246,1785394323270,9147,
serial:COM8/dial_raw,1636248,1785394323272,9147,
serial:COM8/dial_raw,1636250,1785394323274,9145,
serial:COM8/dial_raw,1636252,1785394323276,9151,
serial:COM8/dial_raw,1636254,1785394323278,9147,
serial:COM8/dial_raw,1636256,1785394323280,9147,
serial:COM8/dial_raw,1636258,1785394323282,9148,
serial:COM8/dial_raw,1636260,1785394323284,9147,
serial:COM8/dial_raw,1636262,1785394323286,9147,
serial:COM8/dial_raw,1636264,1785394323288,9148,
serial:COM8/dial_raw,1636266,1785394323290,9146,
serial:COM8/dial_raw,1636268,1785394323292,9145,
serial:COM8/dial_raw,1636270,1785394323294,9147,
serial:COM8/dial_raw,1636272,1785394323296,9147,
serial:COM8/dial_raw,1636274,1785394323298,9147,
serial:COM8/dial_raw,1636276,1785394323300,9148,
serial:COM8/dial_raw,1636278,1785394323302,9147,
serial:COM8/dial_raw,1636280,1785394323304,9147,
serial:COM8/dial_raw,1636282,1785394323306,9148,
serial:COM8/dial_raw,1636284,1785394323308,9148,
serial:COM8/dial_raw,1636286,1785394323310,9148,
serial:COM8/dial_raw,1636288,1785394323312,9147,
serial:COM8/dial_raw,1636290,1785394323314,9147,
serial:COM8/dial_raw,1636292,1785394323316,9147,
serial:COM8/dial_raw,1636294,1785394323318,9147,
serial:COM8/dial_raw,1636296,1785394323320,9146,
serial:COM8/dial_raw,1636298,1785394323322,9145,
serial:COM8/dial_raw,1636300,1785394323324,9146,
serial:COM8/dial_raw,1636302,1785394323326,9149,
serial:COM8/dial_raw,1636304,1785394323328,9151,
serial:COM8/dial_raw,1636306,1785394323330,9148,
serial:COM8/dial_raw,1636308,1785394323332,9147,
serial:COM8/dial_raw,1636310,1785394323334,9149,
serial:COM8/dial_raw,1636312,1785394323336,9148,
serial:COM8/dial_raw,1636314,1785394323338,9149,
serial:COM8/dial_raw,1636316,1785394323340,9146,
serial:COM8/dial_raw,1636318,1785394323342,9148,
serial:COM8/dial_raw,1636320,1785394323344,9147,
serial:COM8/dial_raw,1636322,1785394323346,9148,
serial:COM8/dial_raw,1636324,1785394323348,9146,
serial:COM8/dial_raw,1636326,1785394323350,9148,
serial:COM8/dial_raw,1636328,1785394323352,9147,
serial:COM8/dial_raw,1636330,1785394323354,9147,
serial:COM8/dial_raw,1636332,1785394323359,9145,
serial:COM8/dial_raw,1636334,1785394323359,9148,
serial:COM8/dial_raw,1636336,1785394323360,9149,
serial:COM8/dial_raw,1636338,1785394323362,9147,
serial:COM8/dial_raw,1636340,1785394323364,9149,
serial:COM8/dial_raw,1636342,1785394323366,9146,
serial:COM8/dial_raw,1636344,1785394323368,9148,
serial:COM8/dial_raw,1636346,1785394323370,9149,
serial:COM8/dial_raw,1636348,1785394323372,9147,
serial:COM8/dial_raw,1636350,1785394323374,9147,
serial:COM8/dial_raw,1636352,1785394323376,9146,
serial:COM8/dial_raw,1636354,1785394323378,9147,
serial:COM8/dial_raw,1636356,1785394323380,9147,
serial:COM8/dial_raw,1636358,1785394323382,9147,
serial:COM8/dial_raw,1636360,1785394323384,9148,
serial:COM8/dial_raw,1636362,1785394323386,9147,
serial:COM8/dial_raw,1636364,1785394323388,9146,
serial:COM8/dial_raw,1636366,1785394323390,9148,
serial:COM8/dial_raw,1636368,1785394323392,9147,
serial:COM8/dial_raw,1636370,1785394323394,9148,
serial:COM8/dial_raw,1636372,1785394323396,9146,
serial:COM8/dial_raw,1636374,1785394323398,9147,
serial:COM8/dial_raw,1636376,1785394323400,9147,
serial:COM8/dial_raw,1636378,1785394323402,9147,
serial:COM8/dial_raw,1636380,1785394323404,9145,
serial:COM8/dial_raw,1636382,1785394323406,9149,
serial:COM8/dial_raw,1636384,1785394323408,9147,
serial:COM8/dial_raw,1636386,1785394323410,9147,
serial:COM8/dial_raw,1636388,1785394323412,9148,
serial:COM8/dial_raw,1636390,1785394323414,9147,
serial:COM8/dial_raw,1636392,1785394323416,9148,
serial:COM8/dial_raw,1636394,1785394323418,9148,
serial:COM8/dial_raw,1636396,1785394323420,9148,
serial:COM8/dial_raw,1636398,1785394323422,9148,
serial:COM8/dial_raw,1636400,1785394323424,9149,
serial:COM8/dial_raw,1636402,1785394323426,9150,
serial:COM8/dial_raw,1636404,1785394323428,9147,
serial:COM8/dial_raw,1636406,1785394323430,9147,
serial:COM8/dial_raw,1636408,1785394323432,9149,
serial:COM8/dial_raw,1636410,1785394323434,9150,
serial:COM8/dial_raw,1636412,1785394323436,9144,
serial:COM8/dial_raw,1636414,1785394323438,9149,
serial:COM8/dial_raw,1636416,1785394323440,9147,
serial:COM8/dial_raw,1636418,1785394323442,9147,
serial:COM8/dial_raw,1636420,1785394323444,9149,
serial:COM8/dial_raw,1636422,1785394323446,9147,
serial:COM8/dial_raw,1636424,1785394323448,9149,
serial:COM8/dial_raw,1636426,1785394323450,9147,
serial:COM8/dial_raw,1636428,1785394323452,9147,
serial:COM8/dial_raw,1636430,1785394323454,9148,
serial:COM8/dial_raw,1636432,1785394323456,9147,
serial:COM8/dial_raw,1636434,1785394323458,9146,
serial:COM8/dial_raw,1636436,1785394323460,9147,
serial:COM8/dial_raw,1636438,1785394323462,9150,
serial:COM8/dial_raw,1636440,1785394323464,9150,
serial:COM8/dial_raw,1636442,1785394323466,9150,
serial:COM8/dial_raw,1636444,1785394323468,9150,
serial:COM8/dial_raw,1636446,1785394323470,9147,
serial:COM8/dial_raw,1636448,1785394323472,9149,
serial:COM8/dial_raw,1636450,1785394323474,9149,
serial:COM8/dial_raw,1636452,1785394323476,9148,
serial:COM8/dial_raw,1636454,1785394323478,9150,
serial:COM8/dial_raw,1636456,1785394323480,9146,
serial:COM8/dial_raw,1636458,1785394323482,9146,
serial:COM8/dial_raw,1636460,1785394323484,9147,
serial:COM8/dial_raw,1636462,1785394323486,9146,
serial:COM8/dial_raw,1636464,1785394323488,9149,
serial:COM8/dial_raw,1636466,1785394323490,9148,
serial:COM8/dial_raw,1636468,1785394323492,9148,
serial:COM8/dial_raw,1636470,1785394323494,9150,
serial:COM8/dial_raw,1636472,1785394323496,9147,
serial:COM8/dial_raw,1636474,1785394323498,9145,
serial:COM8/dial_raw,1636476,1785394323500,9147,
serial:COM8/dial_raw,1636478,1785394323502,9148,
serial:COM8/dial_raw,1636480,1785394323504,9146,
serial:COM8/dial_raw,1636482,1785394323506,9147,
serial:COM8/dial_raw,1636484,1785394323508,9148,
serial:COM8/dial_raw,1636486,1785394323510,9147,
serial:COM8/dial_raw,1636488,1785394323512,9146,
serial:COM8/dial_raw,1636490,1785394323514,9147,
serial:COM8/dial_raw,1636492,1785394323516,9148,
serial:COM8/dial_raw,1636494,1785394323518,9147,
serial:COM8/dial_raw,1636496,1785394323520,9148,
serial:COM8/dial_raw,1636498,1785394323522,9145,
serial:COM8/dial_raw,1636500,1785394323524,9150,
serial:COM8/dial_raw,1636502,1785394323526,9149,
serial:COM8/dial_raw,1636504,1785394323528,9147,
serial:COM8/dial_raw,1636506,1785394323530,9148,
serial:COM8/dial_raw,1636508,1785394323532,9148,
serial:COM8/dial_raw,1636510,1785394323534,9147,
serial:COM8/dial_raw,1636512,1785394323536,9147,
serial:COM8/dial_raw,1636514,1785394323538,9147,
serial:COM8/dial_raw,1636516,1785394323540,9150,
serial:COM8/dial_raw,1636518,1785394323542,9147,
serial:COM8/dial_raw,1636520,1785394323544,9149,
serial:COM8/dial_raw,1636522,1785394323546,9147,
serial:COM8/dial_raw,1636524,1785394323548,9148,
serial:COM8/dial_raw,1636526,1785394323550,9147,
serial:COM8/dial_raw,1636528,1785394323552,9148,
serial:COM8/dial_raw,1636530,1785394323554,9149,
serial:COM8/dial_raw,1636532,1785394323559,9148,
serial:COM8/dial_raw,1636534,1785394323559,9149,
serial:COM8/dial_raw,1636536,1785394323560,9149,
serial:COM8/dial_raw,1636538,1785394323562,9148,
serial:COM8/dial_raw,1636540,1785394323564,9147,
serial:COM8/dial_raw,1636542,1785394323566,9148,
serial:COM8/dial_raw,1636544,1785394323568,9147,
serial:COM8/dial_raw,1636546,1785394323570,9143,
serial:COM8/dial_raw,1636548,1785394323572,9148,
serial:COM8/dial_raw,1636550,1785394323574,9147,
serial:COM8/dial_raw,1636552,1785394323576,9149,
serial:COM8/dial_raw,1636554,1785394323578,9147,
serial:COM8/dial_raw,1636556,1785394323580,9148,
serial:COM8/dial_raw,1636558,1785394323582,9148,
serial:COM8/dial_raw,1636560,1785394323584,9147,
serial:COM8/dial_raw,1636562,1785394323586,9148,
serial:COM8/dial_raw,1636564,1785394323588,9147,
serial:COM8/dial_raw,1636566,1785394323590,9147,
serial:COM8/dial_raw,1636568,1785394323592,9149,
serial:COM8/dial_raw,1636570,1785394323594,9147,
serial:COM8/dial_raw,1636572,1785394323596,9148,
serial:COM8/dial_raw,1636574,1785394323598,9146,
serial:COM8/dial_raw,1636576,1785394323600,9147,
serial:COM8/dial_raw,1636578,1785394323602,9147,
serial:COM8/dial_raw,1636580,1785394323604,9147,
serial:COM8/dial_raw,1636582,1785394323606,9149,
serial:COM8/dial_raw,1636584,1785394323608,9148,
serial:COM8/dial_raw,1636586,1785394323610,9148,
serial:COM8/dial_raw,1636588,1785394323612,9147,
serial:COM8/dial_raw,1636590,1785394323614,9148,
serial:COM8/dial_raw,1636592,1785394323616,9147,
serial:COM8/dial_raw,1636594,1785394323618,9149,
serial:COM8/dial_raw,1636596,1785394323620,9147,
serial:COM8/dial_raw,1636598,1785394323622,9147,
serial:COM8/dial_raw,1636600,1785394323624,9148,
serial:COM8/dial_raw,1636602,1785394323626,9147,
serial:COM8/dial_raw,1636604,1785394323628,9150,
serial:COM8/dial_raw,1636606,1785394323630,9146,
serial:COM8/dial_raw,1636608,1785394323632,9149,
serial:COM8/dial_raw,1636610,1785394323634,9149,
serial:COM8/dial_raw,1636612,1785394323636,9145,
serial:COM8/dial_raw,1636614,1785394323638,9148,
serial:COM8/dial_raw,1636616,1785394323640,9146,
serial:COM8/dial_raw,1636618,1785394323642,9147,
serial:COM8/dial_raw,1636620,1785394323644,9146,
serial:COM8/dial_raw,1636622,1785394323646,9149,
serial:COM8/dial_raw,1636624,1785394323648,9148,
serial:COM8/dial_raw,1636626,1785394323650,9148,
serial:COM8/dial_raw,1636628,1785394323652,9147,
serial:COM8/dial_raw,1636630,1785394323654,9147,
serial:COM8/dial_raw,1636632,1785394323656,9147,
serial:COM8/dial_raw,1636634,1785394323658,9146,
serial:COM8/dial_raw,1636636,1785394323660,9148,
serial:COM8/dial_raw,1636638,1785394323662,9150,
serial:COM8/dial_raw,1636640,1785394323664,9149,
serial:COM8/dial_raw,1636642,1785394323666,9147,
serial:COM8/dial_raw,1636644,1785394323668,9147,
serial:COM8/dial_raw,1636646,1785394323670,9147,
serial:COM8/dial_raw,1636648,1785394323672,9147,
serial:COM8/dial_raw,1636650,1785394323674,9147,
serial:COM8/dial_raw,1636652,1785394323676,9149,
serial:COM8/dial_raw,1636654,1785394323678,9147,
serial:COM8/dial_raw,1636656,1785394323680,9147,
serial:COM8/dial_raw,1636658,1785394323682,9146,
serial:COM8/dial_raw,1636660,1785394323684,9149,
serial:COM8/dial_raw,1636662,1785394323686,9146,
serial:COM8/dial_raw,1636664,1785394323688,9146,
serial:COM8/dial_raw,1636666,1785394323690,9149,
serial:COM8/dial_raw,1636668,1785394323692,9148,
serial:COM8/dial_raw,1636670,1785394323694,9148,
serial:COM8/dial_raw,1636672,1785394323696,9147,
serial:COM8/dial_raw,1636674,1785394323698,9149,
serial:COM8/dial_raw,1636676,1785394323700,9146,
serial:COM8/dial_raw,1636678,1785394323702,9145,
serial:COM8/dial_raw,1636680,1785394323704,9148,
serial:COM8/dial_raw,1636682,1785394323706,9148,
serial:COM8/dial_raw,1636684,1785394323708,9147,
serial:COM8/dial_raw,1636686,1785394323710,9146,
serial:COM8/dial_raw,1636688,1785394323712,9147,
serial:COM8/dial_raw,1636690,1785394323714,9149,
serial:COM8/dial_raw,1636692,1785394323716,9148,
serial:COM8/dial_raw,1636694,1785394323718,9149,
serial:COM8/dial_raw,1636696,1785394323720,9147,
serial:COM8/dial_raw,1636698,1785394323722,9146,
serial:COM8/dial_raw,1636700,1785394323724,9147,
serial:COM8/dial_raw,1636702,1785394323726,9145,
serial:COM8/dial_raw,1636704,1785394323728,9146,
serial:COM8/dial_raw,1636706,1785394323730,9149,
serial:COM8/dial_raw,1636708,1785394323732,9150,
serial:COM8/dial_raw,1636710,1785394323734,9147,
serial:COM8/dial_raw,1636712,1785394323736,9147,
serial:COM8/dial_raw,1636714,1785394323738,9148,
serial:COM8/dial_raw,1636716,1785394323740,9147,
serial:COM8/dial_raw,1636718,1785394323742,9148,
serial:COM8/dial_raw,1636720,1785394323744,9149,
serial:COM8/dial_raw,1636722,1785394323746,9146,
serial:COM8/dial_raw,1636724,1785394323748,9147,
serial:COM8/dial_raw,1636726,1785394323750,9148,
serial:COM8/dial_raw,1636728,1785394323752,9146,
serial:COM8/dial_raw,1636730,1785394323754,9146,
serial:COM8/dial_raw,1636732,1785394323759,9148,
serial:COM8/dial_raw,1636734,1785394323759,9147,
serial:COM8/dial_raw,1636736,1785394323760,9149,
serial:COM8/dial_raw,1636738,1785394323762,9150,
serial:COM8/dial_raw,1636740,1785394323764,9147,
serial:COM8/dial_raw,1636742,1785394323766,9147,
serial:COM8/dial_raw,1636744,1785394323768,9147,
serial:COM8/dial_raw,1636746,1785394323770,9147,
serial:COM8/dial_raw,1636748,1785394323772,9149,
serial:COM8/dial_raw,1636750,1785394323774,9147,
serial:COM8/dial_raw,1636752,1785394323776,9147,
serial:COM8/dial_raw,1636754,1785394323778,9148,
serial:COM8/dial_raw,1636756,1785394323780,9150,
serial:COM8/dial_raw,1636758,1785394323782,9147,
serial:COM8/dial_raw,1636760,1785394323784,9148,
serial:COM8/dial_raw,1636762,1785394323786,9147,
serial:COM8/dial_raw,1636764,1785394323788,9148,
serial:COM8/dial_raw,1636766,1785394323790,9147,
serial:COM8/dial_raw,1636768,1785394323792,9147,
serial:COM8/dial_raw,1636770,1785394323794,9149,
serial:COM8/dial_raw,1636772,1785394323796,9149,
serial:COM8/dial_raw,1636774,1785394323798,9148,
serial:COM8/dial_raw,1636776,1785394323800,9147,
serial:COM8/dial_raw,1636778,1785394323802,9149,
serial:COM8/dial_raw,1636780,1785394323804,9145,
serial:COM8/dial_raw,1636782,1785394323806,9148,
serial:COM8/dial_raw,1636784,1785394323808,9146,
serial:COM8/dial_raw,1636786,1785394323810,9147,
serial:COM8/dial_raw,1636788,1785394323812,9147,
serial:COM8/dial_raw,1636790,1785394323814,9148,
serial:COM8/dial_raw,1636792,1785394323816,9145,
serial:COM8/dial_raw,1636794,1785394323818,9149,
serial:COM8/dial_raw,1636796,1785394323820,9148,
serial:COM8/dial_raw,1636798,1785394323822,9147,
serial:COM8/dial_raw,1636800,1785394323824,9146,
serial:COM8/dial_raw,1636802,1785394323826,9147,
serial:COM8/dial_raw,1636804,1785394323828,9152,
serial:COM8/dial_raw,1636806,1785394323830,9147,
serial:COM8/dial_raw,1636808,1785394323832,9146,
serial:COM8/dial_raw,1636810,1785394323834,9147,
serial:COM8/dial_raw,1636812,1785394323836,9148,
serial:COM8/dial_raw,1636814,1785394323838,9148,
serial:COM8/dial_raw,1636816,1785394323840,9147,
serial:COM8/dial_raw,1636818,1785394323842,9148,
serial:COM8/dial_raw,1636820,1785394323844,9147,
serial:COM8/dial_raw,1636822,1785394323846,9147,
serial:COM8/dial_raw,1636824,1785394323848,9149,
serial:COM8/dial_raw,1636826,1785394323850,9149,
serial:COM8/dial_raw,1636828,1785394323852,9149,
serial:COM8/dial_raw,1636830,1785394323854,9145,
serial:COM8/dial_raw,1636832,1785394323856,9147,
serial:COM8/dial_raw,1636834,1785394323858,9148,
serial:COM8/dial_raw,1636836,1785394323860,9149,
serial:COM8/dial_raw,1636838,1785394323862,9148,
serial:COM8/dial_raw,1636840,1785394323864,9147,
serial:COM8/dial_raw,1636842,1785394323866,9147,
serial:COM8/dial_raw,1636844,1785394323868,9147,
serial:COM8/dial_raw,1636846,1785394323870,9148,
serial:COM8/dial_raw,1636848,1785394323872,9149,
serial:COM8/dial_raw,1636850,1785394323874,9147,
serial:COM8/dial_raw,1636852,1785394323876,9148,
serial:COM8/dial_raw,1636854,1785394323878,9148,
serial:COM8/dial_raw,1636856,1785394323880,9148,
serial:COM8/dial_raw,1636858,1785394323882,9149,
serial:COM8/dial_raw,1636860,1785394323884,9148,
serial:COM8/dial_raw,1636862,1785394323886,9147,
serial:COM8/dial_raw,1636864,1785394323888,9147,
serial:COM8/dial_raw,1636866,1785394323890,9146,
serial:COM8/dial_raw,1636868,1785394323892,9148,
serial:COM8/dial_raw,1636870,1785394323894,9146,
serial:COM8/dial_raw,1636872,1785394323896,9149,
serial:COM8/dial_raw,1636874,1785394323898,9148,
serial:COM8/dial_raw,1636876,1785394323900,9148,
serial:COM8/dial_raw,1636878,1785394323902,9146,
serial:COM8/dial_raw,1636880,1785394323904,9148,
serial:COM8/dial_raw,1636882,1785394323906,9149,
serial:COM8/dial_raw,1636884,1785394323908,9147,
serial:COM8/dial_raw,1636886,1785394323910,9146,
serial:COM8/dial_raw,1636888,1785394323912,9148,
serial:COM8/dial_raw,1636890,1785394323914,9149,
serial:COM8/dial_raw,1636892,1785394323916,9148,
serial:COM8/dial_raw,1636894,1785394323918,9148,
serial:COM8/dial_raw,1636896,1785394323920,9147,
serial:COM8/dial_raw,1636898,1785394323922,9147,
serial:COM8/dial_raw,1636900,1785394323924,9146,
serial:COM8/dial_raw,1636902,1785394323926,9147,
serial:COM8/dial_raw,1636904,1785394323928,9147,
serial:COM8/dial_raw,1636906,1785394323930,9148,
serial:COM8/dial_raw,1636908,1785394323932,9147,
serial:COM8/dial_raw,1636910,1785394323934,9146,
serial:COM8/dial_raw,1636912,1785394323936,9147,
serial:COM8/dial_raw,1636914,1785394323938,9149,
serial:COM8/dial_raw,1636916,1785394323940,9149,
serial:COM8/dial_raw,1636918,1785394323942,9149,
serial:COM8/dial_raw,1636920,1785394323944,9149,
serial:COM8/dial_raw,1636922,1785394323946,9147,
serial:COM8/dial_raw,1636924,1785394323948,9147,
serial:COM8/dial_raw,1636926,1785394323950,9147,
serial:COM8/dial_raw,1636928,1785394323952,9146,
serial:COM8/dial_raw,1636930,1785394323954,9147,
serial:COM8/dial_raw,1636932,1785394323959,9149,
serial:COM8/dial_raw,1636934,1785394323959,9147,
serial:COM8/dial_raw,1636936,1785394323960,9147,
serial:COM8/dial_raw,1636938,1785394323962,9148,
serial:COM8/dial_raw,1636940,1785394323964,9149,
serial:COM8/dial_raw,1636942,1785394323966,9147,
serial:COM8/dial_raw,1636944,1785394323968,9149,
serial:COM8/dial_raw,1636946,1785394323970,9148,
serial:COM8/dial_raw,1636948,1785394323972,9148,
serial:COM8/dial_raw,1636950,1785394323974,9149,
serial:COM8/dial_raw,1636952,1785394323976,9148,
serial:COM8/dial_raw,1636954,1785394323978,9146,
serial:COM8/dial_raw,1636956,1785394323980,9149,
serial:COM8/dial_raw,1636958,1785394323982,9147,
serial:COM8/dial_raw,1636960,1785394323984,9149,
serial:COM8/dial_raw,1636962,1785394323986,9146,
serial:COM8/dial_raw,1636964,1785394323988,9148,
serial:COM8/dial_raw,1636966,1785394323990,9150,
serial:COM8/dial_raw,1636968,1785394323992,9148,
serial:COM8/dial_raw,1636970,1785394323994,9146,
serial:COM8/dial_raw,1636972,1785394323996,9148,
serial:COM8/dial_raw,1636974,1785394323998,9150,
serial:COM8/dial_raw,1636976,1785394324000,9150,
serial:COM8/dial_raw,1636978,1785394324002,9147,
serial:COM8/dial_raw,1636980,1785394324004,9147,
serial:COM8/dial_raw,1636982,1785394324006,9147,
serial:COM8/dial_raw,1636984,1785394324008,9148,
serial:COM8/dial_raw,1636986,1785394324010,9149,
serial:COM8/dial_raw,1636988,1785394324012,9149,
serial:COM8/dial_raw,1636990,1785394324014,9153,
serial:COM8/dial_raw,1636992,1785394324016,9149,
serial:COM8/dial_raw,1636994,1785394324018,9149,
serial:COM8/dial_raw,1636996,1785394324020,9147,
serial:COM8/dial_raw,1636998,1785394324022,9149,
serial:COM8/dial_raw,1637000,1785394324024,9147,
serial:COM8/dial_raw,1637002,1785394324026,9148,
serial:COM8/dial_raw,1637004,1785394324028,9148,
serial:COM8/dial_raw,1637006,1785394324030,9147,
serial:COM8/dial_raw,1637008,1785394324032,9146,
serial:COM8/dial_raw,1637010,1785394324034,9151,
serial:COM8/dial_raw,1637012,1785394324036,9147,
serial:COM8/dial_raw,1637014,1785394324038,9147,
serial:COM8/dial_raw,1637016,1785394324040,9148,
serial:COM8/dial_raw,1637018,1785394324042,9147,
serial:COM8/dial_raw,1637020,1785394324044,9146,
serial:COM8/dial_raw,1637022,1785394324046,9147,
serial:COM8/dial_raw,1637024,1785394324048,9146,
serial:COM8/dial_raw,1637026,1785394324050,9147,
serial:COM8/dial_raw,1637028,1785394324052,9145,
serial:COM8/dial_raw,1637030,1785394324054,9145,
serial:COM8/dial_raw,1637032,1785394324056,9145,
serial:COM8/dial_raw,1637034,1785394324058,9149,
serial:COM8/dial_raw,1637036,1785394324060,9147,
serial:COM8/dial_raw,1637038,1785394324062,9149,
serial:COM8/dial_raw,1637040,1785394324064,9145,
serial:COM8/dial_raw,1637042,1785394324066,9148,
serial:COM8/dial_raw,1637044,1785394324068,9149,
serial:COM8/dial_raw,1637046,1785394324070,9149,
serial:COM8/dial_raw,1637048,1785394324072,9145,
serial:COM8/dial_raw,1637050,1785394324074,9147,
serial:COM8/dial_raw,1637052,1785394324076,9148,
serial:COM8/dial_raw,1637054,1785394324078,9147,
serial:COM8/dial_raw,1637056,1785394324080,9147,
serial:COM8/dial_raw,1637058,1785394324082,9147,
serial:COM8/dial_raw,1637060,1785394324084,9149,
serial:COM8/dial_raw,1637062,1785394324086,9146,
serial:COM8/dial_raw,1637064,1785394324088,9148,
serial:COM8/dial_raw,1637066,1785394324090,9150,
serial:COM8/dial_raw,1637068,1785394324092,9148,
serial:COM8/dial_raw,1637070,1785394324094,9149,
serial:COM8/dial_raw,1637072,1785394324096,9147,
serial:COM8/dial_raw,1637074,1785394324098,9148,
serial:COM8/dial_raw,1637076,1785394324100,9147,
serial:COM8/dial_raw,1637078,1785394324102,9147,
serial:COM8/dial_raw,1637080,1785394324104,9148,
serial:COM8/dial_raw,1637082,1785394324106,9149,
serial:COM8/dial_raw,1637084,1785394324108,9146,
serial:COM8/dial_raw,1637086,1785394324110,9146,
serial:COM8/dial_raw,1637088,1785394324112,9146,
serial:COM8/dial_raw,1637090,1785394324114,9149,
serial:COM8/dial_raw,1637092,1785394324116,9148,
serial:COM8/dial_raw,1637094,1785394324118,9149,
serial:COM8/dial_raw,1637096,1785394324120,9147,
serial:COM8/dial_raw,1637098,1785394324122,9147,
serial:COM8/dial_raw,1637100,1785394324124,9147,
serial:COM8/dial_raw,1637102,1785394324126,9148,
serial:COM8/dial_raw,1637104,1785394324128,9145,
serial:COM8/dial_raw,1637106,1785394324130,9148,
serial:COM8/dial_raw,1637108,1785394324132,9149,
serial:COM8/dial_raw,1637110,1785394324134,9148,
serial:COM8/dial_raw,1637112,1785394324136,9148,
serial:COM8/dial_raw,1637114,1785394324138,9148,
serial:COM8/dial_raw,1637116,1785394324140,9150,
serial:COM8/dial_raw,1637118,1785394324142,9149,
serial:COM8/dial_raw,1637120,1785394324144,9147,
serial:COM8/dial_raw,1637122,1785394324146,9147,
serial:COM8/dial_raw,1637124,1785394324148,9146,
serial:COM8/dial_raw,1637126,1785394324150,9144,
serial:COM8/dial_raw,1637128,1785394324152,9147,
serial:COM8/dial_raw,1637130,1785394324154,9147,
serial:COM8/dial_raw,1637132,1785394324159,9149,
serial:COM8/dial_raw,1637134,1785394324159,9148,
serial:COM8/dial_raw,1637136,1785394324160,9147,
serial:COM8/dial_raw,1637138,1785394324162,9147,
serial:COM8/dial_raw,1637140,1785394324164,9147,
serial:COM8/dial_raw,1637142,1785394324166,9146,
serial:COM8/dial_raw,1637144,1785394324168,9145,
serial:COM8/dial_raw,1637146,1785394324170,9147,
serial:COM8/dial_raw,1637148,1785394324172,9150,
serial:COM8/dial_raw,1637150,1785394324174,9148,
serial:COM8/dial_raw,1637152,1785394324176,9148,
serial:COM8/dial_raw,1637154,1785394324178,9148,
serial:COM8/dial_raw,1637156,1785394324180,9149,
serial:COM8/dial_raw,1637158,1785394324182,9147,
serial:COM8/dial_raw,1637160,1785394324184,9148,
serial:COM8/dial_raw,1637162,1785394324186,9147,
serial:COM8/dial_raw,1637164,1785394324188,9148,
serial:COM8/dial_raw,1637166,1785394324190,9150,
serial:COM8/dial_raw,1637168,1785394324192,9146,
serial:COM8/dial_raw,1637170,1785394324194,9147,
serial:COM8/dial_raw,1637172,1785394324196,9148,
serial:COM8/dial_raw,1637174,1785394324198,9147,
serial:COM8/dial_raw,1637176,1785394324200,9147,
serial:COM8/dial_raw,1637178,1785394324202,9149,
serial:COM8/dial_raw,1637180,1785394324204,9147,
serial:COM8/dial_raw,1637182,1785394324206,9147,
serial:COM8/dial_raw,1637184,1785394324208,9147,
serial:COM8/dial_raw,1637186,1785394324210,9149,
serial:COM8/dial_raw,1637188,1785394324212,9149,
serial:COM8/dial_raw,1637190,1785394324214,9148,
serial:COM8/dial_raw,1637192,1785394324216,9148,
serial:COM8/dial_raw,1637194,1785394324218,9149,
serial:COM8/dial_raw,1637196,1785394324220,9147,
serial:COM8/dial_raw,1637198,1785394324222,9148,
serial:COM8/dial_raw,1637200,1785394324224,9147,
serial:COM8/dial_raw,1637202,1785394324226,9148,
serial:COM8/dial_raw,1637204,1785394324228,9147,
serial:COM8/dial_raw,1637206,1785394324230,9148,
serial:COM8/dial_raw,1637208,1785394324232,9150,
serial:COM8/dial_raw,1637210,1785394324234,9148,
serial:COM8/dial_raw,1637212,1785394324236,9146,
serial:COM8/dial_raw,1637214,1785394324238,9147,
serial:COM8/dial_raw,1637216,1785394324240,9149,
serial:COM8/dial_raw,1637218,1785394324242,9149,
serial:COM8/dial_raw,1637220,1785394324244,9149,
serial:COM8/dial_raw,1637222,1785394324246,9146,
serial:COM8/dial_raw,1637224,1785394324248,9147,
serial:COM8/dial_raw,1637226,1785394324250,9145,
serial:COM8/dial_raw,1637228,1785394324252,9148,
serial:COM8/dial_raw,1637230,1785394324254,9147,
serial:COM8/dial_raw,1637232,1785394324256,9150,
serial:COM8/dial_raw,1637234,1785394324258,9149,
serial:COM8/dial_raw,1637236,1785394324260,9150,
serial:COM8/dial_raw,1637238,1785394324262,9148,
serial:COM8/dial_raw,1637240,1785394324264,9147,
serial:COM8/dial_raw,1637242,1785394324266,9145,
serial:COM8/dial_raw,1637244,1785394324268,9146,
serial:COM8/dial_raw,1637246,1785394324270,9147,
serial:COM8/dial_raw,1637248,1785394324272,9147,
serial:COM8/dial_raw,1637250,1785394324274,9146,
serial:COM8/dial_raw,1637252,1785394324276,9148,
serial:COM8/dial_raw,1637254,1785394324278,9145,
serial:COM8/dial_raw,1637256,1785394324280,9147,
serial:COM8/dial_raw,1637258,1785394324282,9147,
serial:COM8/dial_raw,1637260,1785394324284,9146,
serial:COM8/dial_raw,1637262,1785394324286,9148,
serial:COM8/dial_raw,1637264,1785394324288,9147,
serial:COM8/dial_raw,1637266,1785394324290,9147,
serial:COM8/dial_raw,1637268,1785394324292,9148,
serial:COM8/dial_raw,1637270,1785394324294,9149,
serial:COM8/dial_raw,1637272,1785394324296,9150,
serial:COM8/dial_raw,1637274,1785394324298,9147,
serial:COM8/dial_raw,1637276,1785394324300,9148,
serial:COM8/dial_raw,1637278,1785394324302,9148,
serial:COM8/dial_raw,1637280,1785394324304,9147,
serial:COM8/dial_raw,1637282,1785394324306,9149,
serial:COM8/dial_raw,1637284,1785394324308,9149,
serial:COM8/dial_raw,1637286,1785394324310,9149,
serial:COM8/dial_raw,1637288,1785394324312,9146,
serial:COM8/dial_raw,1637290,1785394324314,9148,
serial:COM8/dial_raw,1637292,1785394324316,9150,
serial:COM8/dial_raw,1637294,1785394324318,9147,
serial:COM8/dial_raw,1637296,1785394324320,9146,
serial:COM8/dial_raw,1637298,1785394324322,9147,
serial:COM8/dial_raw,1637300,1785394324324,9148,
serial:COM8/dial_raw,1637302,1785394324326,9149,
serial:COM8/dial_raw,1637304,1785394324328,9147,
serial:COM8/dial_raw,1637306,1785394324330,9150,
serial:COM8/dial_raw,1637308,1785394324332,9147,
serial:COM8/dial_raw,1637310,1785394324334,9148,
serial:COM8/dial_raw,1637312,1785394324336,9147,
serial:COM8/dial_raw,1637314,1785394324338,9146,
serial:COM8/dial_raw,1637316,1785394324340,9146,
serial:COM8/dial_raw,1637318,1785394324342,9146,
serial:COM8/dial_raw,1637320,1785394324344,9148,
serial:COM8/dial_raw,1637322,1785394324346,9148,
serial:COM8/dial_raw,1637324,1785394324348,9148,
serial:COM8/dial_raw,1637326,1785394324350,9146,
serial:COM8/dial_raw,1637328,1785394324352,9149,
serial:COM8/dial_raw,1637330,1785394324354,9146,
serial:COM8/dial_raw,1637332,1785394324359,9146,
serial:COM8/dial_raw,1637334,1785394324359,9147,
serial:COM8/dial_raw,1637336,1785394324360,9148,
serial:COM8/dial_raw,1637338,1785394324362,9147,
serial:COM8/dial_raw,1637340,1785394324364,9147,
serial:COM8/dial_raw,1637342,1785394324366,9148,
serial:COM8/dial_raw,1637344,1785394324368,9148,
serial:COM8/dial_raw,1637346,1785394324370,9149,
serial:COM8/dial_raw,1637348,1785394324372,9147,
serial:COM8/dial_raw,1637350,1785394324374,9149,
serial:COM8/dial_raw,1637352,1785394324376,9148,
serial:COM8/dial_raw,1637354,1785394324378,9147,
serial:COM8/dial_raw,1637356,1785394324380,9145,
serial:COM8/dial_raw,1637358,1785394324382,9147,
serial:COM8/dial_raw,1637360,1785394324384,9149,
serial:COM8/dial_raw,1637362,1785394324386,9146,
serial:COM8/dial_raw,1637364,1785394324388,9151,
serial:COM8/dial_raw,1637366,1785394324390,9146,
serial:COM8/dial_raw,1637368,1785394324392,9147,
serial:COM8/dial_raw,1637370,1785394324394,9148,
serial:COM8/dial_raw,1637372,1785394324396,9147,
serial:COM8/dial_raw,1637374,1785394324398,9147,
serial:COM8/dial_raw,1637376,1785394324400,9148,
serial:COM8/dial_raw,1637378,1785394324402,9147,
serial:COM8/dial_raw,1637380,1785394324404,9149,
serial:COM8/dial_raw,1637382,1785394324406,9147,
serial:COM8/dial_raw,1637384,1785394324408,9147,
serial:COM8/dial_raw,1637386,1785394324410,9148,
serial:COM8/dial_raw,1637388,1785394324412,9149,
serial:COM8/dial_raw,1637390,1785394324414,9148,
serial:COM8/dial_raw,1637392,1785394324416,9147,
serial:COM8/dial_raw,1637394,1785394324418,9150,
serial:COM8/dial_raw,1637396,1785394324420,9151,
serial:COM8/dial_raw,1637398,1785394324422,9147,
serial:COM8/dial_raw,1637400,1785394324424,9148,
serial:COM8/dial_raw,1637402,1785394324426,9147,
serial:COM8/dial_raw,1637404,1785394324428,9146,
serial:COM8/dial_raw,1637406,1785394324430,9148,
serial:COM8/dial_raw,1637408,1785394324432,9146,
serial:COM8/dial_raw,1637410,1785394324434,9149,
serial:COM8/dial_raw,1637412,1785394324436,9146,
serial:COM8/dial_raw,1637414,1785394324438,9147,
serial:COM8/dial_raw,1637416,1785394324440,9147,
serial:COM8/dial_raw,1637418,1785394324442,9149,
serial:COM8/dial_raw,1637420,1785394324444,9147,
serial:COM8/dial_raw,1637422,1785394324446,9149,
serial:COM8/dial_raw,1637424,1785394324448,9147,
serial:COM8/dial_raw,1637426,1785394324450,9147,
serial:COM8/dial_raw,1637428,1785394324452,9147,
serial:COM8/dial_raw,1637430,1785394324454,9147,
serial:COM8/dial_raw,1637432,1785394324456,9146,
serial:COM8/dial_raw,1637434,1785394324458,9147,
serial:COM8/dial_raw,1637436,1785394324460,9148,
serial:COM8/dial_raw,1637438,1785394324462,9148,
serial:COM8/dial_raw,1637440,1785394324464,9148,
serial:COM8/dial_raw,1637442,1785394324466,9147,
serial:COM8/dial_raw,1637444,1785394324468,9147,
serial:COM8/dial_raw,1637446,1785394324470,9146,
serial:COM8/dial_raw,1637448,1785394324472,9145,
serial:COM8/dial_raw,1637450,1785394324474,9148,
serial:COM8/dial_raw,1637452,1785394324476,9151,
serial:COM8/dial_raw,1637454,1785394324478,9147,
serial:COM8/dial_raw,1637456,1785394324480,9150,
serial:COM8/dial_raw,1637458,1785394324482,9150,
serial:COM8/dial_raw,1637460,1785394324484,9148,
serial:COM8/dial_raw,1637462,1785394324486,9148,
serial:COM8/dial_raw,1637464,1785394324488,9151,
serial:COM8/dial_raw,1637466,1785394324490,9148,
serial:COM8/dial_raw,1637468,1785394324492,9149,
serial:COM8/dial_raw,1637470,1785394324494,9148,
serial:COM8/dial_raw,1637472,1785394324496,9148,
serial:COM8/dial_raw,1637474,1785394324498,9149,
serial:COM8/dial_raw,1637476,1785394324500,9147,
serial:COM8/dial_raw,1637478,1785394324502,9149,
serial:COM8/dial_raw,1637480,1785394324504,9148,
serial:COM8/dial_raw,1637482,1785394324506,9149,
serial:COM8/dial_raw,1637484,1785394324508,9147,
serial:COM8/dial_raw,1637486,1785394324510,9147,
serial:COM8/dial_raw,1637488,1785394324512,9149,
serial:COM8/dial_raw,1637490,1785394324514,9147,
serial:COM8/dial_raw,1637492,1785394324516,9147,
serial:COM8/dial_raw,1637494,1785394324518,9149,
serial:COM8/dial_raw,1637496,1785394324520,9147,
serial:COM8/dial_raw,1637498,1785394324522,9148,
serial:COM8/dial_raw,1637500,1785394324524,9145,
serial:COM8/dial_raw,1637502,1785394324526,9147,
serial:COM8/dial_raw,1637504,1785394324528,9149,
serial:COM8/dial_raw,1637506,1785394324530,9152,
serial:COM8/dial_raw,1637508,1785394324532,9146,
serial:COM8/dial_raw,1637510,1785394324534,9148,
serial:COM8/dial_raw,1637512,1785394324536,9147,
serial:COM8/dial_raw,1637514,1785394324538,9148,
serial:COM8/dial_raw,1637516,1785394324540,9147,
serial:COM8/dial_raw,1637518,1785394324542,9147,
serial:COM8/dial_raw,1637520,1785394324544,9149,
serial:COM8/dial_raw,1637522,1785394324546,9148,
serial:COM8/dial_raw,1637524,1785394324548,9147,
serial:COM8/dial_raw,1637526,1785394324550,9148,
serial:COM8/dial_raw,1637528,1785394324552,9147,
serial:COM8/dial_raw,1637530,1785394324554,9150,
serial:COM8/dial_raw,1637532,1785394324559,9147,
serial:COM8/dial_raw,1637534,1785394324559,9149,
serial:COM8/dial_raw,1637536,1785394324560,9147,
serial:COM8/dial_raw,1637538,1785394324562,9147,
serial:COM8/dial_raw,1637540,1785394324564,9149,
serial:COM8/dial_raw,1637542,1785394324566,9147,
serial:COM8/dial_raw,1637544,1785394324568,9148,
serial:COM8/dial_raw,1637546,1785394324570,9151,
serial:COM8/dial_raw,1637548,1785394324572,9150,
serial:COM8/dial_raw,1637550,1785394324574,9150,
serial:COM8/dial_raw,1637552,1785394324576,9145,
serial:COM8/dial_raw,1637554,1785394324578,9148,
serial:COM8/dial_raw,1637556,1785394324580,9147,
serial:COM8/dial_raw,1637558,1785394324582,9150,
serial:COM8/dial_raw,1637560,1785394324584,9149,
serial:COM8/dial_raw,1637562,1785394324586,9148,
serial:COM8/dial_raw,1637564,1785394324588,9148,
serial:COM8/dial_raw,1637566,1785394324590,9149,
serial:COM8/dial_raw,1637568,1785394324592,9146,
serial:COM8/dial_raw,1637570,1785394324594,9148,
serial:COM8/dial_raw,1637572,1785394324596,9148,
serial:COM8/dial_raw,1637574,1785394324598,9148,
serial:COM8/dial_raw,1637576,1785394324600,9147,
serial:COM8/dial_raw,1637578,1785394324602,9149,
serial:COM8/dial_raw,1637580,1785394324604,9148,
serial:COM8/dial_raw,1637582,1785394324606,9148,
serial:COM8/dial_raw,1637584,1785394324608,9147,
serial:COM8/dial_raw,1637586,1785394324610,9146,
serial:COM8/dial_raw,1637588,1785394324612,9148,
serial:COM8/dial_raw,1637590,1785394324614,9147,
serial:COM8/dial_raw,1637592,1785394324616,9148,
serial:COM8/dial_raw,1637594,1785394324618,9149,
serial:COM8/dial_raw,1637596,1785394324620,9147,
serial:COM8/dial_raw,1637598,1785394324622,9150,
serial:COM8/dial_raw,1637600,1785394324624,9147,
serial:COM8/dial_raw,1637602,1785394324626,9148,
serial:COM8/dial_raw,1637604,1785394324628,9149,
serial:COM8/dial_raw,1637606,1785394324630,9147,
serial:COM8/dial_raw,1637608,1785394324632,9148,
serial:COM8/dial_raw,1637610,1785394324634,9148,
serial:COM8/dial_raw,1637612,1785394324636,9147,
serial:COM8/dial_raw,1637614,1785394324638,9150,
serial:COM8/dial_raw,1637616,1785394324640,9147,
serial:COM8/dial_raw,1637618,1785394324642,9147,
serial:COM8/dial_raw,1637620,1785394324644,9147,
serial:COM8/dial_raw,1637622,1785394324646,9148,
serial:COM8/dial_raw,1637624,1785394324648,9147,
serial:COM8/dial_raw,1637626,1785394324650,9148,
serial:COM8/dial_raw,1637628,1785394324652,9148,
serial:COM8/dial_raw,1637630,1785394324654,9147,
serial:COM8/dial_raw,1637632,1785394324656,9147,
serial:COM8/dial_raw,1637634,1785394324658,9147,
serial:COM8/dial_raw,1637636,1785394324660,9148,
serial:COM8/dial_raw,1637638,1785394324662,9148,
serial:COM8/dial_raw,1637640,1785394324664,9147,
serial:COM8/dial_raw,1637642,1785394324666,9150,
serial:COM8/dial_raw,1637644,1785394324668,9147,
serial:COM8/dial_raw,1637646,1785394324670,9147,
serial:COM8/dial_raw,1637648,1785394324672,9147,
serial:COM8/dial_raw,1637650,1785394324674,9147,
serial:COM8/dial_raw,1637652,1785394324676,9147,
serial:COM8/dial_raw,1637654,1785394324678,9147,
serial:COM8/dial_raw,1637656,1785394324680,9148,
serial:COM8/dial_raw,1637658,1785394324682,9147,
serial:COM8/dial_raw,1637660,1785394324684,9148,
serial:COM8/dial_raw,1637662,1785394324686,9146,
serial:COM8/dial_raw,1637664,1785394324688,9147,
serial:COM8/dial_raw,1637666,1785394324690,9150,
serial:COM8/dial_raw,1637668,1785394324692,9148,
serial:COM8/dial_raw,1637670,1785394324694,9147,
serial:COM8/dial_raw,1637672,1785394324696,9148,
serial:COM8/dial_raw,1637674,1785394324698,9146,
serial:COM8/dial_raw,1637676,1785394324700,9148,
serial:COM8/dial_raw,1637678,1785394324702,9148,
serial:COM8/dial_raw,1637680,1785394324704,9148,
serial:COM8/dial_raw,1637682,1785394324706,9148,
serial:COM8/dial_raw,1637684,1785394324708,9150,
serial:COM8/dial_raw,1637686,1785394324710,9150,
serial:COM8/dial_raw,1637688,1785394324712,9147,
serial:COM8/dial_raw,1637690,1785394324714,9149,
serial:COM8/dial_raw,1637692,1785394324716,9145,
serial:COM8/dial_raw,1637694,1785394324718,9150,
serial:COM8/dial_raw,1637696,1785394324720,9148,
serial:COM8/dial_raw,1637698,1785394324722,9148,
serial:COM8/dial_raw,1637700,1785394324724,9147,
serial:COM8/dial_raw,1637702,1785394324726,9147,
serial:COM8/dial_raw,1637704,1785394324728,9146,
serial:COM8/dial_raw,1637706,1785394324730,9148,
serial:COM8/dial_raw,1637708,1785394324732,9147,
serial:COM8/dial_raw,1637710,1785394324734,9148,
serial:COM8/dial_raw,1637712,1785394324736,9150,
serial:COM8/dial_raw,1637714,1785394324738,9146,
serial:COM8/dial_raw,1637716,1785394324740,9147,
serial:COM8/dial_raw,1637718,1785394324742,9147,
serial:COM8/dial_raw,1637720,1785394324744,9148,
serial:COM8/dial_raw,1637722,1785394324746,9146,
serial:COM8/dial_raw,1637724,1785394324748,9147,
serial:COM8/dial_raw,1637726,1785394324750,9149,
serial:COM8/dial_raw,1637728,1785394324752,9145,
serial:COM8/dial_raw,1637730,1785394324754,9146,
serial:COM8/dial_raw,1637732,1785394324759,9148,
serial:COM8/dial_raw,1637734,1785394324759,9150,
serial:COM8/dial_raw,1637736,1785394324760,9148,
serial:COM8/dial_raw,1637738,1785394324762,9147,
serial:COM8/dial_raw,1637740,1785394324764,9146,
serial:COM8/dial_raw,1637742,1785394324766,9147,
serial:COM8/dial_raw,1637744,1785394324768,9147,
serial:COM8/dial_raw,1637746,1785394324770,9149,
serial:COM8/dial_raw,1637748,1785394324772,9147,
serial:COM8/dial_raw,1637750,1785394324774,9148,
serial:COM8/dial_raw,1637752,1785394324776,9147,
serial:COM8/dial_raw,1637754,1785394324778,9147,
serial:COM8/dial_raw,1637756,1785394324780,9145,
serial:COM8/dial_raw,1637758,1785394324782,9149,
serial:COM8/dial_raw,1637760,1785394324784,9147,
serial:COM8/dial_raw,1637762,1785394324786,9149,
serial:COM8/dial_raw,1637764,1785394324788,9149,
serial:COM8/dial_raw,1637766,1785394324790,9148,
serial:COM8/dial_raw,1637768,1785394324792,9145,
serial:COM8/dial_raw,1637770,1785394324794,9147,
serial:COM8/dial_raw,1637772,1785394324796,9147,
serial:COM8/dial_raw,1637774,1785394324798,9147,
serial:COM8/dial_raw,1637776,1785394324800,9150,
serial:COM8/dial_raw,1637778,1785394324802,9147,
serial:COM8/dial_raw,1637780,1785394324804,9148,
serial:COM8/dial_raw,1637782,1785394324806,9145,
serial:COM8/dial_raw,1637784,1785394324808,9147,
serial:COM8/dial_raw,1637786,1785394324810,9147,
serial:COM8/dial_raw,1637788,1785394324812,9148,
serial:COM8/dial_raw,1637790,1785394324814,9147,
serial:COM8/dial_raw,1637792,1785394324816,9147,
serial:COM8/dial_raw,1637794,1785394324818,9147,
serial:COM8/dial_raw,1637796,1785394324820,9148,
serial:COM8/dial_raw,1637798,1785394324822,9147,
serial:COM8/dial_raw,1637800,1785394324824,9151,
serial:COM8/dial_raw,1637802,1785394324826,9148,
serial:COM8/dial_raw,1637804,1785394324828,9147,
serial:COM8/dial_raw,1637806,1785394324830,9147,
serial:COM8/dial_raw,1637808,1785394324832,9148,
serial:COM8/dial_raw,1637810,1785394324834,9147,
serial:COM8/dial_raw,1637812,1785394324836,9147,
serial:COM8/dial_raw,1637814,1785394324838,9148,
serial:COM8/dial_raw,1637816,1785394324840,9147,
serial:COM8/dial_raw,1637818,1785394324842,9147,
serial:COM8/dial_raw,1637820,1785394324844,9147,
serial:COM8/dial_raw,1637822,1785394324846,9147,
serial:COM8/dial_raw,1637824,1785394324848,9146,
serial:COM8/dial_raw,1637826,1785394324850,9148,
serial:COM8/dial_raw,1637828,1785394324852,9148,
serial:COM8/dial_raw,1637830,1785394324854,9149,
serial:COM8/dial_raw,1637832,1785394324856,9149,
serial:COM8/dial_raw,1637834,1785394324858,9150,
serial:COM8/dial_raw,1637836,1785394324860,9148,
serial:COM8/dial_raw,1637838,1785394324862,9149,
serial:COM8/dial_raw,1637840,1785394324864,9148,
serial:COM8/dial_raw,1637842,1785394324866,9148,
serial:COM8/dial_raw,1637844,1785394324868,9149,
serial:COM8/dial_raw,1637846,1785394324870,9147,
serial:COM8/dial_raw,1637848,1785394324872,9148,
serial:COM8/dial_raw,1637850,1785394324874,9148,
serial:COM8/dial_raw,1637852,1785394324876,9147,
serial:COM8/dial_raw,1637854,1785394324878,9147,
serial:COM8/dial_raw,1637856,1785394324880,9148,
serial:COM8/dial_raw,1637858,1785394324882,9147,
serial:COM8/dial_raw,1637860,1785394324884,9147,
serial:COM8/dial_raw,1637862,1785394324886,9146,
serial:COM8/dial_raw,1637864,1785394324888,9149,
serial:COM8/dial_raw,1637866,1785394324890,9145,
serial:COM8/dial_raw,1637868,1785394324892,9147,
serial:COM8/dial_raw,1637870,1785394324894,9148,
serial:COM8/dial_raw,1637872,1785394324896,9146,
serial:COM8/dial_raw,1637874,1785394324898,9146,
serial:COM8/dial_raw,1637876,1785394324900,9147,
serial:COM8/dial_raw,1637878,1785394324902,9147,
serial:COM8/dial_raw,1637880,1785394324904,9146,
serial:COM8/dial_raw,1637882,1785394324906,9145,
serial:COM8/dial_raw,1637884,1785394324908,9147,
serial:COM8/dial_raw,1637886,1785394324910,9147,
serial:COM8/dial_raw,1637888,1785394324912,9146,
serial:COM8/dial_raw,1637890,1785394324914,9149,
serial:COM8/dial_raw,1637892,1785394324916,9148,
serial:COM8/dial_raw,1637894,1785394324918,9147,
serial:COM8/dial_raw,1637896,1785394324920,9148,
serial:COM8/dial_raw,1637898,1785394324922,9147,
serial:COM8/dial_raw,1637900,1785394324924,9146,
serial:COM8/dial_raw,1637902,1785394324926,9147,
serial:COM8/dial_raw,1637904,1785394324928,9147,
serial:COM8/dial_raw,1637906,1785394324930,9147,
serial:COM8/dial_raw,1637908,1785394324932,9148,
serial:COM8/dial_raw,1637910,1785394324934,9147,
serial:COM8/dial_raw,1637912,1785394324936,9148,
serial:COM8/dial_raw,1637914,1785394324938,9146,
serial:COM8/dial_raw,1637916,1785394324940,9147,
serial:COM8/dial_raw,1637918,1785394324942,9147,
serial:COM8/dial_raw,1637920,1785394324944,9146,
serial:COM8/dial_raw,1637922,1785394324946,9147,
serial:COM8/dial_raw,1637924,1785394324948,9148,
serial:COM8/dial_raw,1637926,1785394324950,9150,
serial:COM8/dial_raw,1637928,1785394324952,9149,
serial:COM8/dial_raw,1637930,1785394324954,9149,
serial:COM8/dial_raw,1637932,1785394324959,9148,
serial:COM8/dial_raw,1637934,1785394324959,9148,
serial:COM8/dial_raw,1637936,1785394324960,9149,
serial:COM8/dial_raw,1637938,1785394324962,9149,
serial:COM8/dial_raw,1637940,1785394324964,9148,
serial:COM8/dial_raw,1637942,1785394324966,9148,
serial:COM8/dial_raw,1637944,1785394324968,9149,
serial:COM8/dial_raw,1637946,1785394324970,9146,
serial:COM8/dial_raw,1637948,1785394324972,9150,
serial:COM8/dial_raw,1637950,1785394324974,9149,
serial:COM8/dial_raw,1637952,1785394324976,9148,
serial:COM8/dial_raw,1637954,1785394324978,9147,
serial:COM8/dial_raw,1637956,1785394324980,9147,
serial:COM8/dial_raw,1637958,1785394324982,9148,
serial:COM8/dial_raw,1637960,1785394324984,9149,
serial:COM8/dial_raw,1637962,1785394324986,9147,
serial:COM8/dial_raw,1637964,1785394324988,9148,
serial:COM8/dial_raw,1637966,1785394324990,9146,
serial:COM8/dial_raw,1637968,1785394324992,9147,
serial:COM8/dial_raw,1637970,1785394324994,9148,
serial:COM8/dial_raw,1637972,1785394324996,9148,
serial:COM8/dial_raw,1637974,1785394324998,9145,
serial:COM8/dial_raw,1637976,1785394325000,9147,
serial:COM8/dial_raw,1637978,1785394325002,9147,
serial:COM8/dial_raw,1637980,1785394325004,9146,
serial:COM8/dial_raw,1637982,1785394325006,9149,
serial:COM8/dial_raw,1637984,1785394325008,9147,
serial:COM8/dial_raw,1637986,1785394325010,9147,
serial:COM8/dial_raw,1637988,1785394325012,9144,
serial:COM8/dial_raw,1637990,1785394325014,9147,
serial:COM8/dial_raw,1637992,1785394325016,9149,
serial:COM8/dial_raw,1637994,1785394325018,9147,
serial:COM8/dial_raw,1637996,1785394325020,9147,
serial:COM8/dial_raw,1637998,1785394325022,9148,
serial:COM8/dial_raw,1638000,1785394325024,9148,
serial:COM8/dial_raw,1638002,1785394325026,9148,
serial:COM8/dial_raw,1638004,1785394325028,9148,
serial:COM8/dial_raw,1638006,1785394325030,9147,
serial:COM8/dial_raw,1638008,1785394325032,9146,
serial:COM8/dial_raw,1638010,1785394325034,9147,
serial:COM8/dial_raw,1638012,1785394325036,9149,
serial:COM8/dial_raw,1638014,1785394325038,9147,
serial:COM8/dial_raw,1638016,1785394325040,9147,
serial:COM8/dial_raw,1638018,1785394325042,9149,
serial:COM8/dial_raw,1638020,1785394325044,9148,
serial:COM8/dial_raw,1638022,1785394325046,9145,
serial:COM8/dial_raw,1638024,1785394325048,9146,
serial:COM8/dial_raw,1638026,1785394325050,9147,
serial:COM8/dial_raw,1638028,1785394325052,9148,
serial:COM8/dial_raw,1638030,1785394325054,9147,
serial:COM8/dial_raw,1638032,1785394325056,9146,
serial:COM8/dial_raw,1638034,1785394325058,9148,
serial:COM8/dial_raw,1638036,1785394325060,9147,
serial:COM8/dial_raw,1638038,1785394325062,9150,
serial:COM8/dial_raw,1638040,1785394325064,9148,
serial:COM8/dial_raw,1638042,1785394325066,9148,
serial:COM8/dial_raw,1638044,1785394325068,9148,
serial:COM8/dial_raw,1638046,1785394325070,9147,
serial:COM8/dial_raw,1638048,1785394325072,9149,
serial:COM8/dial_raw,1638050,1785394325074,9148,
serial:COM8/dial_raw,1638052,1785394325076,9147,
serial:COM8/dial_raw,1638054,1785394325078,9148,
serial:COM8/dial_raw,1638056,1785394325080,9147,
serial:COM8/dial_raw,1638058,1785394325082,9148,
serial:COM8/dial_raw,1638060,1785394325084,9147,
serial:COM8/dial_raw,1638062,1785394325086,9149,
serial:COM8/dial_raw,1638064,1785394325088,9145,
serial:COM8/dial_raw,1638066,1785394325090,9148,
serial:COM8/dial_raw,1638068,1785394325092,9146,
serial:COM8/dial_raw,1638070,1785394325094,9147,
serial:COM8/dial_raw,1638072,1785394325096,9147,
serial:COM8/dial_raw,1638074,1785394325098,9147,
serial:COM8/dial_raw,1638076,1785394325100,9147,
serial:COM8/dial_raw,1638078,1785394325102,9145,
serial:COM8/dial_raw,1638080,1785394325104,9148,
serial:COM8/dial_raw,1638082,1785394325106,9148,
serial:COM8/dial_raw,1638084,1785394325108,9149,
serial:COM8/dial_raw,1638086,1785394325110,9147,
serial:COM8/dial_raw,1638088,1785394325112,9150,
serial:COM8/dial_raw,1638090,1785394325114,9146,
serial:COM8/dial_raw,1638092,1785394325116,9146,
serial:COM8/dial_raw,1638094,1785394325118,9148,
serial:COM8/dial_raw,1638096,1785394325120,9147,
serial:COM8/dial_raw,1638098,1785394325122,9146,
serial:COM8/dial_raw,1638100,1785394325124,9148,
serial:COM8/dial_raw,1638102,1785394325126,9148,
serial:COM8/dial_raw,1638104,1785394325128,9148,
serial:COM8/dial_raw,1638106,1785394325130,9147,
serial:COM8/dial_raw,1638108,1785394325132,9149,
serial:COM8/dial_raw,1638110,1785394325134,9147,
serial:COM8/dial_raw,1638112,1785394325136,9145,
serial:COM8/dial_raw,1638114,1785394325138,9148,
serial:COM8/dial_raw,1638116,1785394325140,9147,
serial:COM8/dial_raw,1638118,1785394325142,9148,
serial:COM8/dial_raw,1638120,1785394325144,9145,
serial:COM8/dial_raw,1638122,1785394325146,9148,
serial:COM8/dial_raw,1638124,1785394325148,9149,
serial:COM8/dial_raw,1638126,1785394325150,9147,
serial:COM8/dial_raw,1638128,1785394325152,9147,
serial:COM8/dial_raw,1638130,1785394325154,9148,
serial:COM8/dial_raw,1638132,1785394325159,9147,
serial:COM8/dial_raw,1638134,1785394325159,9148,
serial:COM8/dial_raw,1638136,1785394325160,9149,
serial:COM8/dial_raw,1638138,1785394325162,9149,
serial:COM8/dial_raw,1638140,1785394325164,9147,
serial:COM8/dial_raw,1638142,1785394325166,9146,
serial:COM8/dial_raw,1638144,1785394325168,9150,
serial:COM8/dial_raw,1638146,1785394325170,9148,
serial:COM8/dial_raw,1638148,1785394325172,9151,
serial:COM8/dial_raw,1638150,1785394325174,9148,
serial:COM8/dial_raw,1638152,1785394325176,9150,
serial:COM8/dial_raw,1638154,1785394325178,9146,
serial:COM8/dial_raw,1638156,1785394325180,9150,
serial:COM8/dial_raw,1638158,1785394325182,9146,
serial:COM8/dial_raw,1638160,1785394325184,9148,
serial:COM8/dial_raw,1638162,1785394325186,9147,
serial:COM8/dial_raw,1638164,1785394325188,9146,
serial:COM8/dial_raw,1638166,1785394325190,9148,
serial:COM8/dial_raw,1638168,1785394325192,9146,
serial:COM8/dial_raw,1638170,1785394325194,9146,
serial:COM8/dial_raw,1638172,1785394325196,9147,
serial:COM8/dial_raw,1638174,1785394325198,9148,
serial:COM8/dial_raw,1638176,1785394325200,9147,
serial:COM8/dial_raw,1638178,1785394325202,9147,
serial:COM8/dial_raw,1638180,1785394325204,9149,
serial:COM8/dial_raw,1638182,1785394325206,9148,
serial:COM8/dial_raw,1638184,1785394325208,9147,
serial:COM8/dial_raw,1638186,1785394325210,9147,
serial:COM8/dial_raw,1638188,1785394325212,9148,
serial:COM8/dial_raw,1638190,1785394325214,9149,
serial:COM8/dial_raw,1638192,1785394325216,9148,
serial:COM8/dial_raw,1638194,1785394325218,9145,
serial:COM8/dial_raw,1638196,1785394325220,9146,
serial:COM8/dial_raw,1638198,1785394325222,9148,
serial:COM8/dial_raw,1638200,1785394325224,9147,
serial:COM8/dial_raw,1638202,1785394325226,9149,
serial:COM8/dial_raw,1638204,1785394325228,9147,
serial:COM8/dial_raw,1638206,1785394325230,9148,
serial:COM8/dial_raw,1638208,1785394325232,9149,
serial:COM8/dial_raw,1638210,1785394325234,9148,
serial:COM8/dial_raw,1638212,1785394325236,9148,
serial:COM8/dial_raw,1638214,1785394325238,9147,
serial:COM8/dial_raw,1638216,1785394325240,9146,
serial:COM8/dial_raw,1638218,1785394325242,9148,
serial:COM8/dial_raw,1638220,1785394325244,9148,
serial:COM8/dial_raw,1638222,1785394325246,9147,
serial:COM8/dial_raw,1638224,1785394325248,9146,
serial:COM8/dial_raw,1638226,1785394325250,9147,
serial:COM8/dial_raw,1638228,1785394325252,9146,
serial:COM8/dial_raw,1638230,1785394325254,9148,
serial:COM8/dial_raw,1638232,1785394325256,9146,
serial:COM8/dial_raw,1638234,1785394325258,9150,
serial:COM8/dial_raw,1638236,1785394325260,9147,
serial:COM8/dial_raw,1638238,1785394325262,9148,
serial:COM8/dial_raw,1638240,1785394325264,9146,
serial:COM8/dial_raw,1638242,1785394325266,9148,
serial:COM8/dial_raw,1638244,1785394325268,9147,
serial:COM8/dial_raw,1638246,1785394325270,9148,
serial:COM8/dial_raw,1638248,1785394325272,9147,
serial:COM8/dial_raw,1638250,1785394325274,9147,
serial:COM8/dial_raw,1638252,1785394325276,9149,
serial:COM8/dial_raw,1638254,1785394325278,9147,
serial:COM8/dial_raw,1638256,1785394325280,9148,
serial:COM8/dial_raw,1638258,1785394325282,9147,
serial:COM8/dial_raw,1638260,1785394325284,9148,
serial:COM8/dial_raw,1638262,1785394325286,9148,
serial:COM8/dial_raw,1638264,1785394325288,9149,
serial:COM8/dial_raw,1638266,1785394325290,9147,
serial:COM8/dial_raw,1638268,1785394325292,9150,
serial:COM8/dial_raw,1638270,1785394325294,9148,
serial:COM8/dial_raw,1638272,1785394325296,9147,
serial:COM8/dial_raw,1638274,1785394325298,9147,
serial:COM8/dial_raw,1638276,1785394325300,9147,
serial:COM8/dial_raw,1638278,1785394325302,9147,
serial:COM8/dial_raw,1638280,1785394325304,9148,
serial:COM8/dial_raw,1638282,1785394325306,9150,
serial:COM8/dial_raw,1638284,1785394325308,9148,
serial:COM8/dial_raw,1638286,1785394325310,9148,
serial:COM8/dial_raw,1638288,1785394325312,9147,
serial:COM8/dial_raw,1638290,1785394325314,9148,
serial:COM8/dial_raw,1638292,1785394325316,9147,
serial:COM8/dial_raw,1638294,1785394325318,9147,
serial:COM8/dial_raw,1638296,1785394325320,9148,
serial:COM8/dial_raw,1638298,1785394325322,9146,
serial:COM8/dial_raw,1638300,1785394325324,9148,
serial:COM8/dial_raw,1638302,1785394325326,9148,
serial:COM8/dial_raw,1638304,1785394325328,9149,
serial:COM8/dial_raw,1638306,1785394325330,9148,
serial:COM8/dial_raw,1638308,1785394325332,9147,
serial:COM8/dial_raw,1638310,1785394325334,9148,
serial:COM8/dial_raw,1638312,1785394325336,9149,
serial:COM8/dial_raw,1638314,1785394325338,9147,
serial:COM8/dial_raw,1638316,1785394325340,9147,
serial:COM8/dial_raw,1638318,1785394325342,9148,
serial:COM8/dial_raw,1638320,1785394325344,9145,
serial:COM8/dial_raw,1638322,1785394325346,9150,
serial:COM8/dial_raw,1638324,1785394325348,9147,
serial:COM8/dial_raw,1638326,1785394325350,9148,
serial:COM8/dial_raw,1638328,1785394325352,9147,
serial:COM8/dial_raw,1638330,1785394325354,9147,
serial:COM8/dial_raw,1638332,1785394325359,9147,
serial:COM8/dial_raw,1638334,1785394325359,9148,
serial:COM8/dial_raw,1638336,1785394325360,9147,
serial:COM8/dial_raw,1638338,1785394325362,9149,
serial:COM8/dial_raw,1638340,1785394325364,9147,
serial:COM8/dial_raw,1638342,1785394325366,9147,
serial:COM8/dial_raw,1638344,1785394325368,9148,
serial:COM8/dial_raw,1638346,1785394325370,9146,
serial:COM8/dial_raw,1638348,1785394325372,9147,
serial:COM8/dial_raw,1638350,1785394325374,9148,
serial:COM8/dial_raw,1638352,1785394325376,9148,
serial:COM8/dial_raw,1638354,1785394325378,9148,
serial:COM8/dial_raw,1638356,1785394325380,9146,
serial:COM8/dial_raw,1638358,1785394325382,9149,
serial:COM8/dial_raw,1638360,1785394325384,9149,
serial:COM8/dial_raw,1638362,1785394325386,9150,
serial:COM8/dial_raw,1638364,1785394325388,9147,
serial:COM8/dial_raw,1638366,1785394325390,9147,
serial:COM8/dial_raw,1638368,1785394325392,9148,
serial:COM8/dial_raw,1638370,1785394325394,9147,
serial:COM8/dial_raw,1638372,1785394325396,9146,
serial:COM8/dial_raw,1638374,1785394325398,9148,
serial:COM8/dial_raw,1638376,1785394325400,9147,
serial:COM8/dial_raw,1638378,1785394325402,9147,
serial:COM8/dial_raw,1638380,1785394325404,9147,
serial:COM8/dial_raw,1638382,1785394325406,9148,
serial:COM8/dial_raw,1638384,1785394325408,9147,
serial:COM8/dial_raw,1638386,1785394325410,9148,
serial:COM8/dial_raw,1638388,1785394325412,9148,
serial:COM8/dial_raw,1638390,1785394325414,9146,
serial:COM8/dial_raw,1638392,1785394325416,9146,
serial:COM8/dial_raw,1638394,1785394325418,9149,
serial:COM8/dial_raw,1638396,1785394325420,9148,
serial:COM8/dial_raw,1638398,1785394325422,9148,
serial:COM8/dial_raw,1638400,1785394325424,9149,
serial:COM8/dial_raw,1638402,1785394325426,9148,
serial:COM8/dial_raw,1638404,1785394325428,9148,
serial:COM8/dial_raw,1638406,1785394325430,9147,
serial:COM8/dial_raw,1638408,1785394325432,9147,
serial:COM8/dial_raw,1638410,1785394325434,9148,
serial:COM8/dial_raw,1638412,1785394325436,9148,
serial:COM8/dial_raw,1638414,1785394325438,9147,
serial:COM8/dial_raw,1638416,1785394325440,9148,
serial:COM8/dial_raw,1638418,1785394325442,9148,
serial:COM8/dial_raw,1638420,1785394325444,9145,
serial:COM8/dial_raw,1638422,1785394325446,9146,
serial:COM8/dial_raw,1638424,1785394325448,9146,
serial:COM8/dial_raw,1638426,1785394325450,9148,
serial:COM8/dial_raw,1638428,1785394325452,9148,
serial:COM8/dial_raw,1638430,1785394325454,9145,
serial:COM8/dial_raw,1638432,1785394325456,9148,
serial:COM8/dial_raw,1638434,1785394325458,9147,
serial:COM8/dial_raw,1638436,1785394325460,9149,
serial:COM8/dial_raw,1638438,1785394325462,9149,
serial:COM8/dial_raw,1638440,1785394325464,9146,
serial:COM8/dial_raw,1638442,1785394325466,9149,
serial:COM8/dial_raw,1638444,1785394325468,9150,
serial:COM8/dial_raw,1638446,1785394325470,9148,
serial:COM8/dial_raw,1638448,1785394325472,9150,
serial:COM8/dial_raw,1638450,1785394325474,9150,
serial:COM8/dial_raw,1638452,1785394325476,9148,
serial:COM8/dial_raw,1638454,1785394325478,9149,
serial:COM8/dial_raw,1638456,1785394325480,9148,
serial:COM8/dial_raw,1638458,1785394325482,9150,
serial:COM8/dial_raw,1638460,1785394325484,9148,
serial:COM8/dial_raw,1638462,1785394325486,9147,
serial:COM8/dial_raw,1638464,1785394325488,9146,
serial:COM8/dial_raw,1638466,1785394325490,9147,
serial:COM8/dial_raw,1638468,1785394325492,9147,
serial:COM8/dial_raw,1638470,1785394325494,9147,
serial:COM8/dial_raw,1638472,1785394325496,9149,
serial:COM8/dial_raw,1638474,1785394325498,9147,
serial:COM8/dial_raw,1638476,1785394325500,9148,
serial:COM8/dial_raw,1638478,1785394325502,9147,
serial:COM8/dial_raw,1638480,1785394325504,9147,
serial:COM8/dial_raw,1638482,1785394325506,9147,
serial:COM8/dial_raw,1638484,1785394325508,9147,
serial:COM8/dial_raw,1638486,1785394325510,9151,
serial:COM8/dial_raw,1638488,1785394325512,9148,
serial:COM8/dial_raw,1638490,1785394325514,9149,
serial:COM8/dial_raw,1638492,1785394325516,9147,
serial:COM8/dial_raw,1638494,1785394325518,9150,
serial:COM8/dial_raw,1638496,1785394325520,9150,
serial:COM8/dial_raw,1638498,1785394325522,9146,
serial:COM8/dial_raw,1638500,1785394325524,9149,
serial:COM8/dial_raw,1638502,1785394325526,9149,
serial:COM8/dial_raw,1638504,1785394325528,9145,
serial:COM8/dial_raw,1638506,1785394325530,9148,
serial:COM8/dial_raw,1638508,1785394325532,9147,
serial:COM8/dial_raw,1638510,1785394325534,9146,
serial:COM8/dial_raw,1638512,1785394325536,9148,
serial:COM8/dial_raw,1638514,1785394325538,9145,
serial:COM8/dial_raw,1638516,1785394325540,9148,
serial:COM8/dial_raw,1638518,1785394325542,9148,
serial:COM8/dial_raw,1638520,1785394325544,9149,
serial:COM8/dial_raw,1638522,1785394325546,9149,
serial:COM8/dial_raw,1638524,1785394325548,9149,
serial:COM8/dial_raw,1638526,1785394325550,9148,
serial:COM8/dial_raw,1638528,1785394325552,9148,
serial:COM8/dial_raw,1638530,1785394325554,9146,
serial:COM8/dial_raw,1638532,1785394325559,9148,
serial:COM8/dial_raw,1638534,1785394325559,9148,
serial:COM8/dial_raw,1638536,1785394325560,9147,
serial:COM8/dial_raw,1638538,1785394325562,9147,
serial:COM8/dial_raw,1638540,1785394325564,9146,
serial:COM8/dial_raw,1638542,1785394325566,9147,
serial:COM8/dial_raw,1638544,1785394325568,9148,
serial:COM8/dial_raw,1638546,1785394325570,9150,
serial:COM8/dial_raw,1638548,1785394325572,9150,
serial:COM8/dial_raw,1638550,1785394325574,9149,
serial:COM8/dial_raw,1638552,1785394325576,9147,
serial:COM8/dial_raw,1638554,1785394325578,9147,
serial:COM8/dial_raw,1638556,1785394325580,9146,
serial:COM8/dial_raw,1638558,1785394325582,9148,
serial:COM8/dial_raw,1638560,1785394325584,9149,
serial:COM8/dial_raw,1638562,1785394325586,9146,
serial:COM8/dial_raw,1638564,1785394325588,9146,
serial:COM8/dial_raw,1638566,1785394325590,9146,
serial:COM8/dial_raw,1638568,1785394325592,9149,
serial:COM8/dial_raw,1638570,1785394325594,9149,
serial:COM8/dial_raw,1638572,1785394325596,9149,
serial:COM8/dial_raw,1638574,1785394325598,9148,
serial:COM8/dial_raw,1638576,1785394325600,9148,
serial:COM8/dial_raw,1638578,1785394325602,9148,
serial:COM8/dial_raw,1638580,1785394325604,9148,
serial:COM8/dial_raw,1638582,1785394325606,9147,
serial:COM8/dial_raw,1638584,1785394325608,9151,
serial:COM8/dial_raw,1638586,1785394325610,9146,
serial:COM8/dial_raw,1638588,1785394325612,9148,
serial:COM8/dial_raw,1638590,1785394325614,9146,
serial:COM8/dial_raw,1638592,1785394325616,9150,
serial:COM8/dial_raw,1638594,1785394325618,9147,
serial:COM8/dial_raw,1638596,1785394325620,9148,
serial:COM8/dial_raw,1638598,1785394325622,9147,
serial:COM8/dial_raw,1638600,1785394325624,9150,
serial:COM8/dial_raw,1638602,1785394325626,9149,
serial:COM8/dial_raw,1638604,1785394325628,9151,
serial:COM8/dial_raw,1638606,1785394325630,9146,
serial:COM8/dial_raw,1638608,1785394325632,9146,
serial:COM8/dial_raw,1638610,1785394325634,9147,
serial:COM8/dial_raw,1638612,1785394325636,9145,
serial:COM8/dial_raw,1638614,1785394325638,9147,
serial:COM8/dial_raw,1638616,1785394325640,9147,
serial:COM8/dial_raw,1638618,1785394325642,9147,
serial:COM8/dial_raw,1638620,1785394325644,9148,
serial:COM8/dial_raw,1638622,1785394325646,9148,
serial:COM8/dial_raw,1638624,1785394325648,9148,
serial:COM8/dial_raw,1638626,1785394325650,9147,
serial:COM8/dial_raw,1638628,1785394325652,9146,
serial:COM8/dial_raw,1638630,1785394325654,9148,
serial:COM8/dial_raw,1638632,1785394325656,9148,
serial:COM8/dial_raw,1638634,1785394325658,9148,
serial:COM8/dial_raw,1638636,1785394325660,9148,
serial:COM8/dial_raw,1638638,1785394325662,9147,
serial:COM8/dial_raw,1638640,1785394325664,9149,
serial:COM8/dial_raw,1638642,1785394325666,9150,
serial:COM8/dial_raw,1638644,1785394325668,9148,
serial:COM8/dial_raw,1638646,1785394325670,9148,
serial:COM8/dial_raw,1638648,1785394325672,9148,
serial:COM8/dial_raw,1638650,1785394325674,9148,
serial:COM8/dial_raw,1638652,1785394325676,9148,
serial:COM8/dial_raw,1638654,1785394325678,9146,
serial:COM8/dial_raw,1638656,1785394325680,9147,
serial:COM8/dial_raw,1638658,1785394325682,9147,
serial:COM8/dial_raw,1638660,1785394325684,9148,
serial:COM8/dial_raw,1638662,1785394325686,9148,
serial:COM8/dial_raw,1638664,1785394325688,9148,
serial:COM8/dial_raw,1638666,1785394325690,9148,
serial:COM8/dial_raw,1638668,1785394325692,9148,
serial:COM8/dial_raw,1638670,1785394325694,9145,
serial:COM8/dial_raw,1638672,1785394325696,9148,
serial:COM8/dial_raw,1638674,1785394325698,9148,
serial:COM8/dial_raw,1638676,1785394325700,9148,
serial:COM8/dial_raw,1638678,1785394325702,9148,
serial:COM8/dial_raw,1638680,1785394325704,9147,
serial:COM8/dial_raw,1638682,1785394325706,9151,
serial:COM8/dial_raw,1638684,1785394325708,9146,
serial:COM8/dial_raw,1638686,1785394325710,9147,
serial:COM8/dial_raw,1638688,1785394325712,9150,
serial:COM8/dial_raw,1638690,1785394325714,9150,
serial:COM8/dial_raw,1638692,1785394325716,9147,
serial:COM8/dial_raw,1638694,1785394325718,9145,
serial:COM8/dial_raw,1638696,1785394325720,9147,
serial:COM8/dial_raw,1638698,1785394325722,9147,
serial:COM8/dial_raw,1638700,1785394325724,9147,
serial:COM8/dial_raw,1638702,1785394325726,9147,
serial:COM8/dial_raw,1638704,1785394325728,9147,
serial:COM8/dial_raw,1638706,1785394325730,9148,
serial:COM8/dial_raw,1638708,1785394325732,9146,
serial:COM8/dial_raw,1638710,1785394325734,9147,
serial:COM8/dial_raw,1638712,1785394325736,9147,
serial:COM8/dial_raw,1638714,1785394325738,9148,
serial:COM8/dial_raw,1638716,1785394325740,9147,
serial:COM8/dial_raw,1638718,1785394325742,9144,
serial:COM8/dial_raw,1638720,1785394325744,9148,
serial:COM8/dial_raw,1638722,1785394325746,9145,
serial:COM8/dial_raw,1638724,1785394325748,9148,
serial:COM8/dial_raw,1638726,1785394325750,9148,
serial:COM8/dial_raw,1638728,1785394325752,9147,
serial:COM8/dial_raw,1638730,1785394325754,9147,
serial:COM8/dial_raw,1638732,1785394325759,9147,
serial:COM8/dial_raw,1638734,1785394325759,9149,
serial:COM8/dial_raw,1638736,1785394325760,9148,
serial:COM8/dial_raw,1638738,1785394325762,9147,
serial:COM8/dial_raw,1638740,1785394325764,9147,
serial:COM8/dial_raw,1638742,1785394325766,9147,
serial:COM8/dial_raw,1638744,1785394325768,9146,
serial:COM8/dial_raw,1638746,1785394325770,9147,
serial:COM8/dial_raw,1638748,1785394325772,9150,
serial:COM8/dial_raw,1638750,1785394325774,9150,
serial:COM8/dial_raw,1638752,1785394325776,9147,
serial:COM8/dial_raw,1638754,1785394325778,9149,
serial:COM8/dial_raw,1638756,1785394325780,9148,
serial:COM8/dial_raw,1638758,1785394325782,9147,
serial:COM8/dial_raw,1638760,1785394325784,9148,
serial:COM8/dial_raw,1638762,1785394325786,9148,
serial:COM8/dial_raw,1638764,1785394325788,9147,
serial:COM8/dial_raw,1638766,1785394325790,9148,
serial:COM8/dial_raw,1638768,1785394325792,9148,
serial:COM8/dial_raw,1638770,1785394325794,9150,
serial:COM8/dial_raw,1638772,1785394325796,9148,
serial:COM8/dial_raw,1638774,1785394325798,9148,
serial:COM8/dial_raw,1638776,1785394325800,9147,
serial:COM8/dial_raw,1638778,1785394325802,9148,
serial:COM8/dial_raw,1638780,1785394325804,9148,
serial:COM8/dial_raw,1638782,1785394325806,9148,
serial:COM8/dial_raw,1638784,1785394325808,9147,
serial:COM8/dial_raw,1638786,1785394325810,9148,
serial:COM8/dial_raw,1638788,1785394325812,9148,
serial:COM8/dial_raw,1638790,1785394325814,9148,
serial:COM8/dial_raw,1638792,1785394325816,9147,
serial:COM8/dial_raw,1638794,1785394325818,9147,
serial:COM8/dial_raw,1638796,1785394325820,9147,
serial:COM8/dial_raw,1638798,1785394325822,9145,
serial:COM8/dial_raw,1638800,1785394325824,9149,
serial:COM8/dial_raw,1638802,1785394325826,9149,
serial:COM8/dial_raw,1638804,1785394325828,9147,
serial:COM8/dial_raw,1638806,1785394325830,9147,
serial:COM8/dial_raw,1638808,1785394325832,9146,
serial:COM8/dial_raw,1638810,1785394325834,9148,
serial:COM8/dial_raw,1638812,1785394325836,9147,
serial:COM8/dial_raw,1638814,1785394325838,9148,
serial:COM8/dial_raw,1638816,1785394325840,9145,
serial:COM8/dial_raw,1638818,1785394325842,9148,
serial:COM8/dial_raw,1638820,1785394325844,9148,
serial:COM8/dial_raw,1638822,1785394325846,9148,
serial:COM8/dial_raw,1638824,1785394325848,9151,
serial:COM8/dial_raw,1638826,1785394325850,9149,
serial:COM8/dial_raw,1638828,1785394325852,9147,
serial:COM8/dial_raw,1638830,1785394325854,9148,
serial:COM8/dial_raw,1638832,1785394325856,9145,
serial:COM8/dial_raw,1638834,1785394325858,9149,
serial:COM8/dial_raw,1638836,1785394325860,9147,
serial:COM8/dial_raw,1638838,1785394325862,9149,
serial:COM8/dial_raw,1638840,1785394325864,9147,
serial:COM8/dial_raw,1638842,1785394325866,9147,
serial:COM8/dial_raw,1638844,1785394325868,9148,
serial:COM8/dial_raw,1638846,1785394325870,9147,
serial:COM8/dial_raw,1638848,1785394325872,9147,
serial:COM8/dial_raw,1638850,1785394325874,9148,
serial:COM8/dial_raw,1638852,1785394325876,9147,
serial:COM8/dial_raw,1638854,1785394325878,9147,
serial:COM8/dial_raw,1638856,1785394325880,9150,
serial:COM8/dial_raw,1638858,1785394325882,9148,
serial:COM8/dial_raw,1638860,1785394325884,9147,
serial:COM8/dial_raw,1638862,1785394325886,9146,
serial:COM8/dial_raw,1638864,1785394325888,9147,
serial:COM8/dial_raw,1638866,1785394325890,9147,
serial:COM8/dial_raw,1638868,1785394325892,9147,
serial:COM8/dial_raw,1638870,1785394325894,9148,
serial:COM8/dial_raw,1638872,1785394325896,9149,
serial:COM8/dial_raw,1638874,1785394325898,9147,
serial:COM8/dial_raw,1638876,1785394325900,9148,
serial:COM8/dial_raw,1638878,1785394325902,9150,
serial:COM8/dial_raw,1638880,1785394325904,9148,
serial:COM8/dial_raw,1638882,1785394325906,9147,
serial:COM8/dial_raw,1638884,1785394325908,9149,
serial:COM8/dial_raw,1638886,1785394325910,9149,
serial:COM8/dial_raw,1638888,1785394325912,9148,
serial:COM8/dial_raw,1638890,1785394325914,9147,
serial:COM8/dial_raw,1638892,1785394325916,9147,
serial:COM8/dial_raw,1638894,1785394325918,9145,
serial:COM8/dial_raw,1638896,1785394325920,9149,
serial:COM8/dial_raw,1638898,1785394325922,9148,
serial:COM8/dial_raw,1638900,1785394325924,9149,
serial:COM8/dial_raw,1638902,1785394325926,9148,
serial:COM8/dial_raw,1638904,1785394325928,9147,
serial:COM8/dial_raw,1638906,1785394325930,9149,
serial:COM8/dial_raw,1638908,1785394325932,9149,
serial:COM8/dial_raw,1638910,1785394325934,9147,
serial:COM8/dial_raw,1638912,1785394325936,9146,
serial:COM8/dial_raw,1638914,1785394325938,9147,
serial:COM8/dial_raw,1638916,1785394325940,9148,
serial:COM8/dial_raw,1638918,1785394325942,9148,
serial:COM8/dial_raw,1638920,1785394325944,9147,
serial:COM8/dial_raw,1638922,1785394325946,9149,
serial:COM8/dial_raw,1638924,1785394325948,9147,
serial:COM8/dial_raw,1638926,1785394325950,9150,
serial:COM8/dial_raw,1638928,1785394325952,9146,
serial:COM8/dial_raw,1638930,1785394325954,9151,
serial:COM8/dial_raw,1638932,1785394325959,9147,
serial:COM8/dial_raw,1638934,1785394325959,9148,
serial:COM8/dial_raw,1638936,1785394325960,9148,
serial:COM8/dial_raw,1638938,1785394325962,9149,
serial:COM8/dial_raw,1638940,1785394325964,9148,
serial:COM8/dial_raw,1638942,1785394325966,9149,
serial:COM8/dial_raw,1638944,1785394325968,9147,
serial:COM8/dial_raw,1638946,1785394325970,9149,
serial:COM8/dial_raw,1638948,1785394325972,9147,
serial:COM8/dial_raw,1638950,1785394325974,9148,
serial:COM8/dial_raw,1638952,1785394325976,9149,
serial:COM8/dial_raw,1638954,1785394325978,9150,
serial:COM8/dial_raw,1638956,1785394325980,9148,
serial:COM8/dial_raw,1638958,1785394325982,9148,
serial:COM8/dial_raw,1638960,1785394325984,9147,
serial:COM8/dial_raw,1638962,1785394325986,9150,
serial:COM8/dial_raw,1638964,1785394325988,9147,
serial:COM8/dial_raw,1638966,1785394325990,9146,
serial:COM8/dial_raw,1638968,1785394325992,9145,
serial:COM8/dial_raw,1638970,1785394325994,9147,
serial:COM8/dial_raw,1638972,1785394325996,9148,
serial:COM8/dial_raw,1638974,1785394325998,9147,
serial:COM8/dial_raw,1638976,1785394326000,9148,
serial:COM8/dial_raw,1638978,1785394326002,9147,
serial:COM8/dial_raw,1638980,1785394326004,9147,
serial:COM8/dial_raw,1638982,1785394326006,9146,
serial:COM8/dial_raw,1638984,1785394326008,9147,
serial:COM8/dial_raw,1638986,1785394326010,9148,
serial:COM8/dial_raw,1638988,1785394326012,9147,
serial:COM8/dial_raw,1638990,1785394326014,9146,
serial:COM8/dial_raw,1638992,1785394326016,9147,
serial:COM8/dial_raw,1638994,1785394326018,9150,
serial:COM8/dial_raw,1638996,1785394326020,9152,
serial:COM8/dial_raw,1638998,1785394326022,9149,
serial:COM8/dial_raw,1639000,1785394326024,9149,
serial:COM8/dial_raw,1639002,1785394326026,9148,
serial:COM8/dial_raw,1639004,1785394326028,9147,
serial:COM8/dial_raw,1639006,1785394326030,9148,
serial:COM8/dial_raw,1639008,1785394326032,9148,
serial:COM8/dial_raw,1639010,1785394326034,9147,
serial:COM8/dial_raw,1639012,1785394326036,9148,
serial:COM8/dial_raw,1639014,1785394326038,9150,
serial:COM8/dial_raw,1639016,1785394326040,9147,
serial:COM8/dial_raw,1639018,1785394326042,9146,
serial:COM8/dial_raw,1639020,1785394326044,9147,
serial:COM8/dial_raw,1639022,1785394326046,9150,
serial:COM8/dial_raw,1639024,1785394326048,9146,
serial:COM8/dial_raw,1639026,1785394326050,9148,
serial:COM8/dial_raw,1639028,1785394326052,9148,
serial:COM8/dial_raw,1639030,1785394326054,9147,
serial:COM8/dial_raw,1639032,1785394326056,9146,
serial:COM8/dial_raw,1639034,1785394326058,9147,
serial:COM8/motor_raw,1619036,1785394306059,8939,
serial:COM8/motor_raw,1619038,1785394306061,8939,
serial:COM8/motor_raw,1619040,1785394306064,8936,
serial:COM8/motor_raw,1619042,1785394306065,8936,
serial:COM8/motor_raw,1619044,1785394306067,8935,
serial:COM8/motor_raw,1619046,1785394306069,8937,
serial:COM8/motor_raw,1619048,1785394306071,8938,
serial:COM8/motor_raw,1619050,1785394306074,8936,
serial:COM8/motor_raw,1619052,1785394306075,8939,
serial:COM8/motor_raw,1619054,1785394306077,8935,
serial:COM8/motor_raw,1619056,1785394306079,8937,
serial:COM8/motor_raw,1619058,1785394306081,8940,
serial:COM8/motor_raw,1619060,1785394306084,8937,
serial:COM8/motor_raw,1619062,1785394306085,8938,
serial:COM8/motor_raw,1619064,1785394306087,8936,
serial:COM8/motor_raw,1619066,1785394306089,8939,
serial:COM8/motor_raw,1619068,1785394306091,8939,
serial:COM8/motor_raw,1619070,1785394306094,8938,
serial:COM8/motor_raw,1619072,1785394306095,8937,
serial:COM8/motor_raw,1619074,1785394306097,8936,
serial:COM8/motor_raw,1619076,1785394306099,8940,
serial:COM8/motor_raw,1619078,1785394306101,8937,
serial:COM8/motor_raw,1619080,1785394306104,8935,
serial:COM8/motor_raw,1619082,1785394306105,8936,
serial:COM8/motor_raw,1619084,1785394306107,8936,
serial:COM8/motor_raw,1619086,1785394306109,8937,
serial:COM8/motor_raw,1619088,1785394306111,8938,
serial:COM8/motor_raw,1619090,1785394306114,8938,
serial:COM8/motor_raw,1619092,1785394306115,8938,
serial:COM8/motor_raw,1619094,1785394306117,8939,
serial:COM8/motor_raw,1619096,1785394306119,8935,
serial:COM8/motor_raw,1619098,1785394306121,8941,
serial:COM8/motor_raw,1619100,1785394306124,8937,
serial:COM8/motor_raw,1619102,1785394306125,8938,
serial:COM8/motor_raw,1619104,1785394306127,8935,
serial:COM8/motor_raw,1619106,1785394306129,8935,
serial:COM8/motor_raw,1619108,1785394306131,8939,
serial:COM8/motor_raw,1619110,1785394306134,8936,
serial:COM8/motor_raw,1619112,1785394306135,8935,
serial:COM8/motor_raw,1619114,1785394306137,8938,
serial:COM8/motor_raw,1619116,1785394306139,8934,
serial:COM8/motor_raw,1619118,1785394306141,8940,
serial:COM8/motor_raw,1619120,1785394306144,8937,
serial:COM8/motor_raw,1619122,1785394306145,8936,
serial:COM8/motor_raw,1619124,1785394306147,8940,
serial:COM8/motor_raw,1619126,1785394306149,8938,
serial:COM8/motor_raw,1619128,1785394306151,8938,
serial:COM8/motor_raw,1619130,1785394306154,8936,
serial:COM8/motor_raw,1619132,1785394306158,8938,
serial:COM8/motor_raw,1619134,1785394306158,8936,
serial:COM8/motor_raw,1619136,1785394306159,8940,
serial:COM8/motor_raw,1619138,1785394306161,8937,
serial:COM8/motor_raw,1619140,1785394306164,8935,
serial:COM8/motor_raw,1619142,1785394306165,8935,
serial:COM8/motor_raw,1619144,1785394306167,8937,
serial:COM8/motor_raw,1619146,1785394306169,8937,
serial:COM8/motor_raw,1619148,1785394306171,8937,
serial:COM8/motor_raw,1619150,1785394306174,8938,
serial:COM8/motor_raw,1619152,1785394306175,8936,
serial:COM8/motor_raw,1619154,1785394306177,8937,
serial:COM8/motor_raw,1619156,1785394306179,8936,
serial:COM8/motor_raw,1619158,1785394306181,8937,
serial:COM8/motor_raw,1619160,1785394306184,8938,
serial:COM8/motor_raw,1619162,1785394306185,8939,
serial:COM8/motor_raw,1619164,1785394306187,8940,
serial:COM8/motor_raw,1619166,1785394306189,8936,
serial:COM8/motor_raw,1619168,1785394306191,8940,
serial:COM8/motor_raw,1619170,1785394306194,8935,
serial:COM8/motor_raw,1619172,1785394306195,8940,
serial:COM8/motor_raw,1619174,1785394306197,8937,
serial:COM8/motor_raw,1619176,1785394306199,8938,
serial:COM8/motor_raw,1619178,1785394306201,8937,
serial:COM8/motor_raw,1619180,1785394306204,8939,
serial:COM8/motor_raw,1619182,1785394306205,8939,
serial:COM8/motor_raw,1619184,1785394306207,8937,
serial:COM8/motor_raw,1619186,1785394306209,8939,
serial:COM8/motor_raw,1619188,1785394306211,8938,
serial:COM8/motor_raw,1619190,1785394306214,8934,
serial:COM8/motor_raw,1619192,1785394306215,8936,
serial:COM8/motor_raw,1619194,1785394306217,8935,
serial:COM8/motor_raw,1619196,1785394306219,8939,
serial:COM8/motor_raw,1619198,1785394306221,8939,
serial:COM8/motor_raw,1619200,1785394306224,8936,
serial:COM8/motor_raw,1619202,1785394306225,8936,
serial:COM8/motor_raw,1619204,1785394306227,8940,
serial:COM8/motor_raw,1619206,1785394306229,8937,
serial:COM8/motor_raw,1619208,1785394306231,8934,
serial:COM8/motor_raw,1619210,1785394306234,8938,
serial:COM8/motor_raw,1619212,1785394306235,8935,
serial:COM8/motor_raw,1619214,1785394306237,8937,
serial:COM8/motor_raw,1619216,1785394306239,8936,
serial:COM8/motor_raw,1619218,1785394306241,8936,
serial:COM8/motor_raw,1619220,1785394306244,8937,
serial:COM8/motor_raw,1619222,1785394306245,8937,
serial:COM8/motor_raw,1619224,1785394306247,8936,
serial:COM8/motor_raw,1619226,1785394306249,8936,
serial:COM8/motor_raw,1619228,1785394306251,8936,
serial:COM8/motor_raw,1619230,1785394306254,8937,
serial:COM8/motor_raw,1619232,1785394306255,8939,
serial:COM8/motor_raw,1619234,1785394306257,8939,
serial:COM8/motor_raw,1619236,1785394306259,8937,
serial:COM8/motor_raw,1619238,1785394306261,8936,
serial:COM8/motor_raw,1619240,1785394306264,8939,
serial:COM8/motor_raw,1619242,1785394306265,8937,
serial:COM8/motor_raw,1619244,1785394306267,8938,
serial:COM8/motor_raw,1619246,1785394306269,8937,
serial:COM8/motor_raw,1619248,1785394306271,8938,
serial:COM8/motor_raw,1619250,1785394306274,8937,
serial:COM8/motor_raw,1619252,1785394306275,8940,
serial:COM8/motor_raw,1619254,1785394306277,8938,
serial:COM8/motor_raw,1619256,1785394306279,8937,
serial:COM8/motor_raw,1619258,1785394306281,8938,
serial:COM8/motor_raw,1619260,1785394306284,8936,
serial:COM8/motor_raw,1619262,1785394306285,8939,
serial:COM8/motor_raw,1619264,1785394306287,8938,
serial:COM8/motor_raw,1619266,1785394306289,8936,
serial:COM8/motor_raw,1619268,1785394306291,8935,
serial:COM8/motor_raw,1619270,1785394306294,8937,
serial:COM8/motor_raw,1619272,1785394306295,8938,
serial:COM8/motor_raw,1619274,1785394306297,8937,
serial:COM8/motor_raw,1619276,1785394306299,8937,
serial:COM8/motor_raw,1619278,1785394306301,8936,
serial:COM8/motor_raw,1619280,1785394306304,8938,
serial:COM8/motor_raw,1619282,1785394306305,8934,
serial:COM8/motor_raw,1619284,1785394306307,8938,
serial:COM8/motor_raw,1619286,1785394306309,8935,
serial:COM8/motor_raw,1619288,1785394306311,8938,
serial:COM8/motor_raw,1619290,1785394306314,8937,
serial:COM8/motor_raw,1619292,1785394306315,8940,
serial:COM8/motor_raw,1619294,1785394306317,8937,
serial:COM8/motor_raw,1619296,1785394306319,8935,
serial:COM8/motor_raw,1619298,1785394306321,8934,
serial:COM8/motor_raw,1619300,1785394306324,8937,
serial:COM8/motor_raw,1619302,1785394306325,8935,
serial:COM8/motor_raw,1619304,1785394306327,8939,
serial:COM8/motor_raw,1619306,1785394306329,8936,
serial:COM8/motor_raw,1619308,1785394306331,8936,
serial:COM8/motor_raw,1619310,1785394306334,8937,
serial:COM8/motor_raw,1619312,1785394306335,8937,
serial:COM8/motor_raw,1619314,1785394306337,8940,
serial:COM8/motor_raw,1619316,1785394306339,8940,
serial:COM8/motor_raw,1619318,1785394306341,8938,
serial:COM8/motor_raw,1619320,1785394306344,8936,
serial:COM8/motor_raw,1619322,1785394306345,8939,
serial:COM8/motor_raw,1619324,1785394306347,8937,
serial:COM8/motor_raw,1619326,1785394306349,8938,
serial:COM8/motor_raw,1619328,1785394306351,8938,
serial:COM8/motor_raw,1619330,1785394306354,8936,
serial:COM8/motor_raw,1619332,1785394306358,8936,
serial:COM8/motor_raw,1619334,1785394306358,8939,
serial:COM8/motor_raw,1619336,1785394306359,8940,
serial:COM8/motor_raw,1619338,1785394306361,8938,
serial:COM8/motor_raw,1619340,1785394306364,8939,
serial:COM8/motor_raw,1619342,1785394306365,8937,
serial:COM8/motor_raw,1619344,1785394306367,8937,
serial:COM8/motor_raw,1619346,1785394306369,8937,
serial:COM8/motor_raw,1619348,1785394306371,8935,
serial:COM8/motor_raw,1619350,1785394306374,8939,
serial:COM8/motor_raw,1619352,1785394306375,8937,
serial:COM8/motor_raw,1619354,1785394306377,8935,
serial:COM8/motor_raw,1619356,1785394306379,8940,
serial:COM8/motor_raw,1619358,1785394306381,8940,
serial:COM8/motor_raw,1619360,1785394306384,8938,
serial:COM8/motor_raw,1619362,1785394306385,8936,
serial:COM8/motor_raw,1619364,1785394306387,8935,
serial:COM8/motor_raw,1619366,1785394306389,8936,
serial:COM8/motor_raw,1619368,1785394306391,8939,
serial:COM8/motor_raw,1619370,1785394306394,8941,
serial:COM8/motor_raw,1619372,1785394306395,8939,
serial:COM8/motor_raw,1619374,1785394306397,8940,
serial:COM8/motor_raw,1619376,1785394306399,8936,
serial:COM8/motor_raw,1619378,1785394306401,8938,
serial:COM8/motor_raw,1619380,1785394306404,8936,
serial:COM8/motor_raw,1619382,1785394306405,8937,
serial:COM8/motor_raw,1619384,1785394306407,8937,
serial:COM8/motor_raw,1619386,1785394306409,8938,
serial:COM8/motor_raw,1619388,1785394306411,8942,
serial:COM8/motor_raw,1619390,1785394306414,8936,
serial:COM8/motor_raw,1619392,1785394306415,8939,
serial:COM8/motor_raw,1619394,1785394306417,8939,
serial:COM8/motor_raw,1619396,1785394306419,8936,
serial:COM8/motor_raw,1619398,1785394306421,8938,
serial:COM8/motor_raw,1619400,1785394306424,8941,
serial:COM8/motor_raw,1619402,1785394306425,8940,
serial:COM8/motor_raw,1619404,1785394306427,8936,
serial:COM8/motor_raw,1619406,1785394306429,8938,
serial:COM8/motor_raw,1619408,1785394306431,8936,
serial:COM8/motor_raw,1619410,1785394306434,8935,
serial:COM8/motor_raw,1619412,1785394306435,8938,
serial:COM8/motor_raw,1619414,1785394306437,8938,
serial:COM8/motor_raw,1619416,1785394306439,8939,
serial:COM8/motor_raw,1619418,1785394306441,8937,
serial:COM8/motor_raw,1619420,1785394306444,8937,
serial:COM8/motor_raw,1619422,1785394306445,8937,
serial:COM8/motor_raw,1619424,1785394306447,8936,
serial:COM8/motor_raw,1619426,1785394306449,8935,
serial:COM8/motor_raw,1619428,1785394306451,8935,
serial:COM8/motor_raw,1619430,1785394306454,8936,
serial:COM8/motor_raw,1619432,1785394306455,8937,
serial:COM8/motor_raw,1619434,1785394306457,8934,
serial:COM8/motor_raw,1619436,1785394306459,8941,
serial:COM8/motor_raw,1619438,1785394306461,8937,
serial:COM8/motor_raw,1619440,1785394306464,8937,
serial:COM8/motor_raw,1619442,1785394306465,8936,
serial:COM8/motor_raw,1619444,1785394306467,8939,
serial:COM8/motor_raw,1619446,1785394306469,8936,
serial:COM8/motor_raw,1619448,1785394306471,8936,
serial:COM8/motor_raw,1619450,1785394306474,8942,
serial:COM8/motor_raw,1619452,1785394306475,8936,
serial:COM8/motor_raw,1619454,1785394306477,8935,
serial:COM8/motor_raw,1619456,1785394306479,8939,
serial:COM8/motor_raw,1619458,1785394306481,8939,
serial:COM8/motor_raw,1619460,1785394306484,8936,
serial:COM8/motor_raw,1619462,1785394306485,8937,
serial:COM8/motor_raw,1619464,1785394306487,8939,
serial:COM8/motor_raw,1619466,1785394306489,8938,
serial:COM8/motor_raw,1619468,1785394306491,8937,
serial:COM8/motor_raw,1619470,1785394306494,8941,
serial:COM8/motor_raw,1619472,1785394306495,8935,
serial:COM8/motor_raw,1619474,1785394306497,8935,
serial:COM8/motor_raw,1619476,1785394306499,8939,
serial:COM8/motor_raw,1619478,1785394306501,8939,
serial:COM8/motor_raw,1619480,1785394306504,8936,
serial:COM8/motor_raw,1619482,1785394306505,8937,
serial:COM8/motor_raw,1619484,1785394306507,8936,
serial:COM8/motor_raw,1619486,1785394306509,8937,
serial:COM8/motor_raw,1619488,1785394306511,8938,
serial:COM8/motor_raw,1619490,1785394306514,8939,
serial:COM8/motor_raw,1619492,1785394306515,8936,
serial:COM8/motor_raw,1619494,1785394306517,8935,
serial:COM8/motor_raw,1619496,1785394306519,8938,
serial:COM8/motor_raw,1619498,1785394306521,8937,
serial:COM8/motor_raw,1619500,1785394306524,8936,
serial:COM8/motor_raw,1619502,1785394306525,8937,
serial:COM8/motor_raw,1619504,1785394306527,8940,
serial:COM8/motor_raw,1619506,1785394306529,8935,
serial:COM8/motor_raw,1619508,1785394306531,8939,
serial:COM8/motor_raw,1619510,1785394306534,8937,
serial:COM8/motor_raw,1619512,1785394306535,8937,
serial:COM8/motor_raw,1619514,1785394306537,8936,
serial:COM8/motor_raw,1619516,1785394306539,8938,
serial:COM8/motor_raw,1619518,1785394306541,8937,
serial:COM8/motor_raw,1619520,1785394306544,8937,
serial:COM8/motor_raw,1619522,1785394306545,8938,
serial:COM8/motor_raw,1619524,1785394306547,8936,
serial:COM8/motor_raw,1619526,1785394306549,8937,
serial:COM8/motor_raw,1619528,1785394306551,8940,
serial:COM8/motor_raw,1619530,1785394306554,8937,
serial:COM8/motor_raw,1619532,1785394306558,8935,
serial:COM8/motor_raw,1619534,1785394306558,8934,
serial:COM8/motor_raw,1619536,1785394306559,8938,
serial:COM8/motor_raw,1619538,1785394306561,8936,
serial:COM8/motor_raw,1619540,1785394306564,8938,
serial:COM8/motor_raw,1619542,1785394306565,8935,
serial:COM8/motor_raw,1619544,1785394306567,8937,
serial:COM8/motor_raw,1619546,1785394306569,8939,
serial:COM8/motor_raw,1619548,1785394306571,8937,
serial:COM8/motor_raw,1619550,1785394306574,8939,
serial:COM8/motor_raw,1619552,1785394306575,8937,
serial:COM8/motor_raw,1619554,1785394306577,8941,
serial:COM8/motor_raw,1619556,1785394306579,8939,
serial:COM8/motor_raw,1619558,1785394306581,8939,
serial:COM8/motor_raw,1619560,1785394306584,8937,
serial:COM8/motor_raw,1619562,1785394306585,8939,
serial:COM8/motor_raw,1619564,1785394306587,8933,
serial:COM8/motor_raw,1619566,1785394306589,8937,
serial:COM8/motor_raw,1619568,1785394306591,8937,
serial:COM8/motor_raw,1619570,1785394306594,8936,
serial:COM8/motor_raw,1619572,1785394306595,8935,
serial:COM8/motor_raw,1619574,1785394306597,8939,
serial:COM8/motor_raw,1619576,1785394306599,8939,
serial:COM8/motor_raw,1619578,1785394306601,8937,
serial:COM8/motor_raw,1619580,1785394306604,8939,
serial:COM8/motor_raw,1619582,1785394306605,8934,
serial:COM8/motor_raw,1619584,1785394306607,8938,
serial:COM8/motor_raw,1619586,1785394306609,8937,
serial:COM8/motor_raw,1619588,1785394306611,8936,
serial:COM8/motor_raw,1619590,1785394306614,8938,
serial:COM8/motor_raw,1619592,1785394306615,8938,
serial:COM8/motor_raw,1619594,1785394306617,8937,
serial:COM8/motor_raw,1619596,1785394306619,8938,
serial:COM8/motor_raw,1619598,1785394306621,8938,
serial:COM8/motor_raw,1619600,1785394306624,8937,
serial:COM8/motor_raw,1619602,1785394306625,8938,
serial:COM8/motor_raw,1619604,1785394306627,8940,
serial:COM8/motor_raw,1619606,1785394306629,8940,
serial:COM8/motor_raw,1619608,1785394306631,8940,
serial:COM8/motor_raw,1619610,1785394306634,8937,
serial:COM8/motor_raw,1619612,1785394306635,8936,
serial:COM8/motor_raw,1619614,1785394306637,8938,
serial:COM8/motor_raw,1619616,1785394306639,8938,
serial:COM8/motor_raw,1619618,1785394306641,8937,
serial:COM8/motor_raw,1619620,1785394306644,8936,
serial:COM8/motor_raw,1619622,1785394306645,8938,
serial:COM8/motor_raw,1619624,1785394306647,8937,
serial:COM8/motor_raw,1619626,1785394306649,8937,
serial:COM8/motor_raw,1619628,1785394306651,8940,
serial:COM8/motor_raw,1619630,1785394306654,8936,
serial:COM8/motor_raw,1619632,1785394306655,8936,
serial:COM8/motor_raw,1619634,1785394306657,8938,
serial:COM8/motor_raw,1619636,1785394306659,8939,
serial:COM8/motor_raw,1619638,1785394306661,8936,
serial:COM8/motor_raw,1619640,1785394306664,8939,
serial:COM8/motor_raw,1619642,1785394306665,8935,
serial:COM8/motor_raw,1619644,1785394306667,8938,
serial:COM8/motor_raw,1619646,1785394306669,8937,
serial:COM8/motor_raw,1619648,1785394306671,8940,
serial:COM8/motor_raw,1619650,1785394306674,8940,
serial:COM8/motor_raw,1619652,1785394306675,8937,
serial:COM8/motor_raw,1619654,1785394306677,8938,
serial:COM8/motor_raw,1619656,1785394306679,8936,
serial:COM8/motor_raw,1619658,1785394306681,8939,
serial:COM8/motor_raw,1619660,1785394306684,8939,
serial:COM8/motor_raw,1619662,1785394306685,8938,
serial:COM8/motor_raw,1619664,1785394306687,8935,
serial:COM8/motor_raw,1619666,1785394306689,8939,
serial:COM8/motor_raw,1619668,1785394306691,8937,
serial:COM8/motor_raw,1619670,1785394306694,8937,
serial:COM8/motor_raw,1619672,1785394306695,8936,
serial:COM8/motor_raw,1619674,1785394306697,8940,
serial:COM8/motor_raw,1619676,1785394306699,8937,
serial:COM8/motor_raw,1619678,1785394306701,8939,
serial:COM8/motor_raw,1619680,1785394306704,8938,
serial:COM8/motor_raw,1619682,1785394306705,8935,
serial:COM8/motor_raw,1619684,1785394306707,8937,
serial:COM8/motor_raw,1619686,1785394306709,8936,
serial:COM8/motor_raw,1619688,1785394306711,8935,
serial:COM8/motor_raw,1619690,1785394306714,8937,
serial:COM8/motor_raw,1619692,1785394306715,8935,
serial:COM8/motor_raw,1619694,1785394306717,8937,
serial:COM8/motor_raw,1619696,1785394306719,8940,
serial:COM8/motor_raw,1619698,1785394306721,8938,
serial:COM8/motor_raw,1619700,1785394306724,8937,
serial:COM8/motor_raw,1619702,1785394306726,8938,
serial:COM8/motor_raw,1619704,1785394306727,8937,
serial:COM8/motor_raw,1619706,1785394306729,8939,
serial:COM8/motor_raw,1619708,1785394306731,8936,
serial:COM8/motor_raw,1619710,1785394306734,8938,
serial:COM8/motor_raw,1619712,1785394306735,8937,
serial:COM8/motor_raw,1619714,1785394306737,8935,
serial:COM8/motor_raw,1619716,1785394306739,8938,
serial:COM8/motor_raw,1619718,1785394306741,8938,
serial:COM8/motor_raw,1619720,1785394306744,8935,
serial:COM8/motor_raw,1619722,1785394306745,8937,
serial:COM8/motor_raw,1619724,1785394306747,8939,
serial:COM8/motor_raw,1619726,1785394306749,8938,
serial:COM8/motor_raw,1619728,1785394306751,8939,
serial:COM8/motor_raw,1619730,1785394306754,8937,
serial:COM8/motor_raw,1619732,1785394306758,8938,
serial:COM8/motor_raw,1619734,1785394306758,8936,
serial:COM8/motor_raw,1619736,1785394306759,8935,
serial:COM8/motor_raw,1619738,1785394306761,8935,
serial:COM8/motor_raw,1619740,1785394306764,8937,
serial:COM8/motor_raw,1619742,1785394306765,8937,
serial:COM8/motor_raw,1619744,1785394306767,8936,
serial:COM8/motor_raw,1619746,1785394306769,8939,
serial:COM8/motor_raw,1619748,1785394306771,8940,
serial:COM8/motor_raw,1619750,1785394306774,8934,
serial:COM8/motor_raw,1619752,1785394306775,8938,
serial:COM8/motor_raw,1619754,1785394306777,8939,
serial:COM8/motor_raw,1619756,1785394306779,8937,
serial:COM8/motor_raw,1619758,1785394306781,8936,
serial:COM8/motor_raw,1619760,1785394306784,8938,
serial:COM8/motor_raw,1619762,1785394306785,8936,
serial:COM8/motor_raw,1619764,1785394306787,8940,
serial:COM8/motor_raw,1619766,1785394306789,8936,
serial:COM8/motor_raw,1619768,1785394306791,8936,
serial:COM8/motor_raw,1619770,1785394306794,8939,
serial:COM8/motor_raw,1619772,1785394306795,8937,
serial:COM8/motor_raw,1619774,1785394306797,8938,
serial:COM8/motor_raw,1619776,1785394306799,8935,
serial:COM8/motor_raw,1619778,1785394306801,8934,
serial:COM8/motor_raw,1619780,1785394306804,8937,
serial:COM8/motor_raw,1619782,1785394306805,8939,
serial:COM8/motor_raw,1619784,1785394306807,8937,
serial:COM8/motor_raw,1619786,1785394306809,8937,
serial:COM8/motor_raw,1619788,1785394306811,8935,
serial:COM8/motor_raw,1619790,1785394306814,8938,
serial:COM8/motor_raw,1619792,1785394306815,8935,
serial:COM8/motor_raw,1619794,1785394306817,8935,
serial:COM8/motor_raw,1619796,1785394306819,8937,
serial:COM8/motor_raw,1619798,1785394306821,8937,
serial:COM8/motor_raw,1619800,1785394306824,8937,
serial:COM8/motor_raw,1619802,1785394306825,8937,
serial:COM8/motor_raw,1619804,1785394306827,8935,
serial:COM8/motor_raw,1619806,1785394306829,8935,
serial:COM8/motor_raw,1619808,1785394306831,8938,
serial:COM8/motor_raw,1619810,1785394306834,8937,
serial:COM8/motor_raw,1619812,1785394306835,8937,
serial:COM8/motor_raw,1619814,1785394306837,8937,
serial:COM8/motor_raw,1619816,1785394306839,8938,
serial:COM8/motor_raw,1619818,1785394306841,8940,
serial:COM8/motor_raw,1619820,1785394306844,8937,
serial:COM8/motor_raw,1619822,1785394306845,8937,
serial:COM8/motor_raw,1619824,1785394306847,8937,
serial:COM8/motor_raw,1619826,1785394306849,8934,
serial:COM8/motor_raw,1619828,1785394306851,8935,
serial:COM8/motor_raw,1619830,1785394306854,8935,
serial:COM8/motor_raw,1619832,1785394306855,8938,
serial:COM8/motor_raw,1619834,1785394306857,8939,
serial:COM8/motor_raw,1619836,1785394306859,8937,
serial:COM8/motor_raw,1619838,1785394306861,8937,
serial:COM8/motor_raw,1619840,1785394306864,8938,
serial:COM8/motor_raw,1619842,1785394306865,8936,
serial:COM8/motor_raw,1619844,1785394306867,8936,
serial:COM8/motor_raw,1619846,1785394306869,8935,
serial:COM8/motor_raw,1619848,1785394306871,8938,
serial:COM8/motor_raw,1619850,1785394306874,8938,
serial:COM8/motor_raw,1619852,1785394306875,8940,
serial:COM8/motor_raw,1619854,1785394306877,8938,
serial:COM8/motor_raw,1619856,1785394306879,8936,
serial:COM8/motor_raw,1619858,1785394306881,8937,
serial:COM8/motor_raw,1619860,1785394306884,8938,
serial:COM8/motor_raw,1619862,1785394306885,8937,
serial:COM8/motor_raw,1619864,1785394306887,8939,
serial:COM8/motor_raw,1619866,1785394306889,8937,
serial:COM8/motor_raw,1619868,1785394306891,8937,
serial:COM8/motor_raw,1619870,1785394306894,8936,
serial:COM8/motor_raw,1619872,1785394306895,8938,
serial:COM8/motor_raw,1619874,1785394306897,8935,
serial:COM8/motor_raw,1619876,1785394306899,8934,
serial:COM8/motor_raw,1619878,1785394306901,8937,
serial:COM8/motor_raw,1619880,1785394306904,8938,
serial:COM8/motor_raw,1619882,1785394306905,8936,
serial:COM8/motor_raw,1619884,1785394306907,8939,
serial:COM8/motor_raw,1619886,1785394306909,8937,
serial:COM8/motor_raw,1619888,1785394306911,8937,
serial:COM8/motor_raw,1619890,1785394306914,8937,
serial:COM8/motor_raw,1619892,1785394306915,8937,
serial:COM8/motor_raw,1619894,1785394306917,8938,
serial:COM8/motor_raw,1619896,1785394306919,8936,
serial:COM8/motor_raw,1619898,1785394306921,8936,
serial:COM8/motor_raw,1619900,1785394306924,8936,
serial:COM8/motor_raw,1619902,1785394306925,8936,
serial:COM8/motor_raw,1619904,1785394306927,8939,
serial:COM8/motor_raw,1619906,1785394306929,8938,
serial:COM8/motor_raw,1619908,1785394306931,8938,
serial:COM8/motor_raw,1619910,1785394306934,8935,
serial:COM8/motor_raw,1619912,1785394306935,8937,
serial:COM8/motor_raw,1619914,1785394306937,8938,
serial:COM8/motor_raw,1619916,1785394306939,8936,
serial:COM8/motor_raw,1619918,1785394306942,8938,
serial:COM8/motor_raw,1619920,1785394306944,8938,
serial:COM8/motor_raw,1619922,1785394306945,8936,
serial:COM8/motor_raw,1619924,1785394306947,8937,
serial:COM8/motor_raw,1619926,1785394306949,8937,
serial:COM8/motor_raw,1619928,1785394306951,8935,
serial:COM8/motor_raw,1619930,1785394306954,8934,
serial:COM8/motor_raw,1619932,1785394306958,8939,
serial:COM8/motor_raw,1619934,1785394306958,8937,
serial:COM8/motor_raw,1619936,1785394306959,8938,
serial:COM8/motor_raw,1619938,1785394306961,8938,
serial:COM8/motor_raw,1619940,1785394306964,8939,
serial:COM8/motor_raw,1619942,1785394306965,8938,
serial:COM8/motor_raw,1619944,1785394306967,8935,
serial:COM8/motor_raw,1619946,1785394306969,8936,
serial:COM8/motor_raw,1619948,1785394306971,8936,
serial:COM8/motor_raw,1619950,1785394306974,8937,
serial:COM8/motor_raw,1619952,1785394306975,8940,
serial:COM8/motor_raw,1619954,1785394306977,8936,
serial:COM8/motor_raw,1619956,1785394306979,8936,
serial:COM8/motor_raw,1619958,1785394306981,8938,
serial:COM8/motor_raw,1619960,1785394306984,8938,
serial:COM8/motor_raw,1619962,1785394306985,8937,
serial:COM8/motor_raw,1619964,1785394306987,8938,
serial:COM8/motor_raw,1619966,1785394306989,8936,
serial:COM8/motor_raw,1619968,1785394306991,8937,
serial:COM8/motor_raw,1619970,1785394306994,8936,
serial:COM8/motor_raw,1619972,1785394306995,8940,
serial:COM8/motor_raw,1619974,1785394306997,8939,
serial:COM8/motor_raw,1619976,1785394306999,8936,
serial:COM8/motor_raw,1619978,1785394307001,8938,
serial:COM8/motor_raw,1619980,1785394307004,8937,
serial:COM8/motor_raw,1619982,1785394307005,8939,
serial:COM8/motor_raw,1619984,1785394307007,8938,
serial:COM8/motor_raw,1619986,1785394307009,8938,
serial:COM8/motor_raw,1619988,1785394307011,8937,
serial:COM8/motor_raw,1619990,1785394307014,8941,
serial:COM8/motor_raw,1619992,1785394307015,8940,
serial:COM8/motor_raw,1619994,1785394307017,8936,
serial:COM8/motor_raw,1619996,1785394307019,8938,
serial:COM8/motor_raw,1619998,1785394307021,8935,
serial:COM8/motor_raw,1620000,1785394307024,8938,
serial:COM8/motor_raw,1620002,1785394307025,8935,
serial:COM8/motor_raw,1620004,1785394307027,8938,
serial:COM8/motor_raw,1620006,1785394307029,8939,
serial:COM8/motor_raw,1620008,1785394307031,8938,
serial:COM8/motor_raw,1620010,1785394307034,8938,
serial:COM8/motor_raw,1620012,1785394307035,8939,
serial:COM8/motor_raw,1620014,1785394307037,8937,
serial:COM8/motor_raw,1620016,1785394307039,8940,
serial:COM8/motor_raw,1620018,1785394307041,8937,
serial:COM8/motor_raw,1620020,1785394307044,8938,
serial:COM8/motor_raw,1620022,1785394307045,8939,
serial:COM8/motor_raw,1620024,1785394307047,8936,
serial:COM8/motor_raw,1620026,1785394307049,8937,
serial:COM8/motor_raw,1620028,1785394307051,8940,
serial:COM8/motor_raw,1620030,1785394307054,8939,
serial:COM8/motor_raw,1620032,1785394307055,8937,
serial:COM8/motor_raw,1620034,1785394307057,8936,
serial:COM8/motor_raw,1620036,1785394307059,8939,
serial:COM8/motor_raw,1620038,1785394307061,8937,
serial:COM8/motor_raw,1620040,1785394307064,8939,
serial:COM8/motor_raw,1620042,1785394307065,8936,
serial:COM8/motor_raw,1620044,1785394307067,8937,
serial:COM8/motor_raw,1620046,1785394307069,8934,
serial:COM8/motor_raw,1620048,1785394307071,8937,
serial:COM8/motor_raw,1620050,1785394307074,8937,
serial:COM8/motor_raw,1620052,1785394307075,8937,
serial:COM8/motor_raw,1620054,1785394307077,8938,
serial:COM8/motor_raw,1620056,1785394307079,8936,
serial:COM8/motor_raw,1620058,1785394307081,8936,
serial:COM8/motor_raw,1620060,1785394307084,8941,
serial:COM8/motor_raw,1620062,1785394307085,8936,
serial:COM8/motor_raw,1620064,1785394307087,8938,
serial:COM8/motor_raw,1620066,1785394307089,8937,
serial:COM8/motor_raw,1620068,1785394307091,8937,
serial:COM8/motor_raw,1620070,1785394307094,8938,
serial:COM8/motor_raw,1620072,1785394307095,8936,
serial:COM8/motor_raw,1620074,1785394307097,8938,
serial:COM8/motor_raw,1620076,1785394307099,8936,
serial:COM8/motor_raw,1620078,1785394307101,8938,
serial:COM8/motor_raw,1620080,1785394307104,8938,
serial:COM8/motor_raw,1620082,1785394307105,8938,
serial:COM8/motor_raw,1620084,1785394307107,8937,
serial:COM8/motor_raw,1620086,1785394307109,8937,
serial:COM8/motor_raw,1620088,1785394307111,8937,
serial:COM8/motor_raw,1620090,1785394307114,8935,
serial:COM8/motor_raw,1620092,1785394307115,8940,
serial:COM8/motor_raw,1620094,1785394307117,8936,
serial:COM8/motor_raw,1620096,1785394307119,8938,
serial:COM8/motor_raw,1620098,1785394307121,8938,
serial:COM8/motor_raw,1620100,1785394307124,8936,
serial:COM8/motor_raw,1620102,1785394307125,8937,
serial:COM8/motor_raw,1620104,1785394307127,8938,
serial:COM8/motor_raw,1620106,1785394307129,8935,
serial:COM8/motor_raw,1620108,1785394307131,8938,
serial:COM8/motor_raw,1620110,1785394307134,8936,
serial:COM8/motor_raw,1620112,1785394307135,8937,
serial:COM8/motor_raw,1620114,1785394307137,8937,
serial:COM8/motor_raw,1620116,1785394307139,8939,
serial:COM8/motor_raw,1620118,1785394307141,8936,
serial:COM8/motor_raw,1620120,1785394307144,8939,
serial:COM8/motor_raw,1620122,1785394307145,8937,
serial:COM8/motor_raw,1620124,1785394307147,8939,
serial:COM8/motor_raw,1620126,1785394307149,8938,
serial:COM8/motor_raw,1620128,1785394307151,8936,
serial:COM8/motor_raw,1620130,1785394307154,8934,
serial:COM8/motor_raw,1620132,1785394307158,8940,
serial:COM8/motor_raw,1620134,1785394307158,8936,
serial:COM8/motor_raw,1620136,1785394307159,8937,
serial:COM8/motor_raw,1620138,1785394307161,8938,
serial:COM8/motor_raw,1620140,1785394307164,8940,
serial:COM8/motor_raw,1620142,1785394307165,8936,
serial:COM8/motor_raw,1620144,1785394307167,8936,
serial:COM8/motor_raw,1620146,1785394307169,8940,
serial:COM8/motor_raw,1620148,1785394307171,8939,
serial:COM8/motor_raw,1620150,1785394307174,8939,
serial:COM8/motor_raw,1620152,1785394307175,8940,
serial:COM8/motor_raw,1620154,1785394307177,8939,
serial:COM8/motor_raw,1620156,1785394307179,8936,
serial:COM8/motor_raw,1620158,1785394307181,8937,
serial:COM8/motor_raw,1620160,1785394307184,8936,
serial:COM8/motor_raw,1620162,1785394307185,8938,
serial:COM8/motor_raw,1620164,1785394307187,8937,
serial:COM8/motor_raw,1620166,1785394307189,8935,
serial:COM8/motor_raw,1620168,1785394307191,8936,
serial:COM8/motor_raw,1620170,1785394307194,8935,
serial:COM8/motor_raw,1620172,1785394307195,8936,
serial:COM8/motor_raw,1620174,1785394307197,8936,
serial:COM8/motor_raw,1620176,1785394307199,8939,
serial:COM8/motor_raw,1620178,1785394307201,8935,
serial:COM8/motor_raw,1620180,1785394307204,8935,
serial:COM8/motor_raw,1620182,1785394307205,8938,
serial:COM8/motor_raw,1620184,1785394307207,8937,
serial:COM8/motor_raw,1620186,1785394307209,8937,
serial:COM8/motor_raw,1620188,1785394307211,8939,
serial:COM8/motor_raw,1620190,1785394307214,8938,
serial:COM8/motor_raw,1620192,1785394307215,8939,
serial:COM8/motor_raw,1620194,1785394307217,8936,
serial:COM8/motor_raw,1620196,1785394307219,8938,
serial:COM8/motor_raw,1620198,1785394307221,8937,
serial:COM8/motor_raw,1620200,1785394307224,8939,
serial:COM8/motor_raw,1620202,1785394307225,8938,
serial:COM8/motor_raw,1620204,1785394307227,8939,
serial:COM8/motor_raw,1620206,1785394307229,8935,
serial:COM8/motor_raw,1620208,1785394307231,8936,
serial:COM8/motor_raw,1620210,1785394307234,8937,
serial:COM8/motor_raw,1620212,1785394307235,8939,
serial:COM8/motor_raw,1620214,1785394307237,8935,
serial:COM8/motor_raw,1620216,1785394307239,8937,
serial:COM8/motor_raw,1620218,1785394307241,8938,
serial:COM8/motor_raw,1620220,1785394307244,8937,
serial:COM8/motor_raw,1620222,1785394307245,8935,
serial:COM8/motor_raw,1620224,1785394307247,8938,
serial:COM8/motor_raw,1620226,1785394307249,8939,
serial:COM8/motor_raw,1620228,1785394307251,8937,
serial:COM8/motor_raw,1620230,1785394307254,8935,
serial:COM8/motor_raw,1620232,1785394307255,8935,
serial:COM8/motor_raw,1620234,1785394307257,8935,
serial:COM8/motor_raw,1620236,1785394307259,8938,
serial:COM8/motor_raw,1620238,1785394307261,8938,
serial:COM8/motor_raw,1620240,1785394307264,8935,
serial:COM8/motor_raw,1620242,1785394307265,8938,
serial:COM8/motor_raw,1620244,1785394307267,8938,
serial:COM8/motor_raw,1620246,1785394307269,8936,
serial:COM8/motor_raw,1620248,1785394307271,8935,
serial:COM8/motor_raw,1620250,1785394307274,8939,
serial:COM8/motor_raw,1620252,1785394307275,8935,
serial:COM8/motor_raw,1620254,1785394307277,8937,
serial:COM8/motor_raw,1620256,1785394307279,8938,
serial:COM8/motor_raw,1620258,1785394307281,8935,
serial:COM8/motor_raw,1620260,1785394307284,8935,
serial:COM8/motor_raw,1620262,1785394307286,8939,
serial:COM8/motor_raw,1620264,1785394307287,8934,
serial:COM8/motor_raw,1620266,1785394307289,8938,
serial:COM8/motor_raw,1620268,1785394307291,8937,
serial:COM8/motor_raw,1620270,1785394307294,8939,
serial:COM8/motor_raw,1620272,1785394307295,8940,
serial:COM8/motor_raw,1620274,1785394307297,8935,
serial:COM8/motor_raw,1620276,1785394307299,8937,
serial:COM8/motor_raw,1620278,1785394307301,8938,
serial:COM8/motor_raw,1620280,1785394307304,8935,
serial:COM8/motor_raw,1620282,1785394307305,8937,
serial:COM8/motor_raw,1620284,1785394307307,8938,
serial:COM8/motor_raw,1620286,1785394307309,8938,
serial:COM8/motor_raw,1620288,1785394307311,8937,
serial:COM8/motor_raw,1620290,1785394307314,8937,
serial:COM8/motor_raw,1620292,1785394307315,8939,
serial:COM8/motor_raw,1620294,1785394307317,8938,
serial:COM8/motor_raw,1620296,1785394307319,8936,
serial:COM8/motor_raw,1620298,1785394307321,8939,
serial:COM8/motor_raw,1620300,1785394307324,8934,
serial:COM8/motor_raw,1620302,1785394307325,8938,
serial:COM8/motor_raw,1620304,1785394307327,8939,
serial:COM8/motor_raw,1620306,1785394307329,8938,
serial:COM8/motor_raw,1620308,1785394307331,8937,
serial:COM8/motor_raw,1620310,1785394307334,8937,
serial:COM8/motor_raw,1620312,1785394307335,8939,
serial:COM8/motor_raw,1620314,1785394307337,8937,
serial:COM8/motor_raw,1620316,1785394307339,8938,
serial:COM8/motor_raw,1620318,1785394307341,8936,
serial:COM8/motor_raw,1620320,1785394307344,8940,
serial:COM8/motor_raw,1620322,1785394307345,8939,
serial:COM8/motor_raw,1620324,1785394307347,8935,
serial:COM8/motor_raw,1620326,1785394307349,8939,
serial:COM8/motor_raw,1620328,1785394307351,8936,
serial:COM8/motor_raw,1620330,1785394307354,8935,
serial:COM8/motor_raw,1620332,1785394307358,8937,
serial:COM8/motor_raw,1620334,1785394307358,8939,
serial:COM8/motor_raw,1620336,1785394307359,8935,
serial:COM8/motor_raw,1620338,1785394307361,8937,
serial:COM8/motor_raw,1620340,1785394307364,8936,
serial:COM8/motor_raw,1620342,1785394307365,8937,
serial:COM8/motor_raw,1620344,1785394307367,8938,
serial:COM8/motor_raw,1620346,1785394307369,8938,
serial:COM8/motor_raw,1620348,1785394307371,8935,
serial:COM8/motor_raw,1620350,1785394307374,8938,
serial:COM8/motor_raw,1620352,1785394307375,8938,
serial:COM8/motor_raw,1620354,1785394307377,8937,
serial:COM8/motor_raw,1620356,1785394307379,8936,
serial:COM8/motor_raw,1620358,1785394307381,8938,
serial:COM8/motor_raw,1620360,1785394307384,8937,
serial:COM8/motor_raw,1620362,1785394307385,8936,
serial:COM8/motor_raw,1620364,1785394307387,8936,
serial:COM8/motor_raw,1620366,1785394307389,8939,
serial:COM8/motor_raw,1620368,1785394307391,8937,
serial:COM8/motor_raw,1620370,1785394307394,8937,
serial:COM8/motor_raw,1620372,1785394307395,8936,
serial:COM8/motor_raw,1620374,1785394307397,8937,
serial:COM8/motor_raw,1620376,1785394307399,8934,
serial:COM8/motor_raw,1620378,1785394307401,8938,
serial:COM8/motor_raw,1620380,1785394307404,8938,
serial:COM8/motor_raw,1620382,1785394307405,8935,
serial:COM8/motor_raw,1620384,1785394307407,8940,
serial:COM8/motor_raw,1620386,1785394307409,8936,
serial:COM8/motor_raw,1620388,1785394307411,8938,
serial:COM8/motor_raw,1620390,1785394307414,8939,
serial:COM8/motor_raw,1620392,1785394307415,8938,
serial:COM8/motor_raw,1620394,1785394307417,8935,
serial:COM8/motor_raw,1620396,1785394307419,8939,
serial:COM8/motor_raw,1620398,1785394307421,8936,
serial:COM8/motor_raw,1620400,1785394307424,8936,
serial:COM8/motor_raw,1620402,1785394307425,8937,
serial:COM8/motor_raw,1620404,1785394307427,8938,
serial:COM8/motor_raw,1620406,1785394307429,8934,
serial:COM8/motor_raw,1620408,1785394307431,8935,
serial:COM8/motor_raw,1620410,1785394307434,8939,
serial:COM8/motor_raw,1620412,1785394307435,8937,
serial:COM8/motor_raw,1620414,1785394307437,8937,
serial:COM8/motor_raw,1620416,1785394307439,8938,
serial:COM8/motor_raw,1620418,1785394307441,8937,
serial:COM8/motor_raw,1620420,1785394307444,8939,
serial:COM8/motor_raw,1620422,1785394307445,8940,
serial:COM8/motor_raw,1620424,1785394307447,8938,
serial:COM8/motor_raw,1620426,1785394307449,8938,
serial:COM8/motor_raw,1620428,1785394307451,8935,
serial:COM8/motor_raw,1620430,1785394307454,8937,
serial:COM8/motor_raw,1620432,1785394307455,8936,
serial:COM8/motor_raw,1620434,1785394307457,8937,
serial:COM8/motor_raw,1620436,1785394307459,8936,
serial:COM8/motor_raw,1620438,1785394307461,8936,
serial:COM8/motor_raw,1620440,1785394307464,8938,
serial:COM8/motor_raw,1620442,1785394307465,8936,
serial:COM8/motor_raw,1620444,1785394307467,8935,
serial:COM8/motor_raw,1620446,1785394307469,8937,
serial:COM8/motor_raw,1620448,1785394307471,8937,
serial:COM8/motor_raw,1620450,1785394307474,8936,
serial:COM8/motor_raw,1620452,1785394307475,8937,
serial:COM8/motor_raw,1620454,1785394307477,8936,
serial:COM8/motor_raw,1620456,1785394307479,8937,
serial:COM8/motor_raw,1620458,1785394307481,8937,
serial:COM8/motor_raw,1620460,1785394307484,8935,
serial:COM8/motor_raw,1620462,1785394307485,8934,
serial:COM8/motor_raw,1620464,1785394307487,8940,
serial:COM8/motor_raw,1620466,1785394307489,8934,
serial:COM8/motor_raw,1620468,1785394307491,8937,
serial:COM8/motor_raw,1620470,1785394307494,8938,
serial:COM8/motor_raw,1620472,1785394307495,8939,
serial:COM8/motor_raw,1620474,1785394307497,8939,
serial:COM8/motor_raw,1620476,1785394307499,8935,
serial:COM8/motor_raw,1620478,1785394307501,8937,
serial:COM8/motor_raw,1620480,1785394307504,8937,
serial:COM8/motor_raw,1620482,1785394307505,8938,
serial:COM8/motor_raw,1620484,1785394307507,8938,
serial:COM8/motor_raw,1620486,1785394307509,8933,
serial:COM8/motor_raw,1620488,1785394307511,8938,
serial:COM8/motor_raw,1620490,1785394307514,8937,
serial:COM8/motor_raw,1620492,1785394307515,8938,
serial:COM8/motor_raw,1620494,1785394307517,8936,
serial:COM8/motor_raw,1620496,1785394307519,8939,
serial:COM8/motor_raw,1620498,1785394307521,8939,
serial:COM8/motor_raw,1620500,1785394307524,8939,
serial:COM8/motor_raw,1620502,1785394307525,8936,
serial:COM8/motor_raw,1620504,1785394307527,8935,
serial:COM8/motor_raw,1620506,1785394307529,8937,
serial:COM8/motor_raw,1620508,1785394307531,8935,
serial:COM8/motor_raw,1620510,1785394307534,8934,
serial:COM8/motor_raw,1620512,1785394307535,8938,
serial:COM8/motor_raw,1620514,1785394307537,8936,
serial:COM8/motor_raw,1620516,1785394307539,8939,
serial:COM8/motor_raw,1620518,1785394307541,8934,
serial:COM8/motor_raw,1620520,1785394307544,8937,
serial:COM8/motor_raw,1620522,1785394307545,8939,
serial:COM8/motor_raw,1620524,1785394307547,8940,
serial:COM8/motor_raw,1620526,1785394307549,8939,
serial:COM8/motor_raw,1620528,1785394307551,8936,
serial:COM8/motor_raw,1620530,1785394307554,8936,
serial:COM8/motor_raw,1620532,1785394307558,8937,
serial:COM8/motor_raw,1620534,1785394307558,8937,
serial:COM8/motor_raw,1620536,1785394307559,8937,
serial:COM8/motor_raw,1620538,1785394307561,8940,
serial:COM8/motor_raw,1620540,1785394307564,8936,
serial:COM8/motor_raw,1620542,1785394307565,8937,
serial:COM8/motor_raw,1620544,1785394307567,8936,
serial:COM8/motor_raw,1620546,1785394307569,8938,
serial:COM8/motor_raw,1620548,1785394307571,8937,
serial:COM8/motor_raw,1620550,1785394307574,8939,
serial:COM8/motor_raw,1620552,1785394307575,8936,
serial:COM8/motor_raw,1620554,1785394307577,8935,
serial:COM8/motor_raw,1620556,1785394307579,8938,
serial:COM8/motor_raw,1620558,1785394307581,8937,
serial:COM8/motor_raw,1620560,1785394307584,8935,
serial:COM8/motor_raw,1620562,1785394307585,8939,
serial:COM8/motor_raw,1620564,1785394307587,8939,
serial:COM8/motor_raw,1620566,1785394307589,8938,
serial:COM8/motor_raw,1620568,1785394307591,8937,
serial:COM8/motor_raw,1620570,1785394307594,8937,
serial:COM8/motor_raw,1620572,1785394307595,8938,
serial:COM8/motor_raw,1620574,1785394307597,8939,
serial:COM8/motor_raw,1620576,1785394307599,8935,
serial:COM8/motor_raw,1620578,1785394307601,8937,
serial:COM8/motor_raw,1620580,1785394307604,8936,
serial:COM8/motor_raw,1620582,1785394307605,8940,
serial:COM8/motor_raw,1620584,1785394307607,8938,
serial:COM8/motor_raw,1620586,1785394307609,8936,
serial:COM8/motor_raw,1620588,1785394307611,8940,
serial:COM8/motor_raw,1620590,1785394307614,8936,
serial:COM8/motor_raw,1620592,1785394307615,8937,
serial:COM8/motor_raw,1620594,1785394307617,8937,
serial:COM8/motor_raw,1620596,1785394307619,8937,
serial:COM8/motor_raw,1620598,1785394307621,8938,
serial:COM8/motor_raw,1620600,1785394307624,8937,
serial:COM8/motor_raw,1620602,1785394307625,8940,
serial:COM8/motor_raw,1620604,1785394307627,8937,
serial:COM8/motor_raw,1620606,1785394307629,8936,
serial:COM8/motor_raw,1620608,1785394307631,8939,
serial:COM8/motor_raw,1620610,1785394307634,8940,
serial:COM8/motor_raw,1620612,1785394307635,8936,
serial:COM8/motor_raw,1620614,1785394307637,8937,
serial:COM8/motor_raw,1620616,1785394307639,8936,
serial:COM8/motor_raw,1620618,1785394307641,8936,
serial:COM8/motor_raw,1620620,1785394307644,8937,
serial:COM8/motor_raw,1620622,1785394307645,8935,
serial:COM8/motor_raw,1620624,1785394307647,8938,
serial:COM8/motor_raw,1620626,1785394307649,8935,
serial:COM8/motor_raw,1620628,1785394307651,8941,
serial:COM8/motor_raw,1620630,1785394307654,8938,
serial:COM8/motor_raw,1620632,1785394307655,8936,
serial:COM8/motor_raw,1620634,1785394307657,8940,
serial:COM8/motor_raw,1620636,1785394307659,8935,
serial:COM8/motor_raw,1620638,1785394307661,8937,
serial:COM8/motor_raw,1620640,1785394307664,8939,
serial:COM8/motor_raw,1620642,1785394307665,8938,
serial:COM8/motor_raw,1620644,1785394307667,8935,
serial:COM8/motor_raw,1620646,1785394307669,8938,
serial:COM8/motor_raw,1620648,1785394307671,8935,
serial:COM8/motor_raw,1620650,1785394307674,8935,
serial:COM8/motor_raw,1620652,1785394307675,8938,
serial:COM8/motor_raw,1620654,1785394307677,8938,
serial:COM8/motor_raw,1620656,1785394307679,8939,
serial:COM8/motor_raw,1620658,1785394307681,8942,
serial:COM8/motor_raw,1620660,1785394307684,8935,
serial:COM8/motor_raw,1620662,1785394307685,8936,
serial:COM8/motor_raw,1620664,1785394307687,8936,
serial:COM8/motor_raw,1620666,1785394307689,8938,
serial:COM8/motor_raw,1620668,1785394307691,8938,
serial:COM8/motor_raw,1620670,1785394307694,8937,
serial:COM8/motor_raw,1620672,1785394307695,8939,
serial:COM8/motor_raw,1620674,1785394307697,8939,
serial:COM8/motor_raw,1620676,1785394307699,8938,
serial:COM8/motor_raw,1620678,1785394307701,8937,
serial:COM8/motor_raw,1620680,1785394307704,8937,
serial:COM8/motor_raw,1620682,1785394307706,8941,
serial:COM8/motor_raw,1620684,1785394307707,8937,
serial:COM8/motor_raw,1620686,1785394307709,8937,
serial:COM8/motor_raw,1620688,1785394307711,8937,
serial:COM8/motor_raw,1620690,1785394307714,8937,
serial:COM8/motor_raw,1620692,1785394307715,8935,
serial:COM8/motor_raw,1620694,1785394307717,8937,
serial:COM8/motor_raw,1620696,1785394307720,8937,
serial:COM8/motor_raw,1620698,1785394307721,8937,
serial:COM8/motor_raw,1620700,1785394307724,8941,
serial:COM8/motor_raw,1620702,1785394307725,8936,
serial:COM8/motor_raw,1620704,1785394307727,8940,
serial:COM8/motor_raw,1620706,1785394307729,8935,
serial:COM8/motor_raw,1620708,1785394307731,8938,
serial:COM8/motor_raw,1620710,1785394307734,8939,
serial:COM8/motor_raw,1620712,1785394307735,8937,
serial:COM8/motor_raw,1620714,1785394307737,8935,
serial:COM8/motor_raw,1620716,1785394307739,8937,
serial:COM8/motor_raw,1620718,1785394307741,8938,
serial:COM8/motor_raw,1620720,1785394307744,8937,
serial:COM8/motor_raw,1620722,1785394307745,8937,
serial:COM8/motor_raw,1620724,1785394307747,8936,
serial:COM8/motor_raw,1620726,1785394307749,8939,
serial:COM8/motor_raw,1620728,1785394307751,8940,
serial:COM8/motor_raw,1620730,1785394307754,8938,
serial:COM8/motor_raw,1620732,1785394307758,8939,
serial:COM8/motor_raw,1620734,1785394307758,8937,
serial:COM8/motor_raw,1620736,1785394307759,8936,
serial:COM8/motor_raw,1620738,1785394307761,8936,
serial:COM8/motor_raw,1620740,1785394307764,8939,
serial:COM8/motor_raw,1620742,1785394307765,8937,
serial:COM8/motor_raw,1620744,1785394307767,8938,
serial:COM8/motor_raw,1620746,1785394307769,8938,
serial:COM8/motor_raw,1620748,1785394307771,8936,
serial:COM8/motor_raw,1620750,1785394307774,8938,
serial:COM8/motor_raw,1620752,1785394307775,8936,
serial:COM8/motor_raw,1620754,1785394307777,8935,
serial:COM8/motor_raw,1620756,1785394307779,8937,
serial:COM8/motor_raw,1620758,1785394307781,8936,
serial:COM8/motor_raw,1620760,1785394307784,8936,
serial:COM8/motor_raw,1620762,1785394307785,8940,
serial:COM8/motor_raw,1620764,1785394307787,8938,
serial:COM8/motor_raw,1620766,1785394307789,8936,
serial:COM8/motor_raw,1620768,1785394307791,8938,
serial:COM8/motor_raw,1620770,1785394307794,8937,
serial:COM8/motor_raw,1620772,1785394307795,8935,
serial:COM8/motor_raw,1620774,1785394307797,8937,
serial:COM8/motor_raw,1620776,1785394307799,8937,
serial:COM8/motor_raw,1620778,1785394307801,8938,
serial:COM8/motor_raw,1620780,1785394307804,8938,
serial:COM8/motor_raw,1620782,1785394307805,8936,
serial:COM8/motor_raw,1620784,1785394307807,8936,
serial:COM8/motor_raw,1620786,1785394307809,8934,
serial:COM8/motor_raw,1620788,1785394307811,8937,
serial:COM8/motor_raw,1620790,1785394307814,8939,
serial:COM8/motor_raw,1620792,1785394307815,8938,
serial:COM8/motor_raw,1620794,1785394307817,8939,
serial:COM8/motor_raw,1620796,1785394307819,8936,
serial:COM8/motor_raw,1620798,1785394307821,8937,
serial:COM8/motor_raw,1620800,1785394307824,8935,
serial:COM8/motor_raw,1620802,1785394307825,8939,
serial:COM8/motor_raw,1620804,1785394307827,8934,
serial:COM8/motor_raw,1620806,1785394307829,8936,
serial:COM8/motor_raw,1620808,1785394307831,8937,
serial:COM8/motor_raw,1620810,1785394307834,8937,
serial:COM8/motor_raw,1620812,1785394307835,8937,
serial:COM8/motor_raw,1620814,1785394307837,8936,
serial:COM8/motor_raw,1620816,1785394307839,8937,
serial:COM8/motor_raw,1620818,1785394307841,8938,
serial:COM8/motor_raw,1620820,1785394307844,8940,
serial:COM8/motor_raw,1620822,1785394307845,8939,
serial:COM8/motor_raw,1620824,1785394307847,8939,
serial:COM8/motor_raw,1620826,1785394307849,8935,
serial:COM8/motor_raw,1620828,1785394307851,8937,
serial:COM8/motor_raw,1620830,1785394307854,8937,
serial:COM8/motor_raw,1620832,1785394307855,8937,
serial:COM8/motor_raw,1620834,1785394307857,8937,
serial:COM8/motor_raw,1620836,1785394307859,8939,
serial:COM8/motor_raw,1620838,1785394307861,8935,
serial:COM8/motor_raw,1620840,1785394307864,8935,
serial:COM8/motor_raw,1620842,1785394307865,8938,
serial:COM8/motor_raw,1620844,1785394307867,8939,
serial:COM8/motor_raw,1620846,1785394307869,8936,
serial:COM8/motor_raw,1620848,1785394307871,8938,
serial:COM8/motor_raw,1620850,1785394307874,8937,
serial:COM8/motor_raw,1620852,1785394307875,8934,
serial:COM8/motor_raw,1620854,1785394307877,8939,
serial:COM8/motor_raw,1620856,1785394307879,8937,
serial:COM8/motor_raw,1620858,1785394307881,8940,
serial:COM8/motor_raw,1620860,1785394307884,8937,
serial:COM8/motor_raw,1620862,1785394307885,8936,
serial:COM8/motor_raw,1620864,1785394307887,8936,
serial:COM8/motor_raw,1620866,1785394307889,8937,
serial:COM8/motor_raw,1620868,1785394307891,8939,
serial:COM8/motor_raw,1620870,1785394307894,8938,
serial:COM8/motor_raw,1620872,1785394307896,8940,
serial:COM8/motor_raw,1620874,1785394307897,8938,
serial:COM8/motor_raw,1620876,1785394307899,8937,
serial:COM8/motor_raw,1620878,1785394307901,8936,
serial:COM8/motor_raw,1620880,1785394307904,8938,
serial:COM8/motor_raw,1620882,1785394307905,8939,
serial:COM8/motor_raw,1620884,1785394307907,8938,
serial:COM8/motor_raw,1620886,1785394307909,8936,
serial:COM8/motor_raw,1620888,1785394307911,8936,
serial:COM8/motor_raw,1620890,1785394307914,8939,
serial:COM8/motor_raw,1620892,1785394307915,8937,
serial:COM8/motor_raw,1620894,1785394307917,8935,
serial:COM8/motor_raw,1620896,1785394307919,8936,
serial:COM8/motor_raw,1620898,1785394307921,8936,
serial:COM8/motor_raw,1620900,1785394307924,8937,
serial:COM8/motor_raw,1620902,1785394307925,8939,
serial:COM8/motor_raw,1620904,1785394307927,8936,
serial:COM8/motor_raw,1620906,1785394307929,8938,
serial:COM8/motor_raw,1620908,1785394307931,8937,
serial:COM8/motor_raw,1620910,1785394307934,8940,
serial:COM8/motor_raw,1620912,1785394307935,8938,
serial:COM8/motor_raw,1620914,1785394307937,8940,
serial:COM8/motor_raw,1620916,1785394307939,8936,
serial:COM8/motor_raw,1620918,1785394307941,8938,
serial:COM8/motor_raw,1620920,1785394307944,8937,
serial:COM8/motor_raw,1620922,1785394307945,8936,
serial:COM8/motor_raw,1620924,1785394307947,8938,
serial:COM8/motor_raw,1620926,1785394307949,8940,
serial:COM8/motor_raw,1620928,1785394307951,8936,
serial:COM8/motor_raw,1620930,1785394307954,8935,
serial:COM8/motor_raw,1620932,1785394307958,8938,
serial:COM8/motor_raw,1620934,1785394307958,8937,
serial:COM8/motor_raw,1620936,1785394307959,8938,
serial:COM8/motor_raw,1620938,1785394307961,8937,
serial:COM8/motor_raw,1620940,1785394307964,8938,
serial:COM8/motor_raw,1620942,1785394307965,8935,
serial:COM8/motor_raw,1620944,1785394307967,8939,
serial:COM8/motor_raw,1620946,1785394307969,8936,
serial:COM8/motor_raw,1620948,1785394307971,8936,
serial:COM8/motor_raw,1620950,1785394307974,8939,
serial:COM8/motor_raw,1620952,1785394307975,8936,
serial:COM8/motor_raw,1620954,1785394307977,8938,
serial:COM8/motor_raw,1620956,1785394307979,8935,
serial:COM8/motor_raw,1620958,1785394307981,8938,
serial:COM8/motor_raw,1620960,1785394307984,8937,
serial:COM8/motor_raw,1620962,1785394307985,8938,
serial:COM8/motor_raw,1620964,1785394307987,8938,
serial:COM8/motor_raw,1620966,1785394307989,8937,
serial:COM8/motor_raw,1620968,1785394307991,8938,
serial:COM8/motor_raw,1620970,1785394307994,8938,
serial:COM8/motor_raw,1620972,1785394307995,8938,
serial:COM8/motor_raw,1620974,1785394307997,8938,
serial:COM8/motor_raw,1620976,1785394307999,8936,
serial:COM8/motor_raw,1620978,1785394308001,8937,
serial:COM8/motor_raw,1620980,1785394308004,8934,
serial:COM8/motor_raw,1620982,1785394308005,8939,
serial:COM8/motor_raw,1620984,1785394308007,8938,
serial:COM8/motor_raw,1620986,1785394308009,8936,
serial:COM8/motor_raw,1620988,1785394308011,8937,
serial:COM8/motor_raw,1620990,1785394308014,8940,
serial:COM8/motor_raw,1620992,1785394308015,8935,
serial:COM8/motor_raw,1620994,1785394308017,8935,
serial:COM8/motor_raw,1620996,1785394308019,8940,
serial:COM8/motor_raw,1620998,1785394308021,8936,
serial:COM8/motor_raw,1621000,1785394308024,8938,
serial:COM8/motor_raw,1621002,1785394308025,8937,
serial:COM8/motor_raw,1621004,1785394308027,8936,
serial:COM8/motor_raw,1621006,1785394308029,8936,
serial:COM8/motor_raw,1621008,1785394308031,8935,
serial:COM8/motor_raw,1621010,1785394308034,8940,
serial:COM8/motor_raw,1621012,1785394308035,8938,
serial:COM8/motor_raw,1621014,1785394308037,8937,
serial:COM8/motor_raw,1621016,1785394308039,8938,
serial:COM8/motor_raw,1621018,1785394308041,8935,
serial:COM8/motor_raw,1621020,1785394308044,8938,
serial:COM8/motor_raw,1621022,1785394308046,8938,
serial:COM8/motor_raw,1621024,1785394308047,8938,
serial:COM8/motor_raw,1621026,1785394308049,8939,
serial:COM8/motor_raw,1621028,1785394308051,8935,
serial:COM8/motor_raw,1621030,1785394308054,8936,
serial:COM8/motor_raw,1621032,1785394308055,8935,
serial:COM8/motor_raw,1621034,1785394308057,8936,
serial:COM8/motor_raw,1621036,1785394308059,8936,
serial:COM8/motor_raw,1621038,1785394308061,8937,
serial:COM8/motor_raw,1621040,1785394308064,8939,
serial:COM8/motor_raw,1621042,1785394308065,8934,
serial:COM8/motor_raw,1621044,1785394308067,8936,
serial:COM8/motor_raw,1621046,1785394308069,8939,
serial:COM8/motor_raw,1621048,1785394308071,8938,
serial:COM8/motor_raw,1621050,1785394308074,8936,
serial:COM8/motor_raw,1621052,1785394308075,8936,
serial:COM8/motor_raw,1621054,1785394308077,8941,
serial:COM8/motor_raw,1621056,1785394308079,8937,
serial:COM8/motor_raw,1621058,1785394308081,8935,
serial:COM8/motor_raw,1621060,1785394308084,8937,
serial:COM8/motor_raw,1621062,1785394308085,8936,
serial:COM8/motor_raw,1621064,1785394308087,8936,
serial:COM8/motor_raw,1621066,1785394308089,8937,
serial:COM8/motor_raw,1621068,1785394308091,8938,
serial:COM8/motor_raw,1621070,1785394308094,8937,
serial:COM8/motor_raw,1621072,1785394308095,8937,
serial:COM8/motor_raw,1621074,1785394308097,8939,
serial:COM8/motor_raw,1621076,1785394308099,8937,
serial:COM8/motor_raw,1621078,1785394308101,8936,
serial:COM8/motor_raw,1621080,1785394308104,8936,
serial:COM8/motor_raw,1621082,1785394308105,8934,
serial:COM8/motor_raw,1621084,1785394308107,8936,
serial:COM8/motor_raw,1621086,1785394308109,8936,
serial:COM8/motor_raw,1621088,1785394308111,8937,
serial:COM8/motor_raw,1621090,1785394308114,8935,
serial:COM8/motor_raw,1621092,1785394308115,8936,
serial:COM8/motor_raw,1621094,1785394308117,8937,
serial:COM8/motor_raw,1621096,1785394308119,8936,
serial:COM8/motor_raw,1621098,1785394308121,8939,
serial:COM8/motor_raw,1621100,1785394308124,8936,
serial:COM8/motor_raw,1621102,1785394308125,8937,
serial:COM8/motor_raw,1621104,1785394308127,8939,
serial:COM8/motor_raw,1621106,1785394308129,8938,
serial:COM8/motor_raw,1621108,1785394308131,8937,
serial:COM8/motor_raw,1621110,1785394308134,8938,
serial:COM8/motor_raw,1621112,1785394308135,8937,
serial:COM8/motor_raw,1621114,1785394308137,8935,
serial:COM8/motor_raw,1621116,1785394308139,8937,
serial:COM8/motor_raw,1621118,1785394308141,8938,
serial:COM8/motor_raw,1621120,1785394308144,8936,
serial:COM8/motor_raw,1621122,1785394308145,8935,
serial:COM8/motor_raw,1621124,1785394308147,8938,
serial:COM8/motor_raw,1621126,1785394308149,8938,
serial:COM8/motor_raw,1621128,1785394308151,8935,
serial:COM8/motor_raw,1621130,1785394308154,8937,
serial:COM8/motor_raw,1621132,1785394308158,8937,
serial:COM8/motor_raw,1621134,1785394308158,8937,
serial:COM8/motor_raw,1621136,1785394308159,8937,
serial:COM8/motor_raw,1621138,1785394308161,8936,
serial:COM8/motor_raw,1621140,1785394308164,8938,
serial:COM8/motor_raw,1621142,1785394308165,8938,
serial:COM8/motor_raw,1621144,1785394308167,8938,
serial:COM8/motor_raw,1621146,1785394308169,8936,
serial:COM8/motor_raw,1621148,1785394308171,8937,
serial:COM8/motor_raw,1621150,1785394308174,8936,
serial:COM8/motor_raw,1621152,1785394308175,8938,
serial:COM8/motor_raw,1621154,1785394308177,8939,
serial:COM8/motor_raw,1621156,1785394308179,8938,
serial:COM8/motor_raw,1621158,1785394308181,8935,
serial:COM8/motor_raw,1621160,1785394308184,8937,
serial:COM8/motor_raw,1621162,1785394308185,8940,
serial:COM8/motor_raw,1621164,1785394308187,8937,
serial:COM8/motor_raw,1621166,1785394308189,8935,
serial:COM8/motor_raw,1621168,1785394308191,8937,
serial:COM8/motor_raw,1621170,1785394308194,8939,
serial:COM8/motor_raw,1621172,1785394308195,8937,
serial:COM8/motor_raw,1621174,1785394308197,8936,
serial:COM8/motor_raw,1621176,1785394308199,8940,
serial:COM8/motor_raw,1621178,1785394308201,8940,
serial:COM8/motor_raw,1621180,1785394308204,8935,
serial:COM8/motor_raw,1621182,1785394308205,8935,
serial:COM8/motor_raw,1621184,1785394308207,8937,
serial:COM8/motor_raw,1621186,1785394308209,8937,
serial:COM8/motor_raw,1621188,1785394308211,8939,
serial:COM8/motor_raw,1621190,1785394308214,8937,
serial:COM8/motor_raw,1621192,1785394308215,8938,
serial:COM8/motor_raw,1621194,1785394308217,8936,
serial:COM8/motor_raw,1621196,1785394308219,8938,
serial:COM8/motor_raw,1621198,1785394308221,8936,
serial:COM8/motor_raw,1621200,1785394308224,8941,
serial:COM8/motor_raw,1621202,1785394308226,8938,
serial:COM8/motor_raw,1621204,1785394308227,8937,
serial:COM8/motor_raw,1621206,1785394308229,8937,
serial:COM8/motor_raw,1621208,1785394308231,8937,
serial:COM8/motor_raw,1621210,1785394308234,8938,
serial:COM8/motor_raw,1621212,1785394308235,8937,
serial:COM8/motor_raw,1621214,1785394308237,8936,
serial:COM8/motor_raw,1621216,1785394308239,8935,
serial:COM8/motor_raw,1621218,1785394308241,8938,
serial:COM8/motor_raw,1621220,1785394308244,8939,
serial:COM8/motor_raw,1621222,1785394308245,8935,
serial:COM8/motor_raw,1621224,1785394308247,8936,
serial:COM8/motor_raw,1621226,1785394308249,8939,
serial:COM8/motor_raw,1621228,1785394308251,8939,
serial:COM8/motor_raw,1621230,1785394308254,8935,
serial:COM8/motor_raw,1621232,1785394308255,8937,
serial:COM8/motor_raw,1621234,1785394308257,8938,
serial:COM8/motor_raw,1621236,1785394308259,8936,
serial:COM8/motor_raw,1621238,1785394308261,8936,
serial:COM8/motor_raw,1621240,1785394308264,8934,
serial:COM8/motor_raw,1621242,1785394308265,8934,
serial:COM8/motor_raw,1621244,1785394308267,8935,
serial:COM8/motor_raw,1621246,1785394308269,8939,
serial:COM8/motor_raw,1621248,1785394308271,8940,
serial:COM8/motor_raw,1621250,1785394308274,8938,
serial:COM8/motor_raw,1621252,1785394308275,8936,
serial:COM8/motor_raw,1621254,1785394308277,8939,
serial:COM8/motor_raw,1621256,1785394308279,8938,
serial:COM8/motor_raw,1621258,1785394308281,8935,
serial:COM8/motor_raw,1621260,1785394308284,8935,
serial:COM8/motor_raw,1621262,1785394308285,8937,
serial:COM8/motor_raw,1621264,1785394308287,8937,
serial:COM8/motor_raw,1621266,1785394308289,8937,
serial:COM8/motor_raw,1621268,1785394308291,8935,
serial:COM8/motor_raw,1621270,1785394308294,8937,
serial:COM8/motor_raw,1621272,1785394308295,8939,
serial:COM8/motor_raw,1621274,1785394308297,8937,
serial:COM8/motor_raw,1621276,1785394308299,8938,
serial:COM8/motor_raw,1621278,1785394308301,8937,
serial:COM8/motor_raw,1621280,1785394308304,8937,
serial:COM8/motor_raw,1621282,1785394308306,8938,
serial:COM8/motor_raw,1621284,1785394308307,8937,
serial:COM8/motor_raw,1621286,1785394308309,8935,
serial:COM8/motor_raw,1621288,1785394308311,8938,
serial:COM8/motor_raw,1621290,1785394308314,8939,
serial:COM8/motor_raw,1621292,1785394308315,8935,
serial:COM8/motor_raw,1621294,1785394308317,8936,
serial:COM8/motor_raw,1621296,1785394308319,8936,
serial:COM8/motor_raw,1621298,1785394308321,8937,
serial:COM8/motor_raw,1621300,1785394308324,8939,
serial:COM8/motor_raw,1621302,1785394308325,8937,
serial:COM8/motor_raw,1621304,1785394308327,8935,
serial:COM8/motor_raw,1621306,1785394308329,8937,
serial:COM8/motor_raw,1621308,1785394308331,8939,
serial:COM8/motor_raw,1621310,1785394308334,8937,
serial:COM8/motor_raw,1621312,1785394308335,8937,
serial:COM8/motor_raw,1621314,1785394308337,8935,
serial:COM8/motor_raw,1621316,1785394308339,8938,
serial:COM8/motor_raw,1621318,1785394308341,8936,
serial:COM8/motor_raw,1621320,1785394308344,8936,
serial:COM8/motor_raw,1621322,1785394308345,8939,
serial:COM8/motor_raw,1621324,1785394308347,8938,
serial:COM8/motor_raw,1621326,1785394308349,8937,
serial:COM8/motor_raw,1621328,1785394308351,8938,
serial:COM8/motor_raw,1621330,1785394308354,8937,
serial:COM8/motor_raw,1621332,1785394308358,8937,
serial:COM8/motor_raw,1621334,1785394308358,8937,
serial:COM8/motor_raw,1621336,1785394308359,8936,
serial:COM8/motor_raw,1621338,1785394308361,8935,
serial:COM8/motor_raw,1621340,1785394308364,8938,
serial:COM8/motor_raw,1621342,1785394308365,8935,
serial:COM8/motor_raw,1621344,1785394308367,8937,
serial:COM8/motor_raw,1621346,1785394308369,8938,
serial:COM8/motor_raw,1621348,1785394308371,8937,
serial:COM8/motor_raw,1621350,1785394308374,8935,
serial:COM8/motor_raw,1621352,1785394308375,8936,
serial:COM8/motor_raw,1621354,1785394308377,8935,
serial:COM8/motor_raw,1621356,1785394308379,8940,
serial:COM8/motor_raw,1621358,1785394308381,8933,
serial:COM8/motor_raw,1621360,1785394308384,8937,
serial:COM8/motor_raw,1621362,1785394308385,8938,
serial:COM8/motor_raw,1621364,1785394308387,8936,
serial:COM8/motor_raw,1621366,1785394308389,8934,
serial:COM8/motor_raw,1621368,1785394308391,8937,
serial:COM8/motor_raw,1621370,1785394308394,8934,
serial:COM8/motor_raw,1621372,1785394308395,8936,
serial:COM8/motor_raw,1621374,1785394308397,8936,
serial:COM8/motor_raw,1621376,1785394308399,8940,
serial:COM8/motor_raw,1621378,1785394308401,8938,
serial:COM8/motor_raw,1621380,1785394308404,8935,
serial:COM8/motor_raw,1621382,1785394308405,8937,
serial:COM8/motor_raw,1621384,1785394308407,8938,
serial:COM8/motor_raw,1621386,1785394308409,8937,
serial:COM8/motor_raw,1621388,1785394308411,8939,
serial:COM8/motor_raw,1621390,1785394308414,8936,
serial:COM8/motor_raw,1621392,1785394308415,8937,
serial:COM8/motor_raw,1621394,1785394308417,8935,
serial:COM8/motor_raw,1621396,1785394308419,8940,
serial:COM8/motor_raw,1621398,1785394308421,8938,
serial:COM8/motor_raw,1621400,1785394308424,8939,
serial:COM8/motor_raw,1621402,1785394308425,8936,
serial:COM8/motor_raw,1621404,1785394308427,8938,
serial:COM8/motor_raw,1621406,1785394308429,8938,
serial:COM8/motor_raw,1621408,1785394308431,8938,
serial:COM8/motor_raw,1621410,1785394308434,8936,
serial:COM8/motor_raw,1621412,1785394308435,8938,
serial:COM8/motor_raw,1621414,1785394308437,8941,
serial:COM8/motor_raw,1621416,1785394308439,8935,
serial:COM8/motor_raw,1621418,1785394308441,8938,
serial:COM8/motor_raw,1621420,1785394308444,8937,
serial:COM8/motor_raw,1621422,1785394308445,8938,
serial:COM8/motor_raw,1621424,1785394308447,8940,
serial:COM8/motor_raw,1621426,1785394308449,8937,
serial:COM8/motor_raw,1621428,1785394308451,8937,
serial:COM8/motor_raw,1621430,1785394308454,8936,
serial:COM8/motor_raw,1621432,1785394308455,8937,
serial:COM8/motor_raw,1621434,1785394308457,8939,
serial:COM8/motor_raw,1621436,1785394308459,8937,
serial:COM8/motor_raw,1621438,1785394308461,8938,
serial:COM8/motor_raw,1621440,1785394308464,8937,
serial:COM8/motor_raw,1621442,1785394308465,8938,
serial:COM8/motor_raw,1621444,1785394308467,8938,
serial:COM8/motor_raw,1621446,1785394308470,8934,
serial:COM8/motor_raw,1621448,1785394308471,8936,
serial:COM8/motor_raw,1621450,1785394308474,8938,
serial:COM8/motor_raw,1621452,1785394308475,8937,
serial:COM8/motor_raw,1621454,1785394308477,8937,
serial:COM8/motor_raw,1621456,1785394308479,8937,
serial:COM8/motor_raw,1621458,1785394308481,8939,
serial:COM8/motor_raw,1621460,1785394308484,8938,
serial:COM8/motor_raw,1621462,1785394308485,8935,
serial:COM8/motor_raw,1621464,1785394308487,8938,
serial:COM8/motor_raw,1621466,1785394308489,8939,
serial:COM8/motor_raw,1621468,1785394308491,8935,
serial:COM8/motor_raw,1621470,1785394308494,8940,
serial:COM8/motor_raw,1621472,1785394308495,8934,
serial:COM8/motor_raw,1621474,1785394308497,8938,
serial:COM8/motor_raw,1621476,1785394308499,8939,
serial:COM8/motor_raw,1621478,1785394308501,8936,
serial:COM8/motor_raw,1621480,1785394308504,8938,
serial:COM8/motor_raw,1621482,1785394308505,8936,
serial:COM8/motor_raw,1621484,1785394308507,8937,
serial:COM8/motor_raw,1621486,1785394308509,8936,
serial:COM8/motor_raw,1621488,1785394308511,8938,
serial:COM8/motor_raw,1621490,1785394308514,8939,
serial:COM8/motor_raw,1621492,1785394308515,8935,
serial:COM8/motor_raw,1621494,1785394308517,8938,
serial:COM8/motor_raw,1621496,1785394308519,8937,
serial:COM8/motor_raw,1621498,1785394308521,8937,
serial:COM8/motor_raw,1621500,1785394308524,8936,
serial:COM8/motor_raw,1621502,1785394308525,8935,
serial:COM8/motor_raw,1621504,1785394308527,8935,
serial:COM8/motor_raw,1621506,1785394308529,8939,
serial:COM8/motor_raw,1621508,1785394308531,8939,
serial:COM8/motor_raw,1621510,1785394308534,8938,
serial:COM8/motor_raw,1621512,1785394308535,8941,
serial:COM8/motor_raw,1621514,1785394308537,8936,
serial:COM8/motor_raw,1621516,1785394308539,8938,
serial:COM8/motor_raw,1621518,1785394308541,8939,
serial:COM8/motor_raw,1621520,1785394308544,8933,
serial:COM8/motor_raw,1621522,1785394308545,8936,
serial:COM8/motor_raw,1621524,1785394308547,8938,
serial:COM8/motor_raw,1621526,1785394308549,8939,
serial:COM8/motor_raw,1621528,1785394308551,8936,
serial:COM8/motor_raw,1621530,1785394308554,8937,
serial:COM8/motor_raw,1621532,1785394308558,8939,
serial:COM8/motor_raw,1621534,1785394308558,8938,
serial:COM8/motor_raw,1621536,1785394308559,8935,
serial:COM8/motor_raw,1621538,1785394308561,8936,
serial:COM8/motor_raw,1621540,1785394308564,8941,
serial:COM8/motor_raw,1621542,1785394308565,8935,
serial:COM8/motor_raw,1621544,1785394308567,8936,
serial:COM8/motor_raw,1621546,1785394308569,8935,
serial:COM8/motor_raw,1621548,1785394308571,8938,
serial:COM8/motor_raw,1621550,1785394308574,8938,
serial:COM8/motor_raw,1621552,1785394308575,8937,
serial:COM8/motor_raw,1621554,1785394308577,8940,
serial:COM8/motor_raw,1621556,1785394308579,8935,
serial:COM8/motor_raw,1621558,1785394308581,8938,
serial:COM8/motor_raw,1621560,1785394308584,8937,
serial:COM8/motor_raw,1621562,1785394308585,8934,
serial:COM8/motor_raw,1621564,1785394308587,8938,
serial:COM8/motor_raw,1621566,1785394308589,8938,
serial:COM8/motor_raw,1621568,1785394308591,8937,
serial:COM8/motor_raw,1621570,1785394308594,8938,
serial:COM8/motor_raw,1621572,1785394308595,8938,
serial:COM8/motor_raw,1621574,1785394308597,8936,
serial:COM8/motor_raw,1621576,1785394308599,8936,
serial:COM8/motor_raw,1621578,1785394308601,8937,
serial:COM8/motor_raw,1621580,1785394308604,8935,
serial:COM8/motor_raw,1621582,1785394308605,8937,
serial:COM8/motor_raw,1621584,1785394308607,8941,
serial:COM8/motor_raw,1621586,1785394308609,8938,
serial:COM8/motor_raw,1621588,1785394308611,8936,
serial:COM8/motor_raw,1621590,1785394308614,8938,
serial:COM8/motor_raw,1621592,1785394308615,8939,
serial:COM8/motor_raw,1621594,1785394308617,8936,
serial:COM8/motor_raw,1621596,1785394308619,8937,
serial:COM8/motor_raw,1621598,1785394308621,8939,
serial:COM8/motor_raw,1621600,1785394308624,8937,
serial:COM8/motor_raw,1621602,1785394308626,8935,
serial:COM8/motor_raw,1621604,1785394308627,8935,
serial:COM8/motor_raw,1621606,1785394308629,8939,
serial:COM8/motor_raw,1621608,1785394308631,8936,
serial:COM8/motor_raw,1621610,1785394308634,8939,
serial:COM8/motor_raw,1621612,1785394308635,8935,
serial:COM8/motor_raw,1621614,1785394308637,8938,
serial:COM8/motor_raw,1621616,1785394308639,8935,
serial:COM8/motor_raw,1621618,1785394308641,8936,
serial:COM8/motor_raw,1621620,1785394308644,8938,
serial:COM8/motor_raw,1621622,1785394308645,8935,
serial:COM8/motor_raw,1621624,1785394308647,8939,
serial:COM8/motor_raw,1621626,1785394308649,8940,
serial:COM8/motor_raw,1621628,1785394308651,8936,
serial:COM8/motor_raw,1621630,1785394308654,8937,
serial:COM8/motor_raw,1621632,1785394308655,8939,
serial:COM8/motor_raw,1621634,1785394308657,8937,
serial:COM8/motor_raw,1621636,1785394308659,8937,
serial:COM8/motor_raw,1621638,1785394308661,8938,
serial:COM8/motor_raw,1621640,1785394308664,8936,
serial:COM8/motor_raw,1621642,1785394308665,8937,
serial:COM8/motor_raw,1621644,1785394308667,8937,
serial:COM8/motor_raw,1621646,1785394308669,8937,
serial:COM8/motor_raw,1621648,1785394308671,8936,
serial:COM8/motor_raw,1621650,1785394308674,8938,
serial:COM8/motor_raw,1621652,1785394308675,8938,
serial:COM8/motor_raw,1621654,1785394308677,8935,
serial:COM8/motor_raw,1621656,1785394308679,8933,
serial:COM8/motor_raw,1621658,1785394308681,8938,
serial:COM8/motor_raw,1621660,1785394308684,8937,
serial:COM8/motor_raw,1621662,1785394308685,8936,
serial:COM8/motor_raw,1621664,1785394308687,8937,
serial:COM8/motor_raw,1621666,1785394308689,8939,
serial:COM8/motor_raw,1621668,1785394308691,8935,
serial:COM8/motor_raw,1621670,1785394308694,8935,
serial:COM8/motor_raw,1621672,1785394308695,8934,
serial:COM8/motor_raw,1621674,1785394308697,8939,
serial:COM8/motor_raw,1621676,1785394308699,8935,
serial:COM8/motor_raw,1621678,1785394308701,8939,
serial:COM8/motor_raw,1621680,1785394308704,8936,
serial:COM8/motor_raw,1621682,1785394308705,8937,
serial:COM8/motor_raw,1621684,1785394308707,8938,
serial:COM8/motor_raw,1621686,1785394308709,8936,
serial:COM8/motor_raw,1621688,1785394308711,8937,
serial:COM8/motor_raw,1621690,1785394308714,8935,
serial:COM8/motor_raw,1621692,1785394308715,8935,
serial:COM8/motor_raw,1621694,1785394308717,8937,
serial:COM8/motor_raw,1621696,1785394308719,8937,
serial:COM8/motor_raw,1621698,1785394308721,8938,
serial:COM8/motor_raw,1621700,1785394308724,8938,
serial:COM8/motor_raw,1621702,1785394308725,8934,
serial:COM8/motor_raw,1621704,1785394308727,8938,
serial:COM8/motor_raw,1621706,1785394308729,8935,
serial:COM8/motor_raw,1621708,1785394308731,8934,
serial:COM8/motor_raw,1621710,1785394308734,8937,
serial:COM8/motor_raw,1621712,1785394308735,8939,
serial:COM8/motor_raw,1621714,1785394308737,8939,
serial:COM8/motor_raw,1621716,1785394308739,8939,
serial:COM8/motor_raw,1621718,1785394308741,8935,
serial:COM8/motor_raw,1621720,1785394308744,8937,
serial:COM8/motor_raw,1621722,1785394308745,8939,
serial:COM8/motor_raw,1621724,1785394308747,8936,
serial:COM8/motor_raw,1621726,1785394308749,8937,
serial:COM8/motor_raw,1621728,1785394308751,8939,
serial:COM8/motor_raw,1621730,1785394308754,8937,
serial:COM8/motor_raw,1621732,1785394308758,8936,
serial:COM8/motor_raw,1621734,1785394308758,8938,
serial:COM8/motor_raw,1621736,1785394308759,8937,
serial:COM8/motor_raw,1621738,1785394308761,8933,
serial:COM8/motor_raw,1621740,1785394308764,8936,
serial:COM8/motor_raw,1621742,1785394308765,8937,
serial:COM8/motor_raw,1621744,1785394308767,8938,
serial:COM8/motor_raw,1621746,1785394308769,8939,
serial:COM8/motor_raw,1621748,1785394308771,8934,
serial:COM8/motor_raw,1621750,1785394308774,8940,
serial:COM8/motor_raw,1621752,1785394308775,8936,
serial:COM8/motor_raw,1621754,1785394308777,8934,
serial:COM8/motor_raw,1621756,1785394308779,8937,
serial:COM8/motor_raw,1621758,1785394308781,8938,
serial:COM8/motor_raw,1621760,1785394308784,8938,
serial:COM8/motor_raw,1621762,1785394308785,8935,
serial:COM8/motor_raw,1621764,1785394308787,8935,
serial:COM8/motor_raw,1621766,1785394308789,8940,
serial:COM8/motor_raw,1621768,1785394308791,8936,
serial:COM8/motor_raw,1621770,1785394308794,8937,
serial:COM8/motor_raw,1621772,1785394308795,8937,
serial:COM8/motor_raw,1621774,1785394308797,8938,
serial:COM8/motor_raw,1621776,1785394308799,8935,
serial:COM8/motor_raw,1621778,1785394308801,8939,
serial:COM8/motor_raw,1621780,1785394308804,8937,
serial:COM8/motor_raw,1621782,1785394308805,8938,
serial:COM8/motor_raw,1621784,1785394308807,8936,
serial:COM8/motor_raw,1621786,1785394308809,8940,
serial:COM8/motor_raw,1621788,1785394308811,8938,
serial:COM8/motor_raw,1621790,1785394308814,8936,
serial:COM8/motor_raw,1621792,1785394308815,8938,
serial:COM8/motor_raw,1621794,1785394308817,8936,
serial:COM8/motor_raw,1621796,1785394308819,8938,
serial:COM8/motor_raw,1621798,1785394308821,8935,
serial:COM8/motor_raw,1621800,1785394308824,8937,
serial:COM8/motor_raw,1621802,1785394308826,8938,
serial:COM8/motor_raw,1621804,1785394308827,8937,
serial:COM8/motor_raw,1621806,1785394308829,8937,
serial:COM8/motor_raw,1621808,1785394308831,8940,
serial:COM8/motor_raw,1621810,1785394308834,8936,
serial:COM8/motor_raw,1621812,1785394308835,8939,
serial:COM8/motor_raw,1621814,1785394308837,8940,
serial:COM8/motor_raw,1621816,1785394308839,8936,
serial:COM8/motor_raw,1621818,1785394308841,8936,
serial:COM8/motor_raw,1621820,1785394308844,8937,
serial:COM8/motor_raw,1621822,1785394308845,8938,
serial:COM8/motor_raw,1621824,1785394308847,8936,
serial:COM8/motor_raw,1621826,1785394308849,8938,
serial:COM8/motor_raw,1621828,1785394308851,8935,
serial:COM8/motor_raw,1621830,1785394308854,8939,
serial:COM8/motor_raw,1621832,1785394308855,8937,
serial:COM8/motor_raw,1621834,1785394308857,8939,
serial:COM8/motor_raw,1621836,1785394308859,8937,
serial:COM8/motor_raw,1621838,1785394308861,8938,
serial:COM8/motor_raw,1621840,1785394308864,8937,
serial:COM8/motor_raw,1621842,1785394308865,8937,
serial:COM8/motor_raw,1621844,1785394308867,8938,
serial:COM8/motor_raw,1621846,1785394308869,8937,
serial:COM8/motor_raw,1621848,1785394308871,8937,
serial:COM8/motor_raw,1621850,1785394308874,8937,
serial:COM8/motor_raw,1621852,1785394308876,8935,
serial:COM8/motor_raw,1621854,1785394308877,8938,
serial:COM8/motor_raw,1621856,1785394308879,8936,
serial:COM8/motor_raw,1621858,1785394308881,8938,
serial:COM8/motor_raw,1621860,1785394308884,8941,
serial:COM8/motor_raw,1621862,1785394308886,8937,
serial:COM8/motor_raw,1621864,1785394308887,8939,
serial:COM8/motor_raw,1621866,1785394308889,8938,
serial:COM8/motor_raw,1621868,1785394308891,8938,
serial:COM8/motor_raw,1621870,1785394308894,8940,
serial:COM8/motor_raw,1621872,1785394308896,8939,
serial:COM8/motor_raw,1621874,1785394308897,8936,
serial:COM8/motor_raw,1621876,1785394308899,8936,
serial:COM8/motor_raw,1621878,1785394308901,8938,
serial:COM8/motor_raw,1621880,1785394308904,8935,
serial:COM8/motor_raw,1621882,1785394308905,8937,
serial:COM8/motor_raw,1621884,1785394308907,8939,
serial:COM8/motor_raw,1621886,1785394308909,8935,
serial:COM8/motor_raw,1621888,1785394308911,8937,
serial:COM8/motor_raw,1621890,1785394308914,8937,
serial:COM8/motor_raw,1621892,1785394308916,8939,
serial:COM8/motor_raw,1621894,1785394308917,8937,
serial:COM8/motor_raw,1621896,1785394308919,8935,
serial:COM8/motor_raw,1621898,1785394308921,8939,
serial:COM8/motor_raw,1621900,1785394308924,8937,
serial:COM8/motor_raw,1621902,1785394308926,8938,
serial:COM8/motor_raw,1621904,1785394308927,8937,
serial:COM8/motor_raw,1621906,1785394308929,8935,
serial:COM8/motor_raw,1621908,1785394308931,8937,
serial:COM8/motor_raw,1621910,1785394308934,8937,
serial:COM8/motor_raw,1621912,1785394308936,8934,
serial:COM8/motor_raw,1621914,1785394308937,8937,
serial:COM8/motor_raw,1621916,1785394308939,8937,
serial:COM8/motor_raw,1621918,1785394308941,8937,
serial:COM8/motor_raw,1621920,1785394308944,8938,
serial:COM8/motor_raw,1621922,1785394308946,8936,
serial:COM8/motor_raw,1621924,1785394308947,8936,
serial:COM8/motor_raw,1621926,1785394308949,8935,
serial:COM8/motor_raw,1621928,1785394308951,8936,
serial:COM8/motor_raw,1621930,1785394308954,8936,
serial:COM8/motor_raw,1621932,1785394308958,8937,
serial:COM8/motor_raw,1621934,1785394308958,8938,
serial:COM8/motor_raw,1621936,1785394308959,8937,
serial:COM8/motor_raw,1621938,1785394308961,8936,
serial:COM8/motor_raw,1621940,1785394308964,8937,
serial:COM8/motor_raw,1621942,1785394308966,8939,
serial:COM8/motor_raw,1621944,1785394308967,8936,
serial:COM8/motor_raw,1621946,1785394308969,8938,
serial:COM8/motor_raw,1621948,1785394308971,8937,
serial:COM8/motor_raw,1621950,1785394308974,8938,
serial:COM8/motor_raw,1621952,1785394308975,8935,
serial:COM8/motor_raw,1621954,1785394308977,8936,
serial:COM8/motor_raw,1621956,1785394308979,8939,
serial:COM8/motor_raw,1621958,1785394308981,8936,
serial:COM8/motor_raw,1621960,1785394308984,8936,
serial:COM8/motor_raw,1621962,1785394308985,8935,
serial:COM8/motor_raw,1621964,1785394308987,8936,
serial:COM8/motor_raw,1621966,1785394308989,8939,
serial:COM8/motor_raw,1621968,1785394308991,8935,
serial:COM8/motor_raw,1621970,1785394308994,8937,
serial:COM8/motor_raw,1621972,1785394308995,8936,
serial:COM8/motor_raw,1621974,1785394308997,8936,
serial:COM8/motor_raw,1621976,1785394308999,8935,
serial:COM8/motor_raw,1621978,1785394309001,8937,
serial:COM8/motor_raw,1621980,1785394309004,8937,
serial:COM8/motor_raw,1621982,1785394309006,8937,
serial:COM8/motor_raw,1621984,1785394309007,8936,
serial:COM8/motor_raw,1621986,1785394309009,8935,
serial:COM8/motor_raw,1621988,1785394309011,8935,
serial:COM8/motor_raw,1621990,1785394309014,8937,
serial:COM8/motor_raw,1621992,1785394309015,8936,
serial:COM8/motor_raw,1621994,1785394309017,8936,
serial:COM8/motor_raw,1621996,1785394309019,8938,
serial:COM8/motor_raw,1621998,1785394309021,8936,
serial:COM8/motor_raw,1622000,1785394309024,8936,
serial:COM8/motor_raw,1622002,1785394309026,8935,
serial:COM8/motor_raw,1622004,1785394309027,8937,
serial:COM8/motor_raw,1622006,1785394309029,8938,
serial:COM8/motor_raw,1622008,1785394309031,8936,
serial:COM8/motor_raw,1622010,1785394309034,8937,
serial:COM8/motor_raw,1622012,1785394309035,8935,
serial:COM8/motor_raw,1622014,1785394309037,8938,
serial:COM8/motor_raw,1622016,1785394309039,8939,
serial:COM8/motor_raw,1622018,1785394309041,8935,
serial:COM8/motor_raw,1622020,1785394309044,8938,
serial:COM8/motor_raw,1622022,1785394309045,8941,
serial:COM8/motor_raw,1622024,1785394309047,8940,
serial:COM8/motor_raw,1622026,1785394309049,8939,
serial:COM8/motor_raw,1622028,1785394309051,8939,
serial:COM8/motor_raw,1622030,1785394309054,8937,
serial:COM8/motor_raw,1622032,1785394309055,8936,
serial:COM8/motor_raw,1622034,1785394309057,8939,
serial:COM8/motor_raw,1622036,1785394309059,8939,
serial:COM8/motor_raw,1622038,1785394309061,8938,
serial:COM8/motor_raw,1622040,1785394309064,8935,
serial:COM8/motor_raw,1622042,1785394309065,8937,
serial:COM8/motor_raw,1622044,1785394309067,8936,
serial:COM8/motor_raw,1622046,1785394309069,8941,
serial:COM8/motor_raw,1622048,1785394309071,8937,
serial:COM8/motor_raw,1622050,1785394309074,8938,
serial:COM8/motor_raw,1622052,1785394309075,8939,
serial:COM8/motor_raw,1622054,1785394309077,8936,
serial:COM8/motor_raw,1622056,1785394309079,8939,
serial:COM8/motor_raw,1622058,1785394309081,8939,
serial:COM8/motor_raw,1622060,1785394309084,8939,
serial:COM8/motor_raw,1622062,1785394309085,8936,
serial:COM8/motor_raw,1622064,1785394309087,8939,
serial:COM8/motor_raw,1622066,1785394309089,8938,
serial:COM8/motor_raw,1622068,1785394309091,8937,
serial:COM8/motor_raw,1622070,1785394309094,8938,
serial:COM8/motor_raw,1622072,1785394309095,8936,
serial:COM8/motor_raw,1622074,1785394309097,8938,
serial:COM8/motor_raw,1622076,1785394309099,8935,
serial:COM8/motor_raw,1622078,1785394309101,8937,
serial:COM8/motor_raw,1622080,1785394309104,8937,
serial:COM8/motor_raw,1622082,1785394309105,8939,
serial:COM8/motor_raw,1622084,1785394309107,8937,
serial:COM8/motor_raw,1622086,1785394309109,8937,
serial:COM8/motor_raw,1622088,1785394309111,8939,
serial:COM8/motor_raw,1622090,1785394309114,8940,
serial:COM8/motor_raw,1622092,1785394309115,8938,
serial:COM8/motor_raw,1622094,1785394309117,8939,
serial:COM8/motor_raw,1622096,1785394309119,8938,
serial:COM8/motor_raw,1622098,1785394309121,8939,
serial:COM8/motor_raw,1622100,1785394309124,8937,
serial:COM8/motor_raw,1622102,1785394309125,8938,
serial:COM8/motor_raw,1622104,1785394309127,8938,
serial:COM8/motor_raw,1622106,1785394309129,8939,
serial:COM8/motor_raw,1622108,1785394309131,8938,
serial:COM8/motor_raw,1622110,1785394309134,8939,
serial:COM8/motor_raw,1622112,1785394309135,8936,
serial:COM8/motor_raw,1622114,1785394309137,8936,
serial:COM8/motor_raw,1622116,1785394309139,8937,
serial:COM8/motor_raw,1622118,1785394309141,8936,
serial:COM8/motor_raw,1622120,1785394309144,8935,
serial:COM8/motor_raw,1622122,1785394309145,8937,
serial:COM8/motor_raw,1622124,1785394309147,8938,
serial:COM8/motor_raw,1622126,1785394309149,8937,
serial:COM8/motor_raw,1622128,1785394309151,8937,
serial:COM8/motor_raw,1622130,1785394309154,8939,
serial:COM8/motor_raw,1622132,1785394309158,8938,
serial:COM8/motor_raw,1622134,1785394309158,8937,
serial:COM8/motor_raw,1622136,1785394309159,8938,
serial:COM8/motor_raw,1622138,1785394309161,8939,
serial:COM8/motor_raw,1622140,1785394309164,8935,
serial:COM8/motor_raw,1622142,1785394309165,8939,
serial:COM8/motor_raw,1622144,1785394309167,8936,
serial:COM8/motor_raw,1622146,1785394309169,8938,
serial:COM8/motor_raw,1622148,1785394309171,8937,
serial:COM8/motor_raw,1622150,1785394309174,8938,
serial:COM8/motor_raw,1622152,1785394309175,8938,
serial:COM8/motor_raw,1622154,1785394309177,8938,
serial:COM8/motor_raw,1622156,1785394309179,8938,
serial:COM8/motor_raw,1622158,1785394309181,8937,
serial:COM8/motor_raw,1622160,1785394309184,8935,
serial:COM8/motor_raw,1622162,1785394309185,8938,
serial:COM8/motor_raw,1622164,1785394309187,8938,
serial:COM8/motor_raw,1622166,1785394309189,8937,
serial:COM8/motor_raw,1622168,1785394309191,8938,
serial:COM8/motor_raw,1622170,1785394309194,8937,
serial:COM8/motor_raw,1622172,1785394309195,8938,
serial:COM8/motor_raw,1622174,1785394309197,8939,
serial:COM8/motor_raw,1622176,1785394309199,8938,
serial:COM8/motor_raw,1622178,1785394309201,8937,
serial:COM8/motor_raw,1622180,1785394309204,8935,
serial:COM8/motor_raw,1622182,1785394309205,8937,
serial:COM8/motor_raw,1622184,1785394309207,8937,
serial:COM8/motor_raw,1622186,1785394309209,8937,
serial:COM8/motor_raw,1622188,1785394309211,8936,
serial:COM8/motor_raw,1622190,1785394309214,8938,
serial:COM8/motor_raw,1622192,1785394309215,8938,
serial:COM8/motor_raw,1622194,1785394309217,8938,
serial:COM8/motor_raw,1622196,1785394309219,8939,
serial:COM8/motor_raw,1622198,1785394309221,8935,
serial:COM8/motor_raw,1622200,1785394309224,8938,
serial:COM8/motor_raw,1622202,1785394309226,8937,
serial:COM8/motor_raw,1622204,1785394309227,8938,
serial:COM8/motor_raw,1622206,1785394309229,8937,
serial:COM8/motor_raw,1622208,1785394309231,8938,
serial:COM8/motor_raw,1622210,1785394309234,8939,
serial:COM8/motor_raw,1622212,1785394309235,8936,
serial:COM8/motor_raw,1622214,1785394309237,8939,
serial:COM8/motor_raw,1622216,1785394309239,8938,
serial:COM8/motor_raw,1622218,1785394309241,8941,
serial:COM8/motor_raw,1622220,1785394309244,8936,
serial:COM8/motor_raw,1622222,1785394309245,8936,
serial:COM8/motor_raw,1622224,1785394309247,8938,
serial:COM8/motor_raw,1622226,1785394309249,8940,
serial:COM8/motor_raw,1622228,1785394309251,8939,
serial:COM8/motor_raw,1622230,1785394309254,8938,
serial:COM8/motor_raw,1622232,1785394309255,8939,
serial:COM8/motor_raw,1622234,1785394309257,8938,
serial:COM8/motor_raw,1622236,1785394309259,8936,
serial:COM8/motor_raw,1622238,1785394309261,8936,
serial:COM8/motor_raw,1622240,1785394309264,8936,
serial:COM8/motor_raw,1622242,1785394309265,8937,
serial:COM8/motor_raw,1622244,1785394309267,8939,
serial:COM8/motor_raw,1622246,1785394309269,8936,
serial:COM8/motor_raw,1622248,1785394309271,8940,
serial:COM8/motor_raw,1622250,1785394309274,8937,
serial:COM8/motor_raw,1622252,1785394309275,8936,
serial:COM8/motor_raw,1622254,1785394309277,8937,
serial:COM8/motor_raw,1622256,1785394309279,8937,
serial:COM8/motor_raw,1622258,1785394309281,8940,
serial:COM8/motor_raw,1622260,1785394309284,8938,
serial:COM8/motor_raw,1622262,1785394309285,8937,
serial:COM8/motor_raw,1622264,1785394309287,8935,
serial:COM8/motor_raw,1622266,1785394309289,8937,
serial:COM8/motor_raw,1622268,1785394309291,8935,
serial:COM8/motor_raw,1622270,1785394309294,8938,
serial:COM8/motor_raw,1622272,1785394309295,8940,
serial:COM8/motor_raw,1622274,1785394309297,8939,
serial:COM8/motor_raw,1622276,1785394309299,8938,
serial:COM8/motor_raw,1622278,1785394309301,8937,
serial:COM8/motor_raw,1622280,1785394309304,8936,
serial:COM8/motor_raw,1622282,1785394309305,8936,
serial:COM8/motor_raw,1622284,1785394309307,8938,
serial:COM8/motor_raw,1622286,1785394309309,8935,
serial:COM8/motor_raw,1622288,1785394309311,8940,
serial:COM8/motor_raw,1622290,1785394309314,8940,
serial:COM8/motor_raw,1622292,1785394309315,8936,
serial:COM8/motor_raw,1622294,1785394309317,8936,
serial:COM8/motor_raw,1622296,1785394309319,8936,
serial:COM8/motor_raw,1622298,1785394309321,8936,
serial:COM8/motor_raw,1622300,1785394309324,8938,
serial:COM8/motor_raw,1622302,1785394309325,8936,
serial:COM8/motor_raw,1622304,1785394309327,8937,
serial:COM8/motor_raw,1622306,1785394309329,8938,
serial:COM8/motor_raw,1622308,1785394309331,8938,
serial:COM8/motor_raw,1622310,1785394309334,8940,
serial:COM8/motor_raw,1622312,1785394309335,8936,
serial:COM8/motor_raw,1622314,1785394309337,8935,
serial:COM8/motor_raw,1622316,1785394309339,8937,
serial:COM8/motor_raw,1622318,1785394309341,8936,
serial:COM8/motor_raw,1622320,1785394309344,8939,
serial:COM8/motor_raw,1622322,1785394309345,8938,
serial:COM8/motor_raw,1622324,1785394309347,8938,
serial:COM8/motor_raw,1622326,1785394309349,8941,
serial:COM8/motor_raw,1622328,1785394309351,8936,
serial:COM8/motor_raw,1622330,1785394309354,8937,
serial:COM8/motor_raw,1622332,1785394309358,8937,
serial:COM8/motor_raw,1622334,1785394309358,8936,
serial:COM8/motor_raw,1622336,1785394309359,8938,
serial:COM8/motor_raw,1622338,1785394309361,8936,
serial:COM8/motor_raw,1622340,1785394309364,8937,
serial:COM8/motor_raw,1622342,1785394309366,8936,
serial:COM8/motor_raw,1622344,1785394309367,8938,
serial:COM8/motor_raw,1622346,1785394309369,8938,
serial:COM8/motor_raw,1622348,1785394309371,8933,
serial:COM8/motor_raw,1622350,1785394309374,8938,
serial:COM8/motor_raw,1622352,1785394309375,8937,
serial:COM8/motor_raw,1622354,1785394309377,8935,
serial:COM8/motor_raw,1622356,1785394309379,8938,
serial:COM8/motor_raw,1622358,1785394309381,8937,
serial:COM8/motor_raw,1622360,1785394309384,8937,
serial:COM8/motor_raw,1622362,1785394309385,8936,
serial:COM8/motor_raw,1622364,1785394309387,8938,
serial:COM8/motor_raw,1622366,1785394309389,8937,
serial:COM8/motor_raw,1622368,1785394309391,8937,
serial:COM8/motor_raw,1622370,1785394309394,8937,
serial:COM8/motor_raw,1622372,1785394309395,8939,
serial:COM8/motor_raw,1622374,1785394309397,8939,
serial:COM8/motor_raw,1622376,1785394309399,8934,
serial:COM8/motor_raw,1622378,1785394309401,8941,
serial:COM8/motor_raw,1622380,1785394309404,8938,
serial:COM8/motor_raw,1622382,1785394309405,8939,
serial:COM8/motor_raw,1622384,1785394309407,8936,
serial:COM8/motor_raw,1622386,1785394309409,8936,
serial:COM8/motor_raw,1622388,1785394309411,8939,
serial:COM8/motor_raw,1622390,1785394309414,8940,
serial:COM8/motor_raw,1622392,1785394309415,8940,
serial:COM8/motor_raw,1622394,1785394309417,8935,
serial:COM8/motor_raw,1622396,1785394309419,8935,
serial:COM8/motor_raw,1622398,1785394309421,8936,
serial:COM8/motor_raw,1622400,1785394309424,8939,
serial:COM8/motor_raw,1622402,1785394309426,8937,
serial:COM8/motor_raw,1622404,1785394309427,8937,
serial:COM8/motor_raw,1622406,1785394309429,8939,
serial:COM8/motor_raw,1622408,1785394309431,8936,
serial:COM8/motor_raw,1622410,1785394309434,8935,
serial:COM8/motor_raw,1622412,1785394309435,8938,
serial:COM8/motor_raw,1622414,1785394309437,8939,
serial:COM8/motor_raw,1622416,1785394309439,8938,
serial:COM8/motor_raw,1622418,1785394309441,8938,
serial:COM8/motor_raw,1622420,1785394309444,8937,
serial:COM8/motor_raw,1622422,1785394309445,8939,
serial:COM8/motor_raw,1622424,1785394309447,8936,
serial:COM8/motor_raw,1622426,1785394309449,8937,
serial:COM8/motor_raw,1622428,1785394309451,8935,
serial:COM8/motor_raw,1622430,1785394309454,8935,
serial:COM8/motor_raw,1622432,1785394309455,8937,
serial:COM8/motor_raw,1622434,1785394309457,8935,
serial:COM8/motor_raw,1622436,1785394309459,8936,
serial:COM8/motor_raw,1622438,1785394309461,8938,
serial:COM8/motor_raw,1622440,1785394309464,8937,
serial:COM8/motor_raw,1622442,1785394309465,8937,
serial:COM8/motor_raw,1622444,1785394309467,8937,
serial:COM8/motor_raw,1622446,1785394309469,8935,
serial:COM8/motor_raw,1622448,1785394309471,8936,
serial:COM8/motor_raw,1622450,1785394309474,8939,
serial:COM8/motor_raw,1622452,1785394309475,8938,
serial:COM8/motor_raw,1622454,1785394309477,8936,
serial:COM8/motor_raw,1622456,1785394309479,8937,
serial:COM8/motor_raw,1622458,1785394309481,8939,
serial:COM8/motor_raw,1622460,1785394309484,8938,
serial:COM8/motor_raw,1622462,1785394309485,8937,
serial:COM8/motor_raw,1622464,1785394309487,8937,
serial:COM8/motor_raw,1622466,1785394309489,8939,
serial:COM8/motor_raw,1622468,1785394309491,8937,
serial:COM8/motor_raw,1622470,1785394309494,8938,
serial:COM8/motor_raw,1622472,1785394309495,8940,
serial:COM8/motor_raw,1622474,1785394309497,8935,
serial:COM8/motor_raw,1622476,1785394309499,8936,
serial:COM8/motor_raw,1622478,1785394309501,8938,
serial:COM8/motor_raw,1622480,1785394309504,8937,
serial:COM8/motor_raw,1622482,1785394309506,8936,
serial:COM8/motor_raw,1622484,1785394309507,8937,
serial:COM8/motor_raw,1622486,1785394309509,8936,
serial:COM8/motor_raw,1622488,1785394309512,8937,
serial:COM8/motor_raw,1622490,1785394309514,8935,
serial:COM8/motor_raw,1622492,1785394309515,8938,
serial:COM8/motor_raw,1622494,1785394309517,8935,
serial:COM8/motor_raw,1622496,1785394309519,8938,
serial:COM8/motor_raw,1622498,1785394309521,8939,
serial:COM8/motor_raw,1622500,1785394309524,8936,
serial:COM8/motor_raw,1622502,1785394309526,8936,
serial:COM8/motor_raw,1622504,1785394309527,8937,
serial:COM8/motor_raw,1622506,1785394309529,8936,
serial:COM8/motor_raw,1622508,1785394309531,8938,
serial:COM8/motor_raw,1622510,1785394309534,8937,
serial:COM8/motor_raw,1622512,1785394309536,8938,
serial:COM8/motor_raw,1622514,1785394309537,8938,
serial:COM8/motor_raw,1622516,1785394309539,8940,
serial:COM8/motor_raw,1622518,1785394309541,8937,
serial:COM8/motor_raw,1622520,1785394309544,8937,
serial:COM8/motor_raw,1622522,1785394309546,8936,
serial:COM8/motor_raw,1622524,1785394309547,8937,
serial:COM8/motor_raw,1622526,1785394309549,8935,
serial:COM8/motor_raw,1622528,1785394309551,8937,
serial:COM8/motor_raw,1622530,1785394309554,8935,
serial:COM8/motor_raw,1622532,1785394309558,8935,
serial:COM8/motor_raw,1622534,1785394309558,8938,
serial:COM8/motor_raw,1622536,1785394309559,8936,
serial:COM8/motor_raw,1622538,1785394309561,8936,
serial:COM8/motor_raw,1622540,1785394309564,8937,
serial:COM8/motor_raw,1622542,1785394309565,8935,
serial:COM8/motor_raw,1622544,1785394309567,8938,
serial:COM8/motor_raw,1622546,1785394309569,8936,
serial:COM8/motor_raw,1622548,1785394309571,8937,
serial:COM8/motor_raw,1622550,1785394309574,8938,
serial:COM8/motor_raw,1622552,1785394309576,8937,
serial:COM8/motor_raw,1622554,1785394309577,8935,
serial:COM8/motor_raw,1622556,1785394309579,8937,
serial:COM8/motor_raw,1622558,1785394309581,8937,
serial:COM8/motor_raw,1622560,1785394309584,8936,
serial:COM8/motor_raw,1622562,1785394309585,8937,
serial:COM8/motor_raw,1622564,1785394309587,8937,
serial:COM8/motor_raw,1622566,1785394309589,8936,
serial:COM8/motor_raw,1622568,1785394309591,8935,
serial:COM8/motor_raw,1622570,1785394309594,8936,
serial:COM8/motor_raw,1622572,1785394309595,8939,
serial:COM8/motor_raw,1622574,1785394309597,8936,
serial:COM8/motor_raw,1622576,1785394309599,8936,
serial:COM8/motor_raw,1622578,1785394309601,8937,
serial:COM8/motor_raw,1622580,1785394309604,8936,
serial:COM8/motor_raw,1622582,1785394309606,8937,
serial:COM8/motor_raw,1622584,1785394309607,8937,
serial:COM8/motor_raw,1622586,1785394309609,8938,
serial:COM8/motor_raw,1622588,1785394309611,8937,
serial:COM8/motor_raw,1622590,1785394309614,8938,
serial:COM8/motor_raw,1622592,1785394309616,8938,
serial:COM8/motor_raw,1622594,1785394309617,8935,
serial:COM8/motor_raw,1622596,1785394309619,8938,
serial:COM8/motor_raw,1622598,1785394309621,8938,
serial:COM8/motor_raw,1622600,1785394309624,8937,
serial:COM8/motor_raw,1622602,1785394309625,8937,
serial:COM8/motor_raw,1622604,1785394309627,8935,
serial:COM8/motor_raw,1622606,1785394309629,8938,
serial:COM8/motor_raw,1622608,1785394309631,8935,
serial:COM8/motor_raw,1622610,1785394309634,8936,
serial:COM8/motor_raw,1622612,1785394309635,8938,
serial:COM8/motor_raw,1622614,1785394309637,8936,
serial:COM8/motor_raw,1622616,1785394309639,8941,
serial:COM8/motor_raw,1622618,1785394309641,8937,
serial:COM8/motor_raw,1622620,1785394309644,8935,
serial:COM8/motor_raw,1622622,1785394309645,8936,
serial:COM8/motor_raw,1622624,1785394309647,8934,
serial:COM8/motor_raw,1622626,1785394309649,8937,
serial:COM8/motor_raw,1622628,1785394309651,8939,
serial:COM8/motor_raw,1622630,1785394309654,8939,
serial:COM8/motor_raw,1622632,1785394309656,8938,
serial:COM8/motor_raw,1622634,1785394309657,8935,
serial:COM8/motor_raw,1622636,1785394309659,8935,
serial:COM8/motor_raw,1622638,1785394309661,8938,
serial:COM8/motor_raw,1622640,1785394309664,8939,
serial:COM8/motor_raw,1622642,1785394309665,8940,
serial:COM8/motor_raw,1622644,1785394309667,8939,
serial:COM8/motor_raw,1622646,1785394309669,8939,
serial:COM8/motor_raw,1622648,1785394309671,8937,
serial:COM8/motor_raw,1622650,1785394309674,8937,
serial:COM8/motor_raw,1622652,1785394309675,8938,
serial:COM8/motor_raw,1622654,1785394309677,8939,
serial:COM8/motor_raw,1622656,1785394309679,8937,
serial:COM8/motor_raw,1622658,1785394309681,8936,
serial:COM8/motor_raw,1622660,1785394309684,8935,
serial:COM8/motor_raw,1622662,1785394309685,8939,
serial:COM8/motor_raw,1622664,1785394309687,8936,
serial:COM8/motor_raw,1622666,1785394309689,8935,
serial:COM8/motor_raw,1622668,1785394309691,8938,
serial:COM8/motor_raw,1622670,1785394309694,8937,
serial:COM8/motor_raw,1622672,1785394309695,8938,
serial:COM8/motor_raw,1622674,1785394309697,8935,
serial:COM8/motor_raw,1622676,1785394309699,8938,
serial:COM8/motor_raw,1622678,1785394309701,8937,
serial:COM8/motor_raw,1622680,1785394309704,8937,
serial:COM8/motor_raw,1622682,1785394309705,8942,
serial:COM8/motor_raw,1622684,1785394309707,8937,
serial:COM8/motor_raw,1622686,1785394309709,8937,
serial:COM8/motor_raw,1622688,1785394309711,8938,
serial:COM8/motor_raw,1622690,1785394309714,8936,
serial:COM8/motor_raw,1622692,1785394309715,8937,
serial:COM8/motor_raw,1622694,1785394309717,8935,
serial:COM8/motor_raw,1622696,1785394309719,8937,
serial:COM8/motor_raw,1622698,1785394309721,8936,
serial:COM8/motor_raw,1622700,1785394309724,8937,
serial:COM8/motor_raw,1622702,1785394309725,8938,
serial:COM8/motor_raw,1622704,1785394309727,8937,
serial:COM8/motor_raw,1622706,1785394309729,8938,
serial:COM8/motor_raw,1622708,1785394309731,8937,
serial:COM8/motor_raw,1622710,1785394309734,8936,
serial:COM8/motor_raw,1622712,1785394309735,8936,
serial:COM8/motor_raw,1622714,1785394309737,8937,
serial:COM8/motor_raw,1622716,1785394309739,8939,
serial:COM8/motor_raw,1622718,1785394309741,8938,
serial:COM8/motor_raw,1622720,1785394309744,8939,
serial:COM8/motor_raw,1622722,1785394309745,8938,
serial:COM8/motor_raw,1622724,1785394309747,8936,
serial:COM8/motor_raw,1622726,1785394309749,8938,
serial:COM8/motor_raw,1622728,1785394309751,8937,
serial:COM8/motor_raw,1622730,1785394309754,8938,
serial:COM8/motor_raw,1622732,1785394309758,8936,
serial:COM8/motor_raw,1622734,1785394309758,8939,
serial:COM8/motor_raw,1622736,1785394309759,8938,
serial:COM8/motor_raw,1622738,1785394309761,8940,
serial:COM8/motor_raw,1622740,1785394309764,8939,
serial:COM8/motor_raw,1622742,1785394309765,8937,
serial:COM8/motor_raw,1622744,1785394309767,8936,
serial:COM8/motor_raw,1622746,1785394309769,8937,
serial:COM8/motor_raw,1622748,1785394309771,8938,
serial:COM8/motor_raw,1622750,1785394309774,8937,
serial:COM8/motor_raw,1622752,1785394309775,8937,
serial:COM8/motor_raw,1622754,1785394309777,8937,
serial:COM8/motor_raw,1622756,1785394309779,8937,
serial:COM8/motor_raw,1622758,1785394309781,8936,
serial:COM8/motor_raw,1622760,1785394309784,8940,
serial:COM8/motor_raw,1622762,1785394309785,8935,
serial:COM8/motor_raw,1622764,1785394309787,8937,
serial:COM8/motor_raw,1622766,1785394309789,8937,
serial:COM8/motor_raw,1622768,1785394309791,8935,
serial:COM8/motor_raw,1622770,1785394309794,8938,
serial:COM8/motor_raw,1622772,1785394309795,8936,
serial:COM8/motor_raw,1622774,1785394309797,8938,
serial:COM8/motor_raw,1622776,1785394309799,8936,
serial:COM8/motor_raw,1622778,1785394309801,8938,
serial:COM8/motor_raw,1622780,1785394309804,8939,
serial:COM8/motor_raw,1622782,1785394309805,8938,
serial:COM8/motor_raw,1622784,1785394309807,8937,
serial:COM8/motor_raw,1622786,1785394309809,8937,
serial:COM8/motor_raw,1622788,1785394309811,8938,
serial:COM8/motor_raw,1622790,1785394309814,8937,
serial:COM8/motor_raw,1622792,1785394309815,8939,
serial:COM8/motor_raw,1622794,1785394309817,8936,
serial:COM8/motor_raw,1622796,1785394309819,8938,
serial:COM8/motor_raw,1622798,1785394309821,8938,
serial:COM8/motor_raw,1622800,1785394309824,8937,
serial:COM8/motor_raw,1622802,1785394309826,8936,
serial:COM8/motor_raw,1622804,1785394309827,8937,
serial:COM8/motor_raw,1622806,1785394309829,8936,
serial:COM8/motor_raw,1622808,1785394309831,8939,
serial:COM8/motor_raw,1622810,1785394309834,8936,
serial:COM8/motor_raw,1622812,1785394309835,8936,
serial:COM8/motor_raw,1622814,1785394309837,8938,
serial:COM8/motor_raw,1622816,1785394309839,8937,
serial:COM8/motor_raw,1622818,1785394309841,8934,
serial:COM8/motor_raw,1622820,1785394309844,8935,
serial:COM8/motor_raw,1622822,1785394309845,8938,
serial:COM8/motor_raw,1622824,1785394309847,8940,
serial:COM8/motor_raw,1622826,1785394309849,8936,
serial:COM8/motor_raw,1622828,1785394309851,8939,
serial:COM8/motor_raw,1622830,1785394309854,8936,
serial:COM8/motor_raw,1622832,1785394309855,8937,
serial:COM8/motor_raw,1622834,1785394309857,8935,
serial:COM8/motor_raw,1622836,1785394309859,8937,
serial:COM8/motor_raw,1622838,1785394309861,8934,
serial:COM8/motor_raw,1622840,1785394309864,8937,
serial:COM8/motor_raw,1622842,1785394309866,8936,
serial:COM8/motor_raw,1622844,1785394309867,8935,
serial:COM8/motor_raw,1622846,1785394309869,8935,
serial:COM8/motor_raw,1622848,1785394309871,8935,
serial:COM8/motor_raw,1622850,1785394309874,8939,
serial:COM8/motor_raw,1622852,1785394309875,8937,
serial:COM8/motor_raw,1622854,1785394309877,8939,
serial:COM8/motor_raw,1622856,1785394309879,8938,
serial:COM8/motor_raw,1622858,1785394309881,8937,
serial:COM8/motor_raw,1622860,1785394309884,8935,
serial:COM8/motor_raw,1622862,1785394309885,8936,
serial:COM8/motor_raw,1622864,1785394309887,8938,
serial:COM8/motor_raw,1622866,1785394309889,8938,
serial:COM8/motor_raw,1622868,1785394309891,8938,
serial:COM8/motor_raw,1622870,1785394309894,8937,
serial:COM8/motor_raw,1622872,1785394309895,8936,
serial:COM8/motor_raw,1622874,1785394309897,8935,
serial:COM8/motor_raw,1622876,1785394309899,8936,
serial:COM8/motor_raw,1622878,1785394309901,8937,
serial:COM8/motor_raw,1622880,1785394309904,8937,
serial:COM8/motor_raw,1622882,1785394309905,8939,
serial:COM8/motor_raw,1622884,1785394309907,8939,
serial:COM8/motor_raw,1622886,1785394309909,8938,
serial:COM8/motor_raw,1622888,1785394309911,8938,
serial:COM8/motor_raw,1622890,1785394309914,8939,
serial:COM8/motor_raw,1622892,1785394309915,8935,
serial:COM8/motor_raw,1622894,1785394309917,8936,
serial:COM8/motor_raw,1622896,1785394309919,8939,
serial:COM8/motor_raw,1622898,1785394309921,8937,
serial:COM8/motor_raw,1622900,1785394309924,8938,
serial:COM8/motor_raw,1622902,1785394309925,8938,
serial:COM8/motor_raw,1622904,1785394309927,8935,
serial:COM8/motor_raw,1622906,1785394309929,8935,
serial:COM8/motor_raw,1622908,1785394309931,8937,
serial:COM8/motor_raw,1622910,1785394309934,8939,
serial:COM8/motor_raw,1622912,1785394309935,8938,
serial:COM8/motor_raw,1622914,1785394309937,8941,
serial:COM8/motor_raw,1622916,1785394309939,8937,
serial:COM8/motor_raw,1622918,1785394309941,8937,
serial:COM8/motor_raw,1622920,1785394309944,8940,
serial:COM8/motor_raw,1622922,1785394309945,8939,
serial:COM8/motor_raw,1622924,1785394309947,8937,
serial:COM8/motor_raw,1622926,1785394309949,8937,
serial:COM8/motor_raw,1622928,1785394309951,8938,
serial:COM8/motor_raw,1622930,1785394309954,8935,
serial:COM8/motor_raw,1622932,1785394309958,8936,
serial:COM8/motor_raw,1622934,1785394309958,8936,
serial:COM8/motor_raw,1622936,1785394309959,8937,
serial:COM8/motor_raw,1622938,1785394309961,8937,
serial:COM8/motor_raw,1622940,1785394309964,8935,
serial:COM8/motor_raw,1622942,1785394309966,8936,
serial:COM8/motor_raw,1622944,1785394309967,8939,
serial:COM8/motor_raw,1622946,1785394309969,8938,
serial:COM8/motor_raw,1622948,1785394309971,8941,
serial:COM8/motor_raw,1622950,1785394309974,8939,
serial:COM8/motor_raw,1622952,1785394309976,8934,
serial:COM8/motor_raw,1622954,1785394309977,8938,
serial:COM8/motor_raw,1622956,1785394309979,8938,
serial:COM8/motor_raw,1622958,1785394309981,8938,
serial:COM8/motor_raw,1622960,1785394309984,8936,
serial:COM8/motor_raw,1622962,1785394309985,8938,
serial:COM8/motor_raw,1622964,1785394309987,8936,
serial:COM8/motor_raw,1622966,1785394309989,8938,
serial:COM8/motor_raw,1622968,1785394309991,8933,
serial:COM8/motor_raw,1622970,1785394309994,8937,
serial:COM8/motor_raw,1622972,1785394309996,8936,
serial:COM8/motor_raw,1622974,1785394309997,8938,
serial:COM8/motor_raw,1622976,1785394309999,8937,
serial:COM8/motor_raw,1622978,1785394310001,8938,
serial:COM8/motor_raw,1622980,1785394310004,8935,
serial:COM8/motor_raw,1622982,1785394310005,8937,
serial:COM8/motor_raw,1622984,1785394310007,8937,
serial:COM8/motor_raw,1622986,1785394310009,8937,
serial:COM8/motor_raw,1622988,1785394310011,8935,
serial:COM8/motor_raw,1622990,1785394310014,8939,
serial:COM8/motor_raw,1622992,1785394310016,8937,
serial:COM8/motor_raw,1622994,1785394310017,8935,
serial:COM8/motor_raw,1622996,1785394310019,8936,
serial:COM8/motor_raw,1622998,1785394310021,8937,
serial:COM8/motor_raw,1623000,1785394310024,8937,
serial:COM8/motor_raw,1623002,1785394310026,8940,
serial:COM8/motor_raw,1623004,1785394310027,8938,
serial:COM8/motor_raw,1623006,1785394310029,8938,
serial:COM8/motor_raw,1623008,1785394310031,8937,
serial:COM8/motor_raw,1623010,1785394310034,8936,
serial:COM8/motor_raw,1623012,1785394310035,8936,
serial:COM8/motor_raw,1623014,1785394310037,8938,
serial:COM8/motor_raw,1623016,1785394310039,8937,
serial:COM8/motor_raw,1623018,1785394310041,8938,
serial:COM8/motor_raw,1623020,1785394310044,8938,
serial:COM8/motor_raw,1623022,1785394310045,8937,
serial:COM8/motor_raw,1623024,1785394310047,8940,
serial:COM8/motor_raw,1623026,1785394310049,8941,
serial:COM8/motor_raw,1623028,1785394310051,8937,
serial:COM8/motor_raw,1623030,1785394310054,8937,
serial:COM8/motor_raw,1623032,1785394310055,8939,
serial:COM8/motor_raw,1623034,1785394310057,8939,
serial:COM8/motor_raw,1623036,1785394310059,8937,
serial:COM8/motor_raw,1623038,1785394310061,8940,
serial:COM8/motor_raw,1623040,1785394310064,8936,
serial:COM8/motor_raw,1623042,1785394310065,8937,
serial:COM8/motor_raw,1623044,1785394310067,8938,
serial:COM8/motor_raw,1623046,1785394310069,8938,
serial:COM8/motor_raw,1623048,1785394310071,8937,
serial:COM8/motor_raw,1623050,1785394310074,8935,
serial:COM8/motor_raw,1623052,1785394310076,8937,
serial:COM8/motor_raw,1623054,1785394310077,8937,
serial:COM8/motor_raw,1623056,1785394310079,8937,
serial:COM8/motor_raw,1623058,1785394310081,8938,
serial:COM8/motor_raw,1623060,1785394310084,8936,
serial:COM8/motor_raw,1623062,1785394310086,8939,
serial:COM8/motor_raw,1623064,1785394310087,8936,
serial:COM8/motor_raw,1623066,1785394310089,8938,
serial:COM8/motor_raw,1623068,1785394310091,8940,
serial:COM8/motor_raw,1623070,1785394310094,8939,
serial:COM8/motor_raw,1623072,1785394310096,8934,
serial:COM8/motor_raw,1623074,1785394310097,8939,
serial:COM8/motor_raw,1623076,1785394310099,8937,
serial:COM8/motor_raw,1623078,1785394310101,8939,
serial:COM8/motor_raw,1623080,1785394310104,8936,
serial:COM8/motor_raw,1623082,1785394310106,8939,
serial:COM8/motor_raw,1623084,1785394310107,8936,
serial:COM8/motor_raw,1623086,1785394310109,8937,
serial:COM8/motor_raw,1623088,1785394310111,8938,
serial:COM8/motor_raw,1623090,1785394310114,8935,
serial:COM8/motor_raw,1623092,1785394310116,8935,
serial:COM8/motor_raw,1623094,1785394310117,8936,
serial:COM8/motor_raw,1623096,1785394310119,8936,
serial:COM8/motor_raw,1623098,1785394310121,8935,
serial:COM8/motor_raw,1623100,1785394310124,8938,
serial:COM8/motor_raw,1623102,1785394310126,8935,
serial:COM8/motor_raw,1623104,1785394310127,8936,
serial:COM8/motor_raw,1623106,1785394310129,8940,
serial:COM8/motor_raw,1623108,1785394310131,8939,
serial:COM8/motor_raw,1623110,1785394310134,8937,
serial:COM8/motor_raw,1623112,1785394310136,8937,
serial:COM8/motor_raw,1623114,1785394310137,8936,
serial:COM8/motor_raw,1623116,1785394310139,8936,
serial:COM8/motor_raw,1623118,1785394310141,8937,
serial:COM8/motor_raw,1623120,1785394310144,8936,
serial:COM8/motor_raw,1623122,1785394310146,8937,
serial:COM8/motor_raw,1623124,1785394310147,8938,
serial:COM8/motor_raw,1623126,1785394310149,8938,
serial:COM8/motor_raw,1623128,1785394310151,8940,
serial:COM8/motor_raw,1623130,1785394310154,8938,
serial:COM8/motor_raw,1623132,1785394310158,8936,
serial:COM8/motor_raw,1623134,1785394310158,8937,
serial:COM8/motor_raw,1623136,1785394310159,8936,
serial:COM8/motor_raw,1623138,1785394310161,8937,
serial:COM8/motor_raw,1623140,1785394310164,8939,
serial:COM8/motor_raw,1623142,1785394310166,8939,
serial:COM8/motor_raw,1623144,1785394310167,8938,
serial:COM8/motor_raw,1623146,1785394310169,8936,
serial:COM8/motor_raw,1623148,1785394310171,8937,
serial:COM8/motor_raw,1623150,1785394310174,8939,
serial:COM8/motor_raw,1623152,1785394310176,8937,
serial:COM8/motor_raw,1623154,1785394310177,8938,
serial:COM8/motor_raw,1623156,1785394310179,8938,
serial:COM8/motor_raw,1623158,1785394310181,8939,
serial:COM8/motor_raw,1623160,1785394310184,8936,
serial:COM8/motor_raw,1623162,1785394310186,8937,
serial:COM8/motor_raw,1623164,1785394310187,8939,
serial:COM8/motor_raw,1623166,1785394310189,8937,
serial:COM8/motor_raw,1623168,1785394310191,8938,
serial:COM8/motor_raw,1623170,1785394310194,8938,
serial:COM8/motor_raw,1623172,1785394310196,8936,
serial:COM8/motor_raw,1623174,1785394310197,8936,
serial:COM8/motor_raw,1623176,1785394310199,8936,
serial:COM8/motor_raw,1623178,1785394310201,8936,
serial:COM8/motor_raw,1623180,1785394310204,8936,
serial:COM8/motor_raw,1623182,1785394310206,8936,
serial:COM8/motor_raw,1623184,1785394310207,8939,
serial:COM8/motor_raw,1623186,1785394310209,8936,
serial:COM8/motor_raw,1623188,1785394310211,8939,
serial:COM8/motor_raw,1623190,1785394310214,8935,
serial:COM8/motor_raw,1623192,1785394310216,8937,
serial:COM8/motor_raw,1623194,1785394310217,8935,
serial:COM8/motor_raw,1623196,1785394310219,8937,
serial:COM8/motor_raw,1623198,1785394310221,8937,
serial:COM8/motor_raw,1623200,1785394310224,8937,
serial:COM8/motor_raw,1623202,1785394310226,8938,
serial:COM8/motor_raw,1623204,1785394310227,8937,
serial:COM8/motor_raw,1623206,1785394310229,8939,
serial:COM8/motor_raw,1623208,1785394310231,8937,
serial:COM8/motor_raw,1623210,1785394310234,8939,
serial:COM8/motor_raw,1623212,1785394310236,8934,
serial:COM8/motor_raw,1623214,1785394310237,8938,
serial:COM8/motor_raw,1623216,1785394310239,8938,
serial:COM8/motor_raw,1623218,1785394310241,8937,
serial:COM8/motor_raw,1623220,1785394310244,8937,
serial:COM8/motor_raw,1623222,1785394310246,8936,
serial:COM8/motor_raw,1623224,1785394310247,8935,
serial:COM8/motor_raw,1623226,1785394310249,8936,
serial:COM8/motor_raw,1623228,1785394310251,8939,
serial:COM8/motor_raw,1623230,1785394310254,8935,
serial:COM8/motor_raw,1623232,1785394310256,8937,
serial:COM8/motor_raw,1623234,1785394310257,8937,
serial:COM8/motor_raw,1623236,1785394310259,8938,
serial:COM8/motor_raw,1623238,1785394310261,8939,
serial:COM8/motor_raw,1623240,1785394310264,8937,
serial:COM8/motor_raw,1623242,1785394310266,8937,
serial:COM8/motor_raw,1623244,1785394310267,8936,
serial:COM8/motor_raw,1623246,1785394310269,8936,
serial:COM8/motor_raw,1623248,1785394310271,8938,
serial:COM8/motor_raw,1623250,1785394310274,8937,
serial:COM8/motor_raw,1623252,1785394310276,8940,
serial:COM8/motor_raw,1623254,1785394310277,8940,
serial:COM8/motor_raw,1623256,1785394310279,8936,
serial:COM8/motor_raw,1623258,1785394310281,8937,
serial:COM8/motor_raw,1623260,1785394310284,8937,
serial:COM8/motor_raw,1623262,1785394310286,8937,
serial:COM8/motor_raw,1623264,1785394310287,8936,
serial:COM8/motor_raw,1623266,1785394310289,8937,
serial:COM8/motor_raw,1623268,1785394310291,8935,
serial:COM8/motor_raw,1623270,1785394310294,8935,
serial:COM8/motor_raw,1623272,1785394310296,8936,
serial:COM8/motor_raw,1623274,1785394310297,8935,
serial:COM8/motor_raw,1623276,1785394310299,8936,
serial:COM8/motor_raw,1623278,1785394310301,8939,
serial:COM8/motor_raw,1623280,1785394310304,8939,
serial:COM8/motor_raw,1623282,1785394310306,8938,
serial:COM8/motor_raw,1623284,1785394310307,8936,
serial:COM8/motor_raw,1623286,1785394310309,8937,
serial:COM8/motor_raw,1623288,1785394310311,8937,
serial:COM8/motor_raw,1623290,1785394310314,8934,
serial:COM8/motor_raw,1623292,1785394310316,8937,
serial:COM8/motor_raw,1623294,1785394310317,8940,
serial:COM8/motor_raw,1623296,1785394310319,8941,
serial:COM8/motor_raw,1623298,1785394310321,8938,
serial:COM8/motor_raw,1623300,1785394310324,8939,
serial:COM8/motor_raw,1623302,1785394310326,8937,
serial:COM8/motor_raw,1623304,1785394310327,8935,
serial:COM8/motor_raw,1623306,1785394310329,8938,
serial:COM8/motor_raw,1623308,1785394310331,8937,
serial:COM8/motor_raw,1623310,1785394310334,8936,
serial:COM8/motor_raw,1623312,1785394310336,8937,
serial:COM8/motor_raw,1623314,1785394310337,8937,
serial:COM8/motor_raw,1623316,1785394310339,8935,
serial:COM8/motor_raw,1623318,1785394310341,8936,
serial:COM8/motor_raw,1623320,1785394310344,8939,
serial:COM8/motor_raw,1623322,1785394310346,8938,
serial:COM8/motor_raw,1623324,1785394310347,8938,
serial:COM8/motor_raw,1623326,1785394310349,8937,
serial:COM8/motor_raw,1623328,1785394310351,8939,
serial:COM8/motor_raw,1623330,1785394310354,8937,
serial:COM8/motor_raw,1623332,1785394310358,8938,
serial:COM8/motor_raw,1623334,1785394310358,8937,
serial:COM8/motor_raw,1623336,1785394310359,8936,
serial:COM8/motor_raw,1623338,1785394310361,8938,
serial:COM8/motor_raw,1623340,1785394310364,8938,
serial:COM8/motor_raw,1623342,1785394310366,8939,
serial:COM8/motor_raw,1623344,1785394310367,8937,
serial:COM8/motor_raw,1623346,1785394310369,8934,
serial:COM8/motor_raw,1623348,1785394310371,8935,
serial:COM8/motor_raw,1623350,1785394310374,8937,
serial:COM8/motor_raw,1623352,1785394310376,8936,
serial:COM8/motor_raw,1623354,1785394310377,8937,
serial:COM8/motor_raw,1623356,1785394310380,8938,
serial:COM8/motor_raw,1623358,1785394310381,8935,
serial:COM8/motor_raw,1623360,1785394310384,8936,
serial:COM8/motor_raw,1623362,1785394310386,8937,
serial:COM8/motor_raw,1623364,1785394310387,8937,
serial:COM8/motor_raw,1623366,1785394310389,8935,
serial:COM8/motor_raw,1623368,1785394310391,8937,
serial:COM8/motor_raw,1623370,1785394310394,8935,
serial:COM8/motor_raw,1623372,1785394310396,8937,
serial:COM8/motor_raw,1623374,1785394310397,8936,
serial:COM8/motor_raw,1623376,1785394310399,8938,
serial:COM8/motor_raw,1623378,1785394310401,8934,
serial:COM8/motor_raw,1623380,1785394310404,8940,
serial:COM8/motor_raw,1623382,1785394310406,8936,
serial:COM8/motor_raw,1623384,1785394310407,8936,
serial:COM8/motor_raw,1623386,1785394310409,8940,
serial:COM8/motor_raw,1623388,1785394310412,8937,
serial:COM8/motor_raw,1623390,1785394310414,8937,
serial:COM8/motor_raw,1623392,1785394310416,8935,
serial:COM8/motor_raw,1623394,1785394310417,8936,
serial:COM8/motor_raw,1623396,1785394310419,8940,
serial:COM8/motor_raw,1623398,1785394310421,8936,
serial:COM8/motor_raw,1623400,1785394310424,8938,
serial:COM8/motor_raw,1623402,1785394310426,8934,
serial:COM8/motor_raw,1623404,1785394310427,8937,
serial:COM8/motor_raw,1623406,1785394310429,8941,
serial:COM8/motor_raw,1623408,1785394310431,8935,
serial:COM8/motor_raw,1623410,1785394310434,8939,
serial:COM8/motor_raw,1623412,1785394310436,8936,
serial:COM8/motor_raw,1623414,1785394310437,8935,
serial:COM8/motor_raw,1623416,1785394310439,8936,
serial:COM8/motor_raw,1623418,1785394310441,8935,
serial:COM8/motor_raw,1623420,1785394310444,8936,
serial:COM8/motor_raw,1623422,1785394310446,8936,
serial:COM8/motor_raw,1623424,1785394310447,8938,
serial:COM8/motor_raw,1623426,1785394310449,8938,
serial:COM8/motor_raw,1623428,1785394310451,8936,
serial:COM8/motor_raw,1623430,1785394310454,8938,
serial:COM8/motor_raw,1623432,1785394310456,8938,
serial:COM8/motor_raw,1623434,1785394310457,8936,
serial:COM8/motor_raw,1623436,1785394310459,8938,
serial:COM8/motor_raw,1623438,1785394310461,8936,
serial:COM8/motor_raw,1623440,1785394310464,8938,
serial:COM8/motor_raw,1623442,1785394310466,8933,
serial:COM8/motor_raw,1623444,1785394310467,8935,
serial:COM8/motor_raw,1623446,1785394310469,8935,
serial:COM8/motor_raw,1623448,1785394310471,8940,
serial:COM8/motor_raw,1623450,1785394310474,8936,
serial:COM8/motor_raw,1623452,1785394310476,8937,
serial:COM8/motor_raw,1623454,1785394310477,8938,
serial:COM8/motor_raw,1623456,1785394310479,8937,
serial:COM8/motor_raw,1623458,1785394310481,8936,
serial:COM8/motor_raw,1623460,1785394310484,8938,
serial:COM8/motor_raw,1623462,1785394310486,8935,
serial:COM8/motor_raw,1623464,1785394310487,8935,
serial:COM8/motor_raw,1623466,1785394310489,8939,
serial:COM8/motor_raw,1623468,1785394310491,8938,
serial:COM8/motor_raw,1623470,1785394310494,8936,
serial:COM8/motor_raw,1623472,1785394310496,8938,
serial:COM8/motor_raw,1623474,1785394310497,8939,
serial:COM8/motor_raw,1623476,1785394310499,8937,
serial:COM8/motor_raw,1623478,1785394310501,8936,
serial:COM8/motor_raw,1623480,1785394310504,8940,
serial:COM8/motor_raw,1623482,1785394310506,8937,
serial:COM8/motor_raw,1623484,1785394310507,8936,
serial:COM8/motor_raw,1623486,1785394310509,8938,
serial:COM8/motor_raw,1623488,1785394310512,8940,
serial:COM8/motor_raw,1623490,1785394310514,8940,
serial:COM8/motor_raw,1623492,1785394310516,8937,
serial:COM8/motor_raw,1623494,1785394310517,8938,
serial:COM8/motor_raw,1623496,1785394310519,8936,
serial:COM8/motor_raw,1623498,1785394310521,8935,
serial:COM8/motor_raw,1623500,1785394310524,8937,
serial:COM8/motor_raw,1623502,1785394310526,8936,
serial:COM8/motor_raw,1623504,1785394310527,8939,
serial:COM8/motor_raw,1623506,1785394310529,8937,
serial:COM8/motor_raw,1623508,1785394310531,8936,
serial:COM8/motor_raw,1623510,1785394310534,8937,
serial:COM8/motor_raw,1623512,1785394310536,8938,
serial:COM8/motor_raw,1623514,1785394310537,8937,
serial:COM8/motor_raw,1623516,1785394310539,8937,
serial:COM8/motor_raw,1623518,1785394310541,8937,
serial:COM8/motor_raw,1623520,1785394310544,8937,
serial:COM8/motor_raw,1623522,1785394310546,8940,
serial:COM8/motor_raw,1623524,1785394310547,8937,
serial:COM8/motor_raw,1623526,1785394310549,8936,
serial:COM8/motor_raw,1623528,1785394310551,8938,
serial:COM8/motor_raw,1623530,1785394310554,8937,
serial:COM8/motor_raw,1623532,1785394310558,8938,
serial:COM8/motor_raw,1623534,1785394310558,8937,
serial:COM8/motor_raw,1623536,1785394310559,8939,
serial:COM8/motor_raw,1623538,1785394310561,8937,
serial:COM8/motor_raw,1623540,1785394310564,8938,
serial:COM8/motor_raw,1623542,1785394310566,8938,
serial:COM8/motor_raw,1623544,1785394310567,8940,
serial:COM8/motor_raw,1623546,1785394310569,8935,
serial:COM8/motor_raw,1623548,1785394310571,8939,
serial:COM8/motor_raw,1623550,1785394310574,8936,
serial:COM8/motor_raw,1623552,1785394310576,8939,
serial:COM8/motor_raw,1623554,1785394310577,8937,
serial:COM8/motor_raw,1623556,1785394310579,8939,
serial:COM8/motor_raw,1623558,1785394310581,8936,
serial:COM8/motor_raw,1623560,1785394310584,8938,
serial:COM8/motor_raw,1623562,1785394310586,8935,
serial:COM8/motor_raw,1623564,1785394310587,8936,
serial:COM8/motor_raw,1623566,1785394310589,8936,
serial:COM8/motor_raw,1623568,1785394310591,8938,
serial:COM8/motor_raw,1623570,1785394310594,8940,
serial:COM8/motor_raw,1623572,1785394310596,8937,
serial:COM8/motor_raw,1623574,1785394310597,8935,
serial:COM8/motor_raw,1623576,1785394310599,8940,
serial:COM8/motor_raw,1623578,1785394310601,8939,
serial:COM8/motor_raw,1623580,1785394310604,8939,
serial:COM8/motor_raw,1623582,1785394310606,8936,
serial:COM8/motor_raw,1623584,1785394310607,8936,
serial:COM8/motor_raw,1623586,1785394310609,8938,
serial:COM8/motor_raw,1623588,1785394310611,8938,
serial:COM8/motor_raw,1623590,1785394310614,8937,
serial:COM8/motor_raw,1623592,1785394310616,8938,
serial:COM8/motor_raw,1623594,1785394310617,8938,
serial:COM8/motor_raw,1623596,1785394310619,8938,
serial:COM8/motor_raw,1623598,1785394310621,8938,
serial:COM8/motor_raw,1623600,1785394310624,8938,
serial:COM8/motor_raw,1623602,1785394310626,8938,
serial:COM8/motor_raw,1623604,1785394310627,8939,
serial:COM8/motor_raw,1623606,1785394310630,8936,
serial:COM8/motor_raw,1623608,1785394310631,8936,
serial:COM8/motor_raw,1623610,1785394310634,8935,
serial:COM8/motor_raw,1623612,1785394310636,8937,
serial:COM8/motor_raw,1623614,1785394310637,8937,
serial:COM8/motor_raw,1623616,1785394310639,8937,
serial:COM8/motor_raw,1623618,1785394310641,8937,
serial:COM8/motor_raw,1623620,1785394310644,8938,
serial:COM8/motor_raw,1623622,1785394310646,8939,
serial:COM8/motor_raw,1623624,1785394310647,8937,
serial:COM8/motor_raw,1623626,1785394310649,8937,
serial:COM8/motor_raw,1623628,1785394310651,8937,
serial:COM8/motor_raw,1623630,1785394310654,8936,
serial:COM8/motor_raw,1623632,1785394310656,8939,
serial:COM8/motor_raw,1623634,1785394310657,8937,
serial:COM8/motor_raw,1623636,1785394310659,8937,
serial:COM8/motor_raw,1623638,1785394310661,8940,
serial:COM8/motor_raw,1623640,1785394310664,8938,
serial:COM8/motor_raw,1623642,1785394310666,8937,
serial:COM8/motor_raw,1623644,1785394310667,8940,
serial:COM8/motor_raw,1623646,1785394310669,8935,
serial:COM8/motor_raw,1623648,1785394310671,8938,
serial:COM8/motor_raw,1623650,1785394310674,8936,
serial:COM8/motor_raw,1623652,1785394310676,8935,
serial:COM8/motor_raw,1623654,1785394310677,8935,
serial:COM8/motor_raw,1623656,1785394310679,8936,
serial:COM8/motor_raw,1623658,1785394310681,8937,
serial:COM8/motor_raw,1623660,1785394310684,8939,
serial:COM8/motor_raw,1623662,1785394310686,8937,
serial:COM8/motor_raw,1623664,1785394310687,8939,
serial:COM8/motor_raw,1623666,1785394310689,8938,
serial:COM8/motor_raw,1623668,1785394310691,8938,
serial:COM8/motor_raw,1623670,1785394310694,8938,
serial:COM8/motor_raw,1623672,1785394310696,8935,
serial:COM8/motor_raw,1623674,1785394310697,8938,
serial:COM8/motor_raw,1623676,1785394310699,8938,
serial:COM8/motor_raw,1623678,1785394310701,8937,
serial:COM8/motor_raw,1623680,1785394310704,8935,
serial:COM8/motor_raw,1623682,1785394310706,8938,
serial:COM8/motor_raw,1623684,1785394310707,8938,
serial:COM8/motor_raw,1623686,1785394310709,8935,
serial:COM8/motor_raw,1623688,1785394310711,8936,
serial:COM8/motor_raw,1623690,1785394310714,8938,
serial:COM8/motor_raw,1623692,1785394310716,8936,
serial:COM8/motor_raw,1623694,1785394310717,8935,
serial:COM8/motor_raw,1623696,1785394310719,8937,
serial:COM8/motor_raw,1623698,1785394310721,8938,
serial:COM8/motor_raw,1623700,1785394310724,8938,
serial:COM8/motor_raw,1623702,1785394310726,8937,
serial:COM8/motor_raw,1623704,1785394310727,8936,
serial:COM8/motor_raw,1623706,1785394310729,8939,
serial:COM8/motor_raw,1623708,1785394310731,8936,
serial:COM8/motor_raw,1623710,1785394310734,8937,
serial:COM8/motor_raw,1623712,1785394310736,8939,
serial:COM8/motor_raw,1623714,1785394310737,8937,
serial:COM8/motor_raw,1623716,1785394310739,8938,
serial:COM8/motor_raw,1623718,1785394310741,8937,
serial:COM8/motor_raw,1623720,1785394310744,8936,
serial:COM8/motor_raw,1623722,1785394310746,8938,
serial:COM8/motor_raw,1623724,1785394310747,8939,
serial:COM8/motor_raw,1623726,1785394310749,8939,
serial:COM8/motor_raw,1623728,1785394310751,8937,
serial:COM8/motor_raw,1623730,1785394310754,8936,
serial:COM8/motor_raw,1623732,1785394310758,8934,
serial:COM8/motor_raw,1623734,1785394310758,8939,
serial:COM8/motor_raw,1623736,1785394310759,8936,
serial:COM8/motor_raw,1623738,1785394310761,8937,
serial:COM8/motor_raw,1623740,1785394310764,8936,
serial:COM8/motor_raw,1623742,1785394310766,8937,
serial:COM8/motor_raw,1623744,1785394310767,8938,
serial:COM8/motor_raw,1623746,1785394310769,8936,
serial:COM8/motor_raw,1623748,1785394310771,8935,
serial:COM8/motor_raw,1623750,1785394310774,8935,
serial:COM8/motor_raw,1623752,1785394310776,8940,
serial:COM8/motor_raw,1623754,1785394310777,8937,
serial:COM8/motor_raw,1623756,1785394310779,8937,
serial:COM8/motor_raw,1623758,1785394310781,8934,
serial:COM8/motor_raw,1623760,1785394310784,8941,
serial:COM8/motor_raw,1623762,1785394310786,8937,
serial:COM8/motor_raw,1623764,1785394310787,8938,
serial:COM8/motor_raw,1623766,1785394310789,8936,
serial:COM8/motor_raw,1623768,1785394310791,8936,
serial:COM8/motor_raw,1623770,1785394310794,8937,
serial:COM8/motor_raw,1623772,1785394310796,8937,
serial:COM8/motor_raw,1623774,1785394310797,8937,
serial:COM8/motor_raw,1623776,1785394310799,8937,
serial:COM8/motor_raw,1623778,1785394310801,8938,
serial:COM8/motor_raw,1623780,1785394310804,8940,
serial:COM8/motor_raw,1623782,1785394310806,8936,
serial:COM8/motor_raw,1623784,1785394310807,8937,
serial:COM8/motor_raw,1623786,1785394310809,8939,
serial:COM8/motor_raw,1623788,1785394310811,8939,
serial:COM8/motor_raw,1623790,1785394310814,8942,
serial:COM8/motor_raw,1623792,1785394310816,8938,
serial:COM8/motor_raw,1623794,1785394310817,8939,
serial:COM8/motor_raw,1623796,1785394310819,8938,
serial:COM8/motor_raw,1623798,1785394310821,8939,
serial:COM8/motor_raw,1623800,1785394310824,8938,
serial:COM8/motor_raw,1623802,1785394310826,8936,
serial:COM8/motor_raw,1623804,1785394310827,8935,
serial:COM8/motor_raw,1623806,1785394310829,8937,
serial:COM8/motor_raw,1623808,1785394310831,8937,
serial:COM8/motor_raw,1623810,1785394310834,8937,
serial:COM8/motor_raw,1623812,1785394310836,8936,
serial:COM8/motor_raw,1623814,1785394310837,8941,
serial:COM8/motor_raw,1623816,1785394310839,8935,
serial:COM8/motor_raw,1623818,1785394310841,8936,
serial:COM8/motor_raw,1623820,1785394310844,8937,
serial:COM8/motor_raw,1623822,1785394310846,8937,
serial:COM8/motor_raw,1623824,1785394310847,8938,
serial:COM8/motor_raw,1623826,1785394310849,8936,
serial:COM8/motor_raw,1623828,1785394310851,8936,
serial:COM8/motor_raw,1623830,1785394310854,8937,
serial:COM8/motor_raw,1623832,1785394310856,8936,
serial:COM8/motor_raw,1623834,1785394310857,8936,
serial:COM8/motor_raw,1623836,1785394310859,8938,
serial:COM8/motor_raw,1623838,1785394310861,8936,
serial:COM8/motor_raw,1623840,1785394310864,8935,
serial:COM8/motor_raw,1623842,1785394310866,8934,
serial:COM8/motor_raw,1623844,1785394310867,8936,
serial:COM8/motor_raw,1623846,1785394310869,8937,
serial:COM8/motor_raw,1623848,1785394310871,8937,
serial:COM8/motor_raw,1623850,1785394310874,8939,
serial:COM8/motor_raw,1623852,1785394310876,8939,
serial:COM8/motor_raw,1623854,1785394310877,8939,
serial:COM8/motor_raw,1623856,1785394310879,8936,
serial:COM8/motor_raw,1623858,1785394310881,8937,
serial:COM8/motor_raw,1623860,1785394310884,8937,
serial:COM8/motor_raw,1623862,1785394310886,8941,
serial:COM8/motor_raw,1623864,1785394310887,8936,
serial:COM8/motor_raw,1623866,1785394310889,8936,
serial:COM8/motor_raw,1623868,1785394310891,8937,
serial:COM8/motor_raw,1623870,1785394310894,8939,
serial:COM8/motor_raw,1623872,1785394310896,8938,
serial:COM8/motor_raw,1623874,1785394310897,8937,
serial:COM8/motor_raw,1623876,1785394310899,8939,
serial:COM8/motor_raw,1623878,1785394310901,8938,
serial:COM8/motor_raw,1623880,1785394310904,8940,
serial:COM8/motor_raw,1623882,1785394310906,8936,
serial:COM8/motor_raw,1623884,1785394310907,8937,
serial:COM8/motor_raw,1623886,1785394310909,8940,
serial:COM8/motor_raw,1623888,1785394310911,8942,
serial:COM8/motor_raw,1623890,1785394310914,8935,
serial:COM8/motor_raw,1623892,1785394310916,8938,
serial:COM8/motor_raw,1623894,1785394310917,8938,
serial:COM8/motor_raw,1623896,1785394310919,8938,
serial:COM8/motor_raw,1623898,1785394310921,8937,
serial:COM8/motor_raw,1623900,1785394310924,8934,
serial:COM8/motor_raw,1623902,1785394310926,8934,
serial:COM8/motor_raw,1623904,1785394310927,8937,
serial:COM8/motor_raw,1623906,1785394310929,8936,
serial:COM8/motor_raw,1623908,1785394310931,8939,
serial:COM8/motor_raw,1623910,1785394310934,8938,
serial:COM8/motor_raw,1623912,1785394310936,8938,
serial:COM8/motor_raw,1623914,1785394310937,8937,
serial:COM8/motor_raw,1623916,1785394310939,8937,
serial:COM8/motor_raw,1623918,1785394310941,8936,
serial:COM8/motor_raw,1623920,1785394310944,8935,
serial:COM8/motor_raw,1623922,1785394310946,8935,
serial:COM8/motor_raw,1623924,1785394310947,8939,
serial:COM8/motor_raw,1623926,1785394310949,8938,
serial:COM8/motor_raw,1623928,1785394310951,8937,
serial:COM8/motor_raw,1623930,1785394310954,8941,
serial:COM8/motor_raw,1623932,1785394310958,8938,
serial:COM8/motor_raw,1623934,1785394310958,8939,
serial:COM8/motor_raw,1623936,1785394310959,8939,
serial:COM8/motor_raw,1623938,1785394310961,8937,
serial:COM8/motor_raw,1623940,1785394310964,8935,
serial:COM8/motor_raw,1623942,1785394310966,8938,
serial:COM8/motor_raw,1623944,1785394310967,8938,
serial:COM8/motor_raw,1623946,1785394310969,8934,
serial:COM8/motor_raw,1623948,1785394310971,8938,
serial:COM8/motor_raw,1623950,1785394310974,8937,
serial:COM8/motor_raw,1623952,1785394310976,8937,
serial:COM8/motor_raw,1623954,1785394310977,8939,
serial:COM8/motor_raw,1623956,1785394310979,8936,
serial:COM8/motor_raw,1623958,1785394310981,8936,
serial:COM8/motor_raw,1623960,1785394310984,8934,
serial:COM8/motor_raw,1623962,1785394310986,8936,
serial:COM8/motor_raw,1623964,1785394310987,8940,
serial:COM8/motor_raw,1623966,1785394310989,8936,
serial:COM8/motor_raw,1623968,1785394310991,8937,
serial:COM8/motor_raw,1623970,1785394310994,8940,
serial:COM8/motor_raw,1623972,1785394310996,8936,
serial:COM8/motor_raw,1623974,1785394310997,8938,
serial:COM8/motor_raw,1623976,1785394310999,8939,
serial:COM8/motor_raw,1623978,1785394311001,8934,
serial:COM8/motor_raw,1623980,1785394311004,8938,
serial:COM8/motor_raw,1623982,1785394311006,8940,
serial:COM8/motor_raw,1623984,1785394311007,8936,
serial:COM8/motor_raw,1623986,1785394311009,8936,
serial:COM8/motor_raw,1623988,1785394311011,8936,
serial:COM8/motor_raw,1623990,1785394311014,8936,
serial:COM8/motor_raw,1623992,1785394311016,8936,
serial:COM8/motor_raw,1623994,1785394311017,8940,
serial:COM8/motor_raw,1623996,1785394311019,8938,
serial:COM8/motor_raw,1623998,1785394311021,8938,
serial:COM8/motor_raw,1624000,1785394311024,8939,
serial:COM8/motor_raw,1624002,1785394311026,8938,
serial:COM8/motor_raw,1624004,1785394311027,8938,
serial:COM8/motor_raw,1624006,1785394311029,8939,
serial:COM8/motor_raw,1624008,1785394311031,8937,
serial:COM8/motor_raw,1624010,1785394311034,8940,
serial:COM8/motor_raw,1624012,1785394311036,8935,
serial:COM8/motor_raw,1624014,1785394311037,8937,
serial:COM8/motor_raw,1624016,1785394311039,8938,
serial:COM8/motor_raw,1624018,1785394311041,8938,
serial:COM8/motor_raw,1624020,1785394311044,8935,
serial:COM8/motor_raw,1624022,1785394311046,8935,
serial:COM8/motor_raw,1624024,1785394311047,8939,
serial:COM8/motor_raw,1624026,1785394311049,8937,
serial:COM8/motor_raw,1624028,1785394311051,8939,
serial:COM8/motor_raw,1624030,1785394311054,8937,
serial:COM8/motor_raw,1624032,1785394311056,8936,
serial:COM8/motor_raw,1624034,1785394311057,8938,
serial:COM8/motor_raw,1624036,1785394311059,8938,
serial:COM8/motor_raw,1624038,1785394311061,8938,
serial:COM8/motor_raw,1624040,1785394311064,8939,
serial:COM8/motor_raw,1624042,1785394311066,8936,
serial:COM8/motor_raw,1624044,1785394311067,8935,
serial:COM8/motor_raw,1624046,1785394311069,8938,
serial:COM8/motor_raw,1624048,1785394311071,8938,
serial:COM8/motor_raw,1624050,1785394311074,8941,
serial:COM8/motor_raw,1624052,1785394311076,8940,
serial:COM8/motor_raw,1624054,1785394311077,8936,
serial:COM8/motor_raw,1624056,1785394311079,8938,
serial:COM8/motor_raw,1624058,1785394311081,8937,
serial:COM8/motor_raw,1624060,1785394311084,8937,
serial:COM8/motor_raw,1624062,1785394311086,8936,
serial:COM8/motor_raw,1624064,1785394311087,8940,
serial:COM8/motor_raw,1624066,1785394311089,8935,
serial:COM8/motor_raw,1624068,1785394311091,8934,
serial:COM8/motor_raw,1624070,1785394311094,8935,
serial:COM8/motor_raw,1624072,1785394311096,8936,
serial:COM8/motor_raw,1624074,1785394311097,8939,
serial:COM8/motor_raw,1624076,1785394311099,8936,
serial:COM8/motor_raw,1624078,1785394311101,8938,
serial:COM8/motor_raw,1624080,1785394311104,8936,
serial:COM8/motor_raw,1624082,1785394311106,8935,
serial:COM8/motor_raw,1624084,1785394311107,8938,
serial:COM8/motor_raw,1624086,1785394311109,8938,
serial:COM8/motor_raw,1624088,1785394311111,8938,
serial:COM8/motor_raw,1624090,1785394311114,8935,
serial:COM8/motor_raw,1624092,1785394311116,8937,
serial:COM8/motor_raw,1624094,1785394311117,8938,
serial:COM8/motor_raw,1624096,1785394311119,8935,
serial:COM8/motor_raw,1624098,1785394311121,8939,
serial:COM8/motor_raw,1624100,1785394311124,8939,
serial:COM8/motor_raw,1624102,1785394311126,8937,
serial:COM8/motor_raw,1624104,1785394311127,8938,
serial:COM8/motor_raw,1624106,1785394311129,8938,
serial:COM8/motor_raw,1624108,1785394311131,8936,
serial:COM8/motor_raw,1624110,1785394311134,8937,
serial:COM8/motor_raw,1624112,1785394311136,8939,
serial:COM8/motor_raw,1624114,1785394311137,8937,
serial:COM8/motor_raw,1624116,1785394311139,8936,
serial:COM8/motor_raw,1624118,1785394311141,8935,
serial:COM8/motor_raw,1624120,1785394311144,8937,
serial:COM8/motor_raw,1624122,1785394311146,8937,
serial:COM8/motor_raw,1624124,1785394311147,8939,
serial:COM8/motor_raw,1624126,1785394311149,8935,
serial:COM8/motor_raw,1624128,1785394311151,8938,
serial:COM8/motor_raw,1624130,1785394311154,8937,
serial:COM8/motor_raw,1624132,1785394311158,8937,
serial:COM8/motor_raw,1624134,1785394311158,8937,
serial:COM8/motor_raw,1624136,1785394311159,8937,
serial:COM8/motor_raw,1624138,1785394311161,8935,
serial:COM8/motor_raw,1624140,1785394311164,8937,
serial:COM8/motor_raw,1624142,1785394311166,8937,
serial:COM8/motor_raw,1624144,1785394311167,8936,
serial:COM8/motor_raw,1624146,1785394311169,8935,
serial:COM8/motor_raw,1624148,1785394311171,8936,
serial:COM8/motor_raw,1624150,1785394311174,8936,
serial:COM8/motor_raw,1624152,1785394311176,8936,
serial:COM8/motor_raw,1624154,1785394311177,8937,
serial:COM8/motor_raw,1624156,1785394311179,8939,
serial:COM8/motor_raw,1624158,1785394311181,8936,
serial:COM8/motor_raw,1624160,1785394311184,8940,
serial:COM8/motor_raw,1624162,1785394311186,8939,
serial:COM8/motor_raw,1624164,1785394311187,8936,
serial:COM8/motor_raw,1624166,1785394311189,8935,
serial:COM8/motor_raw,1624168,1785394311191,8940,
serial:COM8/motor_raw,1624170,1785394311194,8939,
serial:COM8/motor_raw,1624172,1785394311196,8936,
serial:COM8/motor_raw,1624174,1785394311197,8937,
serial:COM8/motor_raw,1624176,1785394311199,8938,
serial:COM8/motor_raw,1624178,1785394311201,8937,
serial:COM8/motor_raw,1624180,1785394311204,8938,
serial:COM8/motor_raw,1624182,1785394311205,8936,
serial:COM8/motor_raw,1624184,1785394311207,8939,
serial:COM8/motor_raw,1624186,1785394311209,8936,
serial:COM8/motor_raw,1624188,1785394311211,8937,
serial:COM8/motor_raw,1624190,1785394311214,8939,
serial:COM8/motor_raw,1624192,1785394311216,8939,
serial:COM8/motor_raw,1624194,1785394311217,8936,
serial:COM8/motor_raw,1624196,1785394311219,8938,
serial:COM8/motor_raw,1624198,1785394311221,8939,
serial:COM8/motor_raw,1624200,1785394311224,8934,
serial:COM8/motor_raw,1624202,1785394311226,8940,
serial:COM8/motor_raw,1624204,1785394311227,8938,
serial:COM8/motor_raw,1624206,1785394311229,8934,
serial:COM8/motor_raw,1624208,1785394311231,8935,
serial:COM8/motor_raw,1624210,1785394311234,8940,
serial:COM8/motor_raw,1624212,1785394311236,8935,
serial:COM8/motor_raw,1624214,1785394311237,8936,
serial:COM8/motor_raw,1624216,1785394311239,8938,
serial:COM8/motor_raw,1624218,1785394311241,8936,
serial:COM8/motor_raw,1624220,1785394311244,8934,
serial:COM8/motor_raw,1624222,1785394311246,8937,
serial:COM8/motor_raw,1624224,1785394311247,8938,
serial:COM8/motor_raw,1624226,1785394311249,8937,
serial:COM8/motor_raw,1624228,1785394311251,8939,
serial:COM8/motor_raw,1624230,1785394311254,8938,
serial:COM8/motor_raw,1624232,1785394311255,8939,
serial:COM8/motor_raw,1624234,1785394311257,8936,
serial:COM8/motor_raw,1624236,1785394311259,8937,
serial:COM8/motor_raw,1624238,1785394311261,8934,
serial:COM8/motor_raw,1624240,1785394311264,8939,
serial:COM8/motor_raw,1624242,1785394311265,8938,
serial:COM8/motor_raw,1624244,1785394311267,8937,
serial:COM8/motor_raw,1624246,1785394311269,8935,
serial:COM8/motor_raw,1624248,1785394311271,8935,
serial:COM8/motor_raw,1624250,1785394311274,8935,
serial:COM8/motor_raw,1624252,1785394311276,8939,
serial:COM8/motor_raw,1624254,1785394311277,8937,
serial:COM8/motor_raw,1624256,1785394311279,8937,
serial:COM8/motor_raw,1624258,1785394311281,8938,
serial:COM8/motor_raw,1624260,1785394311284,8935,
serial:COM8/motor_raw,1624262,1785394311286,8939,
serial:COM8/motor_raw,1624264,1785394311287,8936,
serial:COM8/motor_raw,1624266,1785394311289,8937,
serial:COM8/motor_raw,1624268,1785394311291,8937,
serial:COM8/motor_raw,1624270,1785394311294,8938,
serial:COM8/motor_raw,1624272,1785394311295,8938,
serial:COM8/motor_raw,1624274,1785394311297,8935,
serial:COM8/motor_raw,1624276,1785394311299,8936,
serial:COM8/motor_raw,1624278,1785394311301,8936,
serial:COM8/motor_raw,1624280,1785394311304,8937,
serial:COM8/motor_raw,1624282,1785394311305,8940,
serial:COM8/motor_raw,1624284,1785394311307,8938,
serial:COM8/motor_raw,1624286,1785394311309,8937,
serial:COM8/motor_raw,1624288,1785394311311,8936,
serial:COM8/motor_raw,1624290,1785394311314,8937,
serial:COM8/motor_raw,1624292,1785394311315,8939,
serial:COM8/motor_raw,1624294,1785394311317,8935,
serial:COM8/motor_raw,1624296,1785394311319,8939,
serial:COM8/motor_raw,1624298,1785394311321,8937,
serial:COM8/motor_raw,1624300,1785394311324,8937,
serial:COM8/motor_raw,1624302,1785394311325,8938,
serial:COM8/motor_raw,1624304,1785394311327,8936,
serial:COM8/motor_raw,1624306,1785394311329,8938,
serial:COM8/motor_raw,1624308,1785394311331,8939,
serial:COM8/motor_raw,1624310,1785394311334,8940,
serial:COM8/motor_raw,1624312,1785394311335,8936,
serial:COM8/motor_raw,1624314,1785394311337,8937,
serial:COM8/motor_raw,1624316,1785394311339,8937,
serial:COM8/motor_raw,1624318,1785394311341,8937,
serial:COM8/motor_raw,1624320,1785394311344,8933,
serial:COM8/motor_raw,1624322,1785394311346,8938,
serial:COM8/motor_raw,1624324,1785394311347,8938,
serial:COM8/motor_raw,1624326,1785394311349,8936,
serial:COM8/motor_raw,1624328,1785394311351,8938,
serial:COM8/motor_raw,1624330,1785394311354,8939,
serial:COM8/motor_raw,1624332,1785394311358,8937,
serial:COM8/motor_raw,1624334,1785394311358,8938,
serial:COM8/motor_raw,1624336,1785394311359,8937,
serial:COM8/motor_raw,1624338,1785394311361,8938,
serial:COM8/motor_raw,1624340,1785394311364,8937,
serial:COM8/motor_raw,1624342,1785394311366,8935,
serial:COM8/motor_raw,1624344,1785394311367,8936,
serial:COM8/motor_raw,1624346,1785394311370,8937,
serial:COM8/motor_raw,1624348,1785394311371,8939,
serial:COM8/motor_raw,1624350,1785394311374,8938,
serial:COM8/motor_raw,1624352,1785394311376,8936,
serial:COM8/motor_raw,1624354,1785394311377,8940,
serial:COM8/motor_raw,1624356,1785394311379,8940,
serial:COM8/motor_raw,1624358,1785394311381,8936,
serial:COM8/motor_raw,1624360,1785394311384,8938,
serial:COM8/motor_raw,1624362,1785394311386,8934,
serial:COM8/motor_raw,1624364,1785394311387,8937,
serial:COM8/motor_raw,1624366,1785394311389,8939,
serial:COM8/motor_raw,1624368,1785394311391,8937,
serial:COM8/motor_raw,1624370,1785394311394,8938,
serial:COM8/motor_raw,1624372,1785394311396,8936,
serial:COM8/motor_raw,1624374,1785394311397,8936,
serial:COM8/motor_raw,1624376,1785394311399,8935,
serial:COM8/motor_raw,1624378,1785394311401,8937,
serial:COM8/motor_raw,1624380,1785394311404,8939,
serial:COM8/motor_raw,1624382,1785394311406,8936,
serial:COM8/motor_raw,1624384,1785394311408,8937,
serial:COM8/motor_raw,1624386,1785394311409,8934,
serial:COM8/motor_raw,1624388,1785394311411,8936,
serial:COM8/motor_raw,1624390,1785394311414,8938,
serial:COM8/motor_raw,1624392,1785394311416,8936,
serial:COM8/motor_raw,1624394,1785394311417,8937,
serial:COM8/motor_raw,1624396,1785394311419,8936,
serial:COM8/motor_raw,1624398,1785394311422,8937,
serial:COM8/motor_raw,1624400,1785394311424,8937,
serial:COM8/motor_raw,1624402,1785394311426,8938,
serial:COM8/motor_raw,1624404,1785394311427,8935,
serial:COM8/motor_raw,1624406,1785394311429,8939,
serial:COM8/motor_raw,1624408,1785394311431,8936,
serial:COM8/motor_raw,1624410,1785394311434,8935,
serial:COM8/motor_raw,1624412,1785394311436,8942,
serial:COM8/motor_raw,1624414,1785394311437,8939,
serial:COM8/motor_raw,1624416,1785394311439,8938,
serial:COM8/motor_raw,1624418,1785394311441,8937,
serial:COM8/motor_raw,1624420,1785394311444,8938,
serial:COM8/motor_raw,1624422,1785394311446,8936,
serial:COM8/motor_raw,1624424,1785394311447,8937,
serial:COM8/motor_raw,1624426,1785394311449,8938,
serial:COM8/motor_raw,1624428,1785394311451,8935,
serial:COM8/motor_raw,1624430,1785394311454,8936,
serial:COM8/motor_raw,1624432,1785394311456,8939,
serial:COM8/motor_raw,1624434,1785394311457,8935,
serial:COM8/motor_raw,1624436,1785394311459,8939,
serial:COM8/motor_raw,1624438,1785394311461,8936,
serial:COM8/motor_raw,1624440,1785394311464,8937,
serial:COM8/motor_raw,1624442,1785394311466,8936,
serial:COM8/motor_raw,1624444,1785394311467,8939,
serial:COM8/motor_raw,1624446,1785394311469,8937,
serial:COM8/motor_raw,1624448,1785394311471,8939,
serial:COM8/motor_raw,1624450,1785394311474,8939,
serial:COM8/motor_raw,1624452,1785394311476,8939,
serial:COM8/motor_raw,1624454,1785394311477,8937,
serial:COM8/motor_raw,1624456,1785394311479,8939,
serial:COM8/motor_raw,1624458,1785394311481,8936,
serial:COM8/motor_raw,1624460,1785394311484,8935,
serial:COM8/motor_raw,1624462,1785394311486,8938,
serial:COM8/motor_raw,1624464,1785394311487,8939,
serial:COM8/motor_raw,1624466,1785394311489,8935,
serial:COM8/motor_raw,1624468,1785394311491,8936,
serial:COM8/motor_raw,1624470,1785394311494,8939,
serial:COM8/motor_raw,1624472,1785394311496,8939,
serial:COM8/motor_raw,1624474,1785394311497,8937,
serial:COM8/motor_raw,1624476,1785394311499,8938,
serial:COM8/motor_raw,1624478,1785394311501,8939,
serial:COM8/motor_raw,1624480,1785394311504,8937,
serial:COM8/motor_raw,1624482,1785394311506,8936,
serial:COM8/motor_raw,1624484,1785394311507,8935,
serial:COM8/motor_raw,1624486,1785394311509,8938,
serial:COM8/motor_raw,1624488,1785394311511,8938,
serial:COM8/motor_raw,1624490,1785394311514,8937,
serial:COM8/motor_raw,1624492,1785394311516,8939,
serial:COM8/motor_raw,1624494,1785394311517,8936,
serial:COM8/motor_raw,1624496,1785394311519,8937,
serial:COM8/motor_raw,1624498,1785394311521,8936,
serial:COM8/motor_raw,1624500,1785394311524,8938,
serial:COM8/motor_raw,1624502,1785394311526,8936,
serial:COM8/motor_raw,1624504,1785394311527,8936,
serial:COM8/motor_raw,1624506,1785394311529,8938,
serial:COM8/motor_raw,1624508,1785394311531,8938,
serial:COM8/motor_raw,1624510,1785394311534,8937,
serial:COM8/motor_raw,1624512,1785394311536,8938,
serial:COM8/motor_raw,1624514,1785394311537,8936,
serial:COM8/motor_raw,1624516,1785394311539,8939,
serial:COM8/motor_raw,1624518,1785394311541,8940,
serial:COM8/motor_raw,1624520,1785394311544,8936,
serial:COM8/motor_raw,1624522,1785394311546,8939,
serial:COM8/motor_raw,1624524,1785394311547,8937,
serial:COM8/motor_raw,1624526,1785394311549,8938,
serial:COM8/motor_raw,1624528,1785394311551,8939,
serial:COM8/motor_raw,1624530,1785394311554,8936,
serial:COM8/motor_raw,1624532,1785394311558,8937,
serial:COM8/motor_raw,1624534,1785394311558,8939,
serial:COM8/motor_raw,1624536,1785394311559,8938,
serial:COM8/motor_raw,1624538,1785394311561,8937,
serial:COM8/motor_raw,1624540,1785394311564,8939,
serial:COM8/motor_raw,1624542,1785394311566,8939,
serial:COM8/motor_raw,1624544,1785394311567,8937,
serial:COM8/motor_raw,1624546,1785394311569,8939,
serial:COM8/motor_raw,1624548,1785394311571,8936,
serial:COM8/motor_raw,1624550,1785394311574,8936,
serial:COM8/motor_raw,1624552,1785394311576,8938,
serial:COM8/motor_raw,1624554,1785394311577,8936,
serial:COM8/motor_raw,1624556,1785394311579,8937,
serial:COM8/motor_raw,1624558,1785394311581,8935,
serial:COM8/motor_raw,1624560,1785394311584,8939,
serial:COM8/motor_raw,1624562,1785394311586,8937,
serial:COM8/motor_raw,1624564,1785394311587,8936,
serial:COM8/motor_raw,1624566,1785394311589,8938,
serial:COM8/motor_raw,1624568,1785394311591,8936,
serial:COM8/motor_raw,1624570,1785394311594,8939,
serial:COM8/motor_raw,1624572,1785394311596,8939,
serial:COM8/motor_raw,1624574,1785394311597,8938,
serial:COM8/motor_raw,1624576,1785394311599,8934,
serial:COM8/motor_raw,1624578,1785394311601,8938,
serial:COM8/motor_raw,1624580,1785394311604,8940,
serial:COM8/motor_raw,1624582,1785394311606,8937,
serial:COM8/motor_raw,1624584,1785394311608,8939,
serial:COM8/motor_raw,1624586,1785394311610,8937,
serial:COM8/motor_raw,1624588,1785394311612,8935,
serial:COM8/motor_raw,1624590,1785394311614,8939,
serial:COM8/motor_raw,1624592,1785394311616,8936,
serial:COM8/motor_raw,1624594,1785394311617,8935,
serial:COM8/motor_raw,1624596,1785394311620,8937,
serial:COM8/motor_raw,1624598,1785394311622,8936,
serial:COM8/motor_raw,1624600,1785394311624,8937,
serial:COM8/motor_raw,1624602,1785394311626,8937,
serial:COM8/motor_raw,1624604,1785394311628,8936,
serial:COM8/motor_raw,1624606,1785394311629,8936,
serial:COM8/motor_raw,1624608,1785394311632,8937,
serial:COM8/motor_raw,1624610,1785394311634,8935,
serial:COM8/motor_raw,1624612,1785394311636,8941,
serial:COM8/motor_raw,1624614,1785394311638,8938,
serial:COM8/motor_raw,1624616,1785394311640,8934,
serial:COM8/motor_raw,1624618,1785394311641,8934,
serial:COM8/motor_raw,1624620,1785394311644,8938,
serial:COM8/motor_raw,1624622,1785394311646,8938,
serial:COM8/motor_raw,1624624,1785394311647,8939,
serial:COM8/motor_raw,1624626,1785394311650,8938,
serial:COM8/motor_raw,1624628,1785394311652,8936,
serial:COM8/motor_raw,1624630,1785394311654,8933,
serial:COM8/motor_raw,1624632,1785394311656,8937,
serial:COM8/motor_raw,1624634,1785394311658,8937,
serial:COM8/motor_raw,1624636,1785394311660,8935,
serial:COM8/motor_raw,1624638,1785394311662,8938,
serial:COM8/motor_raw,1624640,1785394311664,8941,
serial:COM8/motor_raw,1624642,1785394311666,8936,
serial:COM8/motor_raw,1624644,1785394311668,8937,
serial:COM8/motor_raw,1624646,1785394311670,8938,
serial:COM8/motor_raw,1624648,1785394311672,8935,
serial:COM8/motor_raw,1624650,1785394311674,8938,
serial:COM8/motor_raw,1624652,1785394311676,8939,
serial:COM8/motor_raw,1624654,1785394311677,8937,
serial:COM8/motor_raw,1624656,1785394311679,8936,
serial:COM8/motor_raw,1624658,1785394311681,8936,
serial:COM8/motor_raw,1624660,1785394311684,8935,
serial:COM8/motor_raw,1624662,1785394311686,8937,
serial:COM8/motor_raw,1624664,1785394311687,8936,
serial:COM8/motor_raw,1624666,1785394311689,8938,
serial:COM8/motor_raw,1624668,1785394311692,8938,
serial:COM8/motor_raw,1624670,1785394311694,8937,
serial:COM8/motor_raw,1624672,1785394311696,8938,
serial:COM8/motor_raw,1624674,1785394311697,8936,
serial:COM8/motor_raw,1624676,1785394311699,8937,
serial:COM8/motor_raw,1624678,1785394311701,8937,
serial:COM8/motor_raw,1624680,1785394311704,8938,
serial:COM8/motor_raw,1624682,1785394311706,8936,
serial:COM8/motor_raw,1624684,1785394311707,8937,
serial:COM8/motor_raw,1624686,1785394311709,8936,
serial:COM8/motor_raw,1624688,1785394311711,8936,
serial:COM8/motor_raw,1624690,1785394311714,8937,
serial:COM8/motor_raw,1624692,1785394311716,8936,
serial:COM8/motor_raw,1624694,1785394311717,8936,
serial:COM8/motor_raw,1624696,1785394311720,8936,
serial:COM8/motor_raw,1624698,1785394311722,8938,
serial:COM8/motor_raw,1624700,1785394311724,8935,
serial:COM8/motor_raw,1624702,1785394311726,8936,
serial:COM8/motor_raw,1624704,1785394311727,8936,
serial:COM8/motor_raw,1624706,1785394311730,8938,
serial:COM8/motor_raw,1624708,1785394311731,8936,
serial:COM8/motor_raw,1624710,1785394311734,8939,
serial:COM8/motor_raw,1624712,1785394311736,8935,
serial:COM8/motor_raw,1624714,1785394311738,8939,
serial:COM8/motor_raw,1624716,1785394311740,8935,
serial:COM8/motor_raw,1624718,1785394311742,8938,
serial:COM8/motor_raw,1624720,1785394311744,8939,
serial:COM8/motor_raw,1624722,1785394311746,8934,
serial:COM8/motor_raw,1624724,1785394311748,8937,
serial:COM8/motor_raw,1624726,1785394311749,8936,
serial:COM8/motor_raw,1624728,1785394311751,8936,
serial:COM8/motor_raw,1624730,1785394311754,8939,
serial:COM8/motor_raw,1624732,1785394311758,8936,
serial:COM8/motor_raw,1624734,1785394311758,8935,
serial:COM8/motor_raw,1624736,1785394311759,8937,
serial:COM8/motor_raw,1624738,1785394311761,8939,
serial:COM8/motor_raw,1624740,1785394311764,8939,
serial:COM8/motor_raw,1624742,1785394311766,8937,
serial:COM8/motor_raw,1624744,1785394311768,8938,
serial:COM8/motor_raw,1624746,1785394311770,8937,
serial:COM8/motor_raw,1624748,1785394311772,8939,
serial:COM8/motor_raw,1624750,1785394311774,8936,
serial:COM8/motor_raw,1624752,1785394311776,8938,
serial:COM8/motor_raw,1624754,1785394311777,8935,
serial:COM8/motor_raw,1624756,1785394311779,8936,
serial:COM8/motor_raw,1624758,1785394311782,8936,
serial:COM8/motor_raw,1624760,1785394311784,8940,
serial:COM8/motor_raw,1624762,1785394311786,8935,
serial:COM8/motor_raw,1624764,1785394311788,8937,
serial:COM8/motor_raw,1624766,1785394311790,8938,
serial:COM8/motor_raw,1624768,1785394311791,8935,
serial:COM8/motor_raw,1624770,1785394311794,8937,
serial:COM8/motor_raw,1624772,1785394311796,8938,
serial:COM8/motor_raw,1624774,1785394311797,8936,
serial:COM8/motor_raw,1624776,1785394311799,8935,
serial:COM8/motor_raw,1624778,1785394311802,8939,
serial:COM8/motor_raw,1624780,1785394311804,8938,
serial:COM8/motor_raw,1624782,1785394311806,8938,
serial:COM8/motor_raw,1624784,1785394311807,8937,
serial:COM8/motor_raw,1624786,1785394311809,8937,
serial:COM8/motor_raw,1624788,1785394311812,8938,
serial:COM8/motor_raw,1624790,1785394311814,8939,
serial:COM8/motor_raw,1624792,1785394311816,8939,
serial:COM8/motor_raw,1624794,1785394311818,8938,
serial:COM8/motor_raw,1624796,1785394311820,8936,
serial:COM8/motor_raw,1624798,1785394311822,8939,
serial:COM8/motor_raw,1624800,1785394311824,8937,
serial:COM8/motor_raw,1624802,1785394311826,8934,
serial:COM8/motor_raw,1624804,1785394311828,8937,
serial:COM8/motor_raw,1624806,1785394311829,8939,
serial:COM8/motor_raw,1624808,1785394311832,8937,
serial:COM8/motor_raw,1624810,1785394311834,8935,
serial:COM8/motor_raw,1624812,1785394311836,8937,
serial:COM8/motor_raw,1624814,1785394311838,8938,
serial:COM8/motor_raw,1624816,1785394311839,8939,
serial:COM8/motor_raw,1624818,1785394311841,8936,
serial:COM8/motor_raw,1624820,1785394311844,8938,
serial:COM8/motor_raw,1624822,1785394311846,8938,
serial:COM8/motor_raw,1624824,1785394311848,8933,
serial:COM8/motor_raw,1624826,1785394311849,8937,
serial:COM8/motor_raw,1624828,1785394311851,8938,
serial:COM8/motor_raw,1624830,1785394311854,8939,
serial:COM8/motor_raw,1624832,1785394311856,8939,
serial:COM8/motor_raw,1624834,1785394311858,8939,
serial:COM8/motor_raw,1624836,1785394311859,8939,
serial:COM8/motor_raw,1624838,1785394311861,8938,
serial:COM8/motor_raw,1624840,1785394311864,8936,
serial:COM8/motor_raw,1624842,1785394311866,8934,
serial:COM8/motor_raw,1624844,1785394311867,8937,
serial:COM8/motor_raw,1624846,1785394311869,8937,
serial:COM8/motor_raw,1624848,1785394311871,8938,
serial:COM8/motor_raw,1624850,1785394311874,8937,
serial:COM8/motor_raw,1624852,1785394311876,8939,
serial:COM8/motor_raw,1624854,1785394311877,8935,
serial:COM8/motor_raw,1624856,1785394311880,8934,
serial:COM8/motor_raw,1624858,1785394311882,8937,
serial:COM8/motor_raw,1624860,1785394311884,8937,
serial:COM8/motor_raw,1624862,1785394311886,8936,
serial:COM8/motor_raw,1624864,1785394311887,8937,
serial:COM8/motor_raw,1624866,1785394311889,8936,
serial:COM8/motor_raw,1624868,1785394311891,8936,
serial:COM8/motor_raw,1624870,1785394311894,8935,
serial:COM8/motor_raw,1624872,1785394311896,8939,
serial:COM8/motor_raw,1624874,1785394311897,8936,
serial:COM8/motor_raw,1624876,1785394311900,8936,
serial:COM8/motor_raw,1624878,1785394311902,8940,
serial:COM8/motor_raw,1624880,1785394311904,8938,
serial:COM8/motor_raw,1624882,1785394311906,8940,
serial:COM8/motor_raw,1624884,1785394311908,8938,
serial:COM8/motor_raw,1624886,1785394311909,8936,
serial:COM8/motor_raw,1624888,1785394311912,8935,
serial:COM8/motor_raw,1624890,1785394311914,8939,
serial:COM8/motor_raw,1624892,1785394311916,8940,
serial:COM8/motor_raw,1624894,1785394311917,8938,
serial:COM8/motor_raw,1624896,1785394311920,8939,
serial:COM8/motor_raw,1624898,1785394311922,8937,
serial:COM8/motor_raw,1624900,1785394311924,8937,
serial:COM8/motor_raw,1624902,1785394311926,8938,
serial:COM8/motor_raw,1624904,1785394311927,8939,
serial:COM8/motor_raw,1624906,1785394311929,8940,
serial:COM8/motor_raw,1624908,1785394311931,8937,
serial:COM8/motor_raw,1624910,1785394311934,8938,
serial:COM8/motor_raw,1624912,1785394311936,8936,
serial:COM8/motor_raw,1624914,1785394311937,8936,
serial:COM8/motor_raw,1624916,1785394311939,8938,
serial:COM8/motor_raw,1624918,1785394311941,8938,
serial:COM8/motor_raw,1624920,1785394311944,8937,
serial:COM8/motor_raw,1624922,1785394311946,8936,
serial:COM8/motor_raw,1624924,1785394311947,8935,
serial:COM8/motor_raw,1624926,1785394311950,8934,
serial:COM8/motor_raw,1624928,1785394311951,8938,
serial:COM8/motor_raw,1624930,1785394311954,8939,
serial:COM8/motor_raw,1624932,1785394311958,8937,
serial:COM8/motor_raw,1624934,1785394311958,8940,
serial:COM8/motor_raw,1624936,1785394311959,8934,
serial:COM8/motor_raw,1624938,1785394311961,8937,
serial:COM8/motor_raw,1624940,1785394311964,8934,
serial:COM8/motor_raw,1624942,1785394311966,8936,
serial:COM8/motor_raw,1624944,1785394311968,8935,
serial:COM8/motor_raw,1624946,1785394311969,8939,
serial:COM8/motor_raw,1624948,1785394311971,8937,
serial:COM8/motor_raw,1624950,1785394311974,8938,
serial:COM8/motor_raw,1624952,1785394311976,8936,
serial:COM8/motor_raw,1624954,1785394311977,8935,
serial:COM8/motor_raw,1624956,1785394311979,8937,
serial:COM8/motor_raw,1624958,1785394311981,8938,
serial:COM8/motor_raw,1624960,1785394311984,8939,
serial:COM8/motor_raw,1624962,1785394311986,8939,
serial:COM8/motor_raw,1624964,1785394311987,8939,
serial:COM8/motor_raw,1624966,1785394311989,8938,
serial:COM8/motor_raw,1624968,1785394311992,8937,
serial:COM8/motor_raw,1624970,1785394311994,8938,
serial:COM8/motor_raw,1624972,1785394311996,8938,
serial:COM8/motor_raw,1624974,1785394311997,8935,
serial:COM8/motor_raw,1624976,1785394312000,8937,
serial:COM8/motor_raw,1624978,1785394312001,8935,
serial:COM8/motor_raw,1624980,1785394312004,8937,
serial:COM8/motor_raw,1624982,1785394312006,8939,
serial:COM8/motor_raw,1624984,1785394312007,8937,
serial:COM8/motor_raw,1624986,1785394312009,8935,
serial:COM8/motor_raw,1624988,1785394312011,8936,
serial:COM8/motor_raw,1624990,1785394312014,8938,
serial:COM8/motor_raw,1624992,1785394312016,8938,
serial:COM8/motor_raw,1624994,1785394312017,8938,
serial:COM8/motor_raw,1624996,1785394312019,8939,
serial:COM8/motor_raw,1624998,1785394312021,8938,
serial:COM8/motor_raw,1625000,1785394312024,8935,
serial:COM8/motor_raw,1625002,1785394312026,8939,
serial:COM8/motor_raw,1625004,1785394312027,8937,
serial:COM8/motor_raw,1625006,1785394312029,8937,
serial:COM8/motor_raw,1625008,1785394312031,8938,
serial:COM8/motor_raw,1625010,1785394312034,8937,
serial:COM8/motor_raw,1625012,1785394312036,8937,
serial:COM8/motor_raw,1625014,1785394312037,8936,
serial:COM8/motor_raw,1625016,1785394312040,8938,
serial:COM8/motor_raw,1625018,1785394312041,8936,
serial:COM8/motor_raw,1625020,1785394312044,8937,
serial:COM8/motor_raw,1625022,1785394312046,8935,
serial:COM8/motor_raw,1625024,1785394312047,8938,
serial:COM8/motor_raw,1625026,1785394312049,8940,
serial:COM8/motor_raw,1625028,1785394312051,8935,
serial:COM8/motor_raw,1625030,1785394312054,8939,
serial:COM8/motor_raw,1625032,1785394312056,8934,
serial:COM8/motor_raw,1625034,1785394312057,8936,
serial:COM8/motor_raw,1625036,1785394312059,8938,
serial:COM8/motor_raw,1625038,1785394312061,8938,
serial:COM8/motor_raw,1625040,1785394312064,8937,
serial:COM8/motor_raw,1625042,1785394312066,8937,
serial:COM8/motor_raw,1625044,1785394312067,8936,
serial:COM8/motor_raw,1625046,1785394312069,8938,
serial:COM8/motor_raw,1625048,1785394312071,8937,
serial:COM8/motor_raw,1625050,1785394312074,8937,
serial:COM8/motor_raw,1625052,1785394312076,8940,
serial:COM8/motor_raw,1625054,1785394312077,8935,
serial:COM8/motor_raw,1625056,1785394312079,8939,
serial:COM8/motor_raw,1625058,1785394312081,8939,
serial:COM8/motor_raw,1625060,1785394312084,8935,
serial:COM8/motor_raw,1625062,1785394312086,8936,
serial:COM8/motor_raw,1625064,1785394312087,8938,
serial:COM8/motor_raw,1625066,1785394312089,8941,
serial:COM8/motor_raw,1625068,1785394312091,8939,
serial:COM8/motor_raw,1625070,1785394312094,8939,
serial:COM8/motor_raw,1625072,1785394312096,8938,
serial:COM8/motor_raw,1625074,1785394312097,8937,
serial:COM8/motor_raw,1625076,1785394312099,8940,
serial:COM8/motor_raw,1625078,1785394312101,8938,
serial:COM8/motor_raw,1625080,1785394312104,8937,
serial:COM8/motor_raw,1625082,1785394312106,8939,
serial:COM8/motor_raw,1625084,1785394312107,8936,
serial:COM8/motor_raw,1625086,1785394312109,8937,
serial:COM8/motor_raw,1625088,1785394312111,8938,
serial:COM8/motor_raw,1625090,1785394312114,8936,
serial:COM8/motor_raw,1625092,1785394312116,8940,
serial:COM8/motor_raw,1625094,1785394312118,8939,
serial:COM8/motor_raw,1625096,1785394312119,8936,
serial:COM8/motor_raw,1625098,1785394312121,8938,
serial:COM8/motor_raw,1625100,1785394312124,8936,
serial:COM8/motor_raw,1625102,1785394312126,8939,
serial:COM8/motor_raw,1625104,1785394312127,8940,
serial:COM8/motor_raw,1625106,1785394312129,8937,
serial:COM8/motor_raw,1625108,1785394312131,8937,
serial:COM8/motor_raw,1625110,1785394312134,8937,
serial:COM8/motor_raw,1625112,1785394312136,8935,
serial:COM8/motor_raw,1625114,1785394312137,8936,
serial:COM8/motor_raw,1625116,1785394312139,8936,
serial:COM8/motor_raw,1625118,1785394312141,8935,
serial:COM8/motor_raw,1625120,1785394312144,8936,
serial:COM8/motor_raw,1625122,1785394312146,8935,
serial:COM8/motor_raw,1625124,1785394312147,8936,
serial:COM8/motor_raw,1625126,1785394312149,8936,
serial:COM8/motor_raw,1625128,1785394312151,8935,
serial:COM8/motor_raw,1625130,1785394312154,8939,
serial:COM8/motor_raw,1625132,1785394312158,8936,
serial:COM8/motor_raw,1625134,1785394312158,8938,
serial:COM8/motor_raw,1625136,1785394312159,8939,
serial:COM8/motor_raw,1625138,1785394312161,8932,
serial:COM8/motor_raw,1625140,1785394312164,8934,
serial:COM8/motor_raw,1625142,1785394312166,8938,
serial:COM8/motor_raw,1625144,1785394312167,8939,
serial:COM8/motor_raw,1625146,1785394312169,8940,
serial:COM8/motor_raw,1625148,1785394312172,8936,
serial:COM8/motor_raw,1625150,1785394312174,8938,
serial:COM8/motor_raw,1625152,1785394312176,8940,
serial:COM8/motor_raw,1625154,1785394312177,8936,
serial:COM8/motor_raw,1625156,1785394312179,8936,
serial:COM8/motor_raw,1625158,1785394312181,8936,
serial:COM8/motor_raw,1625160,1785394312184,8937,
serial:COM8/motor_raw,1625162,1785394312186,8937,
serial:COM8/motor_raw,1625164,1785394312187,8938,
serial:COM8/motor_raw,1625166,1785394312189,8937,
serial:COM8/motor_raw,1625168,1785394312191,8936,
serial:COM8/motor_raw,1625170,1785394312194,8936,
serial:COM8/motor_raw,1625172,1785394312196,8938,
serial:COM8/motor_raw,1625174,1785394312197,8938,
serial:COM8/motor_raw,1625176,1785394312199,8938,
serial:COM8/motor_raw,1625178,1785394312201,8938,
serial:COM8/motor_raw,1625180,1785394312204,8939,
serial:COM8/motor_raw,1625182,1785394312206,8936,
serial:COM8/motor_raw,1625184,1785394312207,8936,
serial:COM8/motor_raw,1625186,1785394312209,8936,
serial:COM8/motor_raw,1625188,1785394312211,8936,
serial:COM8/motor_raw,1625190,1785394312214,8938,
serial:COM8/motor_raw,1625192,1785394312216,8940,
serial:COM8/motor_raw,1625194,1785394312217,8937,
serial:COM8/motor_raw,1625196,1785394312219,8938,
serial:COM8/motor_raw,1625198,1785394312221,8937,
serial:COM8/motor_raw,1625200,1785394312224,8939,
serial:COM8/motor_raw,1625202,1785394312226,8939,
serial:COM8/motor_raw,1625204,1785394312227,8936,
serial:COM8/motor_raw,1625206,1785394312229,8938,
serial:COM8/motor_raw,1625208,1785394312231,8937,
serial:COM8/motor_raw,1625210,1785394312234,8936,
serial:COM8/motor_raw,1625212,1785394312236,8935,
serial:COM8/motor_raw,1625214,1785394312237,8936,
serial:COM8/motor_raw,1625216,1785394312239,8938,
serial:COM8/motor_raw,1625218,1785394312241,8935,
serial:COM8/motor_raw,1625220,1785394312244,8938,
serial:COM8/motor_raw,1625222,1785394312246,8935,
serial:COM8/motor_raw,1625224,1785394312247,8937,
serial:COM8/motor_raw,1625226,1785394312249,8936,
serial:COM8/motor_raw,1625228,1785394312251,8938,
serial:COM8/motor_raw,1625230,1785394312254,8937,
serial:COM8/motor_raw,1625232,1785394312256,8938,
serial:COM8/motor_raw,1625234,1785394312257,8937,
serial:COM8/motor_raw,1625236,1785394312259,8938,
serial:COM8/motor_raw,1625238,1785394312261,8936,
serial:COM8/motor_raw,1625240,1785394312264,8938,
serial:COM8/motor_raw,1625242,1785394312266,8937,
serial:COM8/motor_raw,1625244,1785394312267,8937,
serial:COM8/motor_raw,1625246,1785394312269,8938,
serial:COM8/motor_raw,1625248,1785394312271,8938,
serial:COM8/motor_raw,1625250,1785394312274,8937,
serial:COM8/motor_raw,1625252,1785394312276,8937,
serial:COM8/motor_raw,1625254,1785394312277,8938,
serial:COM8/motor_raw,1625256,1785394312279,8938,
serial:COM8/motor_raw,1625258,1785394312281,8941,
serial:COM8/motor_raw,1625260,1785394312284,8937,
serial:COM8/motor_raw,1625262,1785394312286,8935,
serial:COM8/motor_raw,1625264,1785394312287,8935,
serial:COM8/motor_raw,1625266,1785394312290,8937,
serial:COM8/motor_raw,1625268,1785394312291,8935,
serial:COM8/motor_raw,1625270,1785394312294,8935,
serial:COM8/motor_raw,1625272,1785394312295,8937,
serial:COM8/motor_raw,1625274,1785394312297,8937,
serial:COM8/motor_raw,1625276,1785394312299,8937,
serial:COM8/motor_raw,1625278,1785394312301,8936,
serial:COM8/motor_raw,1625280,1785394312304,8937,
serial:COM8/motor_raw,1625282,1785394312306,8938,
serial:COM8/motor_raw,1625284,1785394312307,8939,
serial:COM8/motor_raw,1625286,1785394312309,8938,
serial:COM8/motor_raw,1625288,1785394312311,8935,
serial:COM8/motor_raw,1625290,1785394312314,8935,
serial:COM8/motor_raw,1625292,1785394312316,8936,
serial:COM8/motor_raw,1625294,1785394312318,8938,
serial:COM8/motor_raw,1625296,1785394312319,8938,
serial:COM8/motor_raw,1625298,1785394312321,8936,
serial:COM8/motor_raw,1625300,1785394312324,8938,
serial:COM8/motor_raw,1625302,1785394312326,8936,
serial:COM8/motor_raw,1625304,1785394312327,8938,
serial:COM8/motor_raw,1625306,1785394312329,8935,
serial:COM8/motor_raw,1625308,1785394312331,8938,
serial:COM8/motor_raw,1625310,1785394312334,8939,
serial:COM8/motor_raw,1625312,1785394312335,8938,
serial:COM8/motor_raw,1625314,1785394312337,8938,
serial:COM8/motor_raw,1625316,1785394312339,8938,
serial:COM8/motor_raw,1625318,1785394312341,8936,
serial:COM8/motor_raw,1625320,1785394312344,8936,
serial:COM8/motor_raw,1625322,1785394312346,8937,
serial:COM8/motor_raw,1625324,1785394312347,8937,
serial:COM8/motor_raw,1625326,1785394312349,8937,
serial:COM8/motor_raw,1625328,1785394312351,8935,
serial:COM8/motor_raw,1625330,1785394312354,8937,
serial:COM8/motor_raw,1625332,1785394312358,8937,
serial:COM8/motor_raw,1625334,1785394312358,8937,
serial:COM8/motor_raw,1625336,1785394312359,8935,
serial:COM8/motor_raw,1625338,1785394312361,8938,
serial:COM8/motor_raw,1625340,1785394312364,8938,
serial:COM8/motor_raw,1625342,1785394312365,8939,
serial:COM8/motor_raw,1625344,1785394312367,8936,
serial:COM8/motor_raw,1625346,1785394312369,8936,
serial:COM8/motor_raw,1625348,1785394312371,8937,
serial:COM8/motor_raw,1625350,1785394312374,8938,
serial:COM8/motor_raw,1625352,1785394312376,8938,
serial:COM8/motor_raw,1625354,1785394312377,8936,
serial:COM8/motor_raw,1625356,1785394312379,8937,
serial:COM8/motor_raw,1625358,1785394312381,8938,
serial:COM8/motor_raw,1625360,1785394312384,8937,
serial:COM8/motor_raw,1625362,1785394312385,8939,
serial:COM8/motor_raw,1625364,1785394312387,8935,
serial:COM8/motor_raw,1625366,1785394312390,8937,
serial:COM8/motor_raw,1625368,1785394312391,8939,
serial:COM8/motor_raw,1625370,1785394312394,8941,
serial:COM8/motor_raw,1625372,1785394312395,8939,
serial:COM8/motor_raw,1625374,1785394312397,8937,
serial:COM8/motor_raw,1625376,1785394312399,8939,
serial:COM8/motor_raw,1625378,1785394312401,8938,
serial:COM8/motor_raw,1625380,1785394312404,8938,
serial:COM8/motor_raw,1625382,1785394312405,8936,
serial:COM8/motor_raw,1625384,1785394312407,8938,
serial:COM8/motor_raw,1625386,1785394312409,8937,
serial:COM8/motor_raw,1625388,1785394312411,8938,
serial:COM8/motor_raw,1625390,1785394312414,8938,
serial:COM8/motor_raw,1625392,1785394312416,8939,
serial:COM8/motor_raw,1625394,1785394312417,8939,
serial:COM8/motor_raw,1625396,1785394312419,8939,
serial:COM8/motor_raw,1625398,1785394312422,8936,
serial:COM8/motor_raw,1625400,1785394312424,8938,
serial:COM8/motor_raw,1625402,1785394312426,8937,
serial:COM8/motor_raw,1625404,1785394312427,8937,
serial:COM8/motor_raw,1625406,1785394312429,8935,
serial:COM8/motor_raw,1625408,1785394312431,8936,
serial:COM8/motor_raw,1625410,1785394312434,8938,
serial:COM8/motor_raw,1625412,1785394312436,8937,
serial:COM8/motor_raw,1625414,1785394312437,8938,
serial:COM8/motor_raw,1625416,1785394312439,8936,
serial:COM8/motor_raw,1625418,1785394312441,8938,
serial:COM8/motor_raw,1625420,1785394312444,8937,
serial:COM8/motor_raw,1625422,1785394312445,8935,
serial:COM8/motor_raw,1625424,1785394312447,8938,
serial:COM8/motor_raw,1625426,1785394312449,8938,
serial:COM8/motor_raw,1625428,1785394312451,8937,
serial:COM8/motor_raw,1625430,1785394312454,8939,
serial:COM8/motor_raw,1625432,1785394312455,8935,
serial:COM8/motor_raw,1625434,1785394312457,8937,
serial:COM8/motor_raw,1625436,1785394312459,8937,
serial:COM8/motor_raw,1625438,1785394312461,8938,
serial:COM8/motor_raw,1625440,1785394312464,8937,
serial:COM8/motor_raw,1625442,1785394312465,8940,
serial:COM8/motor_raw,1625444,1785394312467,8940,
serial:COM8/motor_raw,1625446,1785394312469,8938,
serial:COM8/motor_raw,1625448,1785394312471,8936,
serial:COM8/motor_raw,1625450,1785394312474,8938,
serial:COM8/motor_raw,1625452,1785394312476,8936,
serial:COM8/motor_raw,1625454,1785394312477,8939,
serial:COM8/motor_raw,1625456,1785394312479,8937,
serial:COM8/motor_raw,1625458,1785394312481,8937,
serial:COM8/motor_raw,1625460,1785394312484,8935,
serial:COM8/motor_raw,1625462,1785394312485,8936,
serial:COM8/motor_raw,1625464,1785394312487,8935,
serial:COM8/motor_raw,1625466,1785394312489,8937,
serial:COM8/motor_raw,1625468,1785394312491,8939,
serial:COM8/motor_raw,1625470,1785394312494,8937,
serial:COM8/motor_raw,1625472,1785394312496,8936,
serial:COM8/motor_raw,1625474,1785394312497,8934,
serial:COM8/motor_raw,1625476,1785394312499,8937,
serial:COM8/motor_raw,1625478,1785394312501,8939,
serial:COM8/motor_raw,1625480,1785394312504,8937,
serial:COM8/motor_raw,1625482,1785394312505,8935,
serial:COM8/motor_raw,1625484,1785394312507,8940,
serial:COM8/motor_raw,1625486,1785394312509,8936,
serial:COM8/motor_raw,1625488,1785394312511,8936,
serial:COM8/motor_raw,1625490,1785394312514,8939,
serial:COM8/motor_raw,1625492,1785394312516,8939,
serial:COM8/motor_raw,1625494,1785394312517,8938,
serial:COM8/motor_raw,1625496,1785394312519,8940,
serial:COM8/motor_raw,1625498,1785394312521,8934,
serial:COM8/motor_raw,1625500,1785394312524,8937,
serial:COM8/motor_raw,1625502,1785394312526,8935,
serial:COM8/motor_raw,1625504,1785394312527,8937,
serial:COM8/motor_raw,1625506,1785394312529,8936,
serial:COM8/motor_raw,1625508,1785394312531,8939,
serial:COM8/motor_raw,1625510,1785394312534,8935,
serial:COM8/motor_raw,1625512,1785394312536,8939,
serial:COM8/motor_raw,1625514,1785394312537,8939,
serial:COM8/motor_raw,1625516,1785394312540,8937,
serial:COM8/motor_raw,1625518,1785394312541,8935,
serial:COM8/motor_raw,1625520,1785394312544,8939,
serial:COM8/motor_raw,1625522,1785394312546,8940,
serial:COM8/motor_raw,1625524,1785394312547,8937,
serial:COM8/motor_raw,1625526,1785394312549,8937,
serial:COM8/motor_raw,1625528,1785394312551,8941,
serial:COM8/motor_raw,1625530,1785394312554,8939,
serial:COM8/motor_raw,1625532,1785394312558,8939,
serial:COM8/motor_raw,1625534,1785394312558,8939,
serial:COM8/motor_raw,1625536,1785394312559,8938,
serial:COM8/motor_raw,1625538,1785394312561,8938,
serial:COM8/motor_raw,1625540,1785394312564,8937,
serial:COM8/motor_raw,1625542,1785394312566,8939,
serial:COM8/motor_raw,1625544,1785394312567,8936,
serial:COM8/motor_raw,1625546,1785394312569,8937,
serial:COM8/motor_raw,1625548,1785394312571,8935,
serial:COM8/motor_raw,1625550,1785394312574,8937,
serial:COM8/motor_raw,1625552,1785394312576,8936,
serial:COM8/motor_raw,1625554,1785394312577,8936,
serial:COM8/motor_raw,1625556,1785394312579,8935,
serial:COM8/motor_raw,1625558,1785394312581,8937,
serial:COM8/motor_raw,1625560,1785394312584,8938,
serial:COM8/motor_raw,1625562,1785394312586,8937,
serial:COM8/motor_raw,1625564,1785394312587,8941,
serial:COM8/motor_raw,1625566,1785394312589,8938,
serial:COM8/motor_raw,1625568,1785394312591,8938,
serial:COM8/motor_raw,1625570,1785394312594,8937,
serial:COM8/motor_raw,1625572,1785394312596,8938,
serial:COM8/motor_raw,1625574,1785394312597,8940,
serial:COM8/motor_raw,1625576,1785394312599,8940,
serial:COM8/motor_raw,1625578,1785394312601,8937,
serial:COM8/motor_raw,1625580,1785394312604,8938,
serial:COM8/motor_raw,1625582,1785394312606,8936,
serial:COM8/motor_raw,1625584,1785394312607,8937,
serial:COM8/motor_raw,1625586,1785394312609,8938,
serial:COM8/motor_raw,1625588,1785394312611,8937,
serial:COM8/motor_raw,1625590,1785394312614,8938,
serial:COM8/motor_raw,1625592,1785394312616,8937,
serial:COM8/motor_raw,1625594,1785394312617,8936,
serial:COM8/motor_raw,1625596,1785394312619,8936,
serial:COM8/motor_raw,1625598,1785394312621,8938,
serial:COM8/motor_raw,1625600,1785394312624,8939,
serial:COM8/motor_raw,1625602,1785394312626,8933,
serial:COM8/motor_raw,1625604,1785394312628,8937,
serial:COM8/motor_raw,1625606,1785394312629,8937,
serial:COM8/motor_raw,1625608,1785394312631,8937,
serial:COM8/motor_raw,1625610,1785394312634,8934,
serial:COM8/motor_raw,1625612,1785394312636,8938,
serial:COM8/motor_raw,1625614,1785394312637,8938,
serial:COM8/motor_raw,1625616,1785394312639,8935,
serial:COM8/motor_raw,1625618,1785394312641,8939,
serial:COM8/motor_raw,1625620,1785394312644,8938,
serial:COM8/motor_raw,1625622,1785394312646,8937,
serial:COM8/motor_raw,1625624,1785394312647,8938,
serial:COM8/motor_raw,1625626,1785394312649,8940,
serial:COM8/motor_raw,1625628,1785394312651,8939,
serial:COM8/motor_raw,1625630,1785394312654,8940,
serial:COM8/motor_raw,1625632,1785394312656,8936,
serial:COM8/motor_raw,1625634,1785394312657,8939,
serial:COM8/motor_raw,1625636,1785394312659,8939,
serial:COM8/motor_raw,1625638,1785394312661,8938,
serial:COM8/motor_raw,1625640,1785394312664,8935,
serial:COM8/motor_raw,1625642,1785394312666,8938,
serial:COM8/motor_raw,1625644,1785394312667,8938,
serial:COM8/motor_raw,1625646,1785394312669,8935,
serial:COM8/motor_raw,1625648,1785394312671,8938,
serial:COM8/motor_raw,1625650,1785394312674,8935,
serial:COM8/motor_raw,1625652,1785394312676,8939,
serial:COM8/motor_raw,1625654,1785394312677,8935,
serial:COM8/motor_raw,1625656,1785394312679,8938,
serial:COM8/motor_raw,1625658,1785394312681,8937,
serial:COM8/motor_raw,1625660,1785394312684,8940,
serial:COM8/motor_raw,1625662,1785394312686,8938,
serial:COM8/motor_raw,1625664,1785394312687,8938,
serial:COM8/motor_raw,1625666,1785394312689,8937,
serial:COM8/motor_raw,1625668,1785394312691,8939,
serial:COM8/motor_raw,1625670,1785394312694,8938,
serial:COM8/motor_raw,1625672,1785394312696,8939,
serial:COM8/motor_raw,1625674,1785394312697,8937,
serial:COM8/motor_raw,1625676,1785394312699,8935,
serial:COM8/motor_raw,1625678,1785394312701,8939,
serial:COM8/motor_raw,1625680,1785394312704,8935,
serial:COM8/motor_raw,1625682,1785394312706,8937,
serial:COM8/motor_raw,1625684,1785394312707,8936,
serial:COM8/motor_raw,1625686,1785394312709,8937,
serial:COM8/motor_raw,1625688,1785394312711,8936,
serial:COM8/motor_raw,1625690,1785394312714,8939,
serial:COM8/motor_raw,1625692,1785394312716,8935,
serial:COM8/motor_raw,1625694,1785394312717,8937,
serial:COM8/motor_raw,1625696,1785394312719,8938,
serial:COM8/motor_raw,1625698,1785394312721,8937,
serial:COM8/motor_raw,1625700,1785394312724,8935,
serial:COM8/motor_raw,1625702,1785394312726,8938,
serial:COM8/motor_raw,1625704,1785394312727,8935,
serial:COM8/motor_raw,1625706,1785394312729,8938,
serial:COM8/motor_raw,1625708,1785394312731,8937,
serial:COM8/motor_raw,1625710,1785394312734,8935,
serial:COM8/motor_raw,1625712,1785394312736,8938,
serial:COM8/motor_raw,1625714,1785394312737,8938,
serial:COM8/motor_raw,1625716,1785394312739,8938,
serial:COM8/motor_raw,1625718,1785394312741,8937,
serial:COM8/motor_raw,1625720,1785394312744,8937,
serial:COM8/motor_raw,1625722,1785394312746,8941,
serial:COM8/motor_raw,1625724,1785394312747,8934,
serial:COM8/motor_raw,1625726,1785394312749,8939,
serial:COM8/motor_raw,1625728,1785394312751,8937,
serial:COM8/motor_raw,1625730,1785394312754,8935,
serial:COM8/motor_raw,1625732,1785394312758,8938,
serial:COM8/motor_raw,1625734,1785394312758,8940,
serial:COM8/motor_raw,1625736,1785394312759,8935,
serial:COM8/motor_raw,1625738,1785394312761,8937,
serial:COM8/motor_raw,1625740,1785394312764,8940,
serial:COM8/motor_raw,1625742,1785394312766,8935,
serial:COM8/motor_raw,1625744,1785394312767,8939,
serial:COM8/motor_raw,1625746,1785394312769,8936,
serial:COM8/motor_raw,1625748,1785394312771,8935,
serial:COM8/motor_raw,1625750,1785394312774,8938,
serial:COM8/motor_raw,1625752,1785394312776,8938,
serial:COM8/motor_raw,1625754,1785394312777,8940,
serial:COM8/motor_raw,1625756,1785394312779,8939,
serial:COM8/motor_raw,1625758,1785394312781,8938,
serial:COM8/motor_raw,1625760,1785394312784,8938,
serial:COM8/motor_raw,1625762,1785394312786,8936,
serial:COM8/motor_raw,1625764,1785394312787,8937,
serial:COM8/motor_raw,1625766,1785394312790,8939,
serial:COM8/motor_raw,1625768,1785394312792,8935,
serial:COM8/motor_raw,1625770,1785394312794,8936,
serial:COM8/motor_raw,1625772,1785394312796,8935,
serial:COM8/motor_raw,1625774,1785394312798,8937,
serial:COM8/motor_raw,1625776,1785394312800,8939,
serial:COM8/motor_raw,1625778,1785394312802,8936,
serial:COM8/motor_raw,1625780,1785394312804,8939,
serial:COM8/motor_raw,1625782,1785394312806,8938,
serial:COM8/motor_raw,1625784,1785394312808,8937,
serial:COM8/motor_raw,1625786,1785394312810,8939,
serial:COM8/motor_raw,1625788,1785394312812,8940,
serial:COM8/motor_raw,1625790,1785394312814,8937,
serial:COM8/motor_raw,1625792,1785394312816,8937,
serial:COM8/motor_raw,1625794,1785394312818,8939,
serial:COM8/motor_raw,1625796,1785394312820,8936,
serial:COM8/motor_raw,1625798,1785394312822,8938,
serial:COM8/motor_raw,1625800,1785394312824,8937,
serial:COM8/motor_raw,1625802,1785394312826,8937,
serial:COM8/motor_raw,1625804,1785394312828,8940,
serial:COM8/motor_raw,1625806,1785394312830,8936,
serial:COM8/motor_raw,1625808,1785394312832,8938,
serial:COM8/motor_raw,1625810,1785394312834,8938,
serial:COM8/motor_raw,1625812,1785394312836,8936,
serial:COM8/motor_raw,1625814,1785394312838,8937,
serial:COM8/motor_raw,1625816,1785394312840,8937,
serial:COM8/motor_raw,1625818,1785394312842,8938,
serial:COM8/motor_raw,1625820,1785394312844,8938,
serial:COM8/motor_raw,1625822,1785394312846,8939,
serial:COM8/motor_raw,1625824,1785394312848,8936,
serial:COM8/motor_raw,1625826,1785394312850,8941,
serial:COM8/motor_raw,1625828,1785394312852,8939,
serial:COM8/motor_raw,1625830,1785394312854,8937,
serial:COM8/motor_raw,1625832,1785394312856,8937,
serial:COM8/motor_raw,1625834,1785394312858,8939,
serial:COM8/motor_raw,1625836,1785394312860,8938,
serial:COM8/motor_raw,1625838,1785394312862,8937,
serial:COM8/motor_raw,1625840,1785394312864,8939,
serial:COM8/motor_raw,1625842,1785394312866,8938,
serial:COM8/motor_raw,1625844,1785394312868,8934,
serial:COM8/motor_raw,1625846,1785394312870,8939,
serial:COM8/motor_raw,1625848,1785394312872,8938,
serial:COM8/motor_raw,1625850,1785394312874,8939,
serial:COM8/motor_raw,1625852,1785394312876,8937,
serial:COM8/motor_raw,1625854,1785394312878,8935,
serial:COM8/motor_raw,1625856,1785394312880,8936,
serial:COM8/motor_raw,1625858,1785394312882,8938,
serial:COM8/motor_raw,1625860,1785394312884,8938,
serial:COM8/motor_raw,1625862,1785394312886,8936,
serial:COM8/motor_raw,1625864,1785394312888,8936,
serial:COM8/motor_raw,1625866,1785394312890,8937,
serial:COM8/motor_raw,1625868,1785394312892,8937,
serial:COM8/motor_raw,1625870,1785394312894,8938,
serial:COM8/motor_raw,1625872,1785394312896,8937,
serial:COM8/motor_raw,1625874,1785394312898,8939,
serial:COM8/motor_raw,1625876,1785394312900,8941,
serial:COM8/motor_raw,1625878,1785394312902,8940,
serial:COM8/motor_raw,1625880,1785394312904,8937,
serial:COM8/motor_raw,1625882,1785394312906,8935,
serial:COM8/motor_raw,1625884,1785394312908,8935,
serial:COM8/motor_raw,1625886,1785394312910,8938,
serial:COM8/motor_raw,1625888,1785394312912,8939,
serial:COM8/motor_raw,1625890,1785394312914,8936,
serial:COM8/motor_raw,1625892,1785394312916,8935,
serial:COM8/motor_raw,1625894,1785394312918,8935,
serial:COM8/motor_raw,1625896,1785394312920,8938,
serial:COM8/motor_raw,1625898,1785394312922,8935,
serial:COM8/motor_raw,1625900,1785394312924,8936,
serial:COM8/motor_raw,1625902,1785394312926,8935,
serial:COM8/motor_raw,1625904,1785394312928,8935,
serial:COM8/motor_raw,1625906,1785394312930,8936,
serial:COM8/motor_raw,1625908,1785394312932,8936,
serial:COM8/motor_raw,1625910,1785394312934,8939,
serial:COM8/motor_raw,1625912,1785394312936,8938,
serial:COM8/motor_raw,1625914,1785394312938,8937,
serial:COM8/motor_raw,1625916,1785394312940,8935,
serial:COM8/motor_raw,1625918,1785394312942,8936,
serial:COM8/motor_raw,1625920,1785394312944,8938,
serial:COM8/motor_raw,1625922,1785394312946,8937,
serial:COM8/motor_raw,1625924,1785394312948,8938,
serial:COM8/motor_raw,1625926,1785394312950,8938,
serial:COM8/motor_raw,1625928,1785394312952,8937,
serial:COM8/motor_raw,1625930,1785394312954,8935,
serial:COM8/motor_raw,1625932,1785394312958,8940,
serial:COM8/motor_raw,1625934,1785394312958,8937,
serial:COM8/motor_raw,1625936,1785394312960,8935,
serial:COM8/motor_raw,1625938,1785394312962,8938,
serial:COM8/motor_raw,1625940,1785394312964,8940,
serial:COM8/motor_raw,1625942,1785394312966,8939,
serial:COM8/motor_raw,1625944,1785394312968,8938,
serial:COM8/motor_raw,1625946,1785394312970,8938,
serial:COM8/motor_raw,1625948,1785394312972,8936,
serial:COM8/motor_raw,1625950,1785394312974,8934,
serial:COM8/motor_raw,1625952,1785394312976,8938,
serial:COM8/motor_raw,1625954,1785394312978,8936,
serial:COM8/motor_raw,1625956,1785394312980,8935,
serial:COM8/motor_raw,1625958,1785394312982,8936,
serial:COM8/motor_raw,1625960,1785394312984,8938,
serial:COM8/motor_raw,1625962,1785394312986,8940,
serial:COM8/motor_raw,1625964,1785394312988,8936,
serial:COM8/motor_raw,1625966,1785394312990,8934,
serial:COM8/motor_raw,1625968,1785394312992,8939,
serial:COM8/motor_raw,1625970,1785394312994,8938,
serial:COM8/motor_raw,1625972,1785394312996,8937,
serial:COM8/motor_raw,1625974,1785394312998,8936,
serial:COM8/motor_raw,1625976,1785394313000,8938,
serial:COM8/motor_raw,1625978,1785394313002,8939,
serial:COM8/motor_raw,1625980,1785394313004,8938,
serial:COM8/motor_raw,1625982,1785394313006,8937,
serial:COM8/motor_raw,1625984,1785394313008,8935,
serial:COM8/motor_raw,1625986,1785394313010,8935,
serial:COM8/motor_raw,1625988,1785394313012,8938,
serial:COM8/motor_raw,1625990,1785394313014,8938,
serial:COM8/motor_raw,1625992,1785394313016,8937,
serial:COM8/motor_raw,1625994,1785394313018,8937,
serial:COM8/motor_raw,1625996,1785394313020,8938,
serial:COM8/motor_raw,1625998,1785394313022,8937,
serial:COM8/motor_raw,1626000,1785394313024,8935,
serial:COM8/motor_raw,1626002,1785394313026,8936,
serial:COM8/motor_raw,1626004,1785394313028,8938,
serial:COM8/motor_raw,1626006,1785394313030,8934,
serial:COM8/motor_raw,1626008,1785394313032,8937,
serial:COM8/motor_raw,1626010,1785394313034,8937,
serial:COM8/motor_raw,1626012,1785394313036,8937,
serial:COM8/motor_raw,1626014,1785394313038,8935,
serial:COM8/motor_raw,1626016,1785394313040,8939,
serial:COM8/motor_raw,1626018,1785394313042,8938,
serial:COM8/motor_raw,1626020,1785394313044,8940,
serial:COM8/motor_raw,1626022,1785394313046,8937,
serial:COM8/motor_raw,1626024,1785394313047,8937,
serial:COM8/motor_raw,1626026,1785394313050,8937,
serial:COM8/motor_raw,1626028,1785394313052,8936,
serial:COM8/motor_raw,1626030,1785394313054,8936,
serial:COM8/motor_raw,1626032,1785394313056,8935,
serial:COM8/motor_raw,1626034,1785394313058,8938,
serial:COM8/motor_raw,1626036,1785394313060,8937,
serial:COM8/motor_raw,1626038,1785394313061,8939,
serial:COM8/motor_raw,1626040,1785394313064,8937,
serial:COM8/motor_raw,1626042,1785394313066,8937,
serial:COM8/motor_raw,1626044,1785394313068,8939,
serial:COM8/motor_raw,1626046,1785394313070,8938,
serial:COM8/motor_raw,1626048,1785394313072,8939,
serial:COM8/motor_raw,1626050,1785394313074,8937,
serial:COM8/motor_raw,1626052,1785394313076,8937,
serial:COM8/motor_raw,1626054,1785394313078,8936,
serial:COM8/motor_raw,1626056,1785394313080,8937,
serial:COM8/motor_raw,1626058,1785394313082,8939,
serial:COM8/motor_raw,1626060,1785394313084,8937,
serial:COM8/motor_raw,1626062,1785394313086,8939,
serial:COM8/motor_raw,1626064,1785394313088,8937,
serial:COM8/motor_raw,1626066,1785394313090,8937,
serial:COM8/motor_raw,1626068,1785394313092,8935,
serial:COM8/motor_raw,1626070,1785394313094,8936,
serial:COM8/motor_raw,1626072,1785394313096,8938,
serial:COM8/motor_raw,1626074,1785394313098,8939,
serial:COM8/motor_raw,1626076,1785394313100,8935,
serial:COM8/motor_raw,1626078,1785394313102,8934,
serial:COM8/motor_raw,1626080,1785394313104,8935,
serial:COM8/motor_raw,1626082,1785394313106,8936,
serial:COM8/motor_raw,1626084,1785394313107,8937,
serial:COM8/motor_raw,1626086,1785394313110,8938,
serial:COM8/motor_raw,1626088,1785394313112,8936,
serial:COM8/motor_raw,1626090,1785394313114,8937,
serial:COM8/motor_raw,1626092,1785394313116,8939,
serial:COM8/motor_raw,1626094,1785394313118,8936,
serial:COM8/motor_raw,1626096,1785394313120,8934,
serial:COM8/motor_raw,1626098,1785394313122,8936,
serial:COM8/motor_raw,1626100,1785394313124,8936,
serial:COM8/motor_raw,1626102,1785394313126,8935,
serial:COM8/motor_raw,1626104,1785394313128,8937,
serial:COM8/motor_raw,1626106,1785394313129,8937,
serial:COM8/motor_raw,1626108,1785394313132,8936,
serial:COM8/motor_raw,1626110,1785394313134,8935,
serial:COM8/motor_raw,1626112,1785394313136,8942,
serial:COM8/motor_raw,1626114,1785394313137,8937,
serial:COM8/motor_raw,1626116,1785394313140,8940,
serial:COM8/motor_raw,1626118,1785394313142,8936,
serial:COM8/motor_raw,1626120,1785394313144,8937,
serial:COM8/motor_raw,1626122,1785394313146,8937,
serial:COM8/motor_raw,1626124,1785394313148,8938,
serial:COM8/motor_raw,1626126,1785394313150,8935,
serial:COM8/motor_raw,1626128,1785394313151,8936,
serial:COM8/motor_raw,1626130,1785394313154,8939,
serial:COM8/motor_raw,1626132,1785394313158,8938,
serial:COM8/motor_raw,1626134,1785394313158,8937,
serial:COM8/motor_raw,1626136,1785394313159,8937,
serial:COM8/motor_raw,1626138,1785394313162,8937,
serial:COM8/motor_raw,1626140,1785394313164,8939,
serial:COM8/motor_raw,1626142,1785394313166,8939,
serial:COM8/motor_raw,1626144,1785394313167,8937,
serial:COM8/motor_raw,1626146,1785394313170,8936,
serial:COM8/motor_raw,1626148,1785394313172,8938,
serial:COM8/motor_raw,1626150,1785394313174,8936,
serial:COM8/motor_raw,1626152,1785394313176,8939,
serial:COM8/motor_raw,1626154,1785394313177,8940,
serial:COM8/motor_raw,1626156,1785394313179,8938,
serial:COM8/motor_raw,1626158,1785394313182,8939,
serial:COM8/motor_raw,1626160,1785394313184,8936,
serial:COM8/motor_raw,1626162,1785394313186,8936,
serial:COM8/motor_raw,1626164,1785394313188,8936,
serial:COM8/motor_raw,1626166,1785394313190,8937,
serial:COM8/motor_raw,1626168,1785394313191,8939,
serial:COM8/motor_raw,1626170,1785394313194,8940,
serial:COM8/motor_raw,1626172,1785394313196,8939,
serial:COM8/motor_raw,1626174,1785394313197,8935,
serial:COM8/motor_raw,1626176,1785394313200,8938,
serial:COM8/motor_raw,1626178,1785394313202,8937,
serial:COM8/motor_raw,1626180,1785394313204,8939,
serial:COM8/motor_raw,1626182,1785394313206,8940,
serial:COM8/motor_raw,1626184,1785394313207,8938,
serial:COM8/motor_raw,1626186,1785394313210,8935,
serial:COM8/motor_raw,1626188,1785394313211,8937,
serial:COM8/motor_raw,1626190,1785394313214,8938,
serial:COM8/motor_raw,1626192,1785394313216,8935,
serial:COM8/motor_raw,1626194,1785394313217,8936,
serial:COM8/motor_raw,1626196,1785394313219,8937,
serial:COM8/motor_raw,1626198,1785394313222,8935,
serial:COM8/motor_raw,1626200,1785394313224,8935,
serial:COM8/motor_raw,1626202,1785394313226,8938,
serial:COM8/motor_raw,1626204,1785394313227,8937,
serial:COM8/motor_raw,1626206,1785394313229,8939,
serial:COM8/motor_raw,1626208,1785394313231,8939,
serial:COM8/motor_raw,1626210,1785394313234,8938,
serial:COM8/motor_raw,1626212,1785394313236,8935,
serial:COM8/motor_raw,1626214,1785394313238,8936,
serial:COM8/motor_raw,1626216,1785394313239,8938,
serial:COM8/motor_raw,1626218,1785394313241,8938,
serial:COM8/motor_raw,1626220,1785394313244,8937,
serial:COM8/motor_raw,1626222,1785394313246,8936,
serial:COM8/motor_raw,1626224,1785394313247,8940,
serial:COM8/motor_raw,1626226,1785394313249,8935,
serial:COM8/motor_raw,1626228,1785394313251,8937,
serial:COM8/motor_raw,1626230,1785394313254,8937,
serial:COM8/motor_raw,1626232,1785394313256,8941,
serial:COM8/motor_raw,1626234,1785394313257,8935,
serial:COM8/motor_raw,1626236,1785394313259,8936,
serial:COM8/motor_raw,1626238,1785394313261,8940,
serial:COM8/motor_raw,1626240,1785394313264,8935,
serial:COM8/motor_raw,1626242,1785394313266,8937,
serial:COM8/motor_raw,1626244,1785394313267,8935,
serial:COM8/motor_raw,1626246,1785394313269,8940,
serial:COM8/motor_raw,1626248,1785394313271,8940,
serial:COM8/motor_raw,1626250,1785394313274,8935,
serial:COM8/motor_raw,1626252,1785394313276,8940,
serial:COM8/motor_raw,1626254,1785394313277,8937,
serial:COM8/motor_raw,1626256,1785394313279,8936,
serial:COM8/motor_raw,1626258,1785394313281,8937,
serial:COM8/motor_raw,1626260,1785394313284,8938,
serial:COM8/motor_raw,1626262,1785394313286,8939,
serial:COM8/motor_raw,1626264,1785394313287,8936,
serial:COM8/motor_raw,1626266,1785394313289,8936,
serial:COM8/motor_raw,1626268,1785394313291,8936,
serial:COM8/motor_raw,1626270,1785394313294,8937,
serial:COM8/motor_raw,1626272,1785394313296,8937,
serial:COM8/motor_raw,1626274,1785394313297,8937,
serial:COM8/motor_raw,1626276,1785394313299,8936,
serial:COM8/motor_raw,1626278,1785394313301,8937,
serial:COM8/motor_raw,1626280,1785394313304,8938,
serial:COM8/motor_raw,1626282,1785394313306,8939,
serial:COM8/motor_raw,1626284,1785394313307,8934,
serial:COM8/motor_raw,1626286,1785394313309,8937,
serial:COM8/motor_raw,1626288,1785394313311,8936,
serial:COM8/motor_raw,1626290,1785394313314,8935,
serial:COM8/motor_raw,1626292,1785394313316,8935,
serial:COM8/motor_raw,1626294,1785394313318,8936,
serial:COM8/motor_raw,1626296,1785394313319,8939,
serial:COM8/motor_raw,1626298,1785394313321,8938,
serial:COM8/motor_raw,1626300,1785394313324,8937,
serial:COM8/motor_raw,1626302,1785394313326,8938,
serial:COM8/motor_raw,1626304,1785394313327,8937,
serial:COM8/motor_raw,1626306,1785394313329,8939,
serial:COM8/motor_raw,1626308,1785394313331,8935,
serial:COM8/motor_raw,1626310,1785394313334,8938,
serial:COM8/motor_raw,1626312,1785394313336,8938,
serial:COM8/motor_raw,1626314,1785394313337,8937,
serial:COM8/motor_raw,1626316,1785394313339,8936,
serial:COM8/motor_raw,1626318,1785394313341,8935,
serial:COM8/motor_raw,1626320,1785394313344,8941,
serial:COM8/motor_raw,1626322,1785394313346,8936,
serial:COM8/motor_raw,1626324,1785394313347,8939,
serial:COM8/motor_raw,1626326,1785394313349,8935,
serial:COM8/motor_raw,1626328,1785394313351,8936,
serial:COM8/motor_raw,1626330,1785394313354,8936,
serial:COM8/motor_raw,1626332,1785394313358,8937,
serial:COM8/motor_raw,1626334,1785394313359,8938,
serial:COM8/motor_raw,1626336,1785394313359,8934,
serial:COM8/motor_raw,1626338,1785394313362,8938,
serial:COM8/motor_raw,1626340,1785394313364,8935,
serial:COM8/motor_raw,1626342,1785394313366,8939,
serial:COM8/motor_raw,1626344,1785394313367,8939,
serial:COM8/motor_raw,1626346,1785394313369,8937,
serial:COM8/motor_raw,1626348,1785394313371,8936,
serial:COM8/motor_raw,1626350,1785394313374,8938,
serial:COM8/motor_raw,1626352,1785394313376,8938,
serial:COM8/motor_raw,1626354,1785394313377,8940,
serial:COM8/motor_raw,1626356,1785394313379,8937,
serial:COM8/motor_raw,1626358,1785394313381,8937,
serial:COM8/motor_raw,1626360,1785394313384,8938,
serial:COM8/motor_raw,1626362,1785394313386,8939,
serial:COM8/motor_raw,1626364,1785394313388,8939,
serial:COM8/motor_raw,1626366,1785394313389,8940,
serial:COM8/motor_raw,1626368,1785394313391,8942,
serial:COM8/motor_raw,1626370,1785394313394,8936,
serial:COM8/motor_raw,1626372,1785394313396,8935,
serial:COM8/motor_raw,1626374,1785394313397,8937,
serial:COM8/motor_raw,1626376,1785394313399,8937,
serial:COM8/motor_raw,1626378,1785394313402,8939,
serial:COM8/motor_raw,1626380,1785394313404,8938,
serial:COM8/motor_raw,1626382,1785394313406,8938,
serial:COM8/motor_raw,1626384,1785394313408,8939,
serial:COM8/motor_raw,1626386,1785394313409,8936,
serial:COM8/motor_raw,1626388,1785394313411,8936,
serial:COM8/motor_raw,1626390,1785394313414,8934,
serial:COM8/motor_raw,1626392,1785394313416,8938,
serial:COM8/motor_raw,1626394,1785394313417,8935,
serial:COM8/motor_raw,1626396,1785394313419,8936,
serial:COM8/motor_raw,1626398,1785394313421,8937,
serial:COM8/motor_raw,1626400,1785394313424,8934,
serial:COM8/motor_raw,1626402,1785394313426,8937,
serial:COM8/motor_raw,1626404,1785394313427,8937,
serial:COM8/motor_raw,1626406,1785394313429,8938,
serial:COM8/motor_raw,1626408,1785394313431,8935,
serial:COM8/motor_raw,1626410,1785394313434,8938,
serial:COM8/motor_raw,1626412,1785394313436,8938,
serial:COM8/motor_raw,1626414,1785394313437,8935,
serial:COM8/motor_raw,1626416,1785394313439,8936,
serial:COM8/motor_raw,1626418,1785394313441,8936,
serial:COM8/motor_raw,1626420,1785394313444,8935,
serial:COM8/motor_raw,1626422,1785394313446,8939,
serial:COM8/motor_raw,1626424,1785394313447,8941,
serial:COM8/motor_raw,1626426,1785394313449,8938,
serial:COM8/motor_raw,1626428,1785394313451,8935,
serial:COM8/motor_raw,1626430,1785394313454,8937,
serial:COM8/motor_raw,1626432,1785394313456,8939,
serial:COM8/motor_raw,1626434,1785394313457,8938,
serial:COM8/motor_raw,1626436,1785394313459,8939,
serial:COM8/motor_raw,1626438,1785394313461,8940,
serial:COM8/motor_raw,1626440,1785394313464,8937,
serial:COM8/motor_raw,1626442,1785394313466,8939,
serial:COM8/motor_raw,1626444,1785394313467,8940,
serial:COM8/motor_raw,1626446,1785394313469,8938,
serial:COM8/motor_raw,1626448,1785394313471,8938,
serial:COM8/motor_raw,1626450,1785394313474,8935,
serial:COM8/motor_raw,1626452,1785394313476,8937,
serial:COM8/motor_raw,1626454,1785394313477,8939,
serial:COM8/motor_raw,1626456,1785394313479,8937,
serial:COM8/motor_raw,1626458,1785394313481,8937,
serial:COM8/motor_raw,1626460,1785394313484,8937,
serial:COM8/motor_raw,1626462,1785394313486,8939,
serial:COM8/motor_raw,1626464,1785394313487,8937,
serial:COM8/motor_raw,1626466,1785394313489,8936,
serial:COM8/motor_raw,1626468,1785394313491,8937,
serial:COM8/motor_raw,1626470,1785394313494,8937,
serial:COM8/motor_raw,1626472,1785394313496,8938,
serial:COM8/motor_raw,1626474,1785394313497,8936,
serial:COM8/motor_raw,1626476,1785394313499,8939,
serial:COM8/motor_raw,1626478,1785394313501,8937,
serial:COM8/motor_raw,1626480,1785394313504,8936,
serial:COM8/motor_raw,1626482,1785394313506,8936,
serial:COM8/motor_raw,1626484,1785394313507,8939,
serial:COM8/motor_raw,1626486,1785394313509,8940,
serial:COM8/motor_raw,1626488,1785394313511,8937,
serial:COM8/motor_raw,1626490,1785394313514,8936,
serial:COM8/motor_raw,1626492,1785394313516,8935,
serial:COM8/motor_raw,1626494,1785394313517,8936,
serial:COM8/motor_raw,1626496,1785394313519,8934,
serial:COM8/motor_raw,1626498,1785394313521,8937,
serial:COM8/motor_raw,1626500,1785394313524,8937,
serial:COM8/motor_raw,1626502,1785394313526,8938,
serial:COM8/motor_raw,1626504,1785394313527,8938,
serial:COM8/motor_raw,1626506,1785394313529,8936,
serial:COM8/motor_raw,1626508,1785394313531,8936,
serial:COM8/motor_raw,1626510,1785394313534,8939,
serial:COM8/motor_raw,1626512,1785394313536,8940,
serial:COM8/motor_raw,1626514,1785394313537,8938,
serial:COM8/motor_raw,1626516,1785394313539,8939,
serial:COM8/motor_raw,1626518,1785394313541,8938,
serial:COM8/motor_raw,1626520,1785394313544,8940,
serial:COM8/motor_raw,1626522,1785394313546,8936,
serial:COM8/motor_raw,1626524,1785394313547,8939,
serial:COM8/motor_raw,1626526,1785394313549,8938,
serial:COM8/motor_raw,1626528,1785394313551,8938,
serial:COM8/motor_raw,1626530,1785394313554,8938,
serial:COM8/motor_raw,1626532,1785394313558,8936,
serial:COM8/motor_raw,1626534,1785394313558,8936,
serial:COM8/motor_raw,1626536,1785394313559,8937,
serial:COM8/motor_raw,1626538,1785394313562,8936,
serial:COM8/motor_raw,1626540,1785394313564,8936,
serial:COM8/motor_raw,1626542,1785394313566,8935,
serial:COM8/motor_raw,1626544,1785394313567,8937,
serial:COM8/motor_raw,1626546,1785394313569,8938,
serial:COM8/motor_raw,1626548,1785394313571,8938,
serial:COM8/motor_raw,1626550,1785394313574,8939,
serial:COM8/motor_raw,1626552,1785394313576,8936,
serial:COM8/motor_raw,1626554,1785394313577,8936,
serial:COM8/motor_raw,1626556,1785394313579,8937,
serial:COM8/motor_raw,1626558,1785394313582,8936,
serial:COM8/motor_raw,1626560,1785394313584,8936,
serial:COM8/motor_raw,1626562,1785394313586,8935,
serial:COM8/motor_raw,1626564,1785394313587,8937,
serial:COM8/motor_raw,1626566,1785394313589,8938,
serial:COM8/motor_raw,1626568,1785394313591,8938,
serial:COM8/motor_raw,1626570,1785394313594,8937,
serial:COM8/motor_raw,1626572,1785394313596,8937,
serial:COM8/motor_raw,1626574,1785394313597,8940,
serial:COM8/motor_raw,1626576,1785394313599,8935,
serial:COM8/motor_raw,1626578,1785394313601,8938,
serial:COM8/motor_raw,1626580,1785394313604,8937,
serial:COM8/motor_raw,1626582,1785394313606,8937,
serial:COM8/motor_raw,1626584,1785394313607,8938,
serial:COM8/motor_raw,1626586,1785394313609,8937,
serial:COM8/motor_raw,1626588,1785394313611,8937,
serial:COM8/motor_raw,1626590,1785394313614,8938,
serial:COM8/motor_raw,1626592,1785394313616,8937,
serial:COM8/motor_raw,1626594,1785394313617,8938,
serial:COM8/motor_raw,1626596,1785394313619,8939,
serial:COM8/motor_raw,1626598,1785394313621,8936,
serial:COM8/motor_raw,1626600,1785394313624,8938,
serial:COM8/motor_raw,1626602,1785394313626,8936,
serial:COM8/motor_raw,1626604,1785394313627,8938,
serial:COM8/motor_raw,1626606,1785394313629,8938,
serial:COM8/motor_raw,1626608,1785394313631,8940,
serial:COM8/motor_raw,1626610,1785394313634,8937,
serial:COM8/motor_raw,1626612,1785394313636,8937,
serial:COM8/motor_raw,1626614,1785394313637,8936,
serial:COM8/motor_raw,1626616,1785394313639,8937,
serial:COM8/motor_raw,1626618,1785394313642,8936,
serial:COM8/motor_raw,1626620,1785394313644,8935,
serial:COM8/motor_raw,1626622,1785394313646,8936,
serial:COM8/motor_raw,1626624,1785394313647,8937,
serial:COM8/motor_raw,1626626,1785394313649,8937,
serial:COM8/motor_raw,1626628,1785394313651,8935,
serial:COM8/motor_raw,1626630,1785394313654,8936,
serial:COM8/motor_raw,1626632,1785394313656,8938,
serial:COM8/motor_raw,1626634,1785394313657,8938,
serial:COM8/motor_raw,1626636,1785394313659,8937,
serial:COM8/motor_raw,1626638,1785394313662,8936,
serial:COM8/motor_raw,1626640,1785394313664,8938,
serial:COM8/motor_raw,1626642,1785394313666,8937,
serial:COM8/motor_raw,1626644,1785394313667,8936,
serial:COM8/motor_raw,1626646,1785394313669,8937,
serial:COM8/motor_raw,1626648,1785394313671,8936,
serial:COM8/motor_raw,1626650,1785394313674,8934,
serial:COM8/motor_raw,1626652,1785394313676,8939,
serial:COM8/motor_raw,1626654,1785394313677,8937,
serial:COM8/motor_raw,1626656,1785394313679,8937,
serial:COM8/motor_raw,1626658,1785394313681,8939,
serial:COM8/motor_raw,1626660,1785394313684,8939,
serial:COM8/motor_raw,1626662,1785394313686,8937,
serial:COM8/motor_raw,1626664,1785394313687,8934,
serial:COM8/motor_raw,1626666,1785394313690,8937,
serial:COM8/motor_raw,1626668,1785394313692,8939,
serial:COM8/motor_raw,1626670,1785394313694,8939,
serial:COM8/motor_raw,1626672,1785394313696,8938,
serial:COM8/motor_raw,1626674,1785394313697,8936,
serial:COM8/motor_raw,1626676,1785394313700,8936,
serial:COM8/motor_raw,1626678,1785394313701,8940,
serial:COM8/motor_raw,1626680,1785394313704,8938,
serial:COM8/motor_raw,1626682,1785394313706,8936,
serial:COM8/motor_raw,1626684,1785394313707,8936,
serial:COM8/motor_raw,1626686,1785394313710,8939,
serial:COM8/motor_raw,1626688,1785394313711,8939,
serial:COM8/motor_raw,1626690,1785394313714,8938,
serial:COM8/motor_raw,1626692,1785394313716,8939,
serial:COM8/motor_raw,1626694,1785394313718,8936,
serial:COM8/motor_raw,1626696,1785394313719,8938,
serial:COM8/motor_raw,1626698,1785394313721,8939,
serial:COM8/motor_raw,1626700,1785394313724,8937,
serial:COM8/motor_raw,1626702,1785394313726,8936,
serial:COM8/motor_raw,1626704,1785394313727,8936,
serial:COM8/motor_raw,1626706,1785394313729,8936,
serial:COM8/motor_raw,1626708,1785394313732,8937,
serial:COM8/motor_raw,1626710,1785394313734,8938,
serial:COM8/motor_raw,1626712,1785394313736,8939,
serial:COM8/motor_raw,1626714,1785394313737,8937,
serial:COM8/motor_raw,1626716,1785394313739,8937,
serial:COM8/motor_raw,1626718,1785394313741,8938,
serial:COM8/motor_raw,1626720,1785394313744,8939,
serial:COM8/motor_raw,1626722,1785394313746,8937,
serial:COM8/motor_raw,1626724,1785394313747,8937,
serial:COM8/motor_raw,1626726,1785394313749,8938,
serial:COM8/motor_raw,1626728,1785394313751,8936,
serial:COM8/motor_raw,1626730,1785394313754,8934,
serial:COM8/motor_raw,1626732,1785394313758,8939,
serial:COM8/motor_raw,1626734,1785394313758,8934,
serial:COM8/motor_raw,1626736,1785394313759,8935,
serial:COM8/motor_raw,1626738,1785394313761,8939,
serial:COM8/motor_raw,1626740,1785394313764,8937,
serial:COM8/motor_raw,1626742,1785394313766,8937,
serial:COM8/motor_raw,1626744,1785394313767,8936,
serial:COM8/motor_raw,1626746,1785394313769,8936,
serial:COM8/motor_raw,1626748,1785394313771,8937,
serial:COM8/motor_raw,1626750,1785394313774,8936,
serial:COM8/motor_raw,1626752,1785394313776,8937,
serial:COM8/motor_raw,1626754,1785394313777,8937,
serial:COM8/motor_raw,1626756,1785394313779,8939,
serial:COM8/motor_raw,1626758,1785394313781,8941,
serial:COM8/motor_raw,1626760,1785394313784,8938,
serial:COM8/motor_raw,1626762,1785394313786,8938,
serial:COM8/motor_raw,1626764,1785394313787,8938,
serial:COM8/motor_raw,1626766,1785394313789,8935,
serial:COM8/motor_raw,1626768,1785394313791,8935,
serial:COM8/motor_raw,1626770,1785394313794,8933,
serial:COM8/motor_raw,1626772,1785394313796,8939,
serial:COM8/motor_raw,1626774,1785394313797,8938,
serial:COM8/motor_raw,1626776,1785394313799,8936,
serial:COM8/motor_raw,1626778,1785394313801,8936,
serial:COM8/motor_raw,1626780,1785394313804,8940,
serial:COM8/motor_raw,1626782,1785394313806,8937,
serial:COM8/motor_raw,1626784,1785394313807,8939,
serial:COM8/motor_raw,1626786,1785394313809,8937,
serial:COM8/motor_raw,1626788,1785394313811,8937,
serial:COM8/motor_raw,1626790,1785394313814,8939,
serial:COM8/motor_raw,1626792,1785394313816,8938,
serial:COM8/motor_raw,1626794,1785394313817,8935,
serial:COM8/motor_raw,1626796,1785394313819,8938,
serial:COM8/motor_raw,1626798,1785394313821,8935,
serial:COM8/motor_raw,1626800,1785394313824,8935,
serial:COM8/motor_raw,1626802,1785394313826,8936,
serial:COM8/motor_raw,1626804,1785394313828,8937,
serial:COM8/motor_raw,1626806,1785394313829,8939,
serial:COM8/motor_raw,1626808,1785394313831,8938,
serial:COM8/motor_raw,1626810,1785394313834,8940,
serial:COM8/motor_raw,1626812,1785394313836,8936,
serial:COM8/motor_raw,1626814,1785394313837,8936,
serial:COM8/motor_raw,1626816,1785394313839,8938,
serial:COM8/motor_raw,1626818,1785394313841,8937,
serial:COM8/motor_raw,1626820,1785394313844,8936,
serial:COM8/motor_raw,1626822,1785394313846,8935,
serial:COM8/motor_raw,1626824,1785394313847,8936,
serial:COM8/motor_raw,1626826,1785394313849,8938,
serial:COM8/motor_raw,1626828,1785394313851,8938,
serial:COM8/motor_raw,1626830,1785394313854,8938,
serial:COM8/motor_raw,1626832,1785394313856,8937,
serial:COM8/motor_raw,1626834,1785394313857,8938,
serial:COM8/motor_raw,1626836,1785394313859,8937,
serial:COM8/motor_raw,1626838,1785394313862,8936,
serial:COM8/motor_raw,1626840,1785394313864,8938,
serial:COM8/motor_raw,1626842,1785394313866,8936,
serial:COM8/motor_raw,1626844,1785394313867,8935,
serial:COM8/motor_raw,1626846,1785394313869,8936,
serial:COM8/motor_raw,1626848,1785394313871,8938,
serial:COM8/motor_raw,1626850,1785394313874,8936,
serial:COM8/motor_raw,1626852,1785394313876,8937,
serial:COM8/motor_raw,1626854,1785394313877,8937,
serial:COM8/motor_raw,1626856,1785394313879,8938,
serial:COM8/motor_raw,1626858,1785394313881,8937,
serial:COM8/motor_raw,1626860,1785394313884,8936,
serial:COM8/motor_raw,1626862,1785394313886,8940,
serial:COM8/motor_raw,1626864,1785394313887,8935,
serial:COM8/motor_raw,1626866,1785394313889,8935,
serial:COM8/motor_raw,1626868,1785394313891,8937,
serial:COM8/motor_raw,1626870,1785394313894,8939,
serial:COM8/motor_raw,1626872,1785394313896,8938,
serial:COM8/motor_raw,1626874,1785394313897,8938,
serial:COM8/motor_raw,1626876,1785394313899,8937,
serial:COM8/motor_raw,1626878,1785394313901,8937,
serial:COM8/motor_raw,1626880,1785394313904,8935,
serial:COM8/motor_raw,1626882,1785394313906,8937,
serial:COM8/motor_raw,1626884,1785394313907,8937,
serial:COM8/motor_raw,1626886,1785394313909,8938,
serial:COM8/motor_raw,1626888,1785394313911,8940,
serial:COM8/motor_raw,1626890,1785394313914,8938,
serial:COM8/motor_raw,1626892,1785394313916,8939,
serial:COM8/motor_raw,1626894,1785394313917,8936,
serial:COM8/motor_raw,1626896,1785394313919,8937,
serial:COM8/motor_raw,1626898,1785394313921,8934,
serial:COM8/motor_raw,1626900,1785394313924,8938,
serial:COM8/motor_raw,1626902,1785394313926,8939,
serial:COM8/motor_raw,1626904,1785394313927,8935,
serial:COM8/motor_raw,1626906,1785394313929,8936,
serial:COM8/motor_raw,1626908,1785394313931,8937,
serial:COM8/motor_raw,1626910,1785394313934,8937,
serial:COM8/motor_raw,1626912,1785394313936,8937,
serial:COM8/motor_raw,1626914,1785394313937,8937,
serial:COM8/motor_raw,1626916,1785394313939,8936,
serial:COM8/motor_raw,1626918,1785394313941,8937,
serial:COM8/motor_raw,1626920,1785394313944,8935,
serial:COM8/motor_raw,1626922,1785394313946,8938,
serial:COM8/motor_raw,1626924,1785394313947,8936,
serial:COM8/motor_raw,1626926,1785394313949,8939,
serial:COM8/motor_raw,1626928,1785394313951,8938,
serial:COM8/motor_raw,1626930,1785394313954,8936,
serial:COM8/motor_raw,1626932,1785394313958,8937,
serial:COM8/motor_raw,1626934,1785394313958,8940,
serial:COM8/motor_raw,1626936,1785394313959,8937,
serial:COM8/motor_raw,1626938,1785394313961,8938,
serial:COM8/motor_raw,1626940,1785394313964,8939,
serial:COM8/motor_raw,1626942,1785394313966,8937,
serial:COM8/motor_raw,1626944,1785394313967,8936,
serial:COM8/motor_raw,1626946,1785394313969,8937,
serial:COM8/motor_raw,1626948,1785394313972,8936,
serial:COM8/motor_raw,1626950,1785394313974,8938,
serial:COM8/motor_raw,1626952,1785394313976,8938,
serial:COM8/motor_raw,1626954,1785394313978,8936,
serial:COM8/motor_raw,1626956,1785394313980,8935,
serial:COM8/motor_raw,1626958,1785394313982,8936,
serial:COM8/motor_raw,1626960,1785394313984,8939,
serial:COM8/motor_raw,1626962,1785394313986,8939,
serial:COM8/motor_raw,1626964,1785394313988,8939,
serial:COM8/motor_raw,1626966,1785394313990,8937,
serial:COM8/motor_raw,1626968,1785394313992,8937,
serial:COM8/motor_raw,1626970,1785394313994,8938,
serial:COM8/motor_raw,1626972,1785394313996,8937,
serial:COM8/motor_raw,1626974,1785394313998,8939,
serial:COM8/motor_raw,1626976,1785394314000,8940,
serial:COM8/motor_raw,1626978,1785394314002,8939,
serial:COM8/motor_raw,1626980,1785394314004,8935,
serial:COM8/motor_raw,1626982,1785394314006,8937,
serial:COM8/motor_raw,1626984,1785394314008,8937,
serial:COM8/motor_raw,1626986,1785394314010,8936,
serial:COM8/motor_raw,1626988,1785394314012,8940,
serial:COM8/motor_raw,1626990,1785394314014,8936,
serial:COM8/motor_raw,1626992,1785394314016,8937,
serial:COM8/motor_raw,1626994,1785394314018,8935,
serial:COM8/motor_raw,1626996,1785394314020,8936,
serial:COM8/motor_raw,1626998,1785394314022,8939,
serial:COM8/motor_raw,1627000,1785394314024,8937,
serial:COM8/motor_raw,1627002,1785394314026,8936,
serial:COM8/motor_raw,1627004,1785394314028,8937,
serial:COM8/motor_raw,1627006,1785394314030,8937,
serial:COM8/motor_raw,1627008,1785394314032,8936,
serial:COM8/motor_raw,1627010,1785394314034,8939,
serial:COM8/motor_raw,1627012,1785394314036,8934,
serial:COM8/motor_raw,1627014,1785394314038,8936,
serial:COM8/motor_raw,1627016,1785394314040,8938,
serial:COM8/motor_raw,1627018,1785394314042,8936,
serial:COM8/motor_raw,1627020,1785394314044,8937,
serial:COM8/motor_raw,1627022,1785394314046,8935,
serial:COM8/motor_raw,1627024,1785394314048,8936,
serial:COM8/motor_raw,1627026,1785394314050,8935,
serial:COM8/motor_raw,1627028,1785394314052,8937,
serial:COM8/motor_raw,1627030,1785394314054,8936,
serial:COM8/motor_raw,1627032,1785394314056,8937,
serial:COM8/motor_raw,1627034,1785394314058,8937,
serial:COM8/motor_raw,1627036,1785394314060,8935,
serial:COM8/motor_raw,1627038,1785394314062,8937,
serial:COM8/motor_raw,1627040,1785394314064,8937,
serial:COM8/motor_raw,1627042,1785394314066,8936,
serial:COM8/motor_raw,1627044,1785394314068,8934,
serial:COM8/motor_raw,1627046,1785394314070,8935,
serial:COM8/motor_raw,1627048,1785394314072,8938,
serial:COM8/motor_raw,1627050,1785394314074,8935,
serial:COM8/motor_raw,1627052,1785394314076,8937,
serial:COM8/motor_raw,1627054,1785394314078,8939,
serial:COM8/motor_raw,1627056,1785394314080,8936,
serial:COM8/motor_raw,1627058,1785394314082,8937,
serial:COM8/motor_raw,1627060,1785394314084,8935,
serial:COM8/motor_raw,1627062,1785394314086,8937,
serial:COM8/motor_raw,1627064,1785394314088,8935,
serial:COM8/motor_raw,1627066,1785394314090,8938,
serial:COM8/motor_raw,1627068,1785394314092,8935,
serial:COM8/motor_raw,1627070,1785394314094,8937,
serial:COM8/motor_raw,1627072,1785394314096,8937,
serial:COM8/motor_raw,1627074,1785394314098,8939,
serial:COM8/motor_raw,1627076,1785394314100,8935,
serial:COM8/motor_raw,1627078,1785394314102,8935,
serial:COM8/motor_raw,1627080,1785394314104,8938,
serial:COM8/motor_raw,1627082,1785394314106,8937,
serial:COM8/motor_raw,1627084,1785394314108,8936,
serial:COM8/motor_raw,1627086,1785394314110,8937,
serial:COM8/motor_raw,1627088,1785394314112,8937,
serial:COM8/motor_raw,1627090,1785394314114,8938,
serial:COM8/motor_raw,1627092,1785394314116,8936,
serial:COM8/motor_raw,1627094,1785394314118,8938,
serial:COM8/motor_raw,1627096,1785394314120,8935,
serial:COM8/motor_raw,1627098,1785394314122,8936,
serial:COM8/motor_raw,1627100,1785394314124,8937,
serial:COM8/motor_raw,1627102,1785394314126,8935,
serial:COM8/motor_raw,1627104,1785394314128,8937,
serial:COM8/motor_raw,1627106,1785394314130,8936,
serial:COM8/motor_raw,1627108,1785394314132,8940,
serial:COM8/motor_raw,1627110,1785394314134,8934,
serial:COM8/motor_raw,1627112,1785394314136,8937,
serial:COM8/motor_raw,1627114,1785394314138,8936,
serial:COM8/motor_raw,1627116,1785394314140,8935,
serial:COM8/motor_raw,1627118,1785394314142,8935,
serial:COM8/motor_raw,1627120,1785394314144,8936,
serial:COM8/motor_raw,1627122,1785394314146,8941,
serial:COM8/motor_raw,1627124,1785394314148,8936,
serial:COM8/motor_raw,1627126,1785394314150,8935,
serial:COM8/motor_raw,1627128,1785394314152,8936,
serial:COM8/motor_raw,1627130,1785394314154,8936,
serial:COM8/motor_raw,1627132,1785394314158,8940,
serial:COM8/motor_raw,1627134,1785394314158,8936,
serial:COM8/motor_raw,1627136,1785394314159,8936,
serial:COM8/motor_raw,1627138,1785394314162,8936,
serial:COM8/motor_raw,1627140,1785394314164,8936,
serial:COM8/motor_raw,1627142,1785394314166,8938,
serial:COM8/motor_raw,1627144,1785394314168,8935,
serial:COM8/motor_raw,1627146,1785394314169,8939,
serial:COM8/motor_raw,1627148,1785394314171,8937,
serial:COM8/motor_raw,1627150,1785394314174,8937,
serial:COM8/motor_raw,1627152,1785394314176,8939,
serial:COM8/motor_raw,1627154,1785394314178,8937,
serial:COM8/motor_raw,1627156,1785394314180,8939,
serial:COM8/motor_raw,1627158,1785394314182,8939,
serial:COM8/motor_raw,1627160,1785394314184,8936,
serial:COM8/motor_raw,1627162,1785394314186,8937,
serial:COM8/motor_raw,1627164,1785394314188,8935,
serial:COM8/motor_raw,1627166,1785394314190,8937,
serial:COM8/motor_raw,1627168,1785394314192,8938,
serial:COM8/motor_raw,1627170,1785394314194,8937,
serial:COM8/motor_raw,1627172,1785394314196,8937,
serial:COM8/motor_raw,1627174,1785394314198,8936,
serial:COM8/motor_raw,1627176,1785394314200,8937,
serial:COM8/motor_raw,1627178,1785394314202,8940,
serial:COM8/motor_raw,1627180,1785394314204,8937,
serial:COM8/motor_raw,1627182,1785394314206,8937,
serial:COM8/motor_raw,1627184,1785394314207,8936,
serial:COM8/motor_raw,1627186,1785394314210,8939,
serial:COM8/motor_raw,1627188,1785394314212,8938,
serial:COM8/motor_raw,1627190,1785394314214,8935,
serial:COM8/motor_raw,1627192,1785394314216,8940,
serial:COM8/motor_raw,1627194,1785394314218,8935,
serial:COM8/motor_raw,1627196,1785394314220,8936,
serial:COM8/motor_raw,1627198,1785394314222,8939,
serial:COM8/motor_raw,1627200,1785394314224,8936,
serial:COM8/motor_raw,1627202,1785394314226,8938,
serial:COM8/motor_raw,1627204,1785394314228,8939,
serial:COM8/motor_raw,1627206,1785394314229,8934,
serial:COM8/motor_raw,1627208,1785394314231,8938,
serial:COM8/motor_raw,1627210,1785394314234,8938,
serial:COM8/motor_raw,1627212,1785394314236,8937,
serial:COM8/motor_raw,1627214,1785394314238,8937,
serial:COM8/motor_raw,1627216,1785394314240,8937,
serial:COM8/motor_raw,1627218,1785394314242,8939,
serial:COM8/motor_raw,1627220,1785394314244,8936,
serial:COM8/motor_raw,1627222,1785394314246,8937,
serial:COM8/motor_raw,1627224,1785394314247,8938,
serial:COM8/motor_raw,1627226,1785394314250,8936,
serial:COM8/motor_raw,1627228,1785394314252,8937,
serial:COM8/motor_raw,1627230,1785394314254,8935,
serial:COM8/motor_raw,1627232,1785394314256,8937,
serial:COM8/motor_raw,1627234,1785394314258,8936,
serial:COM8/motor_raw,1627236,1785394314260,8938,
serial:COM8/motor_raw,1627238,1785394314261,8934,
serial:COM8/motor_raw,1627240,1785394314264,8939,
serial:COM8/motor_raw,1627242,1785394314266,8938,
serial:COM8/motor_raw,1627244,1785394314267,8936,
serial:COM8/motor_raw,1627246,1785394314269,8937,
serial:COM8/motor_raw,1627248,1785394314271,8938,
serial:COM8/motor_raw,1627250,1785394314274,8939,
serial:COM8/motor_raw,1627252,1785394314276,8936,
serial:COM8/motor_raw,1627254,1785394314278,8937,
serial:COM8/motor_raw,1627256,1785394314280,8935,
serial:COM8/motor_raw,1627258,1785394314282,8938,
serial:COM8/motor_raw,1627260,1785394314284,8934,
serial:COM8/motor_raw,1627262,1785394314286,8938,
serial:COM8/motor_raw,1627264,1785394314288,8938,
serial:COM8/motor_raw,1627266,1785394314290,8939,
serial:COM8/motor_raw,1627268,1785394314292,8938,
serial:COM8/motor_raw,1627270,1785394314294,8939,
serial:COM8/motor_raw,1627272,1785394314296,8937,
serial:COM8/motor_raw,1627274,1785394314298,8937,
serial:COM8/motor_raw,1627276,1785394314300,8938,
serial:COM8/motor_raw,1627278,1785394314302,8936,
serial:COM8/motor_raw,1627280,1785394314304,8939,
serial:COM8/motor_raw,1627282,1785394314306,8935,
serial:COM8/motor_raw,1627284,1785394314308,8936,
serial:COM8/motor_raw,1627286,1785394314310,8940,
serial:COM8/motor_raw,1627288,1785394314312,8937,
serial:COM8/motor_raw,1627290,1785394314314,8935,
serial:COM8/motor_raw,1627292,1785394314316,8939,
serial:COM8/motor_raw,1627294,1785394314318,8940,
serial:COM8/motor_raw,1627296,1785394314320,8936,
serial:COM8/motor_raw,1627298,1785394314322,8939,
serial:COM8/motor_raw,1627300,1785394314324,8936,
serial:COM8/motor_raw,1627302,1785394314326,8937,
serial:COM8/motor_raw,1627304,1785394314328,8938,
serial:COM8/motor_raw,1627306,1785394314330,8937,
serial:COM8/motor_raw,1627308,1785394314332,8936,
serial:COM8/motor_raw,1627310,1785394314334,8939,
serial:COM8/motor_raw,1627312,1785394314336,8937,
serial:COM8/motor_raw,1627314,1785394314338,8936,
serial:COM8/motor_raw,1627316,1785394314340,8939,
serial:COM8/motor_raw,1627318,1785394314342,8938,
serial:COM8/motor_raw,1627320,1785394314344,8937,
serial:COM8/motor_raw,1627322,1785394314346,8939,
serial:COM8/motor_raw,1627324,1785394314348,8937,
serial:COM8/motor_raw,1627326,1785394314350,8937,
serial:COM8/motor_raw,1627328,1785394314352,8935,
serial:COM8/motor_raw,1627330,1785394314354,8938,
serial:COM8/motor_raw,1627332,1785394314359,8936,
serial:COM8/motor_raw,1627334,1785394314359,8937,
serial:COM8/motor_raw,1627336,1785394314360,8937,
serial:COM8/motor_raw,1627338,1785394314362,8937,
serial:COM8/motor_raw,1627340,1785394314364,8935,
serial:COM8/motor_raw,1627342,1785394314366,8935,
serial:COM8/motor_raw,1627344,1785394314368,8937,
serial:COM8/motor_raw,1627346,1785394314370,8938,
serial:COM8/motor_raw,1627348,1785394314372,8937,
serial:COM8/motor_raw,1627350,1785394314374,8939,
serial:COM8/motor_raw,1627352,1785394314376,8938,
serial:COM8/motor_raw,1627354,1785394314378,8940,
serial:COM8/motor_raw,1627356,1785394314380,8939,
serial:COM8/motor_raw,1627358,1785394314382,8935,
serial:COM8/motor_raw,1627360,1785394314384,8936,
serial:COM8/motor_raw,1627362,1785394314386,8938,
serial:COM8/motor_raw,1627364,1785394314388,8936,
serial:COM8/motor_raw,1627366,1785394314390,8937,
serial:COM8/motor_raw,1627368,1785394314392,8940,
serial:COM8/motor_raw,1627370,1785394314394,8938,
serial:COM8/motor_raw,1627372,1785394314396,8937,
serial:COM8/motor_raw,1627374,1785394314398,8938,
serial:COM8/motor_raw,1627376,1785394314400,8939,
serial:COM8/motor_raw,1627378,1785394314402,8938,
serial:COM8/motor_raw,1627380,1785394314404,8937,
serial:COM8/motor_raw,1627382,1785394314406,8936,
serial:COM8/motor_raw,1627384,1785394314408,8936,
serial:COM8/motor_raw,1627386,1785394314410,8938,
serial:COM8/motor_raw,1627388,1785394314412,8937,
serial:COM8/motor_raw,1627390,1785394314414,8938,
serial:COM8/motor_raw,1627392,1785394314416,8941,
serial:COM8/motor_raw,1627394,1785394314418,8936,
serial:COM8/motor_raw,1627396,1785394314420,8937,
serial:COM8/motor_raw,1627398,1785394314422,8934,
serial:COM8/motor_raw,1627400,1785394314424,8938,
serial:COM8/motor_raw,1627402,1785394314426,8940,
serial:COM8/motor_raw,1627404,1785394314428,8935,
serial:COM8/motor_raw,1627406,1785394314430,8938,
serial:COM8/motor_raw,1627408,1785394314432,8938,
serial:COM8/motor_raw,1627410,1785394314434,8938,
serial:COM8/motor_raw,1627412,1785394314436,8938,
serial:COM8/motor_raw,1627414,1785394314438,8937,
serial:COM8/motor_raw,1627416,1785394314440,8939,
serial:COM8/motor_raw,1627418,1785394314442,8934,
serial:COM8/motor_raw,1627420,1785394314444,8936,
serial:COM8/motor_raw,1627422,1785394314446,8939,
serial:COM8/motor_raw,1627424,1785394314448,8935,
serial:COM8/motor_raw,1627426,1785394314450,8937,
serial:COM8/motor_raw,1627428,1785394314452,8937,
serial:COM8/motor_raw,1627430,1785394314454,8939,
serial:COM8/motor_raw,1627432,1785394314456,8936,
serial:COM8/motor_raw,1627434,1785394314458,8935,
serial:COM8/motor_raw,1627436,1785394314460,8936,
serial:COM8/motor_raw,1627438,1785394314462,8935,
serial:COM8/motor_raw,1627440,1785394314464,8936,
serial:COM8/motor_raw,1627442,1785394314466,8936,
serial:COM8/motor_raw,1627444,1785394314468,8936,
serial:COM8/motor_raw,1627446,1785394314470,8937,
serial:COM8/motor_raw,1627448,1785394314472,8936,
serial:COM8/motor_raw,1627450,1785394314474,8936,
serial:COM8/motor_raw,1627452,1785394314476,8938,
serial:COM8/motor_raw,1627454,1785394314478,8936,
serial:COM8/motor_raw,1627456,1785394314480,8936,
serial:COM8/motor_raw,1627458,1785394314482,8936,
serial:COM8/motor_raw,1627460,1785394314484,8935,
serial:COM8/motor_raw,1627462,1785394314486,8937,
serial:COM8/motor_raw,1627464,1785394314488,8940,
serial:COM8/motor_raw,1627466,1785394314490,8937,
serial:COM8/motor_raw,1627468,1785394314492,8937,
serial:COM8/motor_raw,1627470,1785394314494,8935,
serial:COM8/motor_raw,1627472,1785394314496,8940,
serial:COM8/motor_raw,1627474,1785394314498,8937,
serial:COM8/motor_raw,1627476,1785394314500,8936,
serial:COM8/motor_raw,1627478,1785394314502,8937,
serial:COM8/motor_raw,1627480,1785394314504,8937,
serial:COM8/motor_raw,1627482,1785394314506,8936,
serial:COM8/motor_raw,1627484,1785394314508,8940,
serial:COM8/motor_raw,1627486,1785394314510,8934,
serial:COM8/motor_raw,1627488,1785394314512,8938,
serial:COM8/motor_raw,1627490,1785394314514,8937,
serial:COM8/motor_raw,1627492,1785394314516,8935,
serial:COM8/motor_raw,1627494,1785394314518,8935,
serial:COM8/motor_raw,1627496,1785394314520,8937,
serial:COM8/motor_raw,1627498,1785394314522,8935,
serial:COM8/motor_raw,1627500,1785394314524,8935,
serial:COM8/motor_raw,1627502,1785394314526,8939,
serial:COM8/motor_raw,1627504,1785394314528,8936,
serial:COM8/motor_raw,1627506,1785394314530,8936,
serial:COM8/motor_raw,1627508,1785394314532,8937,
serial:COM8/motor_raw,1627510,1785394314534,8936,
serial:COM8/motor_raw,1627512,1785394314536,8938,
serial:COM8/motor_raw,1627514,1785394314538,8937,
serial:COM8/motor_raw,1627516,1785394314540,8937,
serial:COM8/motor_raw,1627518,1785394314542,8937,
serial:COM8/motor_raw,1627520,1785394314544,8936,
serial:COM8/motor_raw,1627522,1785394314546,8937,
serial:COM8/motor_raw,1627524,1785394314548,8937,
serial:COM8/motor_raw,1627526,1785394314550,8937,
serial:COM8/motor_raw,1627528,1785394314552,8935,
serial:COM8/motor_raw,1627530,1785394314554,8938,
serial:COM8/motor_raw,1627532,1785394314559,8935,
serial:COM8/motor_raw,1627534,1785394314559,8936,
serial:COM8/motor_raw,1627536,1785394314560,8936,
serial:COM8/motor_raw,1627538,1785394314562,8939,
serial:COM8/motor_raw,1627540,1785394314564,8937,
serial:COM8/motor_raw,1627542,1785394314566,8935,
serial:COM8/motor_raw,1627544,1785394314568,8936,
serial:COM8/motor_raw,1627546,1785394314570,8937,
serial:COM8/motor_raw,1627548,1785394314572,8937,
serial:COM8/motor_raw,1627550,1785394314574,8937,
serial:COM8/motor_raw,1627552,1785394314576,8938,
serial:COM8/motor_raw,1627554,1785394314578,8936,
serial:COM8/motor_raw,1627556,1785394314580,8933,
serial:COM8/motor_raw,1627558,1785394314582,8939,
serial:COM8/motor_raw,1627560,1785394314584,8939,
serial:COM8/motor_raw,1627562,1785394314586,8936,
serial:COM8/motor_raw,1627564,1785394314588,8937,
serial:COM8/motor_raw,1627566,1785394314590,8937,
serial:COM8/motor_raw,1627568,1785394314592,8939,
serial:COM8/motor_raw,1627570,1785394314594,8934,
serial:COM8/motor_raw,1627572,1785394314596,8937,
serial:COM8/motor_raw,1627574,1785394314598,8938,
serial:COM8/motor_raw,1627576,1785394314600,8937,
serial:COM8/motor_raw,1627578,1785394314602,8938,
serial:COM8/motor_raw,1627580,1785394314604,8937,
serial:COM8/motor_raw,1627582,1785394314606,8938,
serial:COM8/motor_raw,1627584,1785394314608,8936,
serial:COM8/motor_raw,1627586,1785394314610,8937,
serial:COM8/motor_raw,1627588,1785394314612,8938,
serial:COM8/motor_raw,1627590,1785394314614,8935,
serial:COM8/motor_raw,1627592,1785394314616,8936,
serial:COM8/motor_raw,1627594,1785394314618,8938,
serial:COM8/motor_raw,1627596,1785394314620,8937,
serial:COM8/motor_raw,1627598,1785394314622,8935,
serial:COM8/motor_raw,1627600,1785394314624,8937,
serial:COM8/motor_raw,1627602,1785394314626,8936,
serial:COM8/motor_raw,1627604,1785394314628,8936,
serial:COM8/motor_raw,1627606,1785394314630,8939,
serial:COM8/motor_raw,1627608,1785394314632,8935,
serial:COM8/motor_raw,1627610,1785394314634,8937,
serial:COM8/motor_raw,1627612,1785394314636,8939,
serial:COM8/motor_raw,1627614,1785394314638,8940,
serial:COM8/motor_raw,1627616,1785394314640,8938,
serial:COM8/motor_raw,1627618,1785394314642,8941,
serial:COM8/motor_raw,1627620,1785394314644,8936,
serial:COM8/motor_raw,1627622,1785394314646,8936,
serial:COM8/motor_raw,1627624,1785394314648,8936,
serial:COM8/motor_raw,1627626,1785394314650,8934,
serial:COM8/motor_raw,1627628,1785394314652,8938,
serial:COM8/motor_raw,1627630,1785394314654,8939,
serial:COM8/motor_raw,1627632,1785394314656,8937,
serial:COM8/motor_raw,1627634,1785394314658,8938,
serial:COM8/motor_raw,1627636,1785394314660,8939,
serial:COM8/motor_raw,1627638,1785394314662,8937,
serial:COM8/motor_raw,1627640,1785394314664,8936,
serial:COM8/motor_raw,1627642,1785394314666,8936,
serial:COM8/motor_raw,1627644,1785394314668,8936,
serial:COM8/motor_raw,1627646,1785394314670,8938,
serial:COM8/motor_raw,1627648,1785394314672,8936,
serial:COM8/motor_raw,1627650,1785394314674,8937,
serial:COM8/motor_raw,1627652,1785394314676,8937,
serial:COM8/motor_raw,1627654,1785394314678,8939,
serial:COM8/motor_raw,1627656,1785394314680,8939,
serial:COM8/motor_raw,1627658,1785394314682,8940,
serial:COM8/motor_raw,1627660,1785394314684,8939,
serial:COM8/motor_raw,1627662,1785394314686,8938,
serial:COM8/motor_raw,1627664,1785394314688,8936,
serial:COM8/motor_raw,1627666,1785394314690,8936,
serial:COM8/motor_raw,1627668,1785394314692,8937,
serial:COM8/motor_raw,1627670,1785394314694,8939,
serial:COM8/motor_raw,1627672,1785394314696,8935,
serial:COM8/motor_raw,1627674,1785394314698,8936,
serial:COM8/motor_raw,1627676,1785394314700,8941,
serial:COM8/motor_raw,1627678,1785394314702,8938,
serial:COM8/motor_raw,1627680,1785394314704,8938,
serial:COM8/motor_raw,1627682,1785394314706,8936,
serial:COM8/motor_raw,1627684,1785394314708,8939,
serial:COM8/motor_raw,1627686,1785394314710,8935,
serial:COM8/motor_raw,1627688,1785394314712,8937,
serial:COM8/motor_raw,1627690,1785394314714,8942,
serial:COM8/motor_raw,1627692,1785394314716,8938,
serial:COM8/motor_raw,1627694,1785394314718,8936,
serial:COM8/motor_raw,1627696,1785394314720,8938,
serial:COM8/motor_raw,1627698,1785394314722,8940,
serial:COM8/motor_raw,1627700,1785394314724,8939,
serial:COM8/motor_raw,1627702,1785394314726,8938,
serial:COM8/motor_raw,1627704,1785394314728,8934,
serial:COM8/motor_raw,1627706,1785394314730,8936,
serial:COM8/motor_raw,1627708,1785394314732,8938,
serial:COM8/motor_raw,1627710,1785394314734,8937,
serial:COM8/motor_raw,1627712,1785394314736,8937,
serial:COM8/motor_raw,1627714,1785394314738,8938,
serial:COM8/motor_raw,1627716,1785394314740,8938,
serial:COM8/motor_raw,1627718,1785394314742,8936,
serial:COM8/motor_raw,1627720,1785394314744,8937,
serial:COM8/motor_raw,1627722,1785394314746,8938,
serial:COM8/motor_raw,1627724,1785394314748,8938,
serial:COM8/motor_raw,1627726,1785394314750,8938,
serial:COM8/motor_raw,1627728,1785394314752,8935,
serial:COM8/motor_raw,1627730,1785394314754,8940,
serial:COM8/motor_raw,1627732,1785394314759,8937,
serial:COM8/motor_raw,1627734,1785394314759,8938,
serial:COM8/motor_raw,1627736,1785394314760,8937,
serial:COM8/motor_raw,1627738,1785394314762,8934,
serial:COM8/motor_raw,1627740,1785394314764,8937,
serial:COM8/motor_raw,1627742,1785394314766,8937,
serial:COM8/motor_raw,1627744,1785394314768,8936,
serial:COM8/motor_raw,1627746,1785394314770,8933,
serial:COM8/motor_raw,1627748,1785394314772,8935,
serial:COM8/motor_raw,1627750,1785394314774,8938,
serial:COM8/motor_raw,1627752,1785394314776,8936,
serial:COM8/motor_raw,1627754,1785394314778,8937,
serial:COM8/motor_raw,1627756,1785394314780,8937,
serial:COM8/motor_raw,1627758,1785394314782,8938,
serial:COM8/motor_raw,1627760,1785394314784,8936,
serial:COM8/motor_raw,1627762,1785394314786,8938,
serial:COM8/motor_raw,1627764,1785394314788,8938,
serial:COM8/motor_raw,1627766,1785394314790,8936,
serial:COM8/motor_raw,1627768,1785394314792,8939,
serial:COM8/motor_raw,1627770,1785394314794,8941,
serial:COM8/motor_raw,1627772,1785394314796,8939,
serial:COM8/motor_raw,1627774,1785394314798,8936,
serial:COM8/motor_raw,1627776,1785394314800,8937,
serial:COM8/motor_raw,1627778,1785394314802,8939,
serial:COM8/motor_raw,1627780,1785394314804,8938,
serial:COM8/motor_raw,1627782,1785394314806,8936,
serial:COM8/motor_raw,1627784,1785394314808,8935,
serial:COM8/motor_raw,1627786,1785394314810,8936,
serial:COM8/motor_raw,1627788,1785394314812,8935,
serial:COM8/motor_raw,1627790,1785394314814,8939,
serial:COM8/motor_raw,1627792,1785394314816,8937,
serial:COM8/motor_raw,1627794,1785394314818,8939,
serial:COM8/motor_raw,1627796,1785394314820,8937,
serial:COM8/motor_raw,1627798,1785394314822,8938,
serial:COM8/motor_raw,1627800,1785394314824,8936,
serial:COM8/motor_raw,1627802,1785394314826,8938,
serial:COM8/motor_raw,1627804,1785394314828,8938,
serial:COM8/motor_raw,1627806,1785394314830,8941,
serial:COM8/motor_raw,1627808,1785394314832,8935,
serial:COM8/motor_raw,1627810,1785394314834,8939,
serial:COM8/motor_raw,1627812,1785394314836,8938,
serial:COM8/motor_raw,1627814,1785394314838,8936,
serial:COM8/motor_raw,1627816,1785394314840,8937,
serial:COM8/motor_raw,1627818,1785394314842,8936,
serial:COM8/motor_raw,1627820,1785394314844,8937,
serial:COM8/motor_raw,1627822,1785394314846,8939,
serial:COM8/motor_raw,1627824,1785394314848,8935,
serial:COM8/motor_raw,1627826,1785394314850,8934,
serial:COM8/motor_raw,1627828,1785394314852,8936,
serial:COM8/motor_raw,1627830,1785394314854,8939,
serial:COM8/motor_raw,1627832,1785394314856,8939,
serial:COM8/motor_raw,1627834,1785394314858,8934,
serial:COM8/motor_raw,1627836,1785394314860,8936,
serial:COM8/motor_raw,1627838,1785394314862,8937,
serial:COM8/motor_raw,1627840,1785394314864,8939,
serial:COM8/motor_raw,1627842,1785394314866,8939,
serial:COM8/motor_raw,1627844,1785394314868,8935,
serial:COM8/motor_raw,1627846,1785394314870,8936,
serial:COM8/motor_raw,1627848,1785394314872,8935,
serial:COM8/motor_raw,1627850,1785394314874,8940,
serial:COM8/motor_raw,1627852,1785394314876,8937,
serial:COM8/motor_raw,1627854,1785394314878,8936,
serial:COM8/motor_raw,1627856,1785394314880,8937,
serial:COM8/motor_raw,1627858,1785394314882,8936,
serial:COM8/motor_raw,1627860,1785394314884,8938,
serial:COM8/motor_raw,1627862,1785394314886,8937,
serial:COM8/motor_raw,1627864,1785394314888,8934,
serial:COM8/motor_raw,1627866,1785394314890,8938,
serial:COM8/motor_raw,1627868,1785394314892,8935,
serial:COM8/motor_raw,1627870,1785394314894,8937,
serial:COM8/motor_raw,1627872,1785394314896,8935,
serial:COM8/motor_raw,1627874,1785394314898,8935,
serial:COM8/motor_raw,1627876,1785394314900,8939,
serial:COM8/motor_raw,1627878,1785394314902,8935,
serial:COM8/motor_raw,1627880,1785394314904,8936,
serial:COM8/motor_raw,1627882,1785394314906,8935,
serial:COM8/motor_raw,1627884,1785394314908,8935,
serial:COM8/motor_raw,1627886,1785394314910,8937,
serial:COM8/motor_raw,1627888,1785394314912,8939,
serial:COM8/motor_raw,1627890,1785394314914,8937,
serial:COM8/motor_raw,1627892,1785394314916,8936,
serial:COM8/motor_raw,1627894,1785394314918,8934,
serial:COM8/motor_raw,1627896,1785394314920,8936,
serial:COM8/motor_raw,1627898,1785394314922,8938,
serial:COM8/motor_raw,1627900,1785394314924,8936,
serial:COM8/motor_raw,1627902,1785394314926,8938,
serial:COM8/motor_raw,1627904,1785394314928,8935,
serial:COM8/motor_raw,1627906,1785394314930,8938,
serial:COM8/motor_raw,1627908,1785394314932,8936,
serial:COM8/motor_raw,1627910,1785394314934,8937,
serial:COM8/motor_raw,1627912,1785394314936,8936,
serial:COM8/motor_raw,1627914,1785394314938,8938,
serial:COM8/motor_raw,1627916,1785394314940,8938,
serial:COM8/motor_raw,1627918,1785394314942,8936,
serial:COM8/motor_raw,1627920,1785394314944,8937,
serial:COM8/motor_raw,1627922,1785394314946,8938,
serial:COM8/motor_raw,1627924,1785394314948,8936,
serial:COM8/motor_raw,1627926,1785394314950,8937,
serial:COM8/motor_raw,1627928,1785394314952,8937,
serial:COM8/motor_raw,1627930,1785394314954,8939,
serial:COM8/motor_raw,1627932,1785394314959,8935,
serial:COM8/motor_raw,1627934,1785394314959,8937,
serial:COM8/motor_raw,1627936,1785394314960,8935,
serial:COM8/motor_raw,1627938,1785394314962,8936,
serial:COM8/motor_raw,1627940,1785394314964,8936,
serial:COM8/motor_raw,1627942,1785394314966,8937,
serial:COM8/motor_raw,1627944,1785394314968,8938,
serial:COM8/motor_raw,1627946,1785394314970,8939,
serial:COM8/motor_raw,1627948,1785394314972,8938,
serial:COM8/motor_raw,1627950,1785394314974,8939,
serial:COM8/motor_raw,1627952,1785394314976,8936,
serial:COM8/motor_raw,1627954,1785394314978,8937,
serial:COM8/motor_raw,1627956,1785394314980,8937,
serial:COM8/motor_raw,1627958,1785394314982,8934,
serial:COM8/motor_raw,1627960,1785394314984,8938,
serial:COM8/motor_raw,1627962,1785394314986,8938,
serial:COM8/motor_raw,1627964,1785394314988,8935,
serial:COM8/motor_raw,1627966,1785394314990,8936,
serial:COM8/motor_raw,1627968,1785394314992,8936,
serial:COM8/motor_raw,1627970,1785394314994,8938,
serial:COM8/motor_raw,1627972,1785394314996,8937,
serial:COM8/motor_raw,1627974,1785394314998,8939,
serial:COM8/motor_raw,1627976,1785394315000,8938,
serial:COM8/motor_raw,1627978,1785394315002,8934,
serial:COM8/motor_raw,1627980,1785394315004,8935,
serial:COM8/motor_raw,1627982,1785394315006,8941,
serial:COM8/motor_raw,1627984,1785394315008,8936,
serial:COM8/motor_raw,1627986,1785394315010,8935,
serial:COM8/motor_raw,1627988,1785394315012,8935,
serial:COM8/motor_raw,1627990,1785394315014,8938,
serial:COM8/motor_raw,1627992,1785394315016,8935,
serial:COM8/motor_raw,1627994,1785394315018,8940,
serial:COM8/motor_raw,1627996,1785394315020,8935,
serial:COM8/motor_raw,1627998,1785394315022,8939,
serial:COM8/motor_raw,1628000,1785394315024,8940,
serial:COM8/motor_raw,1628002,1785394315026,8937,
serial:COM8/motor_raw,1628004,1785394315028,8936,
serial:COM8/motor_raw,1628006,1785394315030,8936,
serial:COM8/motor_raw,1628008,1785394315032,8940,
serial:COM8/motor_raw,1628010,1785394315034,8936,
serial:COM8/motor_raw,1628012,1785394315036,8938,
serial:COM8/motor_raw,1628014,1785394315038,8940,
serial:COM8/motor_raw,1628016,1785394315040,8934,
serial:COM8/motor_raw,1628018,1785394315042,8937,
serial:COM8/motor_raw,1628020,1785394315044,8935,
serial:COM8/motor_raw,1628022,1785394315046,8937,
serial:COM8/motor_raw,1628024,1785394315048,8936,
serial:COM8/motor_raw,1628026,1785394315050,8937,
serial:COM8/motor_raw,1628028,1785394315052,8937,
serial:COM8/motor_raw,1628030,1785394315054,8938,
serial:COM8/motor_raw,1628032,1785394315056,8936,
serial:COM8/motor_raw,1628034,1785394315058,8935,
serial:COM8/motor_raw,1628036,1785394315060,8936,
serial:COM8/motor_raw,1628038,1785394315062,8935,
serial:COM8/motor_raw,1628040,1785394315064,8936,
serial:COM8/motor_raw,1628042,1785394315066,8939,
serial:COM8/motor_raw,1628044,1785394315068,8934,
serial:COM8/motor_raw,1628046,1785394315070,8938,
serial:COM8/motor_raw,1628048,1785394315072,8938,
serial:COM8/motor_raw,1628050,1785394315074,8937,
serial:COM8/motor_raw,1628052,1785394315076,8939,
serial:COM8/motor_raw,1628054,1785394315078,8935,
serial:COM8/motor_raw,1628056,1785394315080,8937,
serial:COM8/motor_raw,1628058,1785394315082,8937,
serial:COM8/motor_raw,1628060,1785394315084,8935,
serial:COM8/motor_raw,1628062,1785394315086,8937,
serial:COM8/motor_raw,1628064,1785394315088,8936,
serial:COM8/motor_raw,1628066,1785394315090,8939,
serial:COM8/motor_raw,1628068,1785394315092,8939,
serial:COM8/motor_raw,1628070,1785394315094,8936,
serial:COM8/motor_raw,1628072,1785394315096,8932,
serial:COM8/motor_raw,1628074,1785394315098,8938,
serial:COM8/motor_raw,1628076,1785394315100,8938,
serial:COM8/motor_raw,1628078,1785394315102,8938,
serial:COM8/motor_raw,1628080,1785394315104,8939,
serial:COM8/motor_raw,1628082,1785394315106,8937,
serial:COM8/motor_raw,1628084,1785394315108,8941,
serial:COM8/motor_raw,1628086,1785394315110,8937,
serial:COM8/motor_raw,1628088,1785394315112,8934,
serial:COM8/motor_raw,1628090,1785394315114,8937,
serial:COM8/motor_raw,1628092,1785394315116,8938,
serial:COM8/motor_raw,1628094,1785394315118,8935,
serial:COM8/motor_raw,1628096,1785394315120,8936,
serial:COM8/motor_raw,1628098,1785394315122,8939,
serial:COM8/motor_raw,1628100,1785394315124,8936,
serial:COM8/motor_raw,1628102,1785394315126,8937,
serial:COM8/motor_raw,1628104,1785394315128,8937,
serial:COM8/motor_raw,1628106,1785394315130,8936,
serial:COM8/motor_raw,1628108,1785394315132,8937,
serial:COM8/motor_raw,1628110,1785394315134,8941,
serial:COM8/motor_raw,1628112,1785394315136,8939,
serial:COM8/motor_raw,1628114,1785394315138,8936,
serial:COM8/motor_raw,1628116,1785394315140,8936,
serial:COM8/motor_raw,1628118,1785394315142,8938,
serial:COM8/motor_raw,1628120,1785394315144,8938,
serial:COM8/motor_raw,1628122,1785394315146,8937,
serial:COM8/motor_raw,1628124,1785394315148,8936,
serial:COM8/motor_raw,1628126,1785394315150,8937,
serial:COM8/motor_raw,1628128,1785394315152,8939,
serial:COM8/motor_raw,1628130,1785394315154,8937,
serial:COM8/motor_raw,1628132,1785394315159,8935,
serial:COM8/motor_raw,1628134,1785394315159,8937,
serial:COM8/motor_raw,1628136,1785394315160,8934,
serial:COM8/motor_raw,1628138,1785394315162,8938,
serial:COM8/motor_raw,1628140,1785394315164,8937,
serial:COM8/motor_raw,1628142,1785394315166,8940,
serial:COM8/motor_raw,1628144,1785394315168,8937,
serial:COM8/motor_raw,1628146,1785394315170,8937,
serial:COM8/motor_raw,1628148,1785394315172,8936,
serial:COM8/motor_raw,1628150,1785394315174,8936,
serial:COM8/motor_raw,1628152,1785394315176,8938,
serial:COM8/motor_raw,1628154,1785394315178,8939,
serial:COM8/motor_raw,1628156,1785394315180,8937,
serial:COM8/motor_raw,1628158,1785394315182,8937,
serial:COM8/motor_raw,1628160,1785394315184,8939,
serial:COM8/motor_raw,1628162,1785394315186,8936,
serial:COM8/motor_raw,1628164,1785394315188,8941,
serial:COM8/motor_raw,1628166,1785394315190,8936,
serial:COM8/motor_raw,1628168,1785394315192,8937,
serial:COM8/motor_raw,1628170,1785394315194,8943,
serial:COM8/motor_raw,1628172,1785394315196,8936,
serial:COM8/motor_raw,1628174,1785394315198,8937,
serial:COM8/motor_raw,1628176,1785394315200,8936,
serial:COM8/motor_raw,1628178,1785394315202,8938,
serial:COM8/motor_raw,1628180,1785394315204,8938,
serial:COM8/motor_raw,1628182,1785394315206,8937,
serial:COM8/motor_raw,1628184,1785394315208,8937,
serial:COM8/motor_raw,1628186,1785394315210,8937,
serial:COM8/motor_raw,1628188,1785394315212,8938,
serial:COM8/motor_raw,1628190,1785394315214,8938,
serial:COM8/motor_raw,1628192,1785394315216,8935,
serial:COM8/motor_raw,1628194,1785394315218,8938,
serial:COM8/motor_raw,1628196,1785394315220,8938,
serial:COM8/motor_raw,1628198,1785394315222,8937,
serial:COM8/motor_raw,1628200,1785394315224,8936,
serial:COM8/motor_raw,1628202,1785394315226,8936,
serial:COM8/motor_raw,1628204,1785394315228,8937,
serial:COM8/motor_raw,1628206,1785394315230,8936,
serial:COM8/motor_raw,1628208,1785394315232,8937,
serial:COM8/motor_raw,1628210,1785394315234,8937,
serial:COM8/motor_raw,1628212,1785394315236,8940,
serial:COM8/motor_raw,1628214,1785394315238,8936,
serial:COM8/motor_raw,1628216,1785394315240,8935,
serial:COM8/motor_raw,1628218,1785394315242,8936,
serial:COM8/motor_raw,1628220,1785394315244,8934,
serial:COM8/motor_raw,1628222,1785394315246,8937,
serial:COM8/motor_raw,1628224,1785394315248,8935,
serial:COM8/motor_raw,1628226,1785394315250,8935,
serial:COM8/motor_raw,1628228,1785394315252,8934,
serial:COM8/motor_raw,1628230,1785394315254,8941,
serial:COM8/motor_raw,1628232,1785394315256,8938,
serial:COM8/motor_raw,1628234,1785394315258,8937,
serial:COM8/motor_raw,1628236,1785394315260,8937,
serial:COM8/motor_raw,1628238,1785394315262,8937,
serial:COM8/motor_raw,1628240,1785394315264,8938,
serial:COM8/motor_raw,1628242,1785394315266,8940,
serial:COM8/motor_raw,1628244,1785394315268,8939,
serial:COM8/motor_raw,1628246,1785394315270,8938,
serial:COM8/motor_raw,1628248,1785394315272,8938,
serial:COM8/motor_raw,1628250,1785394315274,8936,
serial:COM8/motor_raw,1628252,1785394315276,8936,
serial:COM8/motor_raw,1628254,1785394315278,8937,
serial:COM8/motor_raw,1628256,1785394315280,8935,
serial:COM8/motor_raw,1628258,1785394315282,8935,
serial:COM8/motor_raw,1628260,1785394315284,8935,
serial:COM8/motor_raw,1628262,1785394315286,8939,
serial:COM8/motor_raw,1628264,1785394315288,8936,
serial:COM8/motor_raw,1628266,1785394315290,8938,
serial:COM8/motor_raw,1628268,1785394315292,8938,
serial:COM8/motor_raw,1628270,1785394315294,8934,
serial:COM8/motor_raw,1628272,1785394315296,8936,
serial:COM8/motor_raw,1628274,1785394315298,8937,
serial:COM8/motor_raw,1628276,1785394315300,8936,
serial:COM8/motor_raw,1628278,1785394315302,8938,
serial:COM8/motor_raw,1628280,1785394315304,8937,
serial:COM8/motor_raw,1628282,1785394315306,8935,
serial:COM8/motor_raw,1628284,1785394315308,8938,
serial:COM8/motor_raw,1628286,1785394315310,8938,
serial:COM8/motor_raw,1628288,1785394315312,8935,
serial:COM8/motor_raw,1628290,1785394315314,8937,
serial:COM8/motor_raw,1628292,1785394315316,8936,
serial:COM8/motor_raw,1628294,1785394315318,8936,
serial:COM8/motor_raw,1628296,1785394315320,8935,
serial:COM8/motor_raw,1628298,1785394315322,8935,
serial:COM8/motor_raw,1628300,1785394315324,8935,
serial:COM8/motor_raw,1628302,1785394315326,8939,
serial:COM8/motor_raw,1628304,1785394315328,8938,
serial:COM8/motor_raw,1628306,1785394315330,8936,
serial:COM8/motor_raw,1628308,1785394315332,8938,
serial:COM8/motor_raw,1628310,1785394315334,8937,
serial:COM8/motor_raw,1628312,1785394315336,8938,
serial:COM8/motor_raw,1628314,1785394315338,8935,
serial:COM8/motor_raw,1628316,1785394315340,8939,
serial:COM8/motor_raw,1628318,1785394315342,8937,
serial:COM8/motor_raw,1628320,1785394315344,8939,
serial:COM8/motor_raw,1628322,1785394315346,8939,
serial:COM8/motor_raw,1628324,1785394315348,8939,
serial:COM8/motor_raw,1628326,1785394315350,8937,
serial:COM8/motor_raw,1628328,1785394315352,8939,
serial:COM8/motor_raw,1628330,1785394315354,8937,
serial:COM8/motor_raw,1628332,1785394315359,8940,
serial:COM8/motor_raw,1628334,1785394315359,8937,
serial:COM8/motor_raw,1628336,1785394315360,8937,
serial:COM8/motor_raw,1628338,1785394315362,8937,
serial:COM8/motor_raw,1628340,1785394315364,8938,
serial:COM8/motor_raw,1628342,1785394315366,8936,
serial:COM8/motor_raw,1628344,1785394315368,8942,
serial:COM8/motor_raw,1628346,1785394315370,8938,
serial:COM8/motor_raw,1628348,1785394315372,8936,
serial:COM8/motor_raw,1628350,1785394315374,8936,
serial:COM8/motor_raw,1628352,1785394315376,8936,
serial:COM8/motor_raw,1628354,1785394315378,8936,
serial:COM8/motor_raw,1628356,1785394315380,8938,
serial:COM8/motor_raw,1628358,1785394315382,8939,
serial:COM8/motor_raw,1628360,1785394315384,8938,
serial:COM8/motor_raw,1628362,1785394315386,8941,
serial:COM8/motor_raw,1628364,1785394315388,8938,
serial:COM8/motor_raw,1628366,1785394315390,8938,
serial:COM8/motor_raw,1628368,1785394315392,8939,
serial:COM8/motor_raw,1628370,1785394315394,8937,
serial:COM8/motor_raw,1628372,1785394315396,8935,
serial:COM8/motor_raw,1628374,1785394315398,8936,
serial:COM8/motor_raw,1628376,1785394315400,8936,
serial:COM8/motor_raw,1628378,1785394315402,8937,
serial:COM8/motor_raw,1628380,1785394315404,8936,
serial:COM8/motor_raw,1628382,1785394315406,8936,
serial:COM8/motor_raw,1628384,1785394315408,8935,
serial:COM8/motor_raw,1628386,1785394315410,8938,
serial:COM8/motor_raw,1628388,1785394315412,8937,
serial:COM8/motor_raw,1628390,1785394315414,8937,
serial:COM8/motor_raw,1628392,1785394315416,8940,
serial:COM8/motor_raw,1628394,1785394315418,8939,
serial:COM8/motor_raw,1628396,1785394315420,8939,
serial:COM8/motor_raw,1628398,1785394315422,8936,
serial:COM8/motor_raw,1628400,1785394315424,8937,
serial:COM8/motor_raw,1628402,1785394315426,8936,
serial:COM8/motor_raw,1628404,1785394315428,8938,
serial:COM8/motor_raw,1628406,1785394315430,8938,
serial:COM8/motor_raw,1628408,1785394315432,8935,
serial:COM8/motor_raw,1628410,1785394315434,8939,
serial:COM8/motor_raw,1628412,1785394315436,8938,
serial:COM8/motor_raw,1628414,1785394315438,8938,
serial:COM8/motor_raw,1628416,1785394315440,8937,
serial:COM8/motor_raw,1628418,1785394315442,8937,
serial:COM8/motor_raw,1628420,1785394315444,8936,
serial:COM8/motor_raw,1628422,1785394315446,8937,
serial:COM8/motor_raw,1628424,1785394315448,8937,
serial:COM8/motor_raw,1628426,1785394315450,8936,
serial:COM8/motor_raw,1628428,1785394315452,8937,
serial:COM8/motor_raw,1628430,1785394315454,8941,
serial:COM8/motor_raw,1628432,1785394315456,8940,
serial:COM8/motor_raw,1628434,1785394315458,8935,
serial:COM8/motor_raw,1628436,1785394315460,8936,
serial:COM8/motor_raw,1628438,1785394315462,8938,
serial:COM8/motor_raw,1628440,1785394315464,8936,
serial:COM8/motor_raw,1628442,1785394315466,8939,
serial:COM8/motor_raw,1628444,1785394315468,8935,
serial:COM8/motor_raw,1628446,1785394315470,8940,
serial:COM8/motor_raw,1628448,1785394315472,8940,
serial:COM8/motor_raw,1628450,1785394315474,8936,
serial:COM8/motor_raw,1628452,1785394315476,8938,
serial:COM8/motor_raw,1628454,1785394315478,8938,
serial:COM8/motor_raw,1628456,1785394315480,8937,
serial:COM8/motor_raw,1628458,1785394315482,8935,
serial:COM8/motor_raw,1628460,1785394315484,8938,
serial:COM8/motor_raw,1628462,1785394315486,8936,
serial:COM8/motor_raw,1628464,1785394315488,8939,
serial:COM8/motor_raw,1628466,1785394315490,8937,
serial:COM8/motor_raw,1628468,1785394315492,8939,
serial:COM8/motor_raw,1628470,1785394315494,8934,
serial:COM8/motor_raw,1628472,1785394315496,8938,
serial:COM8/motor_raw,1628474,1785394315498,8937,
serial:COM8/motor_raw,1628476,1785394315500,8938,
serial:COM8/motor_raw,1628478,1785394315502,8938,
serial:COM8/motor_raw,1628480,1785394315504,8936,
serial:COM8/motor_raw,1628482,1785394315506,8937,
serial:COM8/motor_raw,1628484,1785394315508,8939,
serial:COM8/motor_raw,1628486,1785394315510,8937,
serial:COM8/motor_raw,1628488,1785394315512,8938,
serial:COM8/motor_raw,1628490,1785394315514,8935,
serial:COM8/motor_raw,1628492,1785394315516,8936,
serial:COM8/motor_raw,1628494,1785394315518,8936,
serial:COM8/motor_raw,1628496,1785394315520,8937,
serial:COM8/motor_raw,1628498,1785394315522,8937,
serial:COM8/motor_raw,1628500,1785394315524,8937,
serial:COM8/motor_raw,1628502,1785394315526,8936,
serial:COM8/motor_raw,1628504,1785394315528,8938,
serial:COM8/motor_raw,1628506,1785394315530,8939,
serial:COM8/motor_raw,1628508,1785394315532,8937,
serial:COM8/motor_raw,1628510,1785394315534,8939,
serial:COM8/motor_raw,1628512,1785394315536,8938,
serial:COM8/motor_raw,1628514,1785394315538,8940,
serial:COM8/motor_raw,1628516,1785394315540,8937,
serial:COM8/motor_raw,1628518,1785394315542,8939,
serial:COM8/motor_raw,1628520,1785394315544,8938,
serial:COM8/motor_raw,1628522,1785394315546,8938,
serial:COM8/motor_raw,1628524,1785394315548,8937,
serial:COM8/motor_raw,1628526,1785394315550,8936,
serial:COM8/motor_raw,1628528,1785394315552,8936,
serial:COM8/motor_raw,1628530,1785394315554,8937,
serial:COM8/motor_raw,1628532,1785394315559,8935,
serial:COM8/motor_raw,1628534,1785394315559,8937,
serial:COM8/motor_raw,1628536,1785394315560,8937,
serial:COM8/motor_raw,1628538,1785394315562,8937,
serial:COM8/motor_raw,1628540,1785394315564,8936,
serial:COM8/motor_raw,1628542,1785394315566,8935,
serial:COM8/motor_raw,1628544,1785394315568,8938,
serial:COM8/motor_raw,1628546,1785394315570,8935,
serial:COM8/motor_raw,1628548,1785394315572,8938,
serial:COM8/motor_raw,1628550,1785394315574,8935,
serial:COM8/motor_raw,1628552,1785394315576,8935,
serial:COM8/motor_raw,1628554,1785394315578,8938,
serial:COM8/motor_raw,1628556,1785394315580,8937,
serial:COM8/motor_raw,1628558,1785394315582,8940,
serial:COM8/motor_raw,1628560,1785394315584,8939,
serial:COM8/motor_raw,1628562,1785394315586,8938,
serial:COM8/motor_raw,1628564,1785394315588,8941,
serial:COM8/motor_raw,1628566,1785394315590,8936,
serial:COM8/motor_raw,1628568,1785394315592,8938,
serial:COM8/motor_raw,1628570,1785394315594,8933,
serial:COM8/motor_raw,1628572,1785394315596,8939,
serial:COM8/motor_raw,1628574,1785394315598,8940,
serial:COM8/motor_raw,1628576,1785394315600,8937,
serial:COM8/motor_raw,1628578,1785394315602,8942,
serial:COM8/motor_raw,1628580,1785394315604,8937,
serial:COM8/motor_raw,1628582,1785394315606,8938,
serial:COM8/motor_raw,1628584,1785394315608,8940,
serial:COM8/motor_raw,1628586,1785394315610,8936,
serial:COM8/motor_raw,1628588,1785394315612,8937,
serial:COM8/motor_raw,1628590,1785394315614,8938,
serial:COM8/motor_raw,1628592,1785394315616,8936,
serial:COM8/motor_raw,1628594,1785394315618,8935,
serial:COM8/motor_raw,1628596,1785394315620,8937,
serial:COM8/motor_raw,1628598,1785394315622,8937,
serial:COM8/motor_raw,1628600,1785394315624,8935,
serial:COM8/motor_raw,1628602,1785394315626,8938,
serial:COM8/motor_raw,1628604,1785394315628,8937,
serial:COM8/motor_raw,1628606,1785394315630,8937,
serial:COM8/motor_raw,1628608,1785394315632,8938,
serial:COM8/motor_raw,1628610,1785394315634,8937,
serial:COM8/motor_raw,1628612,1785394315636,8938,
serial:COM8/motor_raw,1628614,1785394315638,8938,
serial:COM8/motor_raw,1628616,1785394315640,8935,
serial:COM8/motor_raw,1628618,1785394315642,8939,
serial:COM8/motor_raw,1628620,1785394315644,8937,
serial:COM8/motor_raw,1628622,1785394315646,8938,
serial:COM8/motor_raw,1628624,1785394315648,8939,
serial:COM8/motor_raw,1628626,1785394315650,8939,
serial:COM8/motor_raw,1628628,1785394315652,8939,
serial:COM8/motor_raw,1628630,1785394315654,8935,
serial:COM8/motor_raw,1628632,1785394315656,8939,
serial:COM8/motor_raw,1628634,1785394315658,8939,
serial:COM8/motor_raw,1628636,1785394315660,8938,
serial:COM8/motor_raw,1628638,1785394315662,8939,
serial:COM8/motor_raw,1628640,1785394315664,8939,
serial:COM8/motor_raw,1628642,1785394315666,8937,
serial:COM8/motor_raw,1628644,1785394315668,8937,
serial:COM8/motor_raw,1628646,1785394315670,8938,
serial:COM8/motor_raw,1628648,1785394315672,8935,
serial:COM8/motor_raw,1628650,1785394315674,8936,
serial:COM8/motor_raw,1628652,1785394315676,8938,
serial:COM8/motor_raw,1628654,1785394315678,8936,
serial:COM8/motor_raw,1628656,1785394315680,8935,
serial:COM8/motor_raw,1628658,1785394315682,8935,
serial:COM8/motor_raw,1628660,1785394315684,8936,
serial:COM8/motor_raw,1628662,1785394315686,8938,
serial:COM8/motor_raw,1628664,1785394315688,8938,
serial:COM8/motor_raw,1628666,1785394315690,8935,
serial:COM8/motor_raw,1628668,1785394315692,8941,
serial:COM8/motor_raw,1628670,1785394315694,8939,
serial:COM8/motor_raw,1628672,1785394315696,8939,
serial:COM8/motor_raw,1628674,1785394315698,8935,
serial:COM8/motor_raw,1628676,1785394315700,8940,
serial:COM8/motor_raw,1628678,1785394315702,8938,
serial:COM8/motor_raw,1628680,1785394315704,8936,
serial:COM8/motor_raw,1628682,1785394315706,8937,
serial:COM8/motor_raw,1628684,1785394315708,8938,
serial:COM8/motor_raw,1628686,1785394315710,8937,
serial:COM8/motor_raw,1628688,1785394315712,8938,
serial:COM8/motor_raw,1628690,1785394315714,8934,
serial:COM8/motor_raw,1628692,1785394315716,8937,
serial:COM8/motor_raw,1628694,1785394315718,8936,
serial:COM8/motor_raw,1628696,1785394315720,8938,
serial:COM8/motor_raw,1628698,1785394315722,8937,
serial:COM8/motor_raw,1628700,1785394315724,8939,
serial:COM8/motor_raw,1628702,1785394315726,8937,
serial:COM8/motor_raw,1628704,1785394315728,8935,
serial:COM8/motor_raw,1628706,1785394315730,8937,
serial:COM8/motor_raw,1628708,1785394315732,8936,
serial:COM8/motor_raw,1628710,1785394315734,8936,
serial:COM8/motor_raw,1628712,1785394315736,8940,
serial:COM8/motor_raw,1628714,1785394315738,8937,
serial:COM8/motor_raw,1628716,1785394315740,8936,
serial:COM8/motor_raw,1628718,1785394315742,8937,
serial:COM8/motor_raw,1628720,1785394315744,8938,
serial:COM8/motor_raw,1628722,1785394315746,8938,
serial:COM8/motor_raw,1628724,1785394315748,8936,
serial:COM8/motor_raw,1628726,1785394315750,8936,
serial:COM8/motor_raw,1628728,1785394315752,8939,
serial:COM8/motor_raw,1628730,1785394315754,8937,
serial:COM8/motor_raw,1628732,1785394315759,8938,
serial:COM8/motor_raw,1628734,1785394315759,8938,
serial:COM8/motor_raw,1628736,1785394315760,8939,
serial:COM8/motor_raw,1628738,1785394315762,8938,
serial:COM8/motor_raw,1628740,1785394315764,8937,
serial:COM8/motor_raw,1628742,1785394315766,8936,
serial:COM8/motor_raw,1628744,1785394315768,8937,
serial:COM8/motor_raw,1628746,1785394315770,8937,
serial:COM8/motor_raw,1628748,1785394315772,8938,
serial:COM8/motor_raw,1628750,1785394315774,8939,
serial:COM8/motor_raw,1628752,1785394315776,8936,
serial:COM8/motor_raw,1628754,1785394315778,8938,
serial:COM8/motor_raw,1628756,1785394315780,8938,
serial:COM8/motor_raw,1628758,1785394315782,8939,
serial:COM8/motor_raw,1628760,1785394315784,8938,
serial:COM8/motor_raw,1628762,1785394315786,8937,
serial:COM8/motor_raw,1628764,1785394315788,8936,
serial:COM8/motor_raw,1628766,1785394315790,8939,
serial:COM8/motor_raw,1628768,1785394315792,8934,
serial:COM8/motor_raw,1628770,1785394315794,8939,
serial:COM8/motor_raw,1628772,1785394315796,8938,
serial:COM8/motor_raw,1628774,1785394315798,8937,
serial:COM8/motor_raw,1628776,1785394315800,8936,
serial:COM8/motor_raw,1628778,1785394315802,8936,
serial:COM8/motor_raw,1628780,1785394315804,8936,
serial:COM8/motor_raw,1628782,1785394315806,8934,
serial:COM8/motor_raw,1628784,1785394315808,8939,
serial:COM8/motor_raw,1628786,1785394315810,8934,
serial:COM8/motor_raw,1628788,1785394315812,8935,
serial:COM8/motor_raw,1628790,1785394315814,8938,
serial:COM8/motor_raw,1628792,1785394315816,8937,
serial:COM8/motor_raw,1628794,1785394315818,8938,
serial:COM8/motor_raw,1628796,1785394315820,8939,
serial:COM8/motor_raw,1628798,1785394315822,8936,
serial:COM8/motor_raw,1628800,1785394315824,8935,
serial:COM8/motor_raw,1628802,1785394315826,8938,
serial:COM8/motor_raw,1628804,1785394315828,8938,
serial:COM8/motor_raw,1628806,1785394315830,8936,
serial:COM8/motor_raw,1628808,1785394315832,8939,
serial:COM8/motor_raw,1628810,1785394315834,8937,
serial:COM8/motor_raw,1628812,1785394315836,8937,
serial:COM8/motor_raw,1628814,1785394315838,8938,
serial:COM8/motor_raw,1628816,1785394315840,8937,
serial:COM8/motor_raw,1628818,1785394315842,8936,
serial:COM8/motor_raw,1628820,1785394315844,8934,
serial:COM8/motor_raw,1628822,1785394315846,8938,
serial:COM8/motor_raw,1628824,1785394315848,8938,
serial:COM8/motor_raw,1628826,1785394315850,8937,
serial:COM8/motor_raw,1628828,1785394315852,8935,
serial:COM8/motor_raw,1628830,1785394315854,8939,
serial:COM8/motor_raw,1628832,1785394315856,8934,
serial:COM8/motor_raw,1628834,1785394315858,8937,
serial:COM8/motor_raw,1628836,1785394315860,8936,
serial:COM8/motor_raw,1628838,1785394315862,8937,
serial:COM8/motor_raw,1628840,1785394315864,8937,
serial:COM8/motor_raw,1628842,1785394315866,8937,
serial:COM8/motor_raw,1628844,1785394315868,8937,
serial:COM8/motor_raw,1628846,1785394315870,8935,
serial:COM8/motor_raw,1628848,1785394315872,8940,
serial:COM8/motor_raw,1628850,1785394315874,8936,
serial:COM8/motor_raw,1628852,1785394315876,8936,
serial:COM8/motor_raw,1628854,1785394315878,8937,
serial:COM8/motor_raw,1628856,1785394315880,8937,
serial:COM8/motor_raw,1628858,1785394315882,8937,
serial:COM8/motor_raw,1628860,1785394315884,8938,
serial:COM8/motor_raw,1628862,1785394315886,8939,
serial:COM8/motor_raw,1628864,1785394315888,8935,
serial:COM8/motor_raw,1628866,1785394315890,8938,
serial:COM8/motor_raw,1628868,1785394315892,8937,
serial:COM8/motor_raw,1628870,1785394315894,8940,
serial:COM8/motor_raw,1628872,1785394315896,8939,
serial:COM8/motor_raw,1628874,1785394315898,8939,
serial:COM8/motor_raw,1628876,1785394315900,8938,
serial:COM8/motor_raw,1628878,1785394315902,8934,
serial:COM8/motor_raw,1628880,1785394315904,8939,
serial:COM8/motor_raw,1628882,1785394315906,8937,
serial:COM8/motor_raw,1628884,1785394315908,8936,
serial:COM8/motor_raw,1628886,1785394315910,8938,
serial:COM8/motor_raw,1628888,1785394315912,8936,
serial:COM8/motor_raw,1628890,1785394315914,8938,
serial:COM8/motor_raw,1628892,1785394315916,8936,
serial:COM8/motor_raw,1628894,1785394315918,8938,
serial:COM8/motor_raw,1628896,1785394315920,8939,
serial:COM8/motor_raw,1628898,1785394315922,8938,
serial:COM8/motor_raw,1628900,1785394315924,8938,
serial:COM8/motor_raw,1628902,1785394315926,8936,
serial:COM8/motor_raw,1628904,1785394315928,8937,
serial:COM8/motor_raw,1628906,1785394315930,8935,
serial:COM8/motor_raw,1628908,1785394315932,8936,
serial:COM8/motor_raw,1628910,1785394315934,8937,
serial:COM8/motor_raw,1628912,1785394315936,8936,
serial:COM8/motor_raw,1628914,1785394315938,8937,
serial:COM8/motor_raw,1628916,1785394315940,8935,
serial:COM8/motor_raw,1628918,1785394315942,8940,
serial:COM8/motor_raw,1628920,1785394315944,8938,
serial:COM8/motor_raw,1628922,1785394315946,8936,
serial:COM8/motor_raw,1628924,1785394315948,8938,
serial:COM8/motor_raw,1628926,1785394315950,8938,
serial:COM8/motor_raw,1628928,1785394315952,8940,
serial:COM8/motor_raw,1628930,1785394315954,8938,
serial:COM8/motor_raw,1628932,1785394315959,8936,
serial:COM8/motor_raw,1628934,1785394315959,8935,
serial:COM8/motor_raw,1628936,1785394315960,8939,
serial:COM8/motor_raw,1628938,1785394315962,8939,
serial:COM8/motor_raw,1628940,1785394315964,8935,
serial:COM8/motor_raw,1628942,1785394315966,8936,
serial:COM8/motor_raw,1628944,1785394315968,8939,
serial:COM8/motor_raw,1628946,1785394315970,8938,
serial:COM8/motor_raw,1628948,1785394315972,8936,
serial:COM8/motor_raw,1628950,1785394315974,8940,
serial:COM8/motor_raw,1628952,1785394315976,8938,
serial:COM8/motor_raw,1628954,1785394315978,8936,
serial:COM8/motor_raw,1628956,1785394315980,8937,
serial:COM8/motor_raw,1628958,1785394315982,8939,
serial:COM8/motor_raw,1628960,1785394315984,8937,
serial:COM8/motor_raw,1628962,1785394315986,8934,
serial:COM8/motor_raw,1628964,1785394315988,8940,
serial:COM8/motor_raw,1628966,1785394315990,8937,
serial:COM8/motor_raw,1628968,1785394315992,8935,
serial:COM8/motor_raw,1628970,1785394315994,8936,
serial:COM8/motor_raw,1628972,1785394315996,8938,
serial:COM8/motor_raw,1628974,1785394315998,8939,
serial:COM8/motor_raw,1628976,1785394316000,8937,
serial:COM8/motor_raw,1628978,1785394316002,8937,
serial:COM8/motor_raw,1628980,1785394316004,8938,
serial:COM8/motor_raw,1628982,1785394316006,8937,
serial:COM8/motor_raw,1628984,1785394316008,8937,
serial:COM8/motor_raw,1628986,1785394316010,8939,
serial:COM8/motor_raw,1628988,1785394316012,8938,
serial:COM8/motor_raw,1628990,1785394316014,8939,
serial:COM8/motor_raw,1628992,1785394316016,8936,
serial:COM8/motor_raw,1628994,1785394316018,8938,
serial:COM8/motor_raw,1628996,1785394316020,8939,
serial:COM8/motor_raw,1628998,1785394316022,8941,
serial:COM8/motor_raw,1629000,1785394316024,8939,
serial:COM8/motor_raw,1629002,1785394316026,8937,
serial:COM8/motor_raw,1629004,1785394316028,8939,
serial:COM8/motor_raw,1629006,1785394316030,8938,
serial:COM8/motor_raw,1629008,1785394316032,8935,
serial:COM8/motor_raw,1629010,1785394316034,8936,
serial:COM8/motor_raw,1629012,1785394316036,8940,
serial:COM8/motor_raw,1629014,1785394316038,8937,
serial:COM8/motor_raw,1629016,1785394316040,8935,
serial:COM8/motor_raw,1629018,1785394316042,8939,
serial:COM8/motor_raw,1629020,1785394316044,8936,
serial:COM8/motor_raw,1629022,1785394316046,8937,
serial:COM8/motor_raw,1629024,1785394316048,8937,
serial:COM8/motor_raw,1629026,1785394316050,8936,
serial:COM8/motor_raw,1629028,1785394316052,8935,
serial:COM8/motor_raw,1629030,1785394316054,8940,
serial:COM8/motor_raw,1629032,1785394316056,8938,
serial:COM8/motor_raw,1629034,1785394316058,8937,
serial:COM8/motor_raw,1629036,1785394316060,8937,
serial:COM8/motor_raw,1629038,1785394316062,8938,
serial:COM8/motor_raw,1629040,1785394316064,8938,
serial:COM8/motor_raw,1629042,1785394316066,8936,
serial:COM8/motor_raw,1629044,1785394316068,8938,
serial:COM8/motor_raw,1629046,1785394316070,8938,
serial:COM8/motor_raw,1629048,1785394316072,8939,
serial:COM8/motor_raw,1629050,1785394316074,8937,
serial:COM8/motor_raw,1629052,1785394316076,8937,
serial:COM8/motor_raw,1629054,1785394316078,8937,
serial:COM8/motor_raw,1629056,1785394316080,8936,
serial:COM8/motor_raw,1629058,1785394316082,8937,
serial:COM8/motor_raw,1629060,1785394316084,8936,
serial:COM8/motor_raw,1629062,1785394316086,8939,
serial:COM8/motor_raw,1629064,1785394316088,8938,
serial:COM8/motor_raw,1629066,1785394316090,8939,
serial:COM8/motor_raw,1629068,1785394316092,8936,
serial:COM8/motor_raw,1629070,1785394316094,8939,
serial:COM8/motor_raw,1629072,1785394316096,8938,
serial:COM8/motor_raw,1629074,1785394316098,8938,
serial:COM8/motor_raw,1629076,1785394316100,8937,
serial:COM8/motor_raw,1629078,1785394316102,8938,
serial:COM8/motor_raw,1629080,1785394316104,8939,
serial:COM8/motor_raw,1629082,1785394316106,8935,
serial:COM8/motor_raw,1629084,1785394316108,8937,
serial:COM8/motor_raw,1629086,1785394316110,8935,
serial:COM8/motor_raw,1629088,1785394316112,8938,
serial:COM8/motor_raw,1629090,1785394316114,8938,
serial:COM8/motor_raw,1629092,1785394316116,8937,
serial:COM8/motor_raw,1629094,1785394316118,8936,
serial:COM8/motor_raw,1629096,1785394316120,8938,
serial:COM8/motor_raw,1629098,1785394316122,8939,
serial:COM8/motor_raw,1629100,1785394316124,8939,
serial:COM8/motor_raw,1629102,1785394316126,8935,
serial:COM8/motor_raw,1629104,1785394316128,8937,
serial:COM8/motor_raw,1629106,1785394316130,8938,
serial:COM8/motor_raw,1629108,1785394316132,8939,
serial:COM8/motor_raw,1629110,1785394316134,8936,
serial:COM8/motor_raw,1629112,1785394316136,8937,
serial:COM8/motor_raw,1629114,1785394316138,8937,
serial:COM8/motor_raw,1629116,1785394316140,8938,
serial:COM8/motor_raw,1629118,1785394316142,8938,
serial:COM8/motor_raw,1629120,1785394316144,8934,
serial:COM8/motor_raw,1629122,1785394316146,8937,
serial:COM8/motor_raw,1629124,1785394316148,8939,
serial:COM8/motor_raw,1629126,1785394316150,8940,
serial:COM8/motor_raw,1629128,1785394316152,8936,
serial:COM8/motor_raw,1629130,1785394316154,8936,
serial:COM8/motor_raw,1629132,1785394316159,8938,
serial:COM8/motor_raw,1629134,1785394316159,8938,
serial:COM8/motor_raw,1629136,1785394316160,8936,
serial:COM8/motor_raw,1629138,1785394316162,8936,
serial:COM8/motor_raw,1629140,1785394316164,8937,
serial:COM8/motor_raw,1629142,1785394316166,8938,
serial:COM8/motor_raw,1629144,1785394316168,8940,
serial:COM8/motor_raw,1629146,1785394316170,8936,
serial:COM8/motor_raw,1629148,1785394316172,8941,
serial:COM8/motor_raw,1629150,1785394316174,8936,
serial:COM8/motor_raw,1629152,1785394316176,8939,
serial:COM8/motor_raw,1629154,1785394316178,8935,
serial:COM8/motor_raw,1629156,1785394316180,8936,
serial:COM8/motor_raw,1629158,1785394316182,8937,
serial:COM8/motor_raw,1629160,1785394316184,8936,
serial:COM8/motor_raw,1629162,1785394316186,8936,
serial:COM8/motor_raw,1629164,1785394316188,8935,
serial:COM8/motor_raw,1629166,1785394316190,8940,
serial:COM8/motor_raw,1629168,1785394316192,8937,
serial:COM8/motor_raw,1629170,1785394316194,8937,
serial:COM8/motor_raw,1629172,1785394316196,8939,
serial:COM8/motor_raw,1629174,1785394316198,8937,
serial:COM8/motor_raw,1629176,1785394316200,8934,
serial:COM8/motor_raw,1629178,1785394316202,8936,
serial:COM8/motor_raw,1629180,1785394316204,8938,
serial:COM8/motor_raw,1629182,1785394316206,8933,
serial:COM8/motor_raw,1629184,1785394316208,8938,
serial:COM8/motor_raw,1629186,1785394316210,8937,
serial:COM8/motor_raw,1629188,1785394316212,8941,
serial:COM8/motor_raw,1629190,1785394316214,8938,
serial:COM8/motor_raw,1629192,1785394316216,8936,
serial:COM8/motor_raw,1629194,1785394316218,8938,
serial:COM8/motor_raw,1629196,1785394316220,8937,
serial:COM8/motor_raw,1629198,1785394316222,8935,
serial:COM8/motor_raw,1629200,1785394316224,8939,
serial:COM8/motor_raw,1629202,1785394316226,8936,
serial:COM8/motor_raw,1629204,1785394316228,8940,
serial:COM8/motor_raw,1629206,1785394316230,8937,
serial:COM8/motor_raw,1629208,1785394316232,8935,
serial:COM8/motor_raw,1629210,1785394316234,8939,
serial:COM8/motor_raw,1629212,1785394316236,8938,
serial:COM8/motor_raw,1629214,1785394316238,8937,
serial:COM8/motor_raw,1629216,1785394316240,8936,
serial:COM8/motor_raw,1629218,1785394316242,8941,
serial:COM8/motor_raw,1629220,1785394316244,8938,
serial:COM8/motor_raw,1629222,1785394316246,8937,
serial:COM8/motor_raw,1629224,1785394316248,8938,
serial:COM8/motor_raw,1629226,1785394316250,8937,
serial:COM8/motor_raw,1629228,1785394316252,8938,
serial:COM8/motor_raw,1629230,1785394316254,8937,
serial:COM8/motor_raw,1629232,1785394316256,8935,
serial:COM8/motor_raw,1629234,1785394316258,8936,
serial:COM8/motor_raw,1629236,1785394316260,8933,
serial:COM8/motor_raw,1629238,1785394316262,8937,
serial:COM8/motor_raw,1629240,1785394316264,8935,
serial:COM8/motor_raw,1629242,1785394316266,8939,
serial:COM8/motor_raw,1629244,1785394316268,8937,
serial:COM8/motor_raw,1629246,1785394316270,8938,
serial:COM8/motor_raw,1629248,1785394316272,8935,
serial:COM8/motor_raw,1629250,1785394316274,8937,
serial:COM8/motor_raw,1629252,1785394316276,8936,
serial:COM8/motor_raw,1629254,1785394316278,8938,
serial:COM8/motor_raw,1629256,1785394316280,8938,
serial:COM8/motor_raw,1629258,1785394316282,8938,
serial:COM8/motor_raw,1629260,1785394316284,8938,
serial:COM8/motor_raw,1629262,1785394316286,8937,
serial:COM8/motor_raw,1629264,1785394316288,8936,
serial:COM8/motor_raw,1629266,1785394316290,8935,
serial:COM8/motor_raw,1629268,1785394316292,8938,
serial:COM8/motor_raw,1629270,1785394316294,8940,
serial:COM8/motor_raw,1629272,1785394316296,8938,
serial:COM8/motor_raw,1629274,1785394316298,8936,
serial:COM8/motor_raw,1629276,1785394316300,8937,
serial:COM8/motor_raw,1629278,1785394316302,8936,
serial:COM8/motor_raw,1629280,1785394316304,8937,
serial:COM8/motor_raw,1629282,1785394316306,8935,
serial:COM8/motor_raw,1629284,1785394316308,8935,
serial:COM8/motor_raw,1629286,1785394316310,8938,
serial:COM8/motor_raw,1629288,1785394316312,8939,
serial:COM8/motor_raw,1629290,1785394316314,8937,
serial:COM8/motor_raw,1629292,1785394316316,8937,
serial:COM8/motor_raw,1629294,1785394316318,8939,
serial:COM8/motor_raw,1629296,1785394316320,8937,
serial:COM8/motor_raw,1629298,1785394316322,8937,
serial:COM8/motor_raw,1629300,1785394316324,8936,
serial:COM8/motor_raw,1629302,1785394316326,8939,
serial:COM8/motor_raw,1629304,1785394316328,8939,
serial:COM8/motor_raw,1629306,1785394316330,8940,
serial:COM8/motor_raw,1629308,1785394316332,8936,
serial:COM8/motor_raw,1629310,1785394316334,8935,
serial:COM8/motor_raw,1629312,1785394316336,8938,
serial:COM8/motor_raw,1629314,1785394316338,8937,
serial:COM8/motor_raw,1629316,1785394316340,8934,
serial:COM8/motor_raw,1629318,1785394316342,8938,
serial:COM8/motor_raw,1629320,1785394316344,8934,
serial:COM8/motor_raw,1629322,1785394316346,8935,
serial:COM8/motor_raw,1629324,1785394316348,8937,
serial:COM8/motor_raw,1629326,1785394316350,8939,
serial:COM8/motor_raw,1629328,1785394316352,8935,
serial:COM8/motor_raw,1629330,1785394316354,8937,
serial:COM8/motor_raw,1629332,1785394316359,8937,
serial:COM8/motor_raw,1629334,1785394316359,8937,
serial:COM8/motor_raw,1629336,1785394316360,8935,
serial:COM8/motor_raw,1629338,1785394316362,8936,
serial:COM8/motor_raw,1629340,1785394316364,8937,
serial:COM8/motor_raw,1629342,1785394316366,8940,
serial:COM8/motor_raw,1629344,1785394316368,8942,
serial:COM8/motor_raw,1629346,1785394316370,8938,
serial:COM8/motor_raw,1629348,1785394316372,8938,
serial:COM8/motor_raw,1629350,1785394316374,8937,
serial:COM8/motor_raw,1629352,1785394316376,8933,
serial:COM8/motor_raw,1629354,1785394316378,8935,
serial:COM8/motor_raw,1629356,1785394316380,8935,
serial:COM8/motor_raw,1629358,1785394316382,8938,
serial:COM8/motor_raw,1629360,1785394316384,8940,
serial:COM8/motor_raw,1629362,1785394316386,8936,
serial:COM8/motor_raw,1629364,1785394316388,8938,
serial:COM8/motor_raw,1629366,1785394316390,8939,
serial:COM8/motor_raw,1629368,1785394316392,8934,
serial:COM8/motor_raw,1629370,1785394316394,8937,
serial:COM8/motor_raw,1629372,1785394316396,8940,
serial:COM8/motor_raw,1629374,1785394316398,8940,
serial:COM8/motor_raw,1629376,1785394316400,8937,
serial:COM8/motor_raw,1629378,1785394316402,8936,
serial:COM8/motor_raw,1629380,1785394316404,8937,
serial:COM8/motor_raw,1629382,1785394316406,8935,
serial:COM8/motor_raw,1629384,1785394316408,8936,
serial:COM8/motor_raw,1629386,1785394316410,8936,
serial:COM8/motor_raw,1629388,1785394316412,8938,
serial:COM8/motor_raw,1629390,1785394316414,8937,
serial:COM8/motor_raw,1629392,1785394316416,8937,
serial:COM8/motor_raw,1629394,1785394316418,8935,
serial:COM8/motor_raw,1629396,1785394316420,8937,
serial:COM8/motor_raw,1629398,1785394316422,8934,
serial:COM8/motor_raw,1629400,1785394316424,8938,
serial:COM8/motor_raw,1629402,1785394316426,8936,
serial:COM8/motor_raw,1629404,1785394316428,8937,
serial:COM8/motor_raw,1629406,1785394316430,8937,
serial:COM8/motor_raw,1629408,1785394316432,8940,
serial:COM8/motor_raw,1629410,1785394316434,8938,
serial:COM8/motor_raw,1629412,1785394316436,8937,
serial:COM8/motor_raw,1629414,1785394316438,8940,
serial:COM8/motor_raw,1629416,1785394316440,8938,
serial:COM8/motor_raw,1629418,1785394316442,8935,
serial:COM8/motor_raw,1629420,1785394316444,8937,
serial:COM8/motor_raw,1629422,1785394316446,8935,
serial:COM8/motor_raw,1629424,1785394316448,8937,
serial:COM8/motor_raw,1629426,1785394316450,8937,
serial:COM8/motor_raw,1629428,1785394316452,8938,
serial:COM8/motor_raw,1629430,1785394316454,8937,
serial:COM8/motor_raw,1629432,1785394316456,8940,
serial:COM8/motor_raw,1629434,1785394316458,8935,
serial:COM8/motor_raw,1629436,1785394316460,8936,
serial:COM8/motor_raw,1629438,1785394316462,8939,
serial:COM8/motor_raw,1629440,1785394316464,8938,
serial:COM8/motor_raw,1629442,1785394316466,8938,
serial:COM8/motor_raw,1629444,1785394316468,8939,
serial:COM8/motor_raw,1629446,1785394316470,8935,
serial:COM8/motor_raw,1629448,1785394316472,8936,
serial:COM8/motor_raw,1629450,1785394316474,8936,
serial:COM8/motor_raw,1629452,1785394316476,8937,
serial:COM8/motor_raw,1629454,1785394316478,8939,
serial:COM8/motor_raw,1629456,1785394316480,8937,
serial:COM8/motor_raw,1629458,1785394316482,8936,
serial:COM8/motor_raw,1629460,1785394316484,8938,
serial:COM8/motor_raw,1629462,1785394316486,8938,
serial:COM8/motor_raw,1629464,1785394316488,8936,
serial:COM8/motor_raw,1629466,1785394316490,8937,
serial:COM8/motor_raw,1629468,1785394316492,8937,
serial:COM8/motor_raw,1629470,1785394316494,8935,
serial:COM8/motor_raw,1629472,1785394316496,8935,
serial:COM8/motor_raw,1629474,1785394316498,8939,
serial:COM8/motor_raw,1629476,1785394316500,8935,
serial:COM8/motor_raw,1629478,1785394316502,8938,
serial:COM8/motor_raw,1629480,1785394316504,8937,
serial:COM8/motor_raw,1629482,1785394316506,8935,
serial:COM8/motor_raw,1629484,1785394316508,8937,
serial:COM8/motor_raw,1629486,1785394316510,8937,
serial:COM8/motor_raw,1629488,1785394316512,8936,
serial:COM8/motor_raw,1629490,1785394316514,8940,
serial:COM8/motor_raw,1629492,1785394316516,8938,
serial:COM8/motor_raw,1629494,1785394316518,8939,
serial:COM8/motor_raw,1629496,1785394316520,8937,
serial:COM8/motor_raw,1629498,1785394316522,8936,
serial:COM8/motor_raw,1629500,1785394316524,8936,
serial:COM8/motor_raw,1629502,1785394316526,8937,
serial:COM8/motor_raw,1629504,1785394316528,8937,
serial:COM8/motor_raw,1629506,1785394316530,8940,
serial:COM8/motor_raw,1629508,1785394316532,8937,
serial:COM8/motor_raw,1629510,1785394316534,8939,
serial:COM8/motor_raw,1629512,1785394316536,8936,
serial:COM8/motor_raw,1629514,1785394316538,8938,
serial:COM8/motor_raw,1629516,1785394316540,8937,
serial:COM8/motor_raw,1629518,1785394316542,8939,
serial:COM8/motor_raw,1629520,1785394316544,8937,
serial:COM8/motor_raw,1629522,1785394316546,8936,
serial:COM8/motor_raw,1629524,1785394316548,8939,
serial:COM8/motor_raw,1629526,1785394316550,8937,
serial:COM8/motor_raw,1629528,1785394316552,8937,
serial:COM8/motor_raw,1629530,1785394316554,8935,
serial:COM8/motor_raw,1629532,1785394316559,8939,
serial:COM8/motor_raw,1629534,1785394316559,8938,
serial:COM8/motor_raw,1629536,1785394316560,8935,
serial:COM8/motor_raw,1629538,1785394316562,8937,
serial:COM8/motor_raw,1629540,1785394316564,8938,
serial:COM8/motor_raw,1629542,1785394316566,8936,
serial:COM8/motor_raw,1629544,1785394316568,8937,
serial:COM8/motor_raw,1629546,1785394316570,8940,
serial:COM8/motor_raw,1629548,1785394316572,8937,
serial:COM8/motor_raw,1629550,1785394316574,8942,
serial:COM8/motor_raw,1629552,1785394316576,8938,
serial:COM8/motor_raw,1629554,1785394316578,8939,
serial:COM8/motor_raw,1629556,1785394316580,8938,
serial:COM8/motor_raw,1629558,1785394316582,8940,
serial:COM8/motor_raw,1629560,1785394316584,8938,
serial:COM8/motor_raw,1629562,1785394316586,8938,
serial:COM8/motor_raw,1629564,1785394316588,8937,
serial:COM8/motor_raw,1629566,1785394316590,8939,
serial:COM8/motor_raw,1629568,1785394316592,8941,
serial:COM8/motor_raw,1629570,1785394316594,8939,
serial:COM8/motor_raw,1629572,1785394316596,8938,
serial:COM8/motor_raw,1629574,1785394316598,8937,
serial:COM8/motor_raw,1629576,1785394316600,8938,
serial:COM8/motor_raw,1629578,1785394316602,8934,
serial:COM8/motor_raw,1629580,1785394316604,8935,
serial:COM8/motor_raw,1629582,1785394316606,8937,
serial:COM8/motor_raw,1629584,1785394316608,8938,
serial:COM8/motor_raw,1629586,1785394316610,8935,
serial:COM8/motor_raw,1629588,1785394316612,8938,
serial:COM8/motor_raw,1629590,1785394316614,8938,
serial:COM8/motor_raw,1629592,1785394316616,8936,
serial:COM8/motor_raw,1629594,1785394316618,8938,
serial:COM8/motor_raw,1629596,1785394316620,8935,
serial:COM8/motor_raw,1629598,1785394316622,8938,
serial:COM8/motor_raw,1629600,1785394316624,8937,
serial:COM8/motor_raw,1629602,1785394316626,8939,
serial:COM8/motor_raw,1629604,1785394316628,8937,
serial:COM8/motor_raw,1629606,1785394316630,8936,
serial:COM8/motor_raw,1629608,1785394316632,8935,
serial:COM8/motor_raw,1629610,1785394316634,8936,
serial:COM8/motor_raw,1629612,1785394316636,8939,
serial:COM8/motor_raw,1629614,1785394316638,8937,
serial:COM8/motor_raw,1629616,1785394316640,8939,
serial:COM8/motor_raw,1629618,1785394316642,8937,
serial:COM8/motor_raw,1629620,1785394316644,8936,
serial:COM8/motor_raw,1629622,1785394316646,8937,
serial:COM8/motor_raw,1629624,1785394316648,8937,
serial:COM8/motor_raw,1629626,1785394316650,8937,
serial:COM8/motor_raw,1629628,1785394316652,8937,
serial:COM8/motor_raw,1629630,1785394316654,8938,
serial:COM8/motor_raw,1629632,1785394316656,8937,
serial:COM8/motor_raw,1629634,1785394316658,8937,
serial:COM8/motor_raw,1629636,1785394316660,8937,
serial:COM8/motor_raw,1629638,1785394316662,8940,
serial:COM8/motor_raw,1629640,1785394316664,8938,
serial:COM8/motor_raw,1629642,1785394316666,8941,
serial:COM8/motor_raw,1629644,1785394316668,8935,
serial:COM8/motor_raw,1629646,1785394316670,8935,
serial:COM8/motor_raw,1629648,1785394316672,8936,
serial:COM8/motor_raw,1629650,1785394316674,8937,
serial:COM8/motor_raw,1629652,1785394316676,8939,
serial:COM8/motor_raw,1629654,1785394316678,8940,
serial:COM8/motor_raw,1629656,1785394316680,8937,
serial:COM8/motor_raw,1629658,1785394316682,8938,
serial:COM8/motor_raw,1629660,1785394316684,8936,
serial:COM8/motor_raw,1629662,1785394316686,8941,
serial:COM8/motor_raw,1629664,1785394316688,8936,
serial:COM8/motor_raw,1629666,1785394316690,8938,
serial:COM8/motor_raw,1629668,1785394316692,8936,
serial:COM8/motor_raw,1629670,1785394316694,8938,
serial:COM8/motor_raw,1629672,1785394316696,8939,
serial:COM8/motor_raw,1629674,1785394316698,8938,
serial:COM8/motor_raw,1629676,1785394316700,8935,
serial:COM8/motor_raw,1629678,1785394316702,8937,
serial:COM8/motor_raw,1629680,1785394316704,8937,
serial:COM8/motor_raw,1629682,1785394316706,8937,
serial:COM8/motor_raw,1629684,1785394316708,8937,
serial:COM8/motor_raw,1629686,1785394316710,8940,
serial:COM8/motor_raw,1629688,1785394316712,8937,
serial:COM8/motor_raw,1629690,1785394316714,8939,
serial:COM8/motor_raw,1629692,1785394316716,8937,
serial:COM8/motor_raw,1629694,1785394316718,8936,
serial:COM8/motor_raw,1629696,1785394316720,8937,
serial:COM8/motor_raw,1629698,1785394316722,8937,
serial:COM8/motor_raw,1629700,1785394316724,8939,
serial:COM8/motor_raw,1629702,1785394316726,8938,
serial:COM8/motor_raw,1629704,1785394316728,8937,
serial:COM8/motor_raw,1629706,1785394316730,8935,
serial:COM8/motor_raw,1629708,1785394316732,8938,
serial:COM8/motor_raw,1629710,1785394316734,8936,
serial:COM8/motor_raw,1629712,1785394316736,8937,
serial:COM8/motor_raw,1629714,1785394316738,8938,
serial:COM8/motor_raw,1629716,1785394316740,8936,
serial:COM8/motor_raw,1629718,1785394316742,8938,
serial:COM8/motor_raw,1629720,1785394316744,8937,
serial:COM8/motor_raw,1629722,1785394316746,8935,
serial:COM8/motor_raw,1629724,1785394316748,8939,
serial:COM8/motor_raw,1629726,1785394316750,8937,
serial:COM8/motor_raw,1629728,1785394316752,8936,
serial:COM8/motor_raw,1629730,1785394316754,8939,
serial:COM8/motor_raw,1629732,1785394316759,8936,
serial:COM8/motor_raw,1629734,1785394316759,8936,
serial:COM8/motor_raw,1629736,1785394316760,8936,
serial:COM8/motor_raw,1629738,1785394316762,8935,
serial:COM8/motor_raw,1629740,1785394316764,8937,
serial:COM8/motor_raw,1629742,1785394316766,8937,
serial:COM8/motor_raw,1629744,1785394316768,8937,
serial:COM8/motor_raw,1629746,1785394316770,8941,
serial:COM8/motor_raw,1629748,1785394316772,8937,
serial:COM8/motor_raw,1629750,1785394316774,8938,
serial:COM8/motor_raw,1629752,1785394316776,8938,
serial:COM8/motor_raw,1629754,1785394316778,8935,
serial:COM8/motor_raw,1629756,1785394316780,8938,
serial:COM8/motor_raw,1629758,1785394316782,8938,
serial:COM8/motor_raw,1629760,1785394316784,8938,
serial:COM8/motor_raw,1629762,1785394316786,8937,
serial:COM8/motor_raw,1629764,1785394316788,8938,
serial:COM8/motor_raw,1629766,1785394316790,8938,
serial:COM8/motor_raw,1629768,1785394316792,8937,
serial:COM8/motor_raw,1629770,1785394316794,8938,
serial:COM8/motor_raw,1629772,1785394316796,8939,
serial:COM8/motor_raw,1629774,1785394316798,8938,
serial:COM8/motor_raw,1629776,1785394316800,8938,
serial:COM8/motor_raw,1629778,1785394316802,8937,
serial:COM8/motor_raw,1629780,1785394316804,8936,
serial:COM8/motor_raw,1629782,1785394316806,8940,
serial:COM8/motor_raw,1629784,1785394316808,8938,
serial:COM8/motor_raw,1629786,1785394316810,8938,
serial:COM8/motor_raw,1629788,1785394316812,8939,
serial:COM8/motor_raw,1629790,1785394316814,8936,
serial:COM8/motor_raw,1629792,1785394316816,8935,
serial:COM8/motor_raw,1629794,1785394316818,8937,
serial:COM8/motor_raw,1629796,1785394316820,8936,
serial:COM8/motor_raw,1629798,1785394316822,8938,
serial:COM8/motor_raw,1629800,1785394316824,8937,
serial:COM8/motor_raw,1629802,1785394316826,8934,
serial:COM8/motor_raw,1629804,1785394316828,8935,
serial:COM8/motor_raw,1629806,1785394316830,8938,
serial:COM8/motor_raw,1629808,1785394316832,8935,
serial:COM8/motor_raw,1629810,1785394316834,8938,
serial:COM8/motor_raw,1629812,1785394316836,8936,
serial:COM8/motor_raw,1629814,1785394316838,8937,
serial:COM8/motor_raw,1629816,1785394316840,8938,
serial:COM8/motor_raw,1629818,1785394316842,8934,
serial:COM8/motor_raw,1629820,1785394316844,8937,
serial:COM8/motor_raw,1629822,1785394316846,8935,
serial:COM8/motor_raw,1629824,1785394316848,8938,
serial:COM8/motor_raw,1629826,1785394316850,8941,
serial:COM8/motor_raw,1629828,1785394316852,8937,
serial:COM8/motor_raw,1629830,1785394316854,8937,
serial:COM8/motor_raw,1629832,1785394316856,8936,
serial:COM8/motor_raw,1629834,1785394316858,8936,
serial:COM8/motor_raw,1629836,1785394316860,8937,
serial:COM8/motor_raw,1629838,1785394316862,8935,
serial:COM8/motor_raw,1629840,1785394316864,8939,
serial:COM8/motor_raw,1629842,1785394316866,8937,
serial:COM8/motor_raw,1629844,1785394316868,8935,
serial:COM8/motor_raw,1629846,1785394316870,8935,
serial:COM8/motor_raw,1629848,1785394316872,8936,
serial:COM8/motor_raw,1629850,1785394316874,8936,
serial:COM8/motor_raw,1629852,1785394316876,8937,
serial:COM8/motor_raw,1629854,1785394316878,8940,
serial:COM8/motor_raw,1629856,1785394316880,8936,
serial:COM8/motor_raw,1629858,1785394316882,8936,
serial:COM8/motor_raw,1629860,1785394316884,8936,
serial:COM8/motor_raw,1629862,1785394316886,8938,
serial:COM8/motor_raw,1629864,1785394316888,8938,
serial:COM8/motor_raw,1629866,1785394316890,8936,
serial:COM8/motor_raw,1629868,1785394316892,8936,
serial:COM8/motor_raw,1629870,1785394316894,8936,
serial:COM8/motor_raw,1629872,1785394316896,8937,
serial:COM8/motor_raw,1629874,1785394316898,8938,
serial:COM8/motor_raw,1629876,1785394316900,8938,
serial:COM8/motor_raw,1629878,1785394316902,8935,
serial:COM8/motor_raw,1629880,1785394316904,8937,
serial:COM8/motor_raw,1629882,1785394316906,8937,
serial:COM8/motor_raw,1629884,1785394316908,8937,
serial:COM8/motor_raw,1629886,1785394316910,8933,
serial:COM8/motor_raw,1629888,1785394316912,8935,
serial:COM8/motor_raw,1629890,1785394316914,8938,
serial:COM8/motor_raw,1629892,1785394316916,8939,
serial:COM8/motor_raw,1629894,1785394316918,8936,
serial:COM8/motor_raw,1629896,1785394316920,8937,
serial:COM8/motor_raw,1629898,1785394316922,8940,
serial:COM8/motor_raw,1629900,1785394316924,8938,
serial:COM8/motor_raw,1629902,1785394316926,8937,
serial:COM8/motor_raw,1629904,1785394316928,8936,
serial:COM8/motor_raw,1629906,1785394316930,8933,
serial:COM8/motor_raw,1629908,1785394316932,8937,
serial:COM8/motor_raw,1629910,1785394316934,8938,
serial:COM8/motor_raw,1629912,1785394316936,8937,
serial:COM8/motor_raw,1629914,1785394316938,8937,
serial:COM8/motor_raw,1629916,1785394316940,8938,
serial:COM8/motor_raw,1629918,1785394316942,8935,
serial:COM8/motor_raw,1629920,1785394316944,8939,
serial:COM8/motor_raw,1629922,1785394316946,8935,
serial:COM8/motor_raw,1629924,1785394316948,8938,
serial:COM8/motor_raw,1629926,1785394316950,8938,
serial:COM8/motor_raw,1629928,1785394316952,8939,
serial:COM8/motor_raw,1629930,1785394316954,8936,
serial:COM8/motor_raw,1629932,1785394316959,8937,
serial:COM8/motor_raw,1629934,1785394316959,8936,
serial:COM8/motor_raw,1629936,1785394316960,8938,
serial:COM8/motor_raw,1629938,1785394316962,8935,
serial:COM8/motor_raw,1629940,1785394316964,8938,
serial:COM8/motor_raw,1629942,1785394316966,8938,
serial:COM8/motor_raw,1629944,1785394316968,8939,
serial:COM8/motor_raw,1629946,1785394316970,8937,
serial:COM8/motor_raw,1629948,1785394316972,8939,
serial:COM8/motor_raw,1629950,1785394316974,8935,
serial:COM8/motor_raw,1629952,1785394316976,8935,
serial:COM8/motor_raw,1629954,1785394316978,8938,
serial:COM8/motor_raw,1629956,1785394316980,8939,
serial:COM8/motor_raw,1629958,1785394316982,8935,
serial:COM8/motor_raw,1629960,1785394316984,8938,
serial:COM8/motor_raw,1629962,1785394316986,8937,
serial:COM8/motor_raw,1629964,1785394316988,8937,
serial:COM8/motor_raw,1629966,1785394316990,8937,
serial:COM8/motor_raw,1629968,1785394316992,8941,
serial:COM8/motor_raw,1629970,1785394316994,8938,
serial:COM8/motor_raw,1629972,1785394316996,8937,
serial:COM8/motor_raw,1629974,1785394316998,8939,
serial:COM8/motor_raw,1629976,1785394317000,8936,
serial:COM8/motor_raw,1629978,1785394317002,8936,
serial:COM8/motor_raw,1629980,1785394317004,8939,
serial:COM8/motor_raw,1629982,1785394317006,8939,
serial:COM8/motor_raw,1629984,1785394317008,8938,
serial:COM8/motor_raw,1629986,1785394317010,8939,
serial:COM8/motor_raw,1629988,1785394317012,8940,
serial:COM8/motor_raw,1629990,1785394317014,8935,
serial:COM8/motor_raw,1629992,1785394317016,8937,
serial:COM8/motor_raw,1629994,1785394317018,8939,
serial:COM8/motor_raw,1629996,1785394317020,8939,
serial:COM8/motor_raw,1629998,1785394317022,8936,
serial:COM8/motor_raw,1630000,1785394317024,8937,
serial:COM8/motor_raw,1630002,1785394317026,8937,
serial:COM8/motor_raw,1630004,1785394317028,8939,
serial:COM8/motor_raw,1630006,1785394317030,8940,
serial:COM8/motor_raw,1630008,1785394317032,8936,
serial:COM8/motor_raw,1630010,1785394317034,8935,
serial:COM8/motor_raw,1630012,1785394317036,8938,
serial:COM8/motor_raw,1630014,1785394317038,8936,
serial:COM8/motor_raw,1630016,1785394317040,8939,
serial:COM8/motor_raw,1630018,1785394317042,8938,
serial:COM8/motor_raw,1630020,1785394317044,8938,
serial:COM8/motor_raw,1630022,1785394317046,8936,
serial:COM8/motor_raw,1630024,1785394317048,8936,
serial:COM8/motor_raw,1630026,1785394317050,8936,
serial:COM8/motor_raw,1630028,1785394317052,8938,
serial:COM8/motor_raw,1630030,1785394317054,8938,
serial:COM8/motor_raw,1630032,1785394317056,8933,
serial:COM8/motor_raw,1630034,1785394317058,8936,
serial:COM8/motor_raw,1630036,1785394317060,8936,
serial:COM8/motor_raw,1630038,1785394317062,8938,
serial:COM8/motor_raw,1630040,1785394317064,8936,
serial:COM8/motor_raw,1630042,1785394317066,8936,
serial:COM8/motor_raw,1630044,1785394317068,8938,
serial:COM8/motor_raw,1630046,1785394317070,8938,
serial:COM8/motor_raw,1630048,1785394317072,8937,
serial:COM8/motor_raw,1630050,1785394317074,8936,
serial:COM8/motor_raw,1630052,1785394317076,8935,
serial:COM8/motor_raw,1630054,1785394317078,8937,
serial:COM8/motor_raw,1630056,1785394317080,8938,
serial:COM8/motor_raw,1630058,1785394317082,8934,
serial:COM8/motor_raw,1630060,1785394317084,8939,
serial:COM8/motor_raw,1630062,1785394317086,8935,
serial:COM8/motor_raw,1630064,1785394317088,8936,
serial:COM8/motor_raw,1630066,1785394317090,8937,
serial:COM8/motor_raw,1630068,1785394317092,8938,
serial:COM8/motor_raw,1630070,1785394317094,8934,
serial:COM8/motor_raw,1630072,1785394317096,8936,
serial:COM8/motor_raw,1630074,1785394317098,8938,
serial:COM8/motor_raw,1630076,1785394317100,8936,
serial:COM8/motor_raw,1630078,1785394317102,8940,
serial:COM8/motor_raw,1630080,1785394317104,8939,
serial:COM8/motor_raw,1630082,1785394317106,8935,
serial:COM8/motor_raw,1630084,1785394317108,8939,
serial:COM8/motor_raw,1630086,1785394317110,8940,
serial:COM8/motor_raw,1630088,1785394317112,8938,
serial:COM8/motor_raw,1630090,1785394317114,8938,
serial:COM8/motor_raw,1630092,1785394317116,8937,
serial:COM8/motor_raw,1630094,1785394317118,8936,
serial:COM8/motor_raw,1630096,1785394317120,8937,
serial:COM8/motor_raw,1630098,1785394317122,8936,
serial:COM8/motor_raw,1630100,1785394317124,8938,
serial:COM8/motor_raw,1630102,1785394317126,8937,
serial:COM8/motor_raw,1630104,1785394317128,8936,
serial:COM8/motor_raw,1630106,1785394317130,8939,
serial:COM8/motor_raw,1630108,1785394317132,8937,
serial:COM8/motor_raw,1630110,1785394317134,8936,
serial:COM8/motor_raw,1630112,1785394317136,8938,
serial:COM8/motor_raw,1630114,1785394317138,8937,
serial:COM8/motor_raw,1630116,1785394317140,8937,
serial:COM8/motor_raw,1630118,1785394317142,8934,
serial:COM8/motor_raw,1630120,1785394317144,8936,
serial:COM8/motor_raw,1630122,1785394317146,8938,
serial:COM8/motor_raw,1630124,1785394317148,8939,
serial:COM8/motor_raw,1630126,1785394317150,8936,
serial:COM8/motor_raw,1630128,1785394317152,8934,
serial:COM8/motor_raw,1630130,1785394317154,8939,
serial:COM8/motor_raw,1630132,1785394317159,8937,
serial:COM8/motor_raw,1630134,1785394317159,8937,
serial:COM8/motor_raw,1630136,1785394317160,8938,
serial:COM8/motor_raw,1630138,1785394317162,8937,
serial:COM8/motor_raw,1630140,1785394317164,8936,
serial:COM8/motor_raw,1630142,1785394317166,8939,
serial:COM8/motor_raw,1630144,1785394317168,8936,
serial:COM8/motor_raw,1630146,1785394317170,8935,
serial:COM8/motor_raw,1630148,1785394317172,8937,
serial:COM8/motor_raw,1630150,1785394317174,8936,
serial:COM8/motor_raw,1630152,1785394317176,8938,
serial:COM8/motor_raw,1630154,1785394317178,8937,
serial:COM8/motor_raw,1630156,1785394317180,8937,
serial:COM8/motor_raw,1630158,1785394317182,8938,
serial:COM8/motor_raw,1630160,1785394317184,8938,
serial:COM8/motor_raw,1630162,1785394317186,8938,
serial:COM8/motor_raw,1630164,1785394317188,8937,
serial:COM8/motor_raw,1630166,1785394317190,8935,
serial:COM8/motor_raw,1630168,1785394317192,8937,
serial:COM8/motor_raw,1630170,1785394317194,8934,
serial:COM8/motor_raw,1630172,1785394317196,8937,
serial:COM8/motor_raw,1630174,1785394317198,8937,
serial:COM8/motor_raw,1630176,1785394317200,8939,
serial:COM8/motor_raw,1630178,1785394317202,8939,
serial:COM8/motor_raw,1630180,1785394317204,8939,
serial:COM8/motor_raw,1630182,1785394317206,8940,
serial:COM8/motor_raw,1630184,1785394317208,8937,
serial:COM8/motor_raw,1630186,1785394317210,8940,
serial:COM8/motor_raw,1630188,1785394317212,8936,
serial:COM8/motor_raw,1630190,1785394317214,8938,
serial:COM8/motor_raw,1630192,1785394317216,8936,
serial:COM8/motor_raw,1630194,1785394317218,8936,
serial:COM8/motor_raw,1630196,1785394317220,8938,
serial:COM8/motor_raw,1630198,1785394317222,8938,
serial:COM8/motor_raw,1630200,1785394317224,8938,
serial:COM8/motor_raw,1630202,1785394317226,8937,
serial:COM8/motor_raw,1630204,1785394317228,8937,
serial:COM8/motor_raw,1630206,1785394317230,8935,
serial:COM8/motor_raw,1630208,1785394317232,8938,
serial:COM8/motor_raw,1630210,1785394317234,8935,
serial:COM8/motor_raw,1630212,1785394317236,8936,
serial:COM8/motor_raw,1630214,1785394317238,8940,
serial:COM8/motor_raw,1630216,1785394317240,8935,
serial:COM8/motor_raw,1630218,1785394317242,8940,
serial:COM8/motor_raw,1630220,1785394317244,8934,
serial:COM8/motor_raw,1630222,1785394317246,8937,
serial:COM8/motor_raw,1630224,1785394317248,8935,
serial:COM8/motor_raw,1630226,1785394317250,8936,
serial:COM8/motor_raw,1630228,1785394317252,8938,
serial:COM8/motor_raw,1630230,1785394317254,8935,
serial:COM8/motor_raw,1630232,1785394317256,8937,
serial:COM8/motor_raw,1630234,1785394317258,8937,
serial:COM8/motor_raw,1630236,1785394317260,8937,
serial:COM8/motor_raw,1630238,1785394317262,8937,
serial:COM8/motor_raw,1630240,1785394317264,8938,
serial:COM8/motor_raw,1630242,1785394317266,8935,
serial:COM8/motor_raw,1630244,1785394317268,8939,
serial:COM8/motor_raw,1630246,1785394317270,8936,
serial:COM8/motor_raw,1630248,1785394317272,8936,
serial:COM8/motor_raw,1630250,1785394317274,8937,
serial:COM8/motor_raw,1630252,1785394317276,8937,
serial:COM8/motor_raw,1630254,1785394317278,8935,
serial:COM8/motor_raw,1630256,1785394317280,8936,
serial:COM8/motor_raw,1630258,1785394317282,8935,
serial:COM8/motor_raw,1630260,1785394317284,8937,
serial:COM8/motor_raw,1630262,1785394317286,8937,
serial:COM8/motor_raw,1630264,1785394317288,8937,
serial:COM8/motor_raw,1630266,1785394317290,8939,
serial:COM8/motor_raw,1630268,1785394317292,8940,
serial:COM8/motor_raw,1630270,1785394317294,8937,
serial:COM8/motor_raw,1630272,1785394317296,8937,
serial:COM8/motor_raw,1630274,1785394317298,8938,
serial:COM8/motor_raw,1630276,1785394317300,8936,
serial:COM8/motor_raw,1630278,1785394317302,8937,
serial:COM8/motor_raw,1630280,1785394317304,8936,
serial:COM8/motor_raw,1630282,1785394317306,8939,
serial:COM8/motor_raw,1630284,1785394317308,8938,
serial:COM8/motor_raw,1630286,1785394317310,8940,
serial:COM8/motor_raw,1630288,1785394317312,8937,
serial:COM8/motor_raw,1630290,1785394317314,8936,
serial:COM8/motor_raw,1630292,1785394317316,8939,
serial:COM8/motor_raw,1630294,1785394317318,8937,
serial:COM8/motor_raw,1630296,1785394317320,8938,
serial:COM8/motor_raw,1630298,1785394317322,8936,
serial:COM8/motor_raw,1630300,1785394317324,8938,
serial:COM8/motor_raw,1630302,1785394317326,8937,
serial:COM8/motor_raw,1630304,1785394317328,8936,
serial:COM8/motor_raw,1630306,1785394317330,8938,
serial:COM8/motor_raw,1630308,1785394317332,8937,
serial:COM8/motor_raw,1630310,1785394317334,8940,
serial:COM8/motor_raw,1630312,1785394317336,8938,
serial:COM8/motor_raw,1630314,1785394317338,8937,
serial:COM8/motor_raw,1630316,1785394317340,8937,
serial:COM8/motor_raw,1630318,1785394317342,8937,
serial:COM8/motor_raw,1630320,1785394317344,8937,
serial:COM8/motor_raw,1630322,1785394317346,8937,
serial:COM8/motor_raw,1630324,1785394317348,8935,
serial:COM8/motor_raw,1630326,1785394317350,8935,
serial:COM8/motor_raw,1630328,1785394317352,8937,
serial:COM8/motor_raw,1630330,1785394317354,8937,
serial:COM8/motor_raw,1630332,1785394317359,8935,
serial:COM8/motor_raw,1630334,1785394317359,8939,
serial:COM8/motor_raw,1630336,1785394317360,8938,
serial:COM8/motor_raw,1630338,1785394317362,8940,
serial:COM8/motor_raw,1630340,1785394317364,8942,
serial:COM8/motor_raw,1630342,1785394317366,8941,
serial:COM8/motor_raw,1630344,1785394317368,8938,
serial:COM8/motor_raw,1630346,1785394317370,8936,
serial:COM8/motor_raw,1630348,1785394317372,8937,
serial:COM8/motor_raw,1630350,1785394317374,8938,
serial:COM8/motor_raw,1630352,1785394317376,8938,
serial:COM8/motor_raw,1630354,1785394317378,8939,
serial:COM8/motor_raw,1630356,1785394317380,8938,
serial:COM8/motor_raw,1630358,1785394317382,8937,
serial:COM8/motor_raw,1630360,1785394317384,8939,
serial:COM8/motor_raw,1630362,1785394317386,8937,
serial:COM8/motor_raw,1630364,1785394317388,8937,
serial:COM8/motor_raw,1630366,1785394317390,8937,
serial:COM8/motor_raw,1630368,1785394317392,8938,
serial:COM8/motor_raw,1630370,1785394317394,8935,
serial:COM8/motor_raw,1630372,1785394317396,8939,
serial:COM8/motor_raw,1630374,1785394317398,8939,
serial:COM8/motor_raw,1630376,1785394317400,8937,
serial:COM8/motor_raw,1630378,1785394317402,8937,
serial:COM8/motor_raw,1630380,1785394317404,8938,
serial:COM8/motor_raw,1630382,1785394317406,8936,
serial:COM8/motor_raw,1630384,1785394317408,8937,
serial:COM8/motor_raw,1630386,1785394317410,8937,
serial:COM8/motor_raw,1630388,1785394317412,8935,
serial:COM8/motor_raw,1630390,1785394317414,8936,
serial:COM8/motor_raw,1630392,1785394317416,8937,
serial:COM8/motor_raw,1630394,1785394317418,8938,
serial:COM8/motor_raw,1630396,1785394317420,8936,
serial:COM8/motor_raw,1630398,1785394317422,8935,
serial:COM8/motor_raw,1630400,1785394317424,8937,
serial:COM8/motor_raw,1630402,1785394317426,8937,
serial:COM8/motor_raw,1630404,1785394317428,8937,
serial:COM8/motor_raw,1630406,1785394317430,8939,
serial:COM8/motor_raw,1630408,1785394317432,8939,
serial:COM8/motor_raw,1630410,1785394317434,8937,
serial:COM8/motor_raw,1630412,1785394317436,8936,
serial:COM8/motor_raw,1630414,1785394317438,8938,
serial:COM8/motor_raw,1630416,1785394317440,8939,
serial:COM8/motor_raw,1630418,1785394317442,8937,
serial:COM8/motor_raw,1630420,1785394317444,8936,
serial:COM8/motor_raw,1630422,1785394317446,8935,
serial:COM8/motor_raw,1630424,1785394317448,8938,
serial:COM8/motor_raw,1630426,1785394317450,8935,
serial:COM8/motor_raw,1630428,1785394317452,8936,
serial:COM8/motor_raw,1630430,1785394317454,8938,
serial:COM8/motor_raw,1630432,1785394317456,8937,
serial:COM8/motor_raw,1630434,1785394317458,8939,
serial:COM8/motor_raw,1630436,1785394317460,8937,
serial:COM8/motor_raw,1630438,1785394317462,8940,
serial:COM8/motor_raw,1630440,1785394317464,8938,
serial:COM8/motor_raw,1630442,1785394317466,8937,
serial:COM8/motor_raw,1630444,1785394317468,8939,
serial:COM8/motor_raw,1630446,1785394317470,8936,
serial:COM8/motor_raw,1630448,1785394317472,8939,
serial:COM8/motor_raw,1630450,1785394317474,8938,
serial:COM8/motor_raw,1630452,1785394317476,8936,
serial:COM8/motor_raw,1630454,1785394317478,8939,
serial:COM8/motor_raw,1630456,1785394317480,8937,
serial:COM8/motor_raw,1630458,1785394317482,8935,
serial:COM8/motor_raw,1630460,1785394317484,8936,
serial:COM8/motor_raw,1630462,1785394317486,8936,
serial:COM8/motor_raw,1630464,1785394317488,8937,
serial:COM8/motor_raw,1630466,1785394317490,8935,
serial:COM8/motor_raw,1630468,1785394317492,8936,
serial:COM8/motor_raw,1630470,1785394317494,8936,
serial:COM8/motor_raw,1630472,1785394317496,8937,
serial:COM8/motor_raw,1630474,1785394317498,8937,
serial:COM8/motor_raw,1630476,1785394317500,8935,
serial:COM8/motor_raw,1630478,1785394317502,8939,
serial:COM8/motor_raw,1630480,1785394317504,8936,
serial:COM8/motor_raw,1630482,1785394317506,8938,
serial:COM8/motor_raw,1630484,1785394317508,8938,
serial:COM8/motor_raw,1630486,1785394317510,8938,
serial:COM8/motor_raw,1630488,1785394317512,8936,
serial:COM8/motor_raw,1630490,1785394317514,8937,
serial:COM8/motor_raw,1630492,1785394317516,8936,
serial:COM8/motor_raw,1630494,1785394317518,8937,
serial:COM8/motor_raw,1630496,1785394317520,8936,
serial:COM8/motor_raw,1630498,1785394317522,8939,
serial:COM8/motor_raw,1630500,1785394317524,8936,
serial:COM8/motor_raw,1630502,1785394317526,8936,
serial:COM8/motor_raw,1630504,1785394317528,8940,
serial:COM8/motor_raw,1630506,1785394317530,8937,
serial:COM8/motor_raw,1630508,1785394317532,8937,
serial:COM8/motor_raw,1630510,1785394317534,8938,
serial:COM8/motor_raw,1630512,1785394317536,8936,
serial:COM8/motor_raw,1630514,1785394317538,8934,
serial:COM8/motor_raw,1630516,1785394317540,8936,
serial:COM8/motor_raw,1630518,1785394317542,8937,
serial:COM8/motor_raw,1630520,1785394317544,8937,
serial:COM8/motor_raw,1630522,1785394317546,8938,
serial:COM8/motor_raw,1630524,1785394317548,8938,
serial:COM8/motor_raw,1630526,1785394317550,8937,
serial:COM8/motor_raw,1630528,1785394317552,8936,
serial:COM8/motor_raw,1630530,1785394317554,8935,
serial:COM8/motor_raw,1630532,1785394317559,8935,
serial:COM8/motor_raw,1630534,1785394317559,8938,
serial:COM8/motor_raw,1630536,1785394317560,8938,
serial:COM8/motor_raw,1630538,1785394317562,8938,
serial:COM8/motor_raw,1630540,1785394317564,8940,
serial:COM8/motor_raw,1630542,1785394317566,8940,
serial:COM8/motor_raw,1630544,1785394317568,8937,
serial:COM8/motor_raw,1630546,1785394317570,8937,
serial:COM8/motor_raw,1630548,1785394317572,8938,
serial:COM8/motor_raw,1630550,1785394317574,8938,
serial:COM8/motor_raw,1630552,1785394317576,8938,
serial:COM8/motor_raw,1630554,1785394317578,8935,
serial:COM8/motor_raw,1630556,1785394317580,8936,
serial:COM8/motor_raw,1630558,1785394317582,8936,
serial:COM8/motor_raw,1630560,1785394317584,8937,
serial:COM8/motor_raw,1630562,1785394317586,8936,
serial:COM8/motor_raw,1630564,1785394317588,8936,
serial:COM8/motor_raw,1630566,1785394317590,8939,
serial:COM8/motor_raw,1630568,1785394317592,8938,
serial:COM8/motor_raw,1630570,1785394317594,8934,
serial:COM8/motor_raw,1630572,1785394317596,8937,
serial:COM8/motor_raw,1630574,1785394317598,8935,
serial:COM8/motor_raw,1630576,1785394317600,8938,
serial:COM8/motor_raw,1630578,1785394317602,8939,
serial:COM8/motor_raw,1630580,1785394317604,8939,
serial:COM8/motor_raw,1630582,1785394317606,8935,
serial:COM8/motor_raw,1630584,1785394317608,8935,
serial:COM8/motor_raw,1630586,1785394317610,8936,
serial:COM8/motor_raw,1630588,1785394317612,8937,
serial:COM8/motor_raw,1630590,1785394317614,8937,
serial:COM8/motor_raw,1630592,1785394317616,8938,
serial:COM8/motor_raw,1630594,1785394317618,8937,
serial:COM8/motor_raw,1630596,1785394317620,8936,
serial:COM8/motor_raw,1630598,1785394317622,8937,
serial:COM8/motor_raw,1630600,1785394317624,8937,
serial:COM8/motor_raw,1630602,1785394317626,8936,
serial:COM8/motor_raw,1630604,1785394317628,8935,
serial:COM8/motor_raw,1630606,1785394317630,8941,
serial:COM8/motor_raw,1630608,1785394317632,8937,
serial:COM8/motor_raw,1630610,1785394317634,8938,
serial:COM8/motor_raw,1630612,1785394317636,8936,
serial:COM8/motor_raw,1630614,1785394317638,8939,
serial:COM8/motor_raw,1630616,1785394317640,8934,
serial:COM8/motor_raw,1630618,1785394317642,8937,
serial:COM8/motor_raw,1630620,1785394317644,8936,
serial:COM8/motor_raw,1630622,1785394317646,8936,
serial:COM8/motor_raw,1630624,1785394317648,8939,
serial:COM8/motor_raw,1630626,1785394317650,8938,
serial:COM8/motor_raw,1630628,1785394317652,8937,
serial:COM8/motor_raw,1630630,1785394317654,8938,
serial:COM8/motor_raw,1630632,1785394317656,8937,
serial:COM8/motor_raw,1630634,1785394317658,8940,
serial:COM8/motor_raw,1630636,1785394317660,8937,
serial:COM8/motor_raw,1630638,1785394317662,8939,
serial:COM8/motor_raw,1630640,1785394317664,8935,
serial:COM8/motor_raw,1630642,1785394317666,8937,
serial:COM8/motor_raw,1630644,1785394317668,8936,
serial:COM8/motor_raw,1630646,1785394317670,8937,
serial:COM8/motor_raw,1630648,1785394317672,8937,
serial:COM8/motor_raw,1630650,1785394317674,8940,
serial:COM8/motor_raw,1630652,1785394317676,8939,
serial:COM8/motor_raw,1630654,1785394317678,8935,
serial:COM8/motor_raw,1630656,1785394317680,8936,
serial:COM8/motor_raw,1630658,1785394317682,8939,
serial:COM8/motor_raw,1630660,1785394317684,8934,
serial:COM8/motor_raw,1630662,1785394317686,8936,
serial:COM8/motor_raw,1630664,1785394317688,8935,
serial:COM8/motor_raw,1630666,1785394317690,8938,
serial:COM8/motor_raw,1630668,1785394317692,8939,
serial:COM8/motor_raw,1630670,1785394317694,8938,
serial:COM8/motor_raw,1630672,1785394317696,8937,
serial:COM8/motor_raw,1630674,1785394317698,8935,
serial:COM8/motor_raw,1630676,1785394317700,8938,
serial:COM8/motor_raw,1630678,1785394317702,8936,
serial:COM8/motor_raw,1630680,1785394317704,8936,
serial:COM8/motor_raw,1630682,1785394317706,8938,
serial:COM8/motor_raw,1630684,1785394317708,8935,
serial:COM8/motor_raw,1630686,1785394317710,8937,
serial:COM8/motor_raw,1630688,1785394317712,8937,
serial:COM8/motor_raw,1630690,1785394317714,8935,
serial:COM8/motor_raw,1630692,1785394317716,8940,
serial:COM8/motor_raw,1630694,1785394317718,8939,
serial:COM8/motor_raw,1630696,1785394317720,8938,
serial:COM8/motor_raw,1630698,1785394317722,8936,
serial:COM8/motor_raw,1630700,1785394317724,8939,
serial:COM8/motor_raw,1630702,1785394317726,8939,
serial:COM8/motor_raw,1630704,1785394317728,8935,
serial:COM8/motor_raw,1630706,1785394317730,8937,
serial:COM8/motor_raw,1630708,1785394317732,8940,
serial:COM8/motor_raw,1630710,1785394317734,8937,
serial:COM8/motor_raw,1630712,1785394317736,8938,
serial:COM8/motor_raw,1630714,1785394317738,8939,
serial:COM8/motor_raw,1630716,1785394317740,8941,
serial:COM8/motor_raw,1630718,1785394317742,8937,
serial:COM8/motor_raw,1630720,1785394317744,8934,
serial:COM8/motor_raw,1630722,1785394317746,8935,
serial:COM8/motor_raw,1630724,1785394317748,8937,
serial:COM8/motor_raw,1630726,1785394317750,8937,
serial:COM8/motor_raw,1630728,1785394317752,8935,
serial:COM8/motor_raw,1630730,1785394317754,8938,
serial:COM8/motor_raw,1630732,1785394317759,8940,
serial:COM8/motor_raw,1630734,1785394317759,8938,
serial:COM8/motor_raw,1630736,1785394317760,8935,
serial:COM8/motor_raw,1630738,1785394317762,8936,
serial:COM8/motor_raw,1630740,1785394317764,8937,
serial:COM8/motor_raw,1630742,1785394317766,8937,
serial:COM8/motor_raw,1630744,1785394317768,8937,
serial:COM8/motor_raw,1630746,1785394317770,8937,
serial:COM8/motor_raw,1630748,1785394317772,8938,
serial:COM8/motor_raw,1630750,1785394317774,8938,
serial:COM8/motor_raw,1630752,1785394317776,8936,
serial:COM8/motor_raw,1630754,1785394317778,8936,
serial:COM8/motor_raw,1630756,1785394317780,8936,
serial:COM8/motor_raw,1630758,1785394317782,8938,
serial:COM8/motor_raw,1630760,1785394317784,8937,
serial:COM8/motor_raw,1630762,1785394317786,8937,
serial:COM8/motor_raw,1630764,1785394317788,8937,
serial:COM8/motor_raw,1630766,1785394317790,8941,
serial:COM8/motor_raw,1630768,1785394317792,8939,
serial:COM8/motor_raw,1630770,1785394317794,8934,
serial:COM8/motor_raw,1630772,1785394317796,8938,
serial:COM8/motor_raw,1630774,1785394317798,8936,
serial:COM8/motor_raw,1630776,1785394317800,8935,
serial:COM8/motor_raw,1630778,1785394317802,8938,
serial:COM8/motor_raw,1630780,1785394317804,8936,
serial:COM8/motor_raw,1630782,1785394317806,8936,
serial:COM8/motor_raw,1630784,1785394317808,8938,
serial:COM8/motor_raw,1630786,1785394317810,8939,
serial:COM8/motor_raw,1630788,1785394317812,8938,
serial:COM8/motor_raw,1630790,1785394317814,8936,
serial:COM8/motor_raw,1630792,1785394317816,8939,
serial:COM8/motor_raw,1630794,1785394317818,8935,
serial:COM8/motor_raw,1630796,1785394317820,8939,
serial:COM8/motor_raw,1630798,1785394317822,8939,
serial:COM8/motor_raw,1630800,1785394317824,8937,
serial:COM8/motor_raw,1630802,1785394317826,8935,
serial:COM8/motor_raw,1630804,1785394317828,8939,
serial:COM8/motor_raw,1630806,1785394317830,8936,
serial:COM8/motor_raw,1630808,1785394317832,8935,
serial:COM8/motor_raw,1630810,1785394317834,8937,
serial:COM8/motor_raw,1630812,1785394317836,8937,
serial:COM8/motor_raw,1630814,1785394317838,8938,
serial:COM8/motor_raw,1630816,1785394317840,8937,
serial:COM8/motor_raw,1630818,1785394317842,8937,
serial:COM8/motor_raw,1630820,1785394317844,8937,
serial:COM8/motor_raw,1630822,1785394317846,8936,
serial:COM8/motor_raw,1630824,1785394317848,8936,
serial:COM8/motor_raw,1630826,1785394317850,8940,
serial:COM8/motor_raw,1630828,1785394317852,8937,
serial:COM8/motor_raw,1630830,1785394317854,8939,
serial:COM8/motor_raw,1630832,1785394317856,8935,
serial:COM8/motor_raw,1630834,1785394317858,8936,
serial:COM8/motor_raw,1630836,1785394317860,8937,
serial:COM8/motor_raw,1630838,1785394317862,8937,
serial:COM8/motor_raw,1630840,1785394317864,8937,
serial:COM8/motor_raw,1630842,1785394317866,8936,
serial:COM8/motor_raw,1630844,1785394317868,8938,
serial:COM8/motor_raw,1630846,1785394317870,8937,
serial:COM8/motor_raw,1630848,1785394317872,8936,
serial:COM8/motor_raw,1630850,1785394317874,8935,
serial:COM8/motor_raw,1630852,1785394317876,8941,
serial:COM8/motor_raw,1630854,1785394317878,8939,
serial:COM8/motor_raw,1630856,1785394317880,8934,
serial:COM8/motor_raw,1630858,1785394317882,8938,
serial:COM8/motor_raw,1630860,1785394317884,8938,
serial:COM8/motor_raw,1630862,1785394317886,8938,
serial:COM8/motor_raw,1630864,1785394317888,8936,
serial:COM8/motor_raw,1630866,1785394317890,8936,
serial:COM8/motor_raw,1630868,1785394317892,8938,
serial:COM8/motor_raw,1630870,1785394317894,8937,
serial:COM8/motor_raw,1630872,1785394317896,8936,
serial:COM8/motor_raw,1630874,1785394317898,8936,
serial:COM8/motor_raw,1630876,1785394317900,8936,
serial:COM8/motor_raw,1630878,1785394317902,8938,
serial:COM8/motor_raw,1630880,1785394317904,8939,
serial:COM8/motor_raw,1630882,1785394317906,8937,
serial:COM8/motor_raw,1630884,1785394317908,8937,
serial:COM8/motor_raw,1630886,1785394317910,8940,
serial:COM8/motor_raw,1630888,1785394317912,8938,
serial:COM8/motor_raw,1630890,1785394317914,8936,
serial:COM8/motor_raw,1630892,1785394317916,8937,
serial:COM8/motor_raw,1630894,1785394317918,8937,
serial:COM8/motor_raw,1630896,1785394317920,8937,
serial:COM8/motor_raw,1630898,1785394317922,8936,
serial:COM8/motor_raw,1630900,1785394317924,8935,
serial:COM8/motor_raw,1630902,1785394317926,8937,
serial:COM8/motor_raw,1630904,1785394317928,8941,
serial:COM8/motor_raw,1630906,1785394317930,8940,
serial:COM8/motor_raw,1630908,1785394317932,8940,
serial:COM8/motor_raw,1630910,1785394317934,8935,
serial:COM8/motor_raw,1630912,1785394317936,8935,
serial:COM8/motor_raw,1630914,1785394317938,8934,
serial:COM8/motor_raw,1630916,1785394317940,8936,
serial:COM8/motor_raw,1630918,1785394317942,8937,
serial:COM8/motor_raw,1630920,1785394317944,8937,
serial:COM8/motor_raw,1630922,1785394317946,8940,
serial:COM8/motor_raw,1630924,1785394317948,8939,
serial:COM8/motor_raw,1630926,1785394317950,8937,
serial:COM8/motor_raw,1630928,1785394317952,8934,
serial:COM8/motor_raw,1630930,1785394317954,8935,
serial:COM8/motor_raw,1630932,1785394317959,8937,
serial:COM8/motor_raw,1630934,1785394317959,8938,
serial:COM8/motor_raw,1630936,1785394317960,8938,
serial:COM8/motor_raw,1630938,1785394317962,8936,
serial:COM8/motor_raw,1630940,1785394317964,8937,
serial:COM8/motor_raw,1630942,1785394317966,8937,
serial:COM8/motor_raw,1630944,1785394317968,8935,
serial:COM8/motor_raw,1630946,1785394317970,8939,
serial:COM8/motor_raw,1630948,1785394317972,8935,
serial:COM8/motor_raw,1630950,1785394317974,8938,
serial:COM8/motor_raw,1630952,1785394317976,8935,
serial:COM8/motor_raw,1630954,1785394317978,8939,
serial:COM8/motor_raw,1630956,1785394317980,8940,
serial:COM8/motor_raw,1630958,1785394317982,8938,
serial:COM8/motor_raw,1630960,1785394317984,8939,
serial:COM8/motor_raw,1630962,1785394317986,8935,
serial:COM8/motor_raw,1630964,1785394317988,8938,
serial:COM8/motor_raw,1630966,1785394317990,8939,
serial:COM8/motor_raw,1630968,1785394317992,8938,
serial:COM8/motor_raw,1630970,1785394317994,8938,
serial:COM8/motor_raw,1630972,1785394317996,8939,
serial:COM8/motor_raw,1630974,1785394317998,8937,
serial:COM8/motor_raw,1630976,1785394318000,8936,
serial:COM8/motor_raw,1630978,1785394318002,8935,
serial:COM8/motor_raw,1630980,1785394318004,8940,
serial:COM8/motor_raw,1630982,1785394318006,8938,
serial:COM8/motor_raw,1630984,1785394318008,8937,
serial:COM8/motor_raw,1630986,1785394318010,8936,
serial:COM8/motor_raw,1630988,1785394318012,8934,
serial:COM8/motor_raw,1630990,1785394318014,8939,
serial:COM8/motor_raw,1630992,1785394318016,8939,
serial:COM8/motor_raw,1630994,1785394318018,8936,
serial:COM8/motor_raw,1630996,1785394318020,8939,
serial:COM8/motor_raw,1630998,1785394318022,8938,
serial:COM8/motor_raw,1631000,1785394318024,8937,
serial:COM8/motor_raw,1631002,1785394318026,8942,
serial:COM8/motor_raw,1631004,1785394318028,8938,
serial:COM8/motor_raw,1631006,1785394318030,8936,
serial:COM8/motor_raw,1631008,1785394318032,8939,
serial:COM8/motor_raw,1631010,1785394318034,8939,
serial:COM8/motor_raw,1631012,1785394318036,8936,
serial:COM8/motor_raw,1631014,1785394318038,8937,
serial:COM8/motor_raw,1631016,1785394318040,8936,
serial:COM8/motor_raw,1631018,1785394318042,8939,
serial:COM8/motor_raw,1631020,1785394318044,8937,
serial:COM8/motor_raw,1631022,1785394318046,8939,
serial:COM8/motor_raw,1631024,1785394318048,8936,
serial:COM8/motor_raw,1631026,1785394318050,8936,
serial:COM8/motor_raw,1631028,1785394318052,8936,
serial:COM8/motor_raw,1631030,1785394318054,8937,
serial:COM8/motor_raw,1631032,1785394318056,8936,
serial:COM8/motor_raw,1631034,1785394318058,8938,
serial:COM8/motor_raw,1631036,1785394318060,8938,
serial:COM8/motor_raw,1631038,1785394318062,8935,
serial:COM8/motor_raw,1631040,1785394318064,8937,
serial:COM8/motor_raw,1631042,1785394318066,8935,
serial:COM8/motor_raw,1631044,1785394318068,8939,
serial:COM8/motor_raw,1631046,1785394318070,8937,
serial:COM8/motor_raw,1631048,1785394318072,8935,
serial:COM8/motor_raw,1631050,1785394318074,8937,
serial:COM8/motor_raw,1631052,1785394318076,8936,
serial:COM8/motor_raw,1631054,1785394318078,8935,
serial:COM8/motor_raw,1631056,1785394318080,8939,
serial:COM8/motor_raw,1631058,1785394318082,8938,
serial:COM8/motor_raw,1631060,1785394318084,8936,
serial:COM8/motor_raw,1631062,1785394318086,8936,
serial:COM8/motor_raw,1631064,1785394318088,8937,
serial:COM8/motor_raw,1631066,1785394318090,8937,
serial:COM8/motor_raw,1631068,1785394318092,8936,
serial:COM8/motor_raw,1631070,1785394318094,8936,
serial:COM8/motor_raw,1631072,1785394318096,8940,
serial:COM8/motor_raw,1631074,1785394318098,8935,
serial:COM8/motor_raw,1631076,1785394318100,8938,
serial:COM8/motor_raw,1631078,1785394318102,8939,
serial:COM8/motor_raw,1631080,1785394318104,8939,
serial:COM8/motor_raw,1631082,1785394318106,8935,
serial:COM8/motor_raw,1631084,1785394318108,8938,
serial:COM8/motor_raw,1631086,1785394318110,8935,
serial:COM8/motor_raw,1631088,1785394318112,8937,
serial:COM8/motor_raw,1631090,1785394318114,8938,
serial:COM8/motor_raw,1631092,1785394318116,8937,
serial:COM8/motor_raw,1631094,1785394318118,8936,
serial:COM8/motor_raw,1631096,1785394318120,8936,
serial:COM8/motor_raw,1631098,1785394318122,8938,
serial:COM8/motor_raw,1631100,1785394318124,8935,
serial:COM8/motor_raw,1631102,1785394318126,8940,
serial:COM8/motor_raw,1631104,1785394318128,8939,
serial:COM8/motor_raw,1631106,1785394318130,8941,
serial:COM8/motor_raw,1631108,1785394318132,8938,
serial:COM8/motor_raw,1631110,1785394318134,8937,
serial:COM8/motor_raw,1631112,1785394318136,8938,
serial:COM8/motor_raw,1631114,1785394318138,8939,
serial:COM8/motor_raw,1631116,1785394318140,8938,
serial:COM8/motor_raw,1631118,1785394318142,8939,
serial:COM8/motor_raw,1631120,1785394318144,8940,
serial:COM8/motor_raw,1631122,1785394318146,8936,
serial:COM8/motor_raw,1631124,1785394318148,8937,
serial:COM8/motor_raw,1631126,1785394318150,8938,
serial:COM8/motor_raw,1631128,1785394318152,8936,
serial:COM8/motor_raw,1631130,1785394318154,8936,
serial:COM8/motor_raw,1631132,1785394318159,8937,
serial:COM8/motor_raw,1631134,1785394318159,8937,
serial:COM8/motor_raw,1631136,1785394318160,8938,
serial:COM8/motor_raw,1631138,1785394318162,8939,
serial:COM8/motor_raw,1631140,1785394318164,8938,
serial:COM8/motor_raw,1631142,1785394318166,8938,
serial:COM8/motor_raw,1631144,1785394318168,8936,
serial:COM8/motor_raw,1631146,1785394318170,8937,
serial:COM8/motor_raw,1631148,1785394318172,8938,
serial:COM8/motor_raw,1631150,1785394318174,8940,
serial:COM8/motor_raw,1631152,1785394318176,8936,
serial:COM8/motor_raw,1631154,1785394318178,8937,
serial:COM8/motor_raw,1631156,1785394318180,8940,
serial:COM8/motor_raw,1631158,1785394318182,8939,
serial:COM8/motor_raw,1631160,1785394318184,8936,
serial:COM8/motor_raw,1631162,1785394318186,8935,
serial:COM8/motor_raw,1631164,1785394318188,8937,
serial:COM8/motor_raw,1631166,1785394318190,8937,
serial:COM8/motor_raw,1631168,1785394318192,8938,
serial:COM8/motor_raw,1631170,1785394318194,8938,
serial:COM8/motor_raw,1631172,1785394318196,8935,
serial:COM8/motor_raw,1631174,1785394318198,8938,
serial:COM8/motor_raw,1631176,1785394318200,8938,
serial:COM8/motor_raw,1631178,1785394318202,8937,
serial:COM8/motor_raw,1631180,1785394318204,8939,
serial:COM8/motor_raw,1631182,1785394318206,8937,
serial:COM8/motor_raw,1631184,1785394318208,8939,
serial:COM8/motor_raw,1631186,1785394318210,8936,
serial:COM8/motor_raw,1631188,1785394318212,8938,
serial:COM8/motor_raw,1631190,1785394318214,8937,
serial:COM8/motor_raw,1631192,1785394318216,8940,
serial:COM8/motor_raw,1631194,1785394318218,8937,
serial:COM8/motor_raw,1631196,1785394318220,8934,
serial:COM8/motor_raw,1631198,1785394318222,8937,
serial:COM8/motor_raw,1631200,1785394318224,8936,
serial:COM8/motor_raw,1631202,1785394318226,8937,
serial:COM8/motor_raw,1631204,1785394318228,8938,
serial:COM8/motor_raw,1631206,1785394318230,8938,
serial:COM8/motor_raw,1631208,1785394318232,8938,
serial:COM8/motor_raw,1631210,1785394318234,8935,
serial:COM8/motor_raw,1631212,1785394318236,8938,
serial:COM8/motor_raw,1631214,1785394318238,8937,
serial:COM8/motor_raw,1631216,1785394318240,8940,
serial:COM8/motor_raw,1631218,1785394318242,8938,
serial:COM8/motor_raw,1631220,1785394318244,8938,
serial:COM8/motor_raw,1631222,1785394318246,8938,
serial:COM8/motor_raw,1631224,1785394318248,8940,
serial:COM8/motor_raw,1631226,1785394318250,8936,
serial:COM8/motor_raw,1631228,1785394318252,8938,
serial:COM8/motor_raw,1631230,1785394318254,8938,
serial:COM8/motor_raw,1631232,1785394318256,8939,
serial:COM8/motor_raw,1631234,1785394318258,8938,
serial:COM8/motor_raw,1631236,1785394318260,8935,
serial:COM8/motor_raw,1631238,1785394318262,8935,
serial:COM8/motor_raw,1631240,1785394318264,8939,
serial:COM8/motor_raw,1631242,1785394318266,8937,
serial:COM8/motor_raw,1631244,1785394318268,8938,
serial:COM8/motor_raw,1631246,1785394318270,8940,
serial:COM8/motor_raw,1631248,1785394318272,8940,
serial:COM8/motor_raw,1631250,1785394318274,8936,
serial:COM8/motor_raw,1631252,1785394318276,8937,
serial:COM8/motor_raw,1631254,1785394318278,8938,
serial:COM8/motor_raw,1631256,1785394318280,8937,
serial:COM8/motor_raw,1631258,1785394318282,8938,
serial:COM8/motor_raw,1631260,1785394318284,8939,
serial:COM8/motor_raw,1631262,1785394318286,8938,
serial:COM8/motor_raw,1631264,1785394318288,8936,
serial:COM8/motor_raw,1631266,1785394318290,8937,
serial:COM8/motor_raw,1631268,1785394318292,8938,
serial:COM8/motor_raw,1631270,1785394318294,8936,
serial:COM8/motor_raw,1631272,1785394318296,8938,
serial:COM8/motor_raw,1631274,1785394318298,8936,
serial:COM8/motor_raw,1631276,1785394318300,8936,
serial:COM8/motor_raw,1631278,1785394318302,8938,
serial:COM8/motor_raw,1631280,1785394318304,8938,
serial:COM8/motor_raw,1631282,1785394318306,8937,
serial:COM8/motor_raw,1631284,1785394318308,8937,
serial:COM8/motor_raw,1631286,1785394318310,8939,
serial:COM8/motor_raw,1631288,1785394318312,8939,
serial:COM8/motor_raw,1631290,1785394318314,8937,
serial:COM8/motor_raw,1631292,1785394318316,8937,
serial:COM8/motor_raw,1631294,1785394318318,8937,
serial:COM8/motor_raw,1631296,1785394318320,8935,
serial:COM8/motor_raw,1631298,1785394318322,8937,
serial:COM8/motor_raw,1631300,1785394318324,8938,
serial:COM8/motor_raw,1631302,1785394318326,8937,
serial:COM8/motor_raw,1631304,1785394318328,8937,
serial:COM8/motor_raw,1631306,1785394318330,8938,
serial:COM8/motor_raw,1631308,1785394318332,8935,
serial:COM8/motor_raw,1631310,1785394318334,8937,
serial:COM8/motor_raw,1631312,1785394318336,8938,
serial:COM8/motor_raw,1631314,1785394318338,8938,
serial:COM8/motor_raw,1631316,1785394318340,8939,
serial:COM8/motor_raw,1631318,1785394318342,8937,
serial:COM8/motor_raw,1631320,1785394318344,8936,
serial:COM8/motor_raw,1631322,1785394318346,8938,
serial:COM8/motor_raw,1631324,1785394318348,8936,
serial:COM8/motor_raw,1631326,1785394318350,8935,
serial:COM8/motor_raw,1631328,1785394318352,8936,
serial:COM8/motor_raw,1631330,1785394318354,8937,
serial:COM8/motor_raw,1631332,1785394318359,8941,
serial:COM8/motor_raw,1631334,1785394318359,8934,
serial:COM8/motor_raw,1631336,1785394318360,8938,
serial:COM8/motor_raw,1631338,1785394318362,8936,
serial:COM8/motor_raw,1631340,1785394318364,8937,
serial:COM8/motor_raw,1631342,1785394318366,8936,
serial:COM8/motor_raw,1631344,1785394318368,8938,
serial:COM8/motor_raw,1631346,1785394318370,8939,
serial:COM8/motor_raw,1631348,1785394318372,8937,
serial:COM8/motor_raw,1631350,1785394318374,8939,
serial:COM8/motor_raw,1631352,1785394318376,8935,
serial:COM8/motor_raw,1631354,1785394318378,8936,
serial:COM8/motor_raw,1631356,1785394318380,8937,
serial:COM8/motor_raw,1631358,1785394318382,8935,
serial:COM8/motor_raw,1631360,1785394318384,8935,
serial:COM8/motor_raw,1631362,1785394318386,8935,
serial:COM8/motor_raw,1631364,1785394318388,8936,
serial:COM8/motor_raw,1631366,1785394318390,8938,
serial:COM8/motor_raw,1631368,1785394318392,8943,
serial:COM8/motor_raw,1631370,1785394318394,8936,
serial:COM8/motor_raw,1631372,1785394318396,8937,
serial:COM8/motor_raw,1631374,1785394318398,8935,
serial:COM8/motor_raw,1631376,1785394318400,8938,
serial:COM8/motor_raw,1631378,1785394318402,8938,
serial:COM8/motor_raw,1631380,1785394318404,8939,
serial:COM8/motor_raw,1631382,1785394318406,8935,
serial:COM8/motor_raw,1631384,1785394318408,8936,
serial:COM8/motor_raw,1631386,1785394318410,8936,
serial:COM8/motor_raw,1631388,1785394318413,8936,
serial:COM8/motor_raw,1631390,1785394318414,8933,
serial:COM8/motor_raw,1631392,1785394318416,8937,
serial:COM8/motor_raw,1631394,1785394318418,8937,
serial:COM8/motor_raw,1631396,1785394318420,8938,
serial:COM8/motor_raw,1631398,1785394318422,8938,
serial:COM8/motor_raw,1631400,1785394318424,8938,
serial:COM8/motor_raw,1631402,1785394318426,8937,
serial:COM8/motor_raw,1631404,1785394318428,8937,
serial:COM8/motor_raw,1631406,1785394318430,8939,
serial:COM8/motor_raw,1631408,1785394318432,8935,
serial:COM8/motor_raw,1631410,1785394318434,8936,
serial:COM8/motor_raw,1631412,1785394318436,8936,
serial:COM8/motor_raw,1631414,1785394318438,8938,
serial:COM8/motor_raw,1631416,1785394318440,8939,
serial:COM8/motor_raw,1631418,1785394318442,8938,
serial:COM8/motor_raw,1631420,1785394318444,8936,
serial:COM8/motor_raw,1631422,1785394318446,8939,
serial:COM8/motor_raw,1631424,1785394318448,8936,
serial:COM8/motor_raw,1631426,1785394318450,8936,
serial:COM8/motor_raw,1631428,1785394318452,8935,
serial:COM8/motor_raw,1631430,1785394318454,8938,
serial:COM8/motor_raw,1631432,1785394318456,8938,
serial:COM8/motor_raw,1631434,1785394318458,8936,
serial:COM8/motor_raw,1631436,1785394318460,8938,
serial:COM8/motor_raw,1631438,1785394318462,8934,
serial:COM8/motor_raw,1631440,1785394318464,8937,
serial:COM8/motor_raw,1631442,1785394318466,8937,
serial:COM8/motor_raw,1631444,1785394318468,8939,
serial:COM8/motor_raw,1631446,1785394318470,8937,
serial:COM8/motor_raw,1631448,1785394318472,8938,
serial:COM8/motor_raw,1631450,1785394318474,8936,
serial:COM8/motor_raw,1631452,1785394318476,8939,
serial:COM8/motor_raw,1631454,1785394318478,8939,
serial:COM8/motor_raw,1631456,1785394318480,8934,
serial:COM8/motor_raw,1631458,1785394318482,8938,
serial:COM8/motor_raw,1631460,1785394318484,8939,
serial:COM8/motor_raw,1631462,1785394318486,8936,
serial:COM8/motor_raw,1631464,1785394318488,8939,
serial:COM8/motor_raw,1631466,1785394318490,8938,
serial:COM8/motor_raw,1631468,1785394318492,8938,
serial:COM8/motor_raw,1631470,1785394318494,8936,
serial:COM8/motor_raw,1631472,1785394318496,8938,
serial:COM8/motor_raw,1631474,1785394318498,8937,
serial:COM8/motor_raw,1631476,1785394318500,8939,
serial:COM8/motor_raw,1631478,1785394318502,8937,
serial:COM8/motor_raw,1631480,1785394318504,8936,
serial:COM8/motor_raw,1631482,1785394318506,8936,
serial:COM8/motor_raw,1631484,1785394318508,8935,
serial:COM8/motor_raw,1631486,1785394318510,8935,
serial:COM8/motor_raw,1631488,1785394318512,8937,
serial:COM8/motor_raw,1631490,1785394318514,8939,
serial:COM8/motor_raw,1631492,1785394318516,8936,
serial:COM8/motor_raw,1631494,1785394318518,8936,
serial:COM8/motor_raw,1631496,1785394318520,8937,
serial:COM8/motor_raw,1631498,1785394318522,8939,
serial:COM8/motor_raw,1631500,1785394318524,8937,
serial:COM8/motor_raw,1631502,1785394318526,8938,
serial:COM8/motor_raw,1631504,1785394318528,8938,
serial:COM8/motor_raw,1631506,1785394318530,8937,
serial:COM8/motor_raw,1631508,1785394318532,8937,
serial:COM8/motor_raw,1631510,1785394318534,8935,
serial:COM8/motor_raw,1631512,1785394318536,8940,
serial:COM8/motor_raw,1631514,1785394318538,8938,
serial:COM8/motor_raw,1631516,1785394318540,8937,
serial:COM8/motor_raw,1631518,1785394318542,8938,
serial:COM8/motor_raw,1631520,1785394318544,8939,
serial:COM8/motor_raw,1631522,1785394318546,8936,
serial:COM8/motor_raw,1631524,1785394318548,8938,
serial:COM8/motor_raw,1631526,1785394318550,8936,
serial:COM8/motor_raw,1631528,1785394318552,8937,
serial:COM8/motor_raw,1631530,1785394318554,8935,
serial:COM8/motor_raw,1631532,1785394318559,8938,
serial:COM8/motor_raw,1631534,1785394318559,8934,
serial:COM8/motor_raw,1631536,1785394318560,8938,
serial:COM8/motor_raw,1631538,1785394318562,8938,
serial:COM8/motor_raw,1631540,1785394318564,8937,
serial:COM8/motor_raw,1631542,1785394318566,8938,
serial:COM8/motor_raw,1631544,1785394318568,8938,
serial:COM8/motor_raw,1631546,1785394318570,8938,
serial:COM8/motor_raw,1631548,1785394318572,8938,
serial:COM8/motor_raw,1631550,1785394318574,8938,
serial:COM8/motor_raw,1631552,1785394318576,8936,
serial:COM8/motor_raw,1631554,1785394318578,8939,
serial:COM8/motor_raw,1631556,1785394318580,8938,
serial:COM8/motor_raw,1631558,1785394318582,8937,
serial:COM8/motor_raw,1631560,1785394318584,8940,
serial:COM8/motor_raw,1631562,1785394318586,8937,
serial:COM8/motor_raw,1631564,1785394318588,8936,
serial:COM8/motor_raw,1631566,1785394318590,8935,
serial:COM8/motor_raw,1631568,1785394318592,8936,
serial:COM8/motor_raw,1631570,1785394318594,8939,
serial:COM8/motor_raw,1631572,1785394318596,8939,
serial:COM8/motor_raw,1631574,1785394318598,8936,
serial:COM8/motor_raw,1631576,1785394318600,8937,
serial:COM8/motor_raw,1631578,1785394318602,8936,
serial:COM8/motor_raw,1631580,1785394318604,8936,
serial:COM8/motor_raw,1631582,1785394318606,8936,
serial:COM8/motor_raw,1631584,1785394318608,8933,
serial:COM8/motor_raw,1631586,1785394318610,8935,
serial:COM8/motor_raw,1631588,1785394318612,8937,
serial:COM8/motor_raw,1631590,1785394318614,8935,
serial:COM8/motor_raw,1631592,1785394318616,8938,
serial:COM8/motor_raw,1631594,1785394318618,8936,
serial:COM8/motor_raw,1631596,1785394318620,8936,
serial:COM8/motor_raw,1631598,1785394318622,8936,
serial:COM8/motor_raw,1631600,1785394318624,8939,
serial:COM8/motor_raw,1631602,1785394318626,8937,
serial:COM8/motor_raw,1631604,1785394318628,8936,
serial:COM8/motor_raw,1631606,1785394318630,8936,
serial:COM8/motor_raw,1631608,1785394318632,8936,
serial:COM8/motor_raw,1631610,1785394318634,8941,
serial:COM8/motor_raw,1631612,1785394318636,8943,
serial:COM8/motor_raw,1631614,1785394318638,8939,
serial:COM8/motor_raw,1631616,1785394318640,8935,
serial:COM8/motor_raw,1631618,1785394318642,8935,
serial:COM8/motor_raw,1631620,1785394318644,8938,
serial:COM8/motor_raw,1631622,1785394318646,8938,
serial:COM8/motor_raw,1631624,1785394318648,8938,
serial:COM8/motor_raw,1631626,1785394318650,8941,
serial:COM8/motor_raw,1631628,1785394318652,8936,
serial:COM8/motor_raw,1631630,1785394318654,8940,
serial:COM8/motor_raw,1631632,1785394318656,8937,
serial:COM8/motor_raw,1631634,1785394318658,8938,
serial:COM8/motor_raw,1631636,1785394318660,8938,
serial:COM8/motor_raw,1631638,1785394318662,8936,
serial:COM8/motor_raw,1631640,1785394318664,8939,
serial:COM8/motor_raw,1631642,1785394318666,8937,
serial:COM8/motor_raw,1631644,1785394318668,8941,
serial:COM8/motor_raw,1631646,1785394318670,8934,
serial:COM8/motor_raw,1631648,1785394318672,8938,
serial:COM8/motor_raw,1631650,1785394318674,8937,
serial:COM8/motor_raw,1631652,1785394318676,8937,
serial:COM8/motor_raw,1631654,1785394318678,8939,
serial:COM8/motor_raw,1631656,1785394318680,8936,
serial:COM8/motor_raw,1631658,1785394318682,8938,
serial:COM8/motor_raw,1631660,1785394318684,8939,
serial:COM8/motor_raw,1631662,1785394318686,8936,
serial:COM8/motor_raw,1631664,1785394318688,8937,
serial:COM8/motor_raw,1631666,1785394318690,8937,
serial:COM8/motor_raw,1631668,1785394318692,8937,
serial:COM8/motor_raw,1631670,1785394318694,8936,
serial:COM8/motor_raw,1631672,1785394318696,8937,
serial:COM8/motor_raw,1631674,1785394318698,8939,
serial:COM8/motor_raw,1631676,1785394318700,8939,
serial:COM8/motor_raw,1631678,1785394318702,8938,
serial:COM8/motor_raw,1631680,1785394318704,8938,
serial:COM8/motor_raw,1631682,1785394318706,8938,
serial:COM8/motor_raw,1631684,1785394318708,8934,
serial:COM8/motor_raw,1631686,1785394318710,8936,
serial:COM8/motor_raw,1631688,1785394318712,8935,
serial:COM8/motor_raw,1631690,1785394318714,8940,
serial:COM8/motor_raw,1631692,1785394318716,8939,
serial:COM8/motor_raw,1631694,1785394318718,8939,
serial:COM8/motor_raw,1631696,1785394318720,8937,
serial:COM8/motor_raw,1631698,1785394318722,8939,
serial:COM8/motor_raw,1631700,1785394318724,8938,
serial:COM8/motor_raw,1631702,1785394318726,8937,
serial:COM8/motor_raw,1631704,1785394318728,8936,
serial:COM8/motor_raw,1631706,1785394318730,8938,
serial:COM8/motor_raw,1631708,1785394318732,8937,
serial:COM8/motor_raw,1631710,1785394318734,8937,
serial:COM8/motor_raw,1631712,1785394318736,8939,
serial:COM8/motor_raw,1631714,1785394318738,8936,
serial:COM8/motor_raw,1631716,1785394318740,8940,
serial:COM8/motor_raw,1631718,1785394318742,8939,
serial:COM8/motor_raw,1631720,1785394318744,8937,
serial:COM8/motor_raw,1631722,1785394318746,8937,
serial:COM8/motor_raw,1631724,1785394318748,8938,
serial:COM8/motor_raw,1631726,1785394318750,8937,
serial:COM8/motor_raw,1631728,1785394318752,8937,
serial:COM8/motor_raw,1631730,1785394318754,8939,
serial:COM8/motor_raw,1631732,1785394318759,8940,
serial:COM8/motor_raw,1631734,1785394318759,8938,
serial:COM8/motor_raw,1631736,1785394318760,8937,
serial:COM8/motor_raw,1631738,1785394318762,8939,
serial:COM8/motor_raw,1631740,1785394318764,8937,
serial:COM8/motor_raw,1631742,1785394318766,8938,
serial:COM8/motor_raw,1631744,1785394318768,8940,
serial:COM8/motor_raw,1631746,1785394318770,8938,
serial:COM8/motor_raw,1631748,1785394318772,8937,
serial:COM8/motor_raw,1631750,1785394318774,8937,
serial:COM8/motor_raw,1631752,1785394318776,8939,
serial:COM8/motor_raw,1631754,1785394318778,8937,
serial:COM8/motor_raw,1631756,1785394318780,8939,
serial:COM8/motor_raw,1631758,1785394318782,8935,
serial:COM8/motor_raw,1631760,1785394318784,8938,
serial:COM8/motor_raw,1631762,1785394318786,8937,
serial:COM8/motor_raw,1631764,1785394318788,8935,
serial:COM8/motor_raw,1631766,1785394318790,8937,
serial:COM8/motor_raw,1631768,1785394318792,8937,
serial:COM8/motor_raw,1631770,1785394318794,8937,
serial:COM8/motor_raw,1631772,1785394318796,8940,
serial:COM8/motor_raw,1631774,1785394318798,8937,
serial:COM8/motor_raw,1631776,1785394318800,8937,
serial:COM8/motor_raw,1631778,1785394318802,8938,
serial:COM8/motor_raw,1631780,1785394318804,8935,
serial:COM8/motor_raw,1631782,1785394318806,8939,
serial:COM8/motor_raw,1631784,1785394318808,8939,
serial:COM8/motor_raw,1631786,1785394318810,8938,
serial:COM8/motor_raw,1631788,1785394318812,8937,
serial:COM8/motor_raw,1631790,1785394318814,8936,
serial:COM8/motor_raw,1631792,1785394318816,8939,
serial:COM8/motor_raw,1631794,1785394318818,8936,
serial:COM8/motor_raw,1631796,1785394318820,8937,
serial:COM8/motor_raw,1631798,1785394318822,8935,
serial:COM8/motor_raw,1631800,1785394318824,8936,
serial:COM8/motor_raw,1631802,1785394318826,8937,
serial:COM8/motor_raw,1631804,1785394318828,8937,
serial:COM8/motor_raw,1631806,1785394318830,8938,
serial:COM8/motor_raw,1631808,1785394318832,8938,
serial:COM8/motor_raw,1631810,1785394318834,8938,
serial:COM8/motor_raw,1631812,1785394318836,8935,
serial:COM8/motor_raw,1631814,1785394318838,8939,
serial:COM8/motor_raw,1631816,1785394318840,8940,
serial:COM8/motor_raw,1631818,1785394318842,8940,
serial:COM8/motor_raw,1631820,1785394318844,8938,
serial:COM8/motor_raw,1631822,1785394318846,8937,
serial:COM8/motor_raw,1631824,1785394318848,8938,
serial:COM8/motor_raw,1631826,1785394318850,8936,
serial:COM8/motor_raw,1631828,1785394318852,8938,
serial:COM8/motor_raw,1631830,1785394318854,8936,
serial:COM8/motor_raw,1631832,1785394318856,8938,
serial:COM8/motor_raw,1631834,1785394318858,8936,
serial:COM8/motor_raw,1631836,1785394318860,8938,
serial:COM8/motor_raw,1631838,1785394318862,8936,
serial:COM8/motor_raw,1631840,1785394318864,8936,
serial:COM8/motor_raw,1631842,1785394318866,8937,
serial:COM8/motor_raw,1631844,1785394318868,8938,
serial:COM8/motor_raw,1631846,1785394318870,8937,
serial:COM8/motor_raw,1631848,1785394318872,8936,
serial:COM8/motor_raw,1631850,1785394318874,8936,
serial:COM8/motor_raw,1631852,1785394318876,8937,
serial:COM8/motor_raw,1631854,1785394318878,8935,
serial:COM8/motor_raw,1631856,1785394318880,8935,
serial:COM8/motor_raw,1631858,1785394318882,8940,
serial:COM8/motor_raw,1631860,1785394318884,8937,
serial:COM8/motor_raw,1631862,1785394318886,8938,
serial:COM8/motor_raw,1631864,1785394318888,8936,
serial:COM8/motor_raw,1631866,1785394318890,8937,
serial:COM8/motor_raw,1631868,1785394318892,8938,
serial:COM8/motor_raw,1631870,1785394318894,8937,
serial:COM8/motor_raw,1631872,1785394318896,8936,
serial:COM8/motor_raw,1631874,1785394318898,8937,
serial:COM8/motor_raw,1631876,1785394318900,8937,
serial:COM8/motor_raw,1631878,1785394318902,8939,
serial:COM8/motor_raw,1631880,1785394318904,8935,
serial:COM8/motor_raw,1631882,1785394318906,8936,
serial:COM8/motor_raw,1631884,1785394318908,8937,
serial:COM8/motor_raw,1631886,1785394318910,8937,
serial:COM8/motor_raw,1631888,1785394318912,8939,
serial:COM8/motor_raw,1631890,1785394318914,8936,
serial:COM8/motor_raw,1631892,1785394318916,8941,
serial:COM8/motor_raw,1631894,1785394318918,8936,
serial:COM8/motor_raw,1631896,1785394318920,8938,
serial:COM8/motor_raw,1631898,1785394318922,8936,
serial:COM8/motor_raw,1631900,1785394318924,8939,
serial:COM8/motor_raw,1631902,1785394318926,8935,
serial:COM8/motor_raw,1631904,1785394318928,8937,
serial:COM8/motor_raw,1631906,1785394318930,8936,
serial:COM8/motor_raw,1631908,1785394318932,8938,
serial:COM8/motor_raw,1631910,1785394318934,8937,
serial:COM8/motor_raw,1631912,1785394318936,8936,
serial:COM8/motor_raw,1631914,1785394318938,8939,
serial:COM8/motor_raw,1631916,1785394318940,8935,
serial:COM8/motor_raw,1631918,1785394318942,8938,
serial:COM8/motor_raw,1631920,1785394318944,8937,
serial:COM8/motor_raw,1631922,1785394318946,8937,
serial:COM8/motor_raw,1631924,1785394318948,8935,
serial:COM8/motor_raw,1631926,1785394318950,8935,
serial:COM8/motor_raw,1631928,1785394318952,8938,
serial:COM8/motor_raw,1631930,1785394318954,8937,
serial:COM8/motor_raw,1631932,1785394318959,8939,
serial:COM8/motor_raw,1631934,1785394318959,8937,
serial:COM8/motor_raw,1631936,1785394318960,8938,
serial:COM8/motor_raw,1631938,1785394318962,8939,
serial:COM8/motor_raw,1631940,1785394318964,8937,
serial:COM8/motor_raw,1631942,1785394318966,8937,
serial:COM8/motor_raw,1631944,1785394318968,8939,
serial:COM8/motor_raw,1631946,1785394318970,8937,
serial:COM8/motor_raw,1631948,1785394318972,8938,
serial:COM8/motor_raw,1631950,1785394318974,8937,
serial:COM8/motor_raw,1631952,1785394318976,8936,
serial:COM8/motor_raw,1631954,1785394318978,8939,
serial:COM8/motor_raw,1631956,1785394318980,8937,
serial:COM8/motor_raw,1631958,1785394318982,8934,
serial:COM8/motor_raw,1631960,1785394318984,8935,
serial:COM8/motor_raw,1631962,1785394318986,8939,
serial:COM8/motor_raw,1631964,1785394318988,8938,
serial:COM8/motor_raw,1631966,1785394318990,8935,
serial:COM8/motor_raw,1631968,1785394318992,8938,
serial:COM8/motor_raw,1631970,1785394318994,8936,
serial:COM8/motor_raw,1631972,1785394318996,8940,
serial:COM8/motor_raw,1631974,1785394318998,8938,
serial:COM8/motor_raw,1631976,1785394319000,8936,
serial:COM8/motor_raw,1631978,1785394319002,8939,
serial:COM8/motor_raw,1631980,1785394319004,8938,
serial:COM8/motor_raw,1631982,1785394319006,8938,
serial:COM8/motor_raw,1631984,1785394319008,8938,
serial:COM8/motor_raw,1631986,1785394319010,8936,
serial:COM8/motor_raw,1631988,1785394319012,8935,
serial:COM8/motor_raw,1631990,1785394319014,8937,
serial:COM8/motor_raw,1631992,1785394319016,8937,
serial:COM8/motor_raw,1631994,1785394319018,8937,
serial:COM8/motor_raw,1631996,1785394319020,8935,
serial:COM8/motor_raw,1631998,1785394319022,8938,
serial:COM8/motor_raw,1632000,1785394319024,8935,
serial:COM8/motor_raw,1632002,1785394319026,8937,
serial:COM8/motor_raw,1632004,1785394319028,8939,
serial:COM8/motor_raw,1632006,1785394319030,8936,
serial:COM8/motor_raw,1632008,1785394319032,8936,
serial:COM8/motor_raw,1632010,1785394319034,8939,
serial:COM8/motor_raw,1632012,1785394319036,8937,
serial:COM8/motor_raw,1632014,1785394319038,8937,
serial:COM8/motor_raw,1632016,1785394319040,8936,
serial:COM8/motor_raw,1632018,1785394319042,8935,
serial:COM8/motor_raw,1632020,1785394319044,8938,
serial:COM8/motor_raw,1632022,1785394319046,8939,
serial:COM8/motor_raw,1632024,1785394319048,8935,
serial:COM8/motor_raw,1632026,1785394319050,8936,
serial:COM8/motor_raw,1632028,1785394319052,8939,
serial:COM8/motor_raw,1632030,1785394319054,8938,
serial:COM8/motor_raw,1632032,1785394319056,8938,
serial:COM8/motor_raw,1632034,1785394319058,8936,
serial:COM8/motor_raw,1632036,1785394319060,8937,
serial:COM8/motor_raw,1632038,1785394319062,8937,
serial:COM8/motor_raw,1632040,1785394319064,8938,
serial:COM8/motor_raw,1632042,1785394319066,8936,
serial:COM8/motor_raw,1632044,1785394319068,8936,
serial:COM8/motor_raw,1632046,1785394319070,8938,
serial:COM8/motor_raw,1632048,1785394319072,8938,
serial:COM8/motor_raw,1632050,1785394319074,8936,
serial:COM8/motor_raw,1632052,1785394319076,8937,
serial:COM8/motor_raw,1632054,1785394319078,8938,
serial:COM8/motor_raw,1632056,1785394319080,8941,
serial:COM8/motor_raw,1632058,1785394319082,8935,
serial:COM8/motor_raw,1632060,1785394319084,8938,
serial:COM8/motor_raw,1632062,1785394319086,8935,
serial:COM8/motor_raw,1632064,1785394319088,8937,
serial:COM8/motor_raw,1632066,1785394319090,8938,
serial:COM8/motor_raw,1632068,1785394319092,8937,
serial:COM8/motor_raw,1632070,1785394319094,8935,
serial:COM8/motor_raw,1632072,1785394319096,8937,
serial:COM8/motor_raw,1632074,1785394319098,8939,
serial:COM8/motor_raw,1632076,1785394319100,8937,
serial:COM8/motor_raw,1632078,1785394319102,8939,
serial:COM8/motor_raw,1632080,1785394319104,8934,
serial:COM8/motor_raw,1632082,1785394319106,8939,
serial:COM8/motor_raw,1632084,1785394319108,8940,
serial:COM8/motor_raw,1632086,1785394319110,8936,
serial:COM8/motor_raw,1632088,1785394319112,8934,
serial:COM8/motor_raw,1632090,1785394319114,8938,
serial:COM8/motor_raw,1632092,1785394319116,8938,
serial:COM8/motor_raw,1632094,1785394319118,8938,
serial:COM8/motor_raw,1632096,1785394319120,8937,
serial:COM8/motor_raw,1632098,1785394319122,8940,
serial:COM8/motor_raw,1632100,1785394319124,8937,
serial:COM8/motor_raw,1632102,1785394319126,8935,
serial:COM8/motor_raw,1632104,1785394319128,8936,
serial:COM8/motor_raw,1632106,1785394319130,8937,
serial:COM8/motor_raw,1632108,1785394319132,8939,
serial:COM8/motor_raw,1632110,1785394319134,8935,
serial:COM8/motor_raw,1632112,1785394319136,8936,
serial:COM8/motor_raw,1632114,1785394319138,8936,
serial:COM8/motor_raw,1632116,1785394319140,8936,
serial:COM8/motor_raw,1632118,1785394319142,8936,
serial:COM8/motor_raw,1632120,1785394319144,8939,
serial:COM8/motor_raw,1632122,1785394319146,8937,
serial:COM8/motor_raw,1632124,1785394319148,8936,
serial:COM8/motor_raw,1632126,1785394319150,8938,
serial:COM8/motor_raw,1632128,1785394319152,8939,
serial:COM8/motor_raw,1632130,1785394319154,8935,
serial:COM8/motor_raw,1632132,1785394319159,8937,
serial:COM8/motor_raw,1632134,1785394319159,8939,
serial:COM8/motor_raw,1632136,1785394319160,8940,
serial:COM8/motor_raw,1632138,1785394319162,8936,
serial:COM8/motor_raw,1632140,1785394319164,8937,
serial:COM8/motor_raw,1632142,1785394319166,8937,
serial:COM8/motor_raw,1632144,1785394319168,8937,
serial:COM8/motor_raw,1632146,1785394319170,8938,
serial:COM8/motor_raw,1632148,1785394319172,8938,
serial:COM8/motor_raw,1632150,1785394319174,8937,
serial:COM8/motor_raw,1632152,1785394319176,8936,
serial:COM8/motor_raw,1632154,1785394319178,8940,
serial:COM8/motor_raw,1632156,1785394319180,8937,
serial:COM8/motor_raw,1632158,1785394319182,8936,
serial:COM8/motor_raw,1632160,1785394319184,8937,
serial:COM8/motor_raw,1632162,1785394319186,8937,
serial:COM8/motor_raw,1632164,1785394319188,8939,
serial:COM8/motor_raw,1632166,1785394319190,8937,
serial:COM8/motor_raw,1632168,1785394319192,8939,
serial:COM8/motor_raw,1632170,1785394319194,8937,
serial:COM8/motor_raw,1632172,1785394319196,8938,
serial:COM8/motor_raw,1632174,1785394319198,8938,
serial:COM8/motor_raw,1632176,1785394319200,8937,
serial:COM8/motor_raw,1632178,1785394319202,8938,
serial:COM8/motor_raw,1632180,1785394319204,8938,
serial:COM8/motor_raw,1632182,1785394319206,8936,
serial:COM8/motor_raw,1632184,1785394319208,8937,
serial:COM8/motor_raw,1632186,1785394319210,8937,
serial:COM8/motor_raw,1632188,1785394319212,8936,
serial:COM8/motor_raw,1632190,1785394319214,8938,
serial:COM8/motor_raw,1632192,1785394319216,8939,
serial:COM8/motor_raw,1632194,1785394319218,8937,
serial:COM8/motor_raw,1632196,1785394319220,8938,
serial:COM8/motor_raw,1632198,1785394319222,8936,
serial:COM8/motor_raw,1632200,1785394319224,8938,
serial:COM8/motor_raw,1632202,1785394319226,8933,
serial:COM8/motor_raw,1632204,1785394319228,8937,
serial:COM8/motor_raw,1632206,1785394319230,8937,
serial:COM8/motor_raw,1632208,1785394319232,8941,
serial:COM8/motor_raw,1632210,1785394319234,8935,
serial:COM8/motor_raw,1632212,1785394319236,8938,
serial:COM8/motor_raw,1632214,1785394319238,8938,
serial:COM8/motor_raw,1632216,1785394319240,8938,
serial:COM8/motor_raw,1632218,1785394319242,8936,
serial:COM8/motor_raw,1632220,1785394319244,8937,
serial:COM8/motor_raw,1632222,1785394319246,8938,
serial:COM8/motor_raw,1632224,1785394319248,8934,
serial:COM8/motor_raw,1632226,1785394319250,8937,
serial:COM8/motor_raw,1632228,1785394319252,8938,
serial:COM8/motor_raw,1632230,1785394319254,8936,
serial:COM8/motor_raw,1632232,1785394319256,8936,
serial:COM8/motor_raw,1632234,1785394319258,8938,
serial:COM8/motor_raw,1632236,1785394319260,8936,
serial:COM8/motor_raw,1632238,1785394319262,8937,
serial:COM8/motor_raw,1632240,1785394319264,8937,
serial:COM8/motor_raw,1632242,1785394319266,8934,
serial:COM8/motor_raw,1632244,1785394319268,8938,
serial:COM8/motor_raw,1632246,1785394319270,8937,
serial:COM8/motor_raw,1632248,1785394319272,8936,
serial:COM8/motor_raw,1632250,1785394319274,8936,
serial:COM8/motor_raw,1632252,1785394319276,8938,
serial:COM8/motor_raw,1632254,1785394319278,8938,
serial:COM8/motor_raw,1632256,1785394319280,8936,
serial:COM8/motor_raw,1632258,1785394319282,8936,
serial:COM8/motor_raw,1632260,1785394319284,8937,
serial:COM8/motor_raw,1632262,1785394319286,8935,
serial:COM8/motor_raw,1632264,1785394319288,8936,
serial:COM8/motor_raw,1632266,1785394319290,8937,
serial:COM8/motor_raw,1632268,1785394319292,8935,
serial:COM8/motor_raw,1632270,1785394319294,8935,
serial:COM8/motor_raw,1632272,1785394319296,8938,
serial:COM8/motor_raw,1632274,1785394319298,8939,
serial:COM8/motor_raw,1632276,1785394319300,8938,
serial:COM8/motor_raw,1632278,1785394319302,8936,
serial:COM8/motor_raw,1632280,1785394319304,8940,
serial:COM8/motor_raw,1632282,1785394319306,8935,
serial:COM8/motor_raw,1632284,1785394319308,8935,
serial:COM8/motor_raw,1632286,1785394319310,8940,
serial:COM8/motor_raw,1632288,1785394319312,8935,
serial:COM8/motor_raw,1632290,1785394319314,8935,
serial:COM8/motor_raw,1632292,1785394319316,8937,
serial:COM8/motor_raw,1632294,1785394319318,8939,
serial:COM8/motor_raw,1632296,1785394319320,8938,
serial:COM8/motor_raw,1632298,1785394319322,8936,
serial:COM8/motor_raw,1632300,1785394319324,8940,
serial:COM8/motor_raw,1632302,1785394319326,8937,
serial:COM8/motor_raw,1632304,1785394319328,8936,
serial:COM8/motor_raw,1632306,1785394319330,8937,
serial:COM8/motor_raw,1632308,1785394319332,8941,
serial:COM8/motor_raw,1632310,1785394319334,8937,
serial:COM8/motor_raw,1632312,1785394319336,8939,
serial:COM8/motor_raw,1632314,1785394319338,8935,
serial:COM8/motor_raw,1632316,1785394319340,8939,
serial:COM8/motor_raw,1632318,1785394319342,8937,
serial:COM8/motor_raw,1632320,1785394319344,8936,
serial:COM8/motor_raw,1632322,1785394319346,8936,
serial:COM8/motor_raw,1632324,1785394319348,8939,
serial:COM8/motor_raw,1632326,1785394319350,8935,
serial:COM8/motor_raw,1632328,1785394319352,8937,
serial:COM8/motor_raw,1632330,1785394319354,8935,
serial:COM8/motor_raw,1632332,1785394319359,8939,
serial:COM8/motor_raw,1632334,1785394319359,8939,
serial:COM8/motor_raw,1632336,1785394319360,8935,
serial:COM8/motor_raw,1632338,1785394319362,8936,
serial:COM8/motor_raw,1632340,1785394319364,8936,
serial:COM8/motor_raw,1632342,1785394319366,8937,
serial:COM8/motor_raw,1632344,1785394319368,8939,
serial:COM8/motor_raw,1632346,1785394319370,8938,
serial:COM8/motor_raw,1632348,1785394319372,8938,
serial:COM8/motor_raw,1632350,1785394319374,8939,
serial:COM8/motor_raw,1632352,1785394319376,8938,
serial:COM8/motor_raw,1632354,1785394319378,8936,
serial:COM8/motor_raw,1632356,1785394319380,8936,
serial:COM8/motor_raw,1632358,1785394319382,8939,
serial:COM8/motor_raw,1632360,1785394319384,8936,
serial:COM8/motor_raw,1632362,1785394319386,8939,
serial:COM8/motor_raw,1632364,1785394319388,8938,
serial:COM8/motor_raw,1632366,1785394319390,8937,
serial:COM8/motor_raw,1632368,1785394319392,8938,
serial:COM8/motor_raw,1632370,1785394319394,8935,
serial:COM8/motor_raw,1632372,1785394319396,8937,
serial:COM8/motor_raw,1632374,1785394319398,8936,
serial:COM8/motor_raw,1632376,1785394319400,8936,
serial:COM8/motor_raw,1632378,1785394319402,8939,
serial:COM8/motor_raw,1632380,1785394319404,8935,
serial:COM8/motor_raw,1632382,1785394319406,8939,
serial:COM8/motor_raw,1632384,1785394319408,8936,
serial:COM8/motor_raw,1632386,1785394319410,8937,
serial:COM8/motor_raw,1632388,1785394319412,8937,
serial:COM8/motor_raw,1632390,1785394319414,8934,
serial:COM8/motor_raw,1632392,1785394319416,8938,
serial:COM8/motor_raw,1632394,1785394319418,8937,
serial:COM8/motor_raw,1632396,1785394319420,8936,
serial:COM8/motor_raw,1632398,1785394319422,8937,
serial:COM8/motor_raw,1632400,1785394319424,8936,
serial:COM8/motor_raw,1632402,1785394319426,8937,
serial:COM8/motor_raw,1632404,1785394319428,8939,
serial:COM8/motor_raw,1632406,1785394319430,8938,
serial:COM8/motor_raw,1632408,1785394319432,8936,
serial:COM8/motor_raw,1632410,1785394319434,8937,
serial:COM8/motor_raw,1632412,1785394319436,8936,
serial:COM8/motor_raw,1632414,1785394319438,8939,
serial:COM8/motor_raw,1632416,1785394319440,8935,
serial:COM8/motor_raw,1632418,1785394319442,8938,
serial:COM8/motor_raw,1632420,1785394319444,8935,
serial:COM8/motor_raw,1632422,1785394319446,8940,
serial:COM8/motor_raw,1632424,1785394319448,8936,
serial:COM8/motor_raw,1632426,1785394319450,8936,
serial:COM8/motor_raw,1632428,1785394319452,8937,
serial:COM8/motor_raw,1632430,1785394319454,8935,
serial:COM8/motor_raw,1632432,1785394319456,8935,
serial:COM8/motor_raw,1632434,1785394319458,8937,
serial:COM8/motor_raw,1632436,1785394319460,8940,
serial:COM8/motor_raw,1632438,1785394319462,8936,
serial:COM8/motor_raw,1632440,1785394319464,8937,
serial:COM8/motor_raw,1632442,1785394319466,8937,
serial:COM8/motor_raw,1632444,1785394319468,8941,
serial:COM8/motor_raw,1632446,1785394319470,8938,
serial:COM8/motor_raw,1632448,1785394319472,8937,
serial:COM8/motor_raw,1632450,1785394319474,8940,
serial:COM8/motor_raw,1632452,1785394319476,8937,
serial:COM8/motor_raw,1632454,1785394319478,8937,
serial:COM8/motor_raw,1632456,1785394319480,8937,
serial:COM8/motor_raw,1632458,1785394319482,8937,
serial:COM8/motor_raw,1632460,1785394319484,8939,
serial:COM8/motor_raw,1632462,1785394319486,8936,
serial:COM8/motor_raw,1632464,1785394319488,8939,
serial:COM8/motor_raw,1632466,1785394319490,8936,
serial:COM8/motor_raw,1632468,1785394319492,8938,
serial:COM8/motor_raw,1632470,1785394319494,8939,
serial:COM8/motor_raw,1632472,1785394319496,8935,
serial:COM8/motor_raw,1632474,1785394319498,8936,
serial:COM8/motor_raw,1632476,1785394319500,8937,
serial:COM8/motor_raw,1632478,1785394319502,8939,
serial:COM8/motor_raw,1632480,1785394319504,8939,
serial:COM8/motor_raw,1632482,1785394319506,8938,
serial:COM8/motor_raw,1632484,1785394319508,8937,
serial:COM8/motor_raw,1632486,1785394319510,8938,
serial:COM8/motor_raw,1632488,1785394319512,8937,
serial:COM8/motor_raw,1632490,1785394319514,8938,
serial:COM8/motor_raw,1632492,1785394319516,8935,
serial:COM8/motor_raw,1632494,1785394319518,8937,
serial:COM8/motor_raw,1632496,1785394319520,8935,
serial:COM8/motor_raw,1632498,1785394319522,8940,
serial:COM8/motor_raw,1632500,1785394319524,8938,
serial:COM8/motor_raw,1632502,1785394319526,8939,
serial:COM8/motor_raw,1632504,1785394319528,8938,
serial:COM8/motor_raw,1632506,1785394319530,8936,
serial:COM8/motor_raw,1632508,1785394319532,8937,
serial:COM8/motor_raw,1632510,1785394319534,8935,
serial:COM8/motor_raw,1632512,1785394319536,8935,
serial:COM8/motor_raw,1632514,1785394319538,8937,
serial:COM8/motor_raw,1632516,1785394319540,8936,
serial:COM8/motor_raw,1632518,1785394319542,8935,
serial:COM8/motor_raw,1632520,1785394319544,8938,
serial:COM8/motor_raw,1632522,1785394319546,8935,
serial:COM8/motor_raw,1632524,1785394319548,8937,
serial:COM8/motor_raw,1632526,1785394319550,8938,
serial:COM8/motor_raw,1632528,1785394319552,8937,
serial:COM8/motor_raw,1632530,1785394319554,8939,
serial:COM8/motor_raw,1632532,1785394319559,8939,
serial:COM8/motor_raw,1632534,1785394319559,8938,
serial:COM8/motor_raw,1632536,1785394319560,8936,
serial:COM8/motor_raw,1632538,1785394319562,8938,
serial:COM8/motor_raw,1632540,1785394319564,8935,
serial:COM8/motor_raw,1632542,1785394319566,8937,
serial:COM8/motor_raw,1632544,1785394319568,8937,
serial:COM8/motor_raw,1632546,1785394319570,8938,
serial:COM8/motor_raw,1632548,1785394319572,8938,
serial:COM8/motor_raw,1632550,1785394319574,8937,
serial:COM8/motor_raw,1632552,1785394319576,8937,
serial:COM8/motor_raw,1632554,1785394319578,8934,
serial:COM8/motor_raw,1632556,1785394319580,8939,
serial:COM8/motor_raw,1632558,1785394319582,8938,
serial:COM8/motor_raw,1632560,1785394319584,8936,
serial:COM8/motor_raw,1632562,1785394319586,8935,
serial:COM8/motor_raw,1632564,1785394319588,8937,
serial:COM8/motor_raw,1632566,1785394319590,8934,
serial:COM8/motor_raw,1632568,1785394319592,8937,
serial:COM8/motor_raw,1632570,1785394319595,8936,
serial:COM8/motor_raw,1632572,1785394319596,8936,
serial:COM8/motor_raw,1632574,1785394319598,8935,
serial:COM8/motor_raw,1632576,1785394319600,8937,
serial:COM8/motor_raw,1632578,1785394319602,8936,
serial:COM8/motor_raw,1632580,1785394319604,8939,
serial:COM8/motor_raw,1632582,1785394319606,8936,
serial:COM8/motor_raw,1632584,1785394319608,8939,
serial:COM8/motor_raw,1632586,1785394319610,8937,
serial:COM8/motor_raw,1632588,1785394319612,8939,
serial:COM8/motor_raw,1632590,1785394319614,8936,
serial:COM8/motor_raw,1632592,1785394319616,8935,
serial:COM8/motor_raw,1632594,1785394319618,8936,
serial:COM8/motor_raw,1632596,1785394319620,8938,
serial:COM8/motor_raw,1632598,1785394319622,8937,
serial:COM8/motor_raw,1632600,1785394319624,8935,
serial:COM8/motor_raw,1632602,1785394319626,8935,
serial:COM8/motor_raw,1632604,1785394319628,8939,
serial:COM8/motor_raw,1632606,1785394319630,8937,
serial:COM8/motor_raw,1632608,1785394319632,8936,
serial:COM8/motor_raw,1632610,1785394319634,8940,
serial:COM8/motor_raw,1632612,1785394319636,8936,
serial:COM8/motor_raw,1632614,1785394319638,8939,
serial:COM8/motor_raw,1632616,1785394319640,8936,
serial:COM8/motor_raw,1632618,1785394319642,8936,
serial:COM8/motor_raw,1632620,1785394319644,8938,
serial:COM8/motor_raw,1632622,1785394319646,8938,
serial:COM8/motor_raw,1632624,1785394319648,8939,
serial:COM8/motor_raw,1632626,1785394319650,8935,
serial:COM8/motor_raw,1632628,1785394319652,8935,
serial:COM8/motor_raw,1632630,1785394319654,8935,
serial:COM8/motor_raw,1632632,1785394319656,8938,
serial:COM8/motor_raw,1632634,1785394319658,8936,
serial:COM8/motor_raw,1632636,1785394319660,8941,
serial:COM8/motor_raw,1632638,1785394319662,8940,
serial:COM8/motor_raw,1632640,1785394319664,8937,
serial:COM8/motor_raw,1632642,1785394319666,8935,
serial:COM8/motor_raw,1632644,1785394319668,8934,
serial:COM8/motor_raw,1632646,1785394319670,8935,
serial:COM8/motor_raw,1632648,1785394319672,8938,
serial:COM8/motor_raw,1632650,1785394319674,8937,
serial:COM8/motor_raw,1632652,1785394319676,8940,
serial:COM8/motor_raw,1632654,1785394319678,8936,
serial:COM8/motor_raw,1632656,1785394319680,8938,
serial:COM8/motor_raw,1632658,1785394319682,8935,
serial:COM8/motor_raw,1632660,1785394319684,8937,
serial:COM8/motor_raw,1632662,1785394319686,8936,
serial:COM8/motor_raw,1632664,1785394319688,8940,
serial:COM8/motor_raw,1632666,1785394319690,8938,
serial:COM8/motor_raw,1632668,1785394319692,8937,
serial:COM8/motor_raw,1632670,1785394319694,8936,
serial:COM8/motor_raw,1632672,1785394319696,8939,
serial:COM8/motor_raw,1632674,1785394319698,8937,
serial:COM8/motor_raw,1632676,1785394319700,8939,
serial:COM8/motor_raw,1632678,1785394319702,8938,
serial:COM8/motor_raw,1632680,1785394319704,8938,
serial:COM8/motor_raw,1632682,1785394319706,8937,
serial:COM8/motor_raw,1632684,1785394319708,8935,
serial:COM8/motor_raw,1632686,1785394319710,8940,
serial:COM8/motor_raw,1632688,1785394319712,8935,
serial:COM8/motor_raw,1632690,1785394319714,8938,
serial:COM8/motor_raw,1632692,1785394319716,8935,
serial:COM8/motor_raw,1632694,1785394319718,8935,
serial:COM8/motor_raw,1632696,1785394319720,8941,
serial:COM8/motor_raw,1632698,1785394319722,8937,
serial:COM8/motor_raw,1632700,1785394319724,8937,
serial:COM8/motor_raw,1632702,1785394319726,8937,
serial:COM8/motor_raw,1632704,1785394319728,8936,
serial:COM8/motor_raw,1632706,1785394319730,8938,
serial:COM8/motor_raw,1632708,1785394319732,8937,
serial:COM8/motor_raw,1632710,1785394319734,8936,
serial:COM8/motor_raw,1632712,1785394319736,8939,
serial:COM8/motor_raw,1632714,1785394319738,8939,
serial:COM8/motor_raw,1632716,1785394319740,8938,
serial:COM8/motor_raw,1632718,1785394319742,8938,
serial:COM8/motor_raw,1632720,1785394319744,8935,
serial:COM8/motor_raw,1632722,1785394319746,8938,
serial:COM8/motor_raw,1632724,1785394319748,8936,
serial:COM8/motor_raw,1632726,1785394319750,8935,
serial:COM8/motor_raw,1632728,1785394319752,8937,
serial:COM8/motor_raw,1632730,1785394319754,8933,
serial:COM8/motor_raw,1632732,1785394319759,8939,
serial:COM8/motor_raw,1632734,1785394319759,8937,
serial:COM8/motor_raw,1632736,1785394319760,8935,
serial:COM8/motor_raw,1632738,1785394319762,8937,
serial:COM8/motor_raw,1632740,1785394319764,8940,
serial:COM8/motor_raw,1632742,1785394319766,8941,
serial:COM8/motor_raw,1632744,1785394319768,8936,
serial:COM8/motor_raw,1632746,1785394319770,8937,
serial:COM8/motor_raw,1632748,1785394319772,8938,
serial:COM8/motor_raw,1632750,1785394319774,8936,
serial:COM8/motor_raw,1632752,1785394319776,8937,
serial:COM8/motor_raw,1632754,1785394319778,8934,
serial:COM8/motor_raw,1632756,1785394319780,8938,
serial:COM8/motor_raw,1632758,1785394319782,8939,
serial:COM8/motor_raw,1632760,1785394319784,8937,
serial:COM8/motor_raw,1632762,1785394319786,8935,
serial:COM8/motor_raw,1632764,1785394319788,8937,
serial:COM8/motor_raw,1632766,1785394319790,8938,
serial:COM8/motor_raw,1632768,1785394319792,8939,
serial:COM8/motor_raw,1632770,1785394319794,8936,
serial:COM8/motor_raw,1632772,1785394319796,8935,
serial:COM8/motor_raw,1632774,1785394319798,8937,
serial:COM8/motor_raw,1632776,1785394319800,8936,
serial:COM8/motor_raw,1632778,1785394319802,8937,
serial:COM8/motor_raw,1632780,1785394319804,8935,
serial:COM8/motor_raw,1632782,1785394319806,8937,
serial:COM8/motor_raw,1632784,1785394319808,8939,
serial:COM8/motor_raw,1632786,1785394319810,8936,
serial:COM8/motor_raw,1632788,1785394319812,8936,
serial:COM8/motor_raw,1632790,1785394319814,8938,
serial:COM8/motor_raw,1632792,1785394319816,8939,
serial:COM8/motor_raw,1632794,1785394319818,8939,
serial:COM8/motor_raw,1632796,1785394319820,8938,
serial:COM8/motor_raw,1632798,1785394319822,8936,
serial:COM8/motor_raw,1632800,1785394319824,8935,
serial:COM8/motor_raw,1632802,1785394319826,8937,
serial:COM8/motor_raw,1632804,1785394319828,8939,
serial:COM8/motor_raw,1632806,1785394319830,8938,
serial:COM8/motor_raw,1632808,1785394319832,8937,
serial:COM8/motor_raw,1632810,1785394319834,8936,
serial:COM8/motor_raw,1632812,1785394319836,8938,
serial:COM8/motor_raw,1632814,1785394319838,8937,
serial:COM8/motor_raw,1632816,1785394319840,8938,
serial:COM8/motor_raw,1632818,1785394319842,8935,
serial:COM8/motor_raw,1632820,1785394319844,8937,
serial:COM8/motor_raw,1632822,1785394319846,8937,
serial:COM8/motor_raw,1632824,1785394319848,8937,
serial:COM8/motor_raw,1632826,1785394319850,8940,
serial:COM8/motor_raw,1632828,1785394319852,8937,
serial:COM8/motor_raw,1632830,1785394319854,8936,
serial:COM8/motor_raw,1632832,1785394319856,8937,
serial:COM8/motor_raw,1632834,1785394319858,8937,
serial:COM8/motor_raw,1632836,1785394319860,8939,
serial:COM8/motor_raw,1632838,1785394319862,8937,
serial:COM8/motor_raw,1632840,1785394319864,8938,
serial:COM8/motor_raw,1632842,1785394319866,8938,
serial:COM8/motor_raw,1632844,1785394319868,8938,
serial:COM8/motor_raw,1632846,1785394319870,8939,
serial:COM8/motor_raw,1632848,1785394319872,8939,
serial:COM8/motor_raw,1632850,1785394319874,8939,
serial:COM8/motor_raw,1632852,1785394319876,8938,
serial:COM8/motor_raw,1632854,1785394319878,8940,
serial:COM8/motor_raw,1632856,1785394319880,8940,
serial:COM8/motor_raw,1632858,1785394319882,8936,
serial:COM8/motor_raw,1632860,1785394319884,8934,
serial:COM8/motor_raw,1632862,1785394319886,8939,
serial:COM8/motor_raw,1632864,1785394319888,8936,
serial:COM8/motor_raw,1632866,1785394319890,8940,
serial:COM8/motor_raw,1632868,1785394319892,8935,
serial:COM8/motor_raw,1632870,1785394319894,8939,
serial:COM8/motor_raw,1632872,1785394319896,8939,
serial:COM8/motor_raw,1632874,1785394319898,8935,
serial:COM8/motor_raw,1632876,1785394319900,8939,
serial:COM8/motor_raw,1632878,1785394319902,8936,
serial:COM8/motor_raw,1632880,1785394319904,8935,
serial:COM8/motor_raw,1632882,1785394319906,8938,
serial:COM8/motor_raw,1632884,1785394319908,8935,
serial:COM8/motor_raw,1632886,1785394319910,8936,
serial:COM8/motor_raw,1632888,1785394319912,8934,
serial:COM8/motor_raw,1632890,1785394319914,8936,
serial:COM8/motor_raw,1632892,1785394319916,8937,
serial:COM8/motor_raw,1632894,1785394319918,8937,
serial:COM8/motor_raw,1632896,1785394319920,8939,
serial:COM8/motor_raw,1632898,1785394319922,8934,
serial:COM8/motor_raw,1632900,1785394319924,8936,
serial:COM8/motor_raw,1632902,1785394319926,8937,
serial:COM8/motor_raw,1632904,1785394319928,8937,
serial:COM8/motor_raw,1632906,1785394319930,8937,
serial:COM8/motor_raw,1632908,1785394319932,8935,
serial:COM8/motor_raw,1632910,1785394319934,8939,
serial:COM8/motor_raw,1632912,1785394319936,8937,
serial:COM8/motor_raw,1632914,1785394319938,8936,
serial:COM8/motor_raw,1632916,1785394319940,8938,
serial:COM8/motor_raw,1632918,1785394319942,8938,
serial:COM8/motor_raw,1632920,1785394319944,8937,
serial:COM8/motor_raw,1632922,1785394319946,8937,
serial:COM8/motor_raw,1632924,1785394319948,8936,
serial:COM8/motor_raw,1632926,1785394319950,8936,
serial:COM8/motor_raw,1632928,1785394319952,8938,
serial:COM8/motor_raw,1632930,1785394319954,8935,
serial:COM8/motor_raw,1632932,1785394319959,8936,
serial:COM8/motor_raw,1632934,1785394319959,8937,
serial:COM8/motor_raw,1632936,1785394319960,8939,
serial:COM8/motor_raw,1632938,1785394319962,8935,
serial:COM8/motor_raw,1632940,1785394319964,8938,
serial:COM8/motor_raw,1632942,1785394319966,8940,
serial:COM8/motor_raw,1632944,1785394319968,8938,
serial:COM8/motor_raw,1632946,1785394319970,8937,
serial:COM8/motor_raw,1632948,1785394319972,8936,
serial:COM8/motor_raw,1632950,1785394319974,8936,
serial:COM8/motor_raw,1632952,1785394319976,8936,
serial:COM8/motor_raw,1632954,1785394319978,8938,
serial:COM8/motor_raw,1632956,1785394319980,8935,
serial:COM8/motor_raw,1632958,1785394319982,8939,
serial:COM8/motor_raw,1632960,1785394319984,8940,
serial:COM8/motor_raw,1632962,1785394319986,8937,
serial:COM8/motor_raw,1632964,1785394319988,8937,
serial:COM8/motor_raw,1632966,1785394319990,8938,
serial:COM8/motor_raw,1632968,1785394319992,8938,
serial:COM8/motor_raw,1632970,1785394319994,8939,
serial:COM8/motor_raw,1632972,1785394319996,8938,
serial:COM8/motor_raw,1632974,1785394319998,8937,
serial:COM8/motor_raw,1632976,1785394320000,8935,
serial:COM8/motor_raw,1632978,1785394320002,8936,
serial:COM8/motor_raw,1632980,1785394320004,8938,
serial:COM8/motor_raw,1632982,1785394320006,8940,
serial:COM8/motor_raw,1632984,1785394320008,8934,
serial:COM8/motor_raw,1632986,1785394320010,8937,
serial:COM8/motor_raw,1632988,1785394320012,8940,
serial:COM8/motor_raw,1632990,1785394320014,8940,
serial:COM8/motor_raw,1632992,1785394320016,8936,
serial:COM8/motor_raw,1632994,1785394320018,8939,
serial:COM8/motor_raw,1632996,1785394320020,8938,
serial:COM8/motor_raw,1632998,1785394320022,8936,
serial:COM8/motor_raw,1633000,1785394320024,8938,
serial:COM8/motor_raw,1633002,1785394320026,8936,
serial:COM8/motor_raw,1633004,1785394320028,8935,
serial:COM8/motor_raw,1633006,1785394320030,8938,
serial:COM8/motor_raw,1633008,1785394320032,8939,
serial:COM8/motor_raw,1633010,1785394320034,8939,
serial:COM8/motor_raw,1633012,1785394320036,8937,
serial:COM8/motor_raw,1633014,1785394320038,8938,
serial:COM8/motor_raw,1633016,1785394320040,8938,
serial:COM8/motor_raw,1633018,1785394320042,8936,
serial:COM8/motor_raw,1633020,1785394320044,8938,
serial:COM8/motor_raw,1633022,1785394320046,8936,
serial:COM8/motor_raw,1633024,1785394320048,8940,
serial:COM8/motor_raw,1633026,1785394320050,8939,
serial:COM8/motor_raw,1633028,1785394320052,8937,
serial:COM8/motor_raw,1633030,1785394320054,8936,
serial:COM8/motor_raw,1633032,1785394320056,8935,
serial:COM8/motor_raw,1633034,1785394320058,8935,
serial:COM8/motor_raw,1633036,1785394320060,8934,
serial:COM8/motor_raw,1633038,1785394320062,8937,
serial:COM8/motor_raw,1633040,1785394320064,8942,
serial:COM8/motor_raw,1633042,1785394320066,8937,
serial:COM8/motor_raw,1633044,1785394320068,8936,
serial:COM8/motor_raw,1633046,1785394320070,8939,
serial:COM8/motor_raw,1633048,1785394320072,8939,
serial:COM8/motor_raw,1633050,1785394320074,8938,
serial:COM8/motor_raw,1633052,1785394320076,8936,
serial:COM8/motor_raw,1633054,1785394320078,8935,
serial:COM8/motor_raw,1633056,1785394320080,8935,
serial:COM8/motor_raw,1633058,1785394320082,8939,
serial:COM8/motor_raw,1633060,1785394320084,8938,
serial:COM8/motor_raw,1633062,1785394320086,8940,
serial:COM8/motor_raw,1633064,1785394320088,8938,
serial:COM8/motor_raw,1633066,1785394320090,8936,
serial:COM8/motor_raw,1633068,1785394320092,8938,
serial:COM8/motor_raw,1633070,1785394320094,8938,
serial:COM8/motor_raw,1633072,1785394320096,8937,
serial:COM8/motor_raw,1633074,1785394320098,8939,
serial:COM8/motor_raw,1633076,1785394320100,8938,
serial:COM8/motor_raw,1633078,1785394320102,8936,
serial:COM8/motor_raw,1633080,1785394320104,8939,
serial:COM8/motor_raw,1633082,1785394320106,8935,
serial:COM8/motor_raw,1633084,1785394320108,8940,
serial:COM8/motor_raw,1633086,1785394320110,8938,
serial:COM8/motor_raw,1633088,1785394320112,8936,
serial:COM8/motor_raw,1633090,1785394320114,8938,
serial:COM8/motor_raw,1633092,1785394320116,8937,
serial:COM8/motor_raw,1633094,1785394320118,8939,
serial:COM8/motor_raw,1633096,1785394320120,8940,
serial:COM8/motor_raw,1633098,1785394320122,8939,
serial:COM8/motor_raw,1633100,1785394320124,8936,
serial:COM8/motor_raw,1633102,1785394320126,8937,
serial:COM8/motor_raw,1633104,1785394320128,8934,
serial:COM8/motor_raw,1633106,1785394320130,8941,
serial:COM8/motor_raw,1633108,1785394320132,8939,
serial:COM8/motor_raw,1633110,1785394320134,8936,
serial:COM8/motor_raw,1633112,1785394320136,8936,
serial:COM8/motor_raw,1633114,1785394320138,8938,
serial:COM8/motor_raw,1633116,1785394320140,8936,
serial:COM8/motor_raw,1633118,1785394320142,8941,
serial:COM8/motor_raw,1633120,1785394320144,8938,
serial:COM8/motor_raw,1633122,1785394320146,8938,
serial:COM8/motor_raw,1633124,1785394320148,8940,
serial:COM8/motor_raw,1633126,1785394320150,8939,
serial:COM8/motor_raw,1633128,1785394320152,8936,
serial:COM8/motor_raw,1633130,1785394320154,8935,
serial:COM8/motor_raw,1633132,1785394320159,8938,
serial:COM8/motor_raw,1633134,1785394320159,8939,
serial:COM8/motor_raw,1633136,1785394320160,8938,
serial:COM8/motor_raw,1633138,1785394320162,8939,
serial:COM8/motor_raw,1633140,1785394320164,8939,
serial:COM8/motor_raw,1633142,1785394320166,8936,
serial:COM8/motor_raw,1633144,1785394320168,8938,
serial:COM8/motor_raw,1633146,1785394320170,8940,
serial:COM8/motor_raw,1633148,1785394320172,8937,
serial:COM8/motor_raw,1633150,1785394320174,8936,
serial:COM8/motor_raw,1633152,1785394320176,8938,
serial:COM8/motor_raw,1633154,1785394320178,8936,
serial:COM8/motor_raw,1633156,1785394320180,8936,
serial:COM8/motor_raw,1633158,1785394320182,8940,
serial:COM8/motor_raw,1633160,1785394320184,8937,
serial:COM8/motor_raw,1633162,1785394320186,8937,
serial:COM8/motor_raw,1633164,1785394320188,8937,
serial:COM8/motor_raw,1633166,1785394320190,8939,
serial:COM8/motor_raw,1633168,1785394320192,8937,
serial:COM8/motor_raw,1633170,1785394320194,8940,
serial:COM8/motor_raw,1633172,1785394320196,8936,
serial:COM8/motor_raw,1633174,1785394320198,8938,
serial:COM8/motor_raw,1633176,1785394320200,8936,
serial:COM8/motor_raw,1633178,1785394320202,8937,
serial:COM8/motor_raw,1633180,1785394320204,8938,
serial:COM8/motor_raw,1633182,1785394320206,8935,
serial:COM8/motor_raw,1633184,1785394320208,8940,
serial:COM8/motor_raw,1633186,1785394320210,8937,
serial:COM8/motor_raw,1633188,1785394320212,8937,
serial:COM8/motor_raw,1633190,1785394320214,8937,
serial:COM8/motor_raw,1633192,1785394320216,8938,
serial:COM8/motor_raw,1633194,1785394320218,8936,
serial:COM8/motor_raw,1633196,1785394320220,8935,
serial:COM8/motor_raw,1633198,1785394320222,8935,
serial:COM8/motor_raw,1633200,1785394320224,8937,
serial:COM8/motor_raw,1633202,1785394320226,8937,
serial:COM8/motor_raw,1633204,1785394320228,8936,
serial:COM8/motor_raw,1633206,1785394320230,8938,
serial:COM8/motor_raw,1633208,1785394320232,8937,
serial:COM8/motor_raw,1633210,1785394320234,8937,
serial:COM8/motor_raw,1633212,1785394320236,8939,
serial:COM8/motor_raw,1633214,1785394320238,8939,
serial:COM8/motor_raw,1633216,1785394320240,8941,
serial:COM8/motor_raw,1633218,1785394320242,8934,
serial:COM8/motor_raw,1633220,1785394320244,8936,
serial:COM8/motor_raw,1633222,1785394320246,8937,
serial:COM8/motor_raw,1633224,1785394320248,8936,
serial:COM8/motor_raw,1633226,1785394320250,8936,
serial:COM8/motor_raw,1633228,1785394320252,8937,
serial:COM8/motor_raw,1633230,1785394320254,8938,
serial:COM8/motor_raw,1633232,1785394320256,8937,
serial:COM8/motor_raw,1633234,1785394320258,8935,
serial:COM8/motor_raw,1633236,1785394320260,8939,
serial:COM8/motor_raw,1633238,1785394320262,8935,
serial:COM8/motor_raw,1633240,1785394320264,8937,
serial:COM8/motor_raw,1633242,1785394320266,8935,
serial:COM8/motor_raw,1633244,1785394320268,8939,
serial:COM8/motor_raw,1633246,1785394320270,8937,
serial:COM8/motor_raw,1633248,1785394320272,8940,
serial:COM8/motor_raw,1633250,1785394320274,8939,
serial:COM8/motor_raw,1633252,1785394320276,8939,
serial:COM8/motor_raw,1633254,1785394320278,8938,
serial:COM8/motor_raw,1633256,1785394320280,8937,
serial:COM8/motor_raw,1633258,1785394320282,8935,
serial:COM8/motor_raw,1633260,1785394320284,8938,
serial:COM8/motor_raw,1633262,1785394320286,8936,
serial:COM8/motor_raw,1633264,1785394320288,8937,
serial:COM8/motor_raw,1633266,1785394320290,8940,
serial:COM8/motor_raw,1633268,1785394320292,8935,
serial:COM8/motor_raw,1633270,1785394320294,8936,
serial:COM8/motor_raw,1633272,1785394320296,8936,
serial:COM8/motor_raw,1633274,1785394320298,8937,
serial:COM8/motor_raw,1633276,1785394320300,8938,
serial:COM8/motor_raw,1633278,1785394320302,8938,
serial:COM8/motor_raw,1633280,1785394320304,8935,
serial:COM8/motor_raw,1633282,1785394320306,8937,
serial:COM8/motor_raw,1633284,1785394320308,8937,
serial:COM8/motor_raw,1633286,1785394320310,8939,
serial:COM8/motor_raw,1633288,1785394320312,8935,
serial:COM8/motor_raw,1633290,1785394320314,8939,
serial:COM8/motor_raw,1633292,1785394320316,8935,
serial:COM8/motor_raw,1633294,1785394320318,8938,
serial:COM8/motor_raw,1633296,1785394320320,8938,
serial:COM8/motor_raw,1633298,1785394320322,8937,
serial:COM8/motor_raw,1633300,1785394320324,8939,
serial:COM8/motor_raw,1633302,1785394320326,8937,
serial:COM8/motor_raw,1633304,1785394320328,8937,
serial:COM8/motor_raw,1633306,1785394320330,8936,
serial:COM8/motor_raw,1633308,1785394320332,8938,
serial:COM8/motor_raw,1633310,1785394320334,8937,
serial:COM8/motor_raw,1633312,1785394320336,8937,
serial:COM8/motor_raw,1633314,1785394320338,8939,
serial:COM8/motor_raw,1633316,1785394320340,8936,
serial:COM8/motor_raw,1633318,1785394320342,8937,
serial:COM8/motor_raw,1633320,1785394320344,8939,
serial:COM8/motor_raw,1633322,1785394320346,8936,
serial:COM8/motor_raw,1633324,1785394320348,8936,
serial:COM8/motor_raw,1633326,1785394320350,8937,
serial:COM8/motor_raw,1633328,1785394320352,8938,
serial:COM8/motor_raw,1633330,1785394320354,8937,
serial:COM8/motor_raw,1633332,1785394320359,8937,
serial:COM8/motor_raw,1633334,1785394320359,8935,
serial:COM8/motor_raw,1633336,1785394320360,8937,
serial:COM8/motor_raw,1633338,1785394320362,8937,
serial:COM8/motor_raw,1633340,1785394320364,8937,
serial:COM8/motor_raw,1633342,1785394320366,8938,
serial:COM8/motor_raw,1633344,1785394320368,8937,
serial:COM8/motor_raw,1633346,1785394320370,8935,
serial:COM8/motor_raw,1633348,1785394320372,8936,
serial:COM8/motor_raw,1633350,1785394320374,8937,
serial:COM8/motor_raw,1633352,1785394320376,8934,
serial:COM8/motor_raw,1633354,1785394320378,8936,
serial:COM8/motor_raw,1633356,1785394320380,8935,
serial:COM8/motor_raw,1633358,1785394320382,8937,
serial:COM8/motor_raw,1633360,1785394320384,8938,
serial:COM8/motor_raw,1633362,1785394320386,8938,
serial:COM8/motor_raw,1633364,1785394320388,8938,
serial:COM8/motor_raw,1633366,1785394320390,8939,
serial:COM8/motor_raw,1633368,1785394320392,8936,
serial:COM8/motor_raw,1633370,1785394320394,8937,
serial:COM8/motor_raw,1633372,1785394320396,8939,
serial:COM8/motor_raw,1633374,1785394320398,8936,
serial:COM8/motor_raw,1633376,1785394320400,8937,
serial:COM8/motor_raw,1633378,1785394320402,8936,
serial:COM8/motor_raw,1633380,1785394320404,8939,
serial:COM8/motor_raw,1633382,1785394320406,8939,
serial:COM8/motor_raw,1633384,1785394320408,8937,
serial:COM8/motor_raw,1633386,1785394320410,8936,
serial:COM8/motor_raw,1633388,1785394320412,8936,
serial:COM8/motor_raw,1633390,1785394320414,8936,
serial:COM8/motor_raw,1633392,1785394320416,8938,
serial:COM8/motor_raw,1633394,1785394320418,8937,
serial:COM8/motor_raw,1633396,1785394320420,8937,
serial:COM8/motor_raw,1633398,1785394320422,8935,
serial:COM8/motor_raw,1633400,1785394320424,8936,
serial:COM8/motor_raw,1633402,1785394320426,8938,
serial:COM8/motor_raw,1633404,1785394320428,8937,
serial:COM8/motor_raw,1633406,1785394320430,8937,
serial:COM8/motor_raw,1633408,1785394320432,8937,
serial:COM8/motor_raw,1633410,1785394320434,8940,
serial:COM8/motor_raw,1633412,1785394320436,8937,
serial:COM8/motor_raw,1633414,1785394320438,8936,
serial:COM8/motor_raw,1633416,1785394320440,8939,
serial:COM8/motor_raw,1633418,1785394320442,8935,
serial:COM8/motor_raw,1633420,1785394320444,8939,
serial:COM8/motor_raw,1633422,1785394320446,8941,
serial:COM8/motor_raw,1633424,1785394320448,8937,
serial:COM8/motor_raw,1633426,1785394320450,8937,
serial:COM8/motor_raw,1633428,1785394320452,8936,
serial:COM8/motor_raw,1633430,1785394320454,8935,
serial:COM8/motor_raw,1633432,1785394320456,8935,
serial:COM8/motor_raw,1633434,1785394320458,8935,
serial:COM8/motor_raw,1633436,1785394320460,8937,
serial:COM8/motor_raw,1633438,1785394320462,8936,
serial:COM8/motor_raw,1633440,1785394320464,8938,
serial:COM8/motor_raw,1633442,1785394320466,8939,
serial:COM8/motor_raw,1633444,1785394320468,8939,
serial:COM8/motor_raw,1633446,1785394320470,8938,
serial:COM8/motor_raw,1633448,1785394320472,8937,
serial:COM8/motor_raw,1633450,1785394320474,8940,
serial:COM8/motor_raw,1633452,1785394320476,8934,
serial:COM8/motor_raw,1633454,1785394320478,8936,
serial:COM8/motor_raw,1633456,1785394320480,8938,
serial:COM8/motor_raw,1633458,1785394320482,8936,
serial:COM8/motor_raw,1633460,1785394320484,8937,
serial:COM8/motor_raw,1633462,1785394320486,8937,
serial:COM8/motor_raw,1633464,1785394320488,8937,
serial:COM8/motor_raw,1633466,1785394320490,8936,
serial:COM8/motor_raw,1633468,1785394320492,8938,
serial:COM8/motor_raw,1633470,1785394320494,8937,
serial:COM8/motor_raw,1633472,1785394320496,8937,
serial:COM8/motor_raw,1633474,1785394320498,8939,
serial:COM8/motor_raw,1633476,1785394320500,8937,
serial:COM8/motor_raw,1633478,1785394320502,8936,
serial:COM8/motor_raw,1633480,1785394320504,8938,
serial:COM8/motor_raw,1633482,1785394320506,8937,
serial:COM8/motor_raw,1633484,1785394320508,8935,
serial:COM8/motor_raw,1633486,1785394320510,8937,
serial:COM8/motor_raw,1633488,1785394320512,8939,
serial:COM8/motor_raw,1633490,1785394320514,8937,
serial:COM8/motor_raw,1633492,1785394320516,8939,
serial:COM8/motor_raw,1633494,1785394320518,8939,
serial:COM8/motor_raw,1633496,1785394320520,8939,
serial:COM8/motor_raw,1633498,1785394320522,8937,
serial:COM8/motor_raw,1633500,1785394320524,8936,
serial:COM8/motor_raw,1633502,1785394320526,8937,
serial:COM8/motor_raw,1633504,1785394320528,8936,
serial:COM8/motor_raw,1633506,1785394320530,8934,
serial:COM8/motor_raw,1633508,1785394320532,8939,
serial:COM8/motor_raw,1633510,1785394320534,8939,
serial:COM8/motor_raw,1633512,1785394320536,8939,
serial:COM8/motor_raw,1633514,1785394320538,8938,
serial:COM8/motor_raw,1633516,1785394320540,8936,
serial:COM8/motor_raw,1633518,1785394320542,8937,
serial:COM8/motor_raw,1633520,1785394320544,8937,
serial:COM8/motor_raw,1633522,1785394320546,8936,
serial:COM8/motor_raw,1633524,1785394320548,8936,
serial:COM8/motor_raw,1633526,1785394320550,8935,
serial:COM8/motor_raw,1633528,1785394320552,8937,
serial:COM8/motor_raw,1633530,1785394320554,8934,
serial:COM8/motor_raw,1633532,1785394320559,8937,
serial:COM8/motor_raw,1633534,1785394320559,8937,
serial:COM8/motor_raw,1633536,1785394320560,8936,
serial:COM8/motor_raw,1633538,1785394320562,8938,
serial:COM8/motor_raw,1633540,1785394320564,8935,
serial:COM8/motor_raw,1633542,1785394320566,8937,
serial:COM8/motor_raw,1633544,1785394320568,8937,
serial:COM8/motor_raw,1633546,1785394320570,8940,
serial:COM8/motor_raw,1633548,1785394320572,8935,
serial:COM8/motor_raw,1633550,1785394320574,8938,
serial:COM8/motor_raw,1633552,1785394320576,8938,
serial:COM8/motor_raw,1633554,1785394320578,8940,
serial:COM8/motor_raw,1633556,1785394320580,8937,
serial:COM8/motor_raw,1633558,1785394320582,8938,
serial:COM8/motor_raw,1633560,1785394320584,8936,
serial:COM8/motor_raw,1633562,1785394320586,8938,
serial:COM8/motor_raw,1633564,1785394320588,8938,
serial:COM8/motor_raw,1633566,1785394320590,8935,
serial:COM8/motor_raw,1633568,1785394320592,8940,
serial:COM8/motor_raw,1633570,1785394320594,8936,
serial:COM8/motor_raw,1633572,1785394320596,8935,
serial:COM8/motor_raw,1633574,1785394320598,8939,
serial:COM8/motor_raw,1633576,1785394320600,8938,
serial:COM8/motor_raw,1633578,1785394320602,8937,
serial:COM8/motor_raw,1633580,1785394320604,8938,
serial:COM8/motor_raw,1633582,1785394320606,8936,
serial:COM8/motor_raw,1633584,1785394320608,8935,
serial:COM8/motor_raw,1633586,1785394320610,8940,
serial:COM8/motor_raw,1633588,1785394320612,8940,
serial:COM8/motor_raw,1633590,1785394320614,8938,
serial:COM8/motor_raw,1633592,1785394320616,8937,
serial:COM8/motor_raw,1633594,1785394320618,8937,
serial:COM8/motor_raw,1633596,1785394320620,8938,
serial:COM8/motor_raw,1633598,1785394320622,8937,
serial:COM8/motor_raw,1633600,1785394320624,8937,
serial:COM8/motor_raw,1633602,1785394320626,8937,
serial:COM8/motor_raw,1633604,1785394320628,8937,
serial:COM8/motor_raw,1633606,1785394320630,8937,
serial:COM8/motor_raw,1633608,1785394320632,8937,
serial:COM8/motor_raw,1633610,1785394320634,8935,
serial:COM8/motor_raw,1633612,1785394320636,8937,
serial:COM8/motor_raw,1633614,1785394320638,8935,
serial:COM8/motor_raw,1633616,1785394320640,8940,
serial:COM8/motor_raw,1633618,1785394320642,8939,
serial:COM8/motor_raw,1633620,1785394320644,8936,
serial:COM8/motor_raw,1633622,1785394320646,8938,
serial:COM8/motor_raw,1633624,1785394320648,8938,
serial:COM8/motor_raw,1633626,1785394320650,8935,
serial:COM8/motor_raw,1633628,1785394320652,8935,
serial:COM8/motor_raw,1633630,1785394320654,8939,
serial:COM8/motor_raw,1633632,1785394320656,8936,
serial:COM8/motor_raw,1633634,1785394320658,8937,
serial:COM8/motor_raw,1633636,1785394320660,8936,
serial:COM8/motor_raw,1633638,1785394320662,8936,
serial:COM8/motor_raw,1633640,1785394320664,8938,
serial:COM8/motor_raw,1633642,1785394320666,8938,
serial:COM8/motor_raw,1633644,1785394320668,8937,
serial:COM8/motor_raw,1633646,1785394320670,8935,
serial:COM8/motor_raw,1633648,1785394320672,8936,
serial:COM8/motor_raw,1633650,1785394320674,8938,
serial:COM8/motor_raw,1633652,1785394320676,8939,
serial:COM8/motor_raw,1633654,1785394320678,8935,
serial:COM8/motor_raw,1633656,1785394320680,8939,
serial:COM8/motor_raw,1633658,1785394320682,8938,
serial:COM8/motor_raw,1633660,1785394320684,8939,
serial:COM8/motor_raw,1633662,1785394320686,8938,
serial:COM8/motor_raw,1633664,1785394320688,8938,
serial:COM8/motor_raw,1633666,1785394320690,8941,
serial:COM8/motor_raw,1633668,1785394320692,8940,
serial:COM8/motor_raw,1633670,1785394320694,8936,
serial:COM8/motor_raw,1633672,1785394320696,8937,
serial:COM8/motor_raw,1633674,1785394320698,8936,
serial:COM8/motor_raw,1633676,1785394320700,8934,
serial:COM8/motor_raw,1633678,1785394320702,8938,
serial:COM8/motor_raw,1633680,1785394320704,8937,
serial:COM8/motor_raw,1633682,1785394320706,8937,
serial:COM8/motor_raw,1633684,1785394320708,8938,
serial:COM8/motor_raw,1633686,1785394320710,8935,
serial:COM8/motor_raw,1633688,1785394320712,8938,
serial:COM8/motor_raw,1633690,1785394320714,8937,
serial:COM8/motor_raw,1633692,1785394320716,8936,
serial:COM8/motor_raw,1633694,1785394320718,8938,
serial:COM8/motor_raw,1633696,1785394320720,8940,
serial:COM8/motor_raw,1633698,1785394320722,8938,
serial:COM8/motor_raw,1633700,1785394320724,8937,
serial:COM8/motor_raw,1633702,1785394320726,8937,
serial:COM8/motor_raw,1633704,1785394320728,8938,
serial:COM8/motor_raw,1633706,1785394320730,8936,
serial:COM8/motor_raw,1633708,1785394320732,8939,
serial:COM8/motor_raw,1633710,1785394320734,8935,
serial:COM8/motor_raw,1633712,1785394320736,8937,
serial:COM8/motor_raw,1633714,1785394320738,8935,
serial:COM8/motor_raw,1633716,1785394320740,8938,
serial:COM8/motor_raw,1633718,1785394320742,8937,
serial:COM8/motor_raw,1633720,1785394320744,8937,
serial:COM8/motor_raw,1633722,1785394320746,8936,
serial:COM8/motor_raw,1633724,1785394320748,8937,
serial:COM8/motor_raw,1633726,1785394320750,8936,
serial:COM8/motor_raw,1633728,1785394320752,8938,
serial:COM8/motor_raw,1633730,1785394320754,8937,
serial:COM8/motor_raw,1633732,1785394320759,8939,
serial:COM8/motor_raw,1633734,1785394320759,8938,
serial:COM8/motor_raw,1633736,1785394320760,8939,
serial:COM8/motor_raw,1633738,1785394320762,8938,
serial:COM8/motor_raw,1633740,1785394320764,8938,
serial:COM8/motor_raw,1633742,1785394320766,8936,
serial:COM8/motor_raw,1633744,1785394320768,8937,
serial:COM8/motor_raw,1633746,1785394320770,8936,
serial:COM8/motor_raw,1633748,1785394320772,8936,
serial:COM8/motor_raw,1633750,1785394320774,8935,
serial:COM8/motor_raw,1633752,1785394320776,8935,
serial:COM8/motor_raw,1633754,1785394320778,8938,
serial:COM8/motor_raw,1633756,1785394320780,8935,
serial:COM8/motor_raw,1633758,1785394320782,8937,
serial:COM8/motor_raw,1633760,1785394320784,8937,
serial:COM8/motor_raw,1633762,1785394320786,8939,
serial:COM8/motor_raw,1633764,1785394320788,8936,
serial:COM8/motor_raw,1633766,1785394320790,8936,
serial:COM8/motor_raw,1633768,1785394320792,8938,
serial:COM8/motor_raw,1633770,1785394320794,8934,
serial:COM8/motor_raw,1633772,1785394320796,8939,
serial:COM8/motor_raw,1633774,1785394320798,8938,
serial:COM8/motor_raw,1633776,1785394320800,8935,
serial:COM8/motor_raw,1633778,1785394320802,8936,
serial:COM8/motor_raw,1633780,1785394320804,8936,
serial:COM8/motor_raw,1633782,1785394320806,8934,
serial:COM8/motor_raw,1633784,1785394320808,8939,
serial:COM8/motor_raw,1633786,1785394320810,8938,
serial:COM8/motor_raw,1633788,1785394320812,8937,
serial:COM8/motor_raw,1633790,1785394320814,8937,
serial:COM8/motor_raw,1633792,1785394320816,8937,
serial:COM8/motor_raw,1633794,1785394320818,8939,
serial:COM8/motor_raw,1633796,1785394320820,8939,
serial:COM8/motor_raw,1633798,1785394320822,8937,
serial:COM8/motor_raw,1633800,1785394320824,8934,
serial:COM8/motor_raw,1633802,1785394320826,8936,
serial:COM8/motor_raw,1633804,1785394320828,8939,
serial:COM8/motor_raw,1633806,1785394320830,8935,
serial:COM8/motor_raw,1633808,1785394320832,8939,
serial:COM8/motor_raw,1633810,1785394320834,8937,
serial:COM8/motor_raw,1633812,1785394320836,8940,
serial:COM8/motor_raw,1633814,1785394320838,8936,
serial:COM8/motor_raw,1633816,1785394320840,8940,
serial:COM8/motor_raw,1633818,1785394320842,8939,
serial:COM8/motor_raw,1633820,1785394320844,8938,
serial:COM8/motor_raw,1633822,1785394320846,8937,
serial:COM8/motor_raw,1633824,1785394320848,8937,
serial:COM8/motor_raw,1633826,1785394320850,8938,
serial:COM8/motor_raw,1633828,1785394320852,8936,
serial:COM8/motor_raw,1633830,1785394320854,8939,
serial:COM8/motor_raw,1633832,1785394320856,8938,
serial:COM8/motor_raw,1633834,1785394320858,8936,
serial:COM8/motor_raw,1633836,1785394320860,8935,
serial:COM8/motor_raw,1633838,1785394320862,8937,
serial:COM8/motor_raw,1633840,1785394320864,8936,
serial:COM8/motor_raw,1633842,1785394320866,8936,
serial:COM8/motor_raw,1633844,1785394320868,8938,
serial:COM8/motor_raw,1633846,1785394320870,8939,
serial:COM8/motor_raw,1633848,1785394320872,8940,
serial:COM8/motor_raw,1633850,1785394320874,8938,
serial:COM8/motor_raw,1633852,1785394320876,8935,
serial:COM8/motor_raw,1633854,1785394320878,8937,
serial:COM8/motor_raw,1633856,1785394320880,8937,
serial:COM8/motor_raw,1633858,1785394320882,8937,
serial:COM8/motor_raw,1633860,1785394320884,8937,
serial:COM8/motor_raw,1633862,1785394320886,8935,
serial:COM8/motor_raw,1633864,1785394320888,8938,
serial:COM8/motor_raw,1633866,1785394320890,8938,
serial:COM8/motor_raw,1633868,1785394320892,8937,
serial:COM8/motor_raw,1633870,1785394320894,8937,
serial:COM8/motor_raw,1633872,1785394320896,8939,
serial:COM8/motor_raw,1633874,1785394320898,8938,
serial:COM8/motor_raw,1633876,1785394320900,8938,
serial:COM8/motor_raw,1633878,1785394320902,8936,
serial:COM8/motor_raw,1633880,1785394320904,8935,
serial:COM8/motor_raw,1633882,1785394320906,8935,
serial:COM8/motor_raw,1633884,1785394320908,8935,
serial:COM8/motor_raw,1633886,1785394320910,8937,
serial:COM8/motor_raw,1633888,1785394320912,8940,
serial:COM8/motor_raw,1633890,1785394320914,8937,
serial:COM8/motor_raw,1633892,1785394320916,8937,
serial:COM8/motor_raw,1633894,1785394320918,8937,
serial:COM8/motor_raw,1633896,1785394320920,8937,
serial:COM8/motor_raw,1633898,1785394320922,8939,
serial:COM8/motor_raw,1633900,1785394320924,8936,
serial:COM8/motor_raw,1633902,1785394320926,8938,
serial:COM8/motor_raw,1633904,1785394320928,8937,
serial:COM8/motor_raw,1633906,1785394320930,8937,
serial:COM8/motor_raw,1633908,1785394320932,8936,
serial:COM8/motor_raw,1633910,1785394320934,8938,
serial:COM8/motor_raw,1633912,1785394320936,8936,
serial:COM8/motor_raw,1633914,1785394320938,8937,
serial:COM8/motor_raw,1633916,1785394320940,8937,
serial:COM8/motor_raw,1633918,1785394320942,8937,
serial:COM8/motor_raw,1633920,1785394320944,8939,
serial:COM8/motor_raw,1633922,1785394320946,8936,
serial:COM8/motor_raw,1633924,1785394320948,8938,
serial:COM8/motor_raw,1633926,1785394320950,8937,
serial:COM8/motor_raw,1633928,1785394320952,8941,
serial:COM8/motor_raw,1633930,1785394320954,8936,
serial:COM8/motor_raw,1633932,1785394320959,8935,
serial:COM8/motor_raw,1633934,1785394320959,8938,
serial:COM8/motor_raw,1633936,1785394320960,8935,
serial:COM8/motor_raw,1633938,1785394320962,8935,
serial:COM8/motor_raw,1633940,1785394320964,8935,
serial:COM8/motor_raw,1633942,1785394320966,8938,
serial:COM8/motor_raw,1633944,1785394320968,8936,
serial:COM8/motor_raw,1633946,1785394320970,8939,
serial:COM8/motor_raw,1633948,1785394320972,8936,
serial:COM8/motor_raw,1633950,1785394320974,8936,
serial:COM8/motor_raw,1633952,1785394320976,8937,
serial:COM8/motor_raw,1633954,1785394320978,8938,
serial:COM8/motor_raw,1633956,1785394320980,8940,
serial:COM8/motor_raw,1633958,1785394320982,8937,
serial:COM8/motor_raw,1633960,1785394320984,8937,
serial:COM8/motor_raw,1633962,1785394320986,8940,
serial:COM8/motor_raw,1633964,1785394320988,8935,
serial:COM8/motor_raw,1633966,1785394320990,8936,
serial:COM8/motor_raw,1633968,1785394320992,8937,
serial:COM8/motor_raw,1633970,1785394320994,8939,
serial:COM8/motor_raw,1633972,1785394320996,8936,
serial:COM8/motor_raw,1633974,1785394320998,8939,
serial:COM8/motor_raw,1633976,1785394321000,8937,
serial:COM8/motor_raw,1633978,1785394321002,8938,
serial:COM8/motor_raw,1633980,1785394321004,8938,
serial:COM8/motor_raw,1633982,1785394321006,8937,
serial:COM8/motor_raw,1633984,1785394321008,8939,
serial:COM8/motor_raw,1633986,1785394321010,8940,
serial:COM8/motor_raw,1633988,1785394321012,8937,
serial:COM8/motor_raw,1633990,1785394321014,8937,
serial:COM8/motor_raw,1633992,1785394321016,8938,
serial:COM8/motor_raw,1633994,1785394321018,8940,
serial:COM8/motor_raw,1633996,1785394321020,8938,
serial:COM8/motor_raw,1633998,1785394321022,8938,
serial:COM8/motor_raw,1634000,1785394321024,8938,
serial:COM8/motor_raw,1634002,1785394321026,8939,
serial:COM8/motor_raw,1634004,1785394321028,8935,
serial:COM8/motor_raw,1634006,1785394321030,8936,
serial:COM8/motor_raw,1634008,1785394321032,8935,
serial:COM8/motor_raw,1634010,1785394321034,8941,
serial:COM8/motor_raw,1634012,1785394321036,8936,
serial:COM8/motor_raw,1634014,1785394321038,8938,
serial:COM8/motor_raw,1634016,1785394321040,8941,
serial:COM8/motor_raw,1634018,1785394321042,8938,
serial:COM8/motor_raw,1634020,1785394321044,8937,
serial:COM8/motor_raw,1634022,1785394321046,8938,
serial:COM8/motor_raw,1634024,1785394321048,8942,
serial:COM8/motor_raw,1634026,1785394321050,8938,
serial:COM8/motor_raw,1634028,1785394321052,8939,
serial:COM8/motor_raw,1634030,1785394321054,8937,
serial:COM8/motor_raw,1634032,1785394321056,8938,
serial:COM8/motor_raw,1634034,1785394321058,8937,
serial:COM8/motor_raw,1634036,1785394321060,8938,
serial:COM8/motor_raw,1634038,1785394321062,8936,
serial:COM8/motor_raw,1634040,1785394321064,8933,
serial:COM8/motor_raw,1634042,1785394321066,8939,
serial:COM8/motor_raw,1634044,1785394321068,8937,
serial:COM8/motor_raw,1634046,1785394321070,8936,
serial:COM8/motor_raw,1634048,1785394321072,8937,
serial:COM8/motor_raw,1634050,1785394321074,8937,
serial:COM8/motor_raw,1634052,1785394321076,8936,
serial:COM8/motor_raw,1634054,1785394321078,8937,
serial:COM8/motor_raw,1634056,1785394321080,8935,
serial:COM8/motor_raw,1634058,1785394321082,8938,
serial:COM8/motor_raw,1634060,1785394321084,8939,
serial:COM8/motor_raw,1634062,1785394321086,8938,
serial:COM8/motor_raw,1634064,1785394321088,8936,
serial:COM8/motor_raw,1634066,1785394321090,8939,
serial:COM8/motor_raw,1634068,1785394321092,8938,
serial:COM8/motor_raw,1634070,1785394321094,8937,
serial:COM8/motor_raw,1634072,1785394321096,8938,
serial:COM8/motor_raw,1634074,1785394321098,8937,
serial:COM8/motor_raw,1634076,1785394321100,8937,
serial:COM8/motor_raw,1634078,1785394321102,8938,
serial:COM8/motor_raw,1634080,1785394321104,8936,
serial:COM8/motor_raw,1634082,1785394321106,8935,
serial:COM8/motor_raw,1634084,1785394321108,8936,
serial:COM8/motor_raw,1634086,1785394321110,8938,
serial:COM8/motor_raw,1634088,1785394321112,8936,
serial:COM8/motor_raw,1634090,1785394321114,8938,
serial:COM8/motor_raw,1634092,1785394321116,8939,
serial:COM8/motor_raw,1634094,1785394321118,8938,
serial:COM8/motor_raw,1634096,1785394321120,8936,
serial:COM8/motor_raw,1634098,1785394321122,8938,
serial:COM8/motor_raw,1634100,1785394321124,8937,
serial:COM8/motor_raw,1634102,1785394321126,8940,
serial:COM8/motor_raw,1634104,1785394321128,8936,
serial:COM8/motor_raw,1634106,1785394321130,8936,
serial:COM8/motor_raw,1634108,1785394321132,8939,
serial:COM8/motor_raw,1634110,1785394321134,8938,
serial:COM8/motor_raw,1634112,1785394321136,8937,
serial:COM8/motor_raw,1634114,1785394321138,8939,
serial:COM8/motor_raw,1634116,1785394321140,8937,
serial:COM8/motor_raw,1634118,1785394321142,8937,
serial:COM8/motor_raw,1634120,1785394321144,8937,
serial:COM8/motor_raw,1634122,1785394321146,8936,
serial:COM8/motor_raw,1634124,1785394321148,8937,
serial:COM8/motor_raw,1634126,1785394321150,8937,
serial:COM8/motor_raw,1634128,1785394321152,8938,
serial:COM8/motor_raw,1634130,1785394321154,8935,
serial:COM8/motor_raw,1634132,1785394321159,8937,
serial:COM8/motor_raw,1634134,1785394321159,8935,
serial:COM8/motor_raw,1634136,1785394321160,8937,
serial:COM8/motor_raw,1634138,1785394321162,8937,
serial:COM8/motor_raw,1634140,1785394321164,8935,
serial:COM8/motor_raw,1634142,1785394321166,8936,
serial:COM8/motor_raw,1634144,1785394321168,8939,
serial:COM8/motor_raw,1634146,1785394321170,8936,
serial:COM8/motor_raw,1634148,1785394321172,8938,
serial:COM8/motor_raw,1634150,1785394321174,8939,
serial:COM8/motor_raw,1634152,1785394321176,8938,
serial:COM8/motor_raw,1634154,1785394321178,8935,
serial:COM8/motor_raw,1634156,1785394321180,8936,
serial:COM8/motor_raw,1634158,1785394321182,8937,
serial:COM8/motor_raw,1634160,1785394321184,8936,
serial:COM8/motor_raw,1634162,1785394321186,8938,
serial:COM8/motor_raw,1634164,1785394321188,8935,
serial:COM8/motor_raw,1634166,1785394321190,8935,
serial:COM8/motor_raw,1634168,1785394321192,8938,
serial:COM8/motor_raw,1634170,1785394321194,8940,
serial:COM8/motor_raw,1634172,1785394321196,8935,
serial:COM8/motor_raw,1634174,1785394321198,8937,
serial:COM8/motor_raw,1634176,1785394321200,8937,
serial:COM8/motor_raw,1634178,1785394321202,8939,
serial:COM8/motor_raw,1634180,1785394321204,8937,
serial:COM8/motor_raw,1634182,1785394321206,8935,
serial:COM8/motor_raw,1634184,1785394321208,8935,
serial:COM8/motor_raw,1634186,1785394321210,8936,
serial:COM8/motor_raw,1634188,1785394321212,8938,
serial:COM8/motor_raw,1634190,1785394321214,8934,
serial:COM8/motor_raw,1634192,1785394321216,8937,
serial:COM8/motor_raw,1634194,1785394321218,8936,
serial:COM8/motor_raw,1634196,1785394321220,8937,
serial:COM8/motor_raw,1634198,1785394321222,8936,
serial:COM8/motor_raw,1634200,1785394321224,8936,
serial:COM8/motor_raw,1634202,1785394321226,8939,
serial:COM8/motor_raw,1634204,1785394321228,8936,
serial:COM8/motor_raw,1634206,1785394321230,8937,
serial:COM8/motor_raw,1634208,1785394321232,8938,
serial:COM8/motor_raw,1634210,1785394321234,8938,
serial:COM8/motor_raw,1634212,1785394321236,8939,
serial:COM8/motor_raw,1634214,1785394321238,8937,
serial:COM8/motor_raw,1634216,1785394321240,8937,
serial:COM8/motor_raw,1634218,1785394321242,8940,
serial:COM8/motor_raw,1634220,1785394321244,8937,
serial:COM8/motor_raw,1634222,1785394321246,8938,
serial:COM8/motor_raw,1634224,1785394321248,8939,
serial:COM8/motor_raw,1634226,1785394321250,8940,
serial:COM8/motor_raw,1634228,1785394321252,8939,
serial:COM8/motor_raw,1634230,1785394321254,8938,
serial:COM8/motor_raw,1634232,1785394321256,8936,
serial:COM8/motor_raw,1634234,1785394321258,8938,
serial:COM8/motor_raw,1634236,1785394321260,8938,
serial:COM8/motor_raw,1634238,1785394321262,8938,
serial:COM8/motor_raw,1634240,1785394321264,8935,
serial:COM8/motor_raw,1634242,1785394321266,8936,
serial:COM8/motor_raw,1634244,1785394321268,8935,
serial:COM8/motor_raw,1634246,1785394321270,8938,
serial:COM8/motor_raw,1634248,1785394321272,8936,
serial:COM8/motor_raw,1634250,1785394321274,8938,
serial:COM8/motor_raw,1634252,1785394321276,8939,
serial:COM8/motor_raw,1634254,1785394321278,8938,
serial:COM8/motor_raw,1634256,1785394321280,8938,
serial:COM8/motor_raw,1634258,1785394321282,8937,
serial:COM8/motor_raw,1634260,1785394321284,8938,
serial:COM8/motor_raw,1634262,1785394321286,8939,
serial:COM8/motor_raw,1634264,1785394321288,8938,
serial:COM8/motor_raw,1634266,1785394321290,8936,
serial:COM8/motor_raw,1634268,1785394321292,8936,
serial:COM8/motor_raw,1634270,1785394321294,8939,
serial:COM8/motor_raw,1634272,1785394321296,8937,
serial:COM8/motor_raw,1634274,1785394321298,8936,
serial:COM8/motor_raw,1634276,1785394321300,8939,
serial:COM8/motor_raw,1634278,1785394321302,8938,
serial:COM8/motor_raw,1634280,1785394321304,8938,
serial:COM8/motor_raw,1634282,1785394321306,8937,
serial:COM8/motor_raw,1634284,1785394321308,8938,
serial:COM8/motor_raw,1634286,1785394321310,8940,
serial:COM8/motor_raw,1634288,1785394321312,8937,
serial:COM8/motor_raw,1634290,1785394321314,8941,
serial:COM8/motor_raw,1634292,1785394321316,8938,
serial:COM8/motor_raw,1634294,1785394321318,8938,
serial:COM8/motor_raw,1634296,1785394321320,8937,
serial:COM8/motor_raw,1634298,1785394321322,8936,
serial:COM8/motor_raw,1634300,1785394321324,8938,
serial:COM8/motor_raw,1634302,1785394321326,8937,
serial:COM8/motor_raw,1634304,1785394321328,8937,
serial:COM8/motor_raw,1634306,1785394321330,8936,
serial:COM8/motor_raw,1634308,1785394321332,8938,
serial:COM8/motor_raw,1634310,1785394321334,8937,
serial:COM8/motor_raw,1634312,1785394321336,8939,
serial:COM8/motor_raw,1634314,1785394321338,8935,
serial:COM8/motor_raw,1634316,1785394321340,8936,
serial:COM8/motor_raw,1634318,1785394321342,8938,
serial:COM8/motor_raw,1634320,1785394321344,8938,
serial:COM8/motor_raw,1634322,1785394321346,8937,
serial:COM8/motor_raw,1634324,1785394321348,8936,
serial:COM8/motor_raw,1634326,1785394321350,8939,
serial:COM8/motor_raw,1634328,1785394321352,8938,
serial:COM8/motor_raw,1634330,1785394321354,8937,
serial:COM8/motor_raw,1634332,1785394321359,8940,
serial:COM8/motor_raw,1634334,1785394321359,8938,
serial:COM8/motor_raw,1634336,1785394321360,8940,
serial:COM8/motor_raw,1634338,1785394321362,8941,
serial:COM8/motor_raw,1634340,1785394321364,8936,
serial:COM8/motor_raw,1634342,1785394321366,8940,
serial:COM8/motor_raw,1634344,1785394321368,8937,
serial:COM8/motor_raw,1634346,1785394321370,8937,
serial:COM8/motor_raw,1634348,1785394321372,8938,
serial:COM8/motor_raw,1634350,1785394321374,8938,
serial:COM8/motor_raw,1634352,1785394321376,8938,
serial:COM8/motor_raw,1634354,1785394321378,8938,
serial:COM8/motor_raw,1634356,1785394321380,8937,
serial:COM8/motor_raw,1634358,1785394321382,8936,
serial:COM8/motor_raw,1634360,1785394321384,8938,
serial:COM8/motor_raw,1634362,1785394321386,8938,
serial:COM8/motor_raw,1634364,1785394321388,8937,
serial:COM8/motor_raw,1634366,1785394321390,8939,
serial:COM8/motor_raw,1634368,1785394321392,8937,
serial:COM8/motor_raw,1634370,1785394321394,8938,
serial:COM8/motor_raw,1634372,1785394321396,8937,
serial:COM8/motor_raw,1634374,1785394321398,8937,
serial:COM8/motor_raw,1634376,1785394321400,8938,
serial:COM8/motor_raw,1634378,1785394321402,8937,
serial:COM8/motor_raw,1634380,1785394321404,8937,
serial:COM8/motor_raw,1634382,1785394321406,8937,
serial:COM8/motor_raw,1634384,1785394321408,8939,
serial:COM8/motor_raw,1634386,1785394321410,8936,
serial:COM8/motor_raw,1634388,1785394321412,8936,
serial:COM8/motor_raw,1634390,1785394321414,8936,
serial:COM8/motor_raw,1634392,1785394321416,8939,
serial:COM8/motor_raw,1634394,1785394321418,8937,
serial:COM8/motor_raw,1634396,1785394321420,8936,
serial:COM8/motor_raw,1634398,1785394321422,8940,
serial:COM8/motor_raw,1634400,1785394321424,8938,
serial:COM8/motor_raw,1634402,1785394321426,8939,
serial:COM8/motor_raw,1634404,1785394321428,8936,
serial:COM8/motor_raw,1634406,1785394321430,8937,
serial:COM8/motor_raw,1634408,1785394321432,8939,
serial:COM8/motor_raw,1634410,1785394321434,8938,
serial:COM8/motor_raw,1634412,1785394321436,8936,
serial:COM8/motor_raw,1634414,1785394321438,8936,
serial:COM8/motor_raw,1634416,1785394321440,8938,
serial:COM8/motor_raw,1634418,1785394321442,8935,
serial:COM8/motor_raw,1634420,1785394321444,8936,
serial:COM8/motor_raw,1634422,1785394321446,8937,
serial:COM8/motor_raw,1634424,1785394321448,8936,
serial:COM8/motor_raw,1634426,1785394321450,8935,
serial:COM8/motor_raw,1634428,1785394321452,8939,
serial:COM8/motor_raw,1634430,1785394321454,8938,
serial:COM8/motor_raw,1634432,1785394321456,8934,
serial:COM8/motor_raw,1634434,1785394321458,8941,
serial:COM8/motor_raw,1634436,1785394321460,8937,
serial:COM8/motor_raw,1634438,1785394321462,8936,
serial:COM8/motor_raw,1634440,1785394321464,8936,
serial:COM8/motor_raw,1634442,1785394321466,8939,
serial:COM8/motor_raw,1634444,1785394321468,8937,
serial:COM8/motor_raw,1634446,1785394321470,8935,
serial:COM8/motor_raw,1634448,1785394321472,8936,
serial:COM8/motor_raw,1634450,1785394321474,8936,
serial:COM8/motor_raw,1634452,1785394321476,8939,
serial:COM8/motor_raw,1634454,1785394321478,8940,
serial:COM8/motor_raw,1634456,1785394321480,8937,
serial:COM8/motor_raw,1634458,1785394321482,8939,
serial:COM8/motor_raw,1634460,1785394321484,8938,
serial:COM8/motor_raw,1634462,1785394321486,8939,
serial:COM8/motor_raw,1634464,1785394321488,8938,
serial:COM8/motor_raw,1634466,1785394321490,8936,
serial:COM8/motor_raw,1634468,1785394321492,8936,
serial:COM8/motor_raw,1634470,1785394321494,8935,
serial:COM8/motor_raw,1634472,1785394321496,8935,
serial:COM8/motor_raw,1634474,1785394321498,8936,
serial:COM8/motor_raw,1634476,1785394321500,8940,
serial:COM8/motor_raw,1634478,1785394321502,8937,
serial:COM8/motor_raw,1634480,1785394321504,8936,
serial:COM8/motor_raw,1634482,1785394321506,8937,
serial:COM8/motor_raw,1634484,1785394321508,8939,
serial:COM8/motor_raw,1634486,1785394321510,8937,
serial:COM8/motor_raw,1634488,1785394321512,8939,
serial:COM8/motor_raw,1634490,1785394321514,8938,
serial:COM8/motor_raw,1634492,1785394321516,8938,
serial:COM8/motor_raw,1634494,1785394321518,8936,
serial:COM8/motor_raw,1634496,1785394321520,8938,
serial:COM8/motor_raw,1634498,1785394321522,8935,
serial:COM8/motor_raw,1634500,1785394321524,8938,
serial:COM8/motor_raw,1634502,1785394321526,8939,
serial:COM8/motor_raw,1634504,1785394321528,8937,
serial:COM8/motor_raw,1634506,1785394321530,8937,
serial:COM8/motor_raw,1634508,1785394321532,8937,
serial:COM8/motor_raw,1634510,1785394321534,8937,
serial:COM8/motor_raw,1634512,1785394321536,8938,
serial:COM8/motor_raw,1634514,1785394321538,8939,
serial:COM8/motor_raw,1634516,1785394321540,8939,
serial:COM8/motor_raw,1634518,1785394321542,8941,
serial:COM8/motor_raw,1634520,1785394321544,8935,
serial:COM8/motor_raw,1634522,1785394321546,8940,
serial:COM8/motor_raw,1634524,1785394321548,8936,
serial:COM8/motor_raw,1634526,1785394321550,8935,
serial:COM8/motor_raw,1634528,1785394321552,8934,
serial:COM8/motor_raw,1634530,1785394321554,8937,
serial:COM8/motor_raw,1634532,1785394321559,8940,
serial:COM8/motor_raw,1634534,1785394321559,8939,
serial:COM8/motor_raw,1634536,1785394321560,8937,
serial:COM8/motor_raw,1634538,1785394321562,8938,
serial:COM8/motor_raw,1634540,1785394321564,8937,
serial:COM8/motor_raw,1634542,1785394321566,8936,
serial:COM8/motor_raw,1634544,1785394321568,8935,
serial:COM8/motor_raw,1634546,1785394321570,8934,
serial:COM8/motor_raw,1634548,1785394321572,8938,
serial:COM8/motor_raw,1634550,1785394321574,8938,
serial:COM8/motor_raw,1634552,1785394321576,8938,
serial:COM8/motor_raw,1634554,1785394321578,8937,
serial:COM8/motor_raw,1634556,1785394321580,8937,
serial:COM8/motor_raw,1634558,1785394321582,8938,
serial:COM8/motor_raw,1634560,1785394321584,8937,
serial:COM8/motor_raw,1634562,1785394321586,8937,
serial:COM8/motor_raw,1634564,1785394321588,8937,
serial:COM8/motor_raw,1634566,1785394321590,8938,
serial:COM8/motor_raw,1634568,1785394321592,8937,
serial:COM8/motor_raw,1634570,1785394321594,8937,
serial:COM8/motor_raw,1634572,1785394321596,8940,
serial:COM8/motor_raw,1634574,1785394321598,8939,
serial:COM8/motor_raw,1634576,1785394321600,8936,
serial:COM8/motor_raw,1634578,1785394321602,8935,
serial:COM8/motor_raw,1634580,1785394321604,8938,
serial:COM8/motor_raw,1634582,1785394321606,8936,
serial:COM8/motor_raw,1634584,1785394321608,8938,
serial:COM8/motor_raw,1634586,1785394321610,8938,
serial:COM8/motor_raw,1634588,1785394321612,8939,
serial:COM8/motor_raw,1634590,1785394321614,8935,
serial:COM8/motor_raw,1634592,1785394321616,8937,
serial:COM8/motor_raw,1634594,1785394321618,8934,
serial:COM8/motor_raw,1634596,1785394321620,8939,
serial:COM8/motor_raw,1634598,1785394321622,8937,
serial:COM8/motor_raw,1634600,1785394321624,8936,
serial:COM8/motor_raw,1634602,1785394321626,8937,
serial:COM8/motor_raw,1634604,1785394321628,8938,
serial:COM8/motor_raw,1634606,1785394321630,8936,
serial:COM8/motor_raw,1634608,1785394321632,8935,
serial:COM8/motor_raw,1634610,1785394321634,8937,
serial:COM8/motor_raw,1634612,1785394321636,8937,
serial:COM8/motor_raw,1634614,1785394321638,8938,
serial:COM8/motor_raw,1634616,1785394321640,8934,
serial:COM8/motor_raw,1634618,1785394321642,8938,
serial:COM8/motor_raw,1634620,1785394321645,8938,
serial:COM8/motor_raw,1634622,1785394321646,8939,
serial:COM8/motor_raw,1634624,1785394321648,8937,
serial:COM8/motor_raw,1634626,1785394321650,8938,
serial:COM8/motor_raw,1634628,1785394321652,8936,
serial:COM8/motor_raw,1634630,1785394321654,8935,
serial:COM8/motor_raw,1634632,1785394321656,8937,
serial:COM8/motor_raw,1634634,1785394321658,8937,
serial:COM8/motor_raw,1634636,1785394321660,8938,
serial:COM8/motor_raw,1634638,1785394321662,8937,
serial:COM8/motor_raw,1634640,1785394321664,8937,
serial:COM8/motor_raw,1634642,1785394321666,8935,
serial:COM8/motor_raw,1634644,1785394321668,8934,
serial:COM8/motor_raw,1634646,1785394321670,8935,
serial:COM8/motor_raw,1634648,1785394321672,8936,
serial:COM8/motor_raw,1634650,1785394321674,8937,
serial:COM8/motor_raw,1634652,1785394321676,8941,
serial:COM8/motor_raw,1634654,1785394321678,8937,
serial:COM8/motor_raw,1634656,1785394321680,8939,
serial:COM8/motor_raw,1634658,1785394321682,8939,
serial:COM8/motor_raw,1634660,1785394321684,8937,
serial:COM8/motor_raw,1634662,1785394321686,8936,
serial:COM8/motor_raw,1634664,1785394321688,8935,
serial:COM8/motor_raw,1634666,1785394321690,8939,
serial:COM8/motor_raw,1634668,1785394321692,8940,
serial:COM8/motor_raw,1634670,1785394321694,8937,
serial:COM8/motor_raw,1634672,1785394321696,8936,
serial:COM8/motor_raw,1634674,1785394321698,8935,
serial:COM8/motor_raw,1634676,1785394321700,8937,
serial:COM8/motor_raw,1634678,1785394321702,8938,
serial:COM8/motor_raw,1634680,1785394321704,8937,
serial:COM8/motor_raw,1634682,1785394321706,8939,
serial:COM8/motor_raw,1634684,1785394321708,8938,
serial:COM8/motor_raw,1634686,1785394321710,8936,
serial:COM8/motor_raw,1634688,1785394321712,8937,
serial:COM8/motor_raw,1634690,1785394321714,8940,
serial:COM8/motor_raw,1634692,1785394321716,8938,
serial:COM8/motor_raw,1634694,1785394321718,8936,
serial:COM8/motor_raw,1634696,1785394321720,8936,
serial:COM8/motor_raw,1634698,1785394321722,8936,
serial:COM8/motor_raw,1634700,1785394321724,8938,
serial:COM8/motor_raw,1634702,1785394321726,8938,
serial:COM8/motor_raw,1634704,1785394321728,8935,
serial:COM8/motor_raw,1634706,1785394321730,8937,
serial:COM8/motor_raw,1634708,1785394321732,8936,
serial:COM8/motor_raw,1634710,1785394321734,8937,
serial:COM8/motor_raw,1634712,1785394321736,8939,
serial:COM8/motor_raw,1634714,1785394321738,8938,
serial:COM8/motor_raw,1634716,1785394321740,8936,
serial:COM8/motor_raw,1634718,1785394321742,8935,
serial:COM8/motor_raw,1634720,1785394321744,8936,
serial:COM8/motor_raw,1634722,1785394321746,8938,
serial:COM8/motor_raw,1634724,1785394321748,8938,
serial:COM8/motor_raw,1634726,1785394321750,8936,
serial:COM8/motor_raw,1634728,1785394321752,8938,
serial:COM8/motor_raw,1634730,1785394321754,8936,
serial:COM8/motor_raw,1634732,1785394321759,8939,
serial:COM8/motor_raw,1634734,1785394321759,8936,
serial:COM8/motor_raw,1634736,1785394321760,8935,
serial:COM8/motor_raw,1634738,1785394321762,8936,
serial:COM8/motor_raw,1634740,1785394321764,8936,
serial:COM8/motor_raw,1634742,1785394321766,8935,
serial:COM8/motor_raw,1634744,1785394321768,8937,
serial:COM8/motor_raw,1634746,1785394321770,8939,
serial:COM8/motor_raw,1634748,1785394321772,8937,
serial:COM8/motor_raw,1634750,1785394321774,8939,
serial:COM8/motor_raw,1634752,1785394321776,8939,
serial:COM8/motor_raw,1634754,1785394321778,8935,
serial:COM8/motor_raw,1634756,1785394321780,8941,
serial:COM8/motor_raw,1634758,1785394321782,8937,
serial:COM8/motor_raw,1634760,1785394321784,8938,
serial:COM8/motor_raw,1634762,1785394321786,8937,
serial:COM8/motor_raw,1634764,1785394321788,8934,
serial:COM8/motor_raw,1634766,1785394321790,8939,
serial:COM8/motor_raw,1634768,1785394321792,8935,
serial:COM8/motor_raw,1634770,1785394321794,8935,
serial:COM8/motor_raw,1634772,1785394321796,8937,
serial:COM8/motor_raw,1634774,1785394321798,8935,
serial:COM8/motor_raw,1634776,1785394321800,8937,
serial:COM8/motor_raw,1634778,1785394321802,8940,
serial:COM8/motor_raw,1634780,1785394321804,8937,
serial:COM8/motor_raw,1634782,1785394321806,8936,
serial:COM8/motor_raw,1634784,1785394321808,8938,
serial:COM8/motor_raw,1634786,1785394321810,8935,
serial:COM8/motor_raw,1634788,1785394321812,8935,
serial:COM8/motor_raw,1634790,1785394321814,8935,
serial:COM8/motor_raw,1634792,1785394321816,8937,
serial:COM8/motor_raw,1634794,1785394321818,8936,
serial:COM8/motor_raw,1634796,1785394321820,8938,
serial:COM8/motor_raw,1634798,1785394321822,8937,
serial:COM8/motor_raw,1634800,1785394321824,8938,
serial:COM8/motor_raw,1634802,1785394321826,8938,
serial:COM8/motor_raw,1634804,1785394321828,8938,
serial:COM8/motor_raw,1634806,1785394321830,8939,
serial:COM8/motor_raw,1634808,1785394321832,8936,
serial:COM8/motor_raw,1634810,1785394321834,8936,
serial:COM8/motor_raw,1634812,1785394321836,8938,
serial:COM8/motor_raw,1634814,1785394321838,8935,
serial:COM8/motor_raw,1634816,1785394321840,8937,
serial:COM8/motor_raw,1634818,1785394321842,8935,
serial:COM8/motor_raw,1634820,1785394321844,8937,
serial:COM8/motor_raw,1634822,1785394321846,8939,
serial:COM8/motor_raw,1634824,1785394321848,8939,
serial:COM8/motor_raw,1634826,1785394321850,8937,
serial:COM8/motor_raw,1634828,1785394321852,8937,
serial:COM8/motor_raw,1634830,1785394321854,8937,
serial:COM8/motor_raw,1634832,1785394321856,8938,
serial:COM8/motor_raw,1634834,1785394321858,8937,
serial:COM8/motor_raw,1634836,1785394321860,8937,
serial:COM8/motor_raw,1634838,1785394321862,8937,
serial:COM8/motor_raw,1634840,1785394321864,8937,
serial:COM8/motor_raw,1634842,1785394321866,8938,
serial:COM8/motor_raw,1634844,1785394321868,8938,
serial:COM8/motor_raw,1634846,1785394321870,8938,
serial:COM8/motor_raw,1634848,1785394321872,8937,
serial:COM8/motor_raw,1634850,1785394321874,8937,
serial:COM8/motor_raw,1634852,1785394321876,8937,
serial:COM8/motor_raw,1634854,1785394321878,8935,
serial:COM8/motor_raw,1634856,1785394321880,8938,
serial:COM8/motor_raw,1634858,1785394321882,8936,
serial:COM8/motor_raw,1634860,1785394321884,8939,
serial:COM8/motor_raw,1634862,1785394321886,8936,
serial:COM8/motor_raw,1634864,1785394321888,8937,
serial:COM8/motor_raw,1634866,1785394321890,8938,
serial:COM8/motor_raw,1634868,1785394321892,8940,
serial:COM8/motor_raw,1634870,1785394321894,8938,
serial:COM8/motor_raw,1634872,1785394321896,8939,
serial:COM8/motor_raw,1634874,1785394321898,8938,
serial:COM8/motor_raw,1634876,1785394321900,8937,
serial:COM8/motor_raw,1634878,1785394321902,8938,
serial:COM8/motor_raw,1634880,1785394321904,8937,
serial:COM8/motor_raw,1634882,1785394321906,8934,
serial:COM8/motor_raw,1634884,1785394321908,8938,
serial:COM8/motor_raw,1634886,1785394321910,8938,
serial:COM8/motor_raw,1634888,1785394321912,8936,
serial:COM8/motor_raw,1634890,1785394321914,8937,
serial:COM8/motor_raw,1634892,1785394321916,8937,
serial:COM8/motor_raw,1634894,1785394321918,8936,
serial:COM8/motor_raw,1634896,1785394321920,8935,
serial:COM8/motor_raw,1634898,1785394321922,8939,
serial:COM8/motor_raw,1634900,1785394321924,8937,
serial:COM8/motor_raw,1634902,1785394321926,8938,
serial:COM8/motor_raw,1634904,1785394321928,8936,
serial:COM8/motor_raw,1634906,1785394321930,8938,
serial:COM8/motor_raw,1634908,1785394321932,8936,
serial:COM8/motor_raw,1634910,1785394321934,8938,
serial:COM8/motor_raw,1634912,1785394321936,8935,
serial:COM8/motor_raw,1634914,1785394321938,8938,
serial:COM8/motor_raw,1634916,1785394321940,8934,
serial:COM8/motor_raw,1634918,1785394321942,8939,
serial:COM8/motor_raw,1634920,1785394321944,8938,
serial:COM8/motor_raw,1634922,1785394321946,8937,
serial:COM8/motor_raw,1634924,1785394321948,8939,
serial:COM8/motor_raw,1634926,1785394321950,8935,
serial:COM8/motor_raw,1634928,1785394321952,8937,
serial:COM8/motor_raw,1634930,1785394321954,8936,
serial:COM8/motor_raw,1634932,1785394321959,8937,
serial:COM8/motor_raw,1634934,1785394321959,8937,
serial:COM8/motor_raw,1634936,1785394321960,8938,
serial:COM8/motor_raw,1634938,1785394321962,8938,
serial:COM8/motor_raw,1634940,1785394321964,8937,
serial:COM8/motor_raw,1634942,1785394321966,8937,
serial:COM8/motor_raw,1634944,1785394321968,8938,
serial:COM8/motor_raw,1634946,1785394321970,8938,
serial:COM8/motor_raw,1634948,1785394321972,8938,
serial:COM8/motor_raw,1634950,1785394321974,8937,
serial:COM8/motor_raw,1634952,1785394321976,8939,
serial:COM8/motor_raw,1634954,1785394321978,8937,
serial:COM8/motor_raw,1634956,1785394321980,8936,
serial:COM8/motor_raw,1634958,1785394321982,8935,
serial:COM8/motor_raw,1634960,1785394321984,8937,
serial:COM8/motor_raw,1634962,1785394321986,8936,
serial:COM8/motor_raw,1634964,1785394321988,8936,
serial:COM8/motor_raw,1634966,1785394321990,8935,
serial:COM8/motor_raw,1634968,1785394321992,8937,
serial:COM8/motor_raw,1634970,1785394321994,8939,
serial:COM8/motor_raw,1634972,1785394321996,8937,
serial:COM8/motor_raw,1634974,1785394321998,8937,
serial:COM8/motor_raw,1634976,1785394322000,8936,
serial:COM8/motor_raw,1634978,1785394322002,8937,
serial:COM8/motor_raw,1634980,1785394322004,8938,
serial:COM8/motor_raw,1634982,1785394322006,8937,
serial:COM8/motor_raw,1634984,1785394322008,8937,
serial:COM8/motor_raw,1634986,1785394322010,8940,
serial:COM8/motor_raw,1634988,1785394322012,8934,
serial:COM8/motor_raw,1634990,1785394322014,8939,
serial:COM8/motor_raw,1634992,1785394322016,8937,
serial:COM8/motor_raw,1634994,1785394322018,8936,
serial:COM8/motor_raw,1634996,1785394322020,8936,
serial:COM8/motor_raw,1634998,1785394322022,8937,
serial:COM8/motor_raw,1635000,1785394322024,8936,
serial:COM8/motor_raw,1635002,1785394322026,8938,
serial:COM8/motor_raw,1635004,1785394322028,8939,
serial:COM8/motor_raw,1635006,1785394322030,8939,
serial:COM8/motor_raw,1635008,1785394322032,8938,
serial:COM8/motor_raw,1635010,1785394322034,8936,
serial:COM8/motor_raw,1635012,1785394322036,8937,
serial:COM8/motor_raw,1635014,1785394322038,8936,
serial:COM8/motor_raw,1635016,1785394322040,8939,
serial:COM8/motor_raw,1635018,1785394322042,8935,
serial:COM8/motor_raw,1635020,1785394322044,8934,
serial:COM8/motor_raw,1635022,1785394322046,8938,
serial:COM8/motor_raw,1635024,1785394322048,8936,
serial:COM8/motor_raw,1635026,1785394322050,8936,
serial:COM8/motor_raw,1635028,1785394322052,8936,
serial:COM8/motor_raw,1635030,1785394322054,8938,
serial:COM8/motor_raw,1635032,1785394322056,8938,
serial:COM8/motor_raw,1635034,1785394322058,8938,
serial:COM8/motor_raw,1635036,1785394322060,8937,
serial:COM8/motor_raw,1635038,1785394322062,8936,
serial:COM8/motor_raw,1635040,1785394322064,8937,
serial:COM8/motor_raw,1635042,1785394322066,8936,
serial:COM8/motor_raw,1635044,1785394322068,8935,
serial:COM8/motor_raw,1635046,1785394322070,8935,
serial:COM8/motor_raw,1635048,1785394322072,8937,
serial:COM8/motor_raw,1635050,1785394322074,8935,
serial:COM8/motor_raw,1635052,1785394322076,8936,
serial:COM8/motor_raw,1635054,1785394322078,8935,
serial:COM8/motor_raw,1635056,1785394322080,8938,
serial:COM8/motor_raw,1635058,1785394322082,8938,
serial:COM8/motor_raw,1635060,1785394322084,8937,
serial:COM8/motor_raw,1635062,1785394322086,8938,
serial:COM8/motor_raw,1635064,1785394322088,8939,
serial:COM8/motor_raw,1635066,1785394322090,8935,
serial:COM8/motor_raw,1635068,1785394322092,8936,
serial:COM8/motor_raw,1635070,1785394322094,8938,
serial:COM8/motor_raw,1635072,1785394322096,8938,
serial:COM8/motor_raw,1635074,1785394322098,8936,
serial:COM8/motor_raw,1635076,1785394322100,8937,
serial:COM8/motor_raw,1635078,1785394322102,8938,
serial:COM8/motor_raw,1635080,1785394322104,8936,
serial:COM8/motor_raw,1635082,1785394322106,8935,
serial:COM8/motor_raw,1635084,1785394322108,8937,
serial:COM8/motor_raw,1635086,1785394322110,8936,
serial:COM8/motor_raw,1635088,1785394322112,8937,
serial:COM8/motor_raw,1635090,1785394322114,8937,
serial:COM8/motor_raw,1635092,1785394322116,8937,
serial:COM8/motor_raw,1635094,1785394322118,8937,
serial:COM8/motor_raw,1635096,1785394322120,8937,
serial:COM8/motor_raw,1635098,1785394322122,8935,
serial:COM8/motor_raw,1635100,1785394322124,8940,
serial:COM8/motor_raw,1635102,1785394322126,8937,
serial:COM8/motor_raw,1635104,1785394322128,8936,
serial:COM8/motor_raw,1635106,1785394322130,8937,
serial:COM8/motor_raw,1635108,1785394322132,8937,
serial:COM8/motor_raw,1635110,1785394322134,8936,
serial:COM8/motor_raw,1635112,1785394322136,8936,
serial:COM8/motor_raw,1635114,1785394322138,8935,
serial:COM8/motor_raw,1635116,1785394322140,8936,
serial:COM8/motor_raw,1635118,1785394322142,8938,
serial:COM8/motor_raw,1635120,1785394322144,8938,
serial:COM8/motor_raw,1635122,1785394322146,8935,
serial:COM8/motor_raw,1635124,1785394322148,8935,
serial:COM8/motor_raw,1635126,1785394322150,8933,
serial:COM8/motor_raw,1635128,1785394322152,8933,
serial:COM8/motor_raw,1635130,1785394322154,8938,
serial:COM8/motor_raw,1635132,1785394322159,8939,
serial:COM8/motor_raw,1635134,1785394322159,8939,
serial:COM8/motor_raw,1635136,1785394322160,8937,
serial:COM8/motor_raw,1635138,1785394322162,8937,
serial:COM8/motor_raw,1635140,1785394322164,8938,
serial:COM8/motor_raw,1635142,1785394322166,8935,
serial:COM8/motor_raw,1635144,1785394322168,8937,
serial:COM8/motor_raw,1635146,1785394322170,8936,
serial:COM8/motor_raw,1635148,1785394322172,8935,
serial:COM8/motor_raw,1635150,1785394322174,8935,
serial:COM8/motor_raw,1635152,1785394322176,8937,
serial:COM8/motor_raw,1635154,1785394322178,8937,
serial:COM8/motor_raw,1635156,1785394322180,8936,
serial:COM8/motor_raw,1635158,1785394322182,8935,
serial:COM8/motor_raw,1635160,1785394322184,8938,
serial:COM8/motor_raw,1635162,1785394322186,8940,
serial:COM8/motor_raw,1635164,1785394322188,8934,
serial:COM8/motor_raw,1635166,1785394322190,8935,
serial:COM8/motor_raw,1635168,1785394322192,8938,
serial:COM8/motor_raw,1635170,1785394322194,8937,
serial:COM8/motor_raw,1635172,1785394322196,8939,
serial:COM8/motor_raw,1635174,1785394322198,8938,
serial:COM8/motor_raw,1635176,1785394322200,8936,
serial:COM8/motor_raw,1635178,1785394322202,8939,
serial:COM8/motor_raw,1635180,1785394322204,8938,
serial:COM8/motor_raw,1635182,1785394322206,8938,
serial:COM8/motor_raw,1635184,1785394322208,8936,
serial:COM8/motor_raw,1635186,1785394322210,8938,
serial:COM8/motor_raw,1635188,1785394322212,8937,
serial:COM8/motor_raw,1635190,1785394322214,8935,
serial:COM8/motor_raw,1635192,1785394322216,8940,
serial:COM8/motor_raw,1635194,1785394322218,8935,
serial:COM8/motor_raw,1635196,1785394322220,8938,
serial:COM8/motor_raw,1635198,1785394322222,8938,
serial:COM8/motor_raw,1635200,1785394322224,8937,
serial:COM8/motor_raw,1635202,1785394322226,8940,
serial:COM8/motor_raw,1635204,1785394322228,8937,
serial:COM8/motor_raw,1635206,1785394322230,8937,
serial:COM8/motor_raw,1635208,1785394322232,8938,
serial:COM8/motor_raw,1635210,1785394322234,8939,
serial:COM8/motor_raw,1635212,1785394322236,8938,
serial:COM8/motor_raw,1635214,1785394322238,8938,
serial:COM8/motor_raw,1635216,1785394322240,8937,
serial:COM8/motor_raw,1635218,1785394322242,8939,
serial:COM8/motor_raw,1635220,1785394322244,8937,
serial:COM8/motor_raw,1635222,1785394322246,8935,
serial:COM8/motor_raw,1635224,1785394322248,8936,
serial:COM8/motor_raw,1635226,1785394322250,8937,
serial:COM8/motor_raw,1635228,1785394322252,8935,
serial:COM8/motor_raw,1635230,1785394322254,8939,
serial:COM8/motor_raw,1635232,1785394322256,8935,
serial:COM8/motor_raw,1635234,1785394322258,8937,
serial:COM8/motor_raw,1635236,1785394322260,8937,
serial:COM8/motor_raw,1635238,1785394322262,8937,
serial:COM8/motor_raw,1635240,1785394322264,8936,
serial:COM8/motor_raw,1635242,1785394322266,8935,
serial:COM8/motor_raw,1635244,1785394322268,8937,
serial:COM8/motor_raw,1635246,1785394322270,8935,
serial:COM8/motor_raw,1635248,1785394322272,8935,
serial:COM8/motor_raw,1635250,1785394322274,8939,
serial:COM8/motor_raw,1635252,1785394322276,8937,
serial:COM8/motor_raw,1635254,1785394322278,8938,
serial:COM8/motor_raw,1635256,1785394322280,8938,
serial:COM8/motor_raw,1635258,1785394322282,8937,
serial:COM8/motor_raw,1635260,1785394322284,8938,
serial:COM8/motor_raw,1635262,1785394322286,8937,
serial:COM8/motor_raw,1635264,1785394322288,8939,
serial:COM8/motor_raw,1635266,1785394322290,8937,
serial:COM8/motor_raw,1635268,1785394322292,8937,
serial:COM8/motor_raw,1635270,1785394322294,8937,
serial:COM8/motor_raw,1635272,1785394322296,8938,
serial:COM8/motor_raw,1635274,1785394322298,8938,
serial:COM8/motor_raw,1635276,1785394322300,8937,
serial:COM8/motor_raw,1635278,1785394322302,8937,
serial:COM8/motor_raw,1635280,1785394322304,8935,
serial:COM8/motor_raw,1635282,1785394322306,8937,
serial:COM8/motor_raw,1635284,1785394322308,8937,
serial:COM8/motor_raw,1635286,1785394322310,8934,
serial:COM8/motor_raw,1635288,1785394322312,8937,
serial:COM8/motor_raw,1635290,1785394322314,8937,
serial:COM8/motor_raw,1635292,1785394322316,8937,
serial:COM8/motor_raw,1635294,1785394322318,8937,
serial:COM8/motor_raw,1635296,1785394322320,8937,
serial:COM8/motor_raw,1635298,1785394322322,8940,
serial:COM8/motor_raw,1635300,1785394322324,8938,
serial:COM8/motor_raw,1635302,1785394322326,8940,
serial:COM8/motor_raw,1635304,1785394322328,8938,
serial:COM8/motor_raw,1635306,1785394322330,8938,
serial:COM8/motor_raw,1635308,1785394322332,8937,
serial:COM8/motor_raw,1635310,1785394322334,8935,
serial:COM8/motor_raw,1635312,1785394322336,8938,
serial:COM8/motor_raw,1635314,1785394322338,8936,
serial:COM8/motor_raw,1635316,1785394322340,8937,
serial:COM8/motor_raw,1635318,1785394322342,8938,
serial:COM8/motor_raw,1635320,1785394322344,8935,
serial:COM8/motor_raw,1635322,1785394322346,8940,
serial:COM8/motor_raw,1635324,1785394322348,8938,
serial:COM8/motor_raw,1635326,1785394322350,8940,
serial:COM8/motor_raw,1635328,1785394322352,8938,
serial:COM8/motor_raw,1635330,1785394322354,8938,
serial:COM8/motor_raw,1635332,1785394322359,8938,
serial:COM8/motor_raw,1635334,1785394322359,8935,
serial:COM8/motor_raw,1635336,1785394322360,8936,
serial:COM8/motor_raw,1635338,1785394322362,8934,
serial:COM8/motor_raw,1635340,1785394322364,8938,
serial:COM8/motor_raw,1635342,1785394322366,8938,
serial:COM8/motor_raw,1635344,1785394322368,8937,
serial:COM8/motor_raw,1635346,1785394322370,8938,
serial:COM8/motor_raw,1635348,1785394322372,8938,
serial:COM8/motor_raw,1635350,1785394322374,8940,
serial:COM8/motor_raw,1635352,1785394322376,8938,
serial:COM8/motor_raw,1635354,1785394322378,8937,
serial:COM8/motor_raw,1635356,1785394322380,8939,
serial:COM8/motor_raw,1635358,1785394322382,8937,
serial:COM8/motor_raw,1635360,1785394322384,8939,
serial:COM8/motor_raw,1635362,1785394322386,8935,
serial:COM8/motor_raw,1635364,1785394322388,8938,
serial:COM8/motor_raw,1635366,1785394322390,8936,
serial:COM8/motor_raw,1635368,1785394322392,8939,
serial:COM8/motor_raw,1635370,1785394322394,8937,
serial:COM8/motor_raw,1635372,1785394322396,8937,
serial:COM8/motor_raw,1635374,1785394322398,8937,
serial:COM8/motor_raw,1635376,1785394322400,8938,
serial:COM8/motor_raw,1635378,1785394322402,8936,
serial:COM8/motor_raw,1635380,1785394322404,8938,
serial:COM8/motor_raw,1635382,1785394322406,8938,
serial:COM8/motor_raw,1635384,1785394322408,8936,
serial:COM8/motor_raw,1635386,1785394322410,8939,
serial:COM8/motor_raw,1635388,1785394322412,8938,
serial:COM8/motor_raw,1635390,1785394322414,8937,
serial:COM8/motor_raw,1635392,1785394322416,8937,
serial:COM8/motor_raw,1635394,1785394322418,8939,
serial:COM8/motor_raw,1635396,1785394322420,8939,
serial:COM8/motor_raw,1635398,1785394322422,8937,
serial:COM8/motor_raw,1635400,1785394322424,8938,
serial:COM8/motor_raw,1635402,1785394322426,8940,
serial:COM8/motor_raw,1635404,1785394322428,8939,
serial:COM8/motor_raw,1635406,1785394322430,8937,
serial:COM8/motor_raw,1635408,1785394322432,8936,
serial:COM8/motor_raw,1635410,1785394322434,8935,
serial:COM8/motor_raw,1635412,1785394322436,8939,
serial:COM8/motor_raw,1635414,1785394322438,8938,
serial:COM8/motor_raw,1635416,1785394322440,8936,
serial:COM8/motor_raw,1635418,1785394322442,8936,
serial:COM8/motor_raw,1635420,1785394322444,8939,
serial:COM8/motor_raw,1635422,1785394322446,8937,
serial:COM8/motor_raw,1635424,1785394322448,8938,
serial:COM8/motor_raw,1635426,1785394322450,8938,
serial:COM8/motor_raw,1635428,1785394322452,8935,
serial:COM8/motor_raw,1635430,1785394322454,8937,
serial:COM8/motor_raw,1635432,1785394322456,8935,
serial:COM8/motor_raw,1635434,1785394322458,8936,
serial:COM8/motor_raw,1635436,1785394322460,8940,
serial:COM8/motor_raw,1635438,1785394322462,8936,
serial:COM8/motor_raw,1635440,1785394322464,8936,
serial:COM8/motor_raw,1635442,1785394322466,8937,
serial:COM8/motor_raw,1635444,1785394322468,8935,
serial:COM8/motor_raw,1635446,1785394322470,8938,
serial:COM8/motor_raw,1635448,1785394322472,8938,
serial:COM8/motor_raw,1635450,1785394322474,8939,
serial:COM8/motor_raw,1635452,1785394322476,8938,
serial:COM8/motor_raw,1635454,1785394322478,8937,
serial:COM8/motor_raw,1635456,1785394322480,8937,
serial:COM8/motor_raw,1635458,1785394322482,8936,
serial:COM8/motor_raw,1635460,1785394322484,8936,
serial:COM8/motor_raw,1635462,1785394322486,8936,
serial:COM8/motor_raw,1635464,1785394322488,8937,
serial:COM8/motor_raw,1635466,1785394322490,8937,
serial:COM8/motor_raw,1635468,1785394322492,8939,
serial:COM8/motor_raw,1635470,1785394322494,8936,
serial:COM8/motor_raw,1635472,1785394322496,8938,
serial:COM8/motor_raw,1635474,1785394322498,8935,
serial:COM8/motor_raw,1635476,1785394322500,8939,
serial:COM8/motor_raw,1635478,1785394322502,8938,
serial:COM8/motor_raw,1635480,1785394322504,8937,
serial:COM8/motor_raw,1635482,1785394322506,8939,
serial:COM8/motor_raw,1635484,1785394322508,8938,
serial:COM8/motor_raw,1635486,1785394322510,8938,
serial:COM8/motor_raw,1635488,1785394322512,8938,
serial:COM8/motor_raw,1635490,1785394322514,8939,
serial:COM8/motor_raw,1635492,1785394322516,8942,
serial:COM8/motor_raw,1635494,1785394322518,8937,
serial:COM8/motor_raw,1635496,1785394322520,8937,
serial:COM8/motor_raw,1635498,1785394322522,8938,
serial:COM8/motor_raw,1635500,1785394322524,8935,
serial:COM8/motor_raw,1635502,1785394322526,8937,
serial:COM8/motor_raw,1635504,1785394322528,8937,
serial:COM8/motor_raw,1635506,1785394322530,8938,
serial:COM8/motor_raw,1635508,1785394322532,8935,
serial:COM8/motor_raw,1635510,1785394322534,8938,
serial:COM8/motor_raw,1635512,1785394322536,8936,
serial:COM8/motor_raw,1635514,1785394322538,8937,
serial:COM8/motor_raw,1635516,1785394322540,8938,
serial:COM8/motor_raw,1635518,1785394322542,8935,
serial:COM8/motor_raw,1635520,1785394322544,8935,
serial:COM8/motor_raw,1635522,1785394322546,8936,
serial:COM8/motor_raw,1635524,1785394322548,8937,
serial:COM8/motor_raw,1635526,1785394322550,8933,
serial:COM8/motor_raw,1635528,1785394322552,8938,
serial:COM8/motor_raw,1635530,1785394322554,8938,
serial:COM8/motor_raw,1635532,1785394322559,8939,
serial:COM8/motor_raw,1635534,1785394322559,8937,
serial:COM8/motor_raw,1635536,1785394322560,8938,
serial:COM8/motor_raw,1635538,1785394322562,8935,
serial:COM8/motor_raw,1635540,1785394322564,8938,
serial:COM8/motor_raw,1635542,1785394322566,8937,
serial:COM8/motor_raw,1635544,1785394322568,8935,
serial:COM8/motor_raw,1635546,1785394322570,8936,
serial:COM8/motor_raw,1635548,1785394322572,8936,
serial:COM8/motor_raw,1635550,1785394322574,8937,
serial:COM8/motor_raw,1635552,1785394322576,8934,
serial:COM8/motor_raw,1635554,1785394322578,8939,
serial:COM8/motor_raw,1635556,1785394322580,8938,
serial:COM8/motor_raw,1635558,1785394322582,8935,
serial:COM8/motor_raw,1635560,1785394322584,8935,
serial:COM8/motor_raw,1635562,1785394322586,8938,
serial:COM8/motor_raw,1635564,1785394322588,8937,
serial:COM8/motor_raw,1635566,1785394322590,8937,
serial:COM8/motor_raw,1635568,1785394322592,8940,
serial:COM8/motor_raw,1635570,1785394322594,8939,
serial:COM8/motor_raw,1635572,1785394322596,8938,
serial:COM8/motor_raw,1635574,1785394322598,8938,
serial:COM8/motor_raw,1635576,1785394322600,8936,
serial:COM8/motor_raw,1635578,1785394322602,8937,
serial:COM8/motor_raw,1635580,1785394322604,8937,
serial:COM8/motor_raw,1635582,1785394322606,8937,
serial:COM8/motor_raw,1635584,1785394322608,8938,
serial:COM8/motor_raw,1635586,1785394322610,8938,
serial:COM8/motor_raw,1635588,1785394322612,8937,
serial:COM8/motor_raw,1635590,1785394322614,8935,
serial:COM8/motor_raw,1635592,1785394322616,8939,
serial:COM8/motor_raw,1635594,1785394322618,8937,
serial:COM8/motor_raw,1635596,1785394322620,8938,
serial:COM8/motor_raw,1635598,1785394322622,8941,
serial:COM8/motor_raw,1635600,1785394322624,8936,
serial:COM8/motor_raw,1635602,1785394322626,8935,
serial:COM8/motor_raw,1635604,1785394322628,8938,
serial:COM8/motor_raw,1635606,1785394322630,8936,
serial:COM8/motor_raw,1635608,1785394322632,8938,
serial:COM8/motor_raw,1635610,1785394322634,8942,
serial:COM8/motor_raw,1635612,1785394322636,8935,
serial:COM8/motor_raw,1635614,1785394322638,8941,
serial:COM8/motor_raw,1635616,1785394322640,8935,
serial:COM8/motor_raw,1635618,1785394322642,8935,
serial:COM8/motor_raw,1635620,1785394322644,8936,
serial:COM8/motor_raw,1635622,1785394322646,8936,
serial:COM8/motor_raw,1635624,1785394322648,8937,
serial:COM8/motor_raw,1635626,1785394322650,8935,
serial:COM8/motor_raw,1635628,1785394322652,8936,
serial:COM8/motor_raw,1635630,1785394322654,8939,
serial:COM8/motor_raw,1635632,1785394322656,8937,
serial:COM8/motor_raw,1635634,1785394322658,8939,
serial:COM8/motor_raw,1635636,1785394322660,8936,
serial:COM8/motor_raw,1635638,1785394322662,8935,
serial:COM8/motor_raw,1635640,1785394322664,8935,
serial:COM8/motor_raw,1635642,1785394322666,8938,
serial:COM8/motor_raw,1635644,1785394322668,8934,
serial:COM8/motor_raw,1635646,1785394322670,8939,
serial:COM8/motor_raw,1635648,1785394322672,8937,
serial:COM8/motor_raw,1635650,1785394322674,8938,
serial:COM8/motor_raw,1635652,1785394322676,8941,
serial:COM8/motor_raw,1635654,1785394322678,8937,
serial:COM8/motor_raw,1635656,1785394322680,8938,
serial:COM8/motor_raw,1635658,1785394322682,8936,
serial:COM8/motor_raw,1635660,1785394322684,8939,
serial:COM8/motor_raw,1635662,1785394322686,8938,
serial:COM8/motor_raw,1635664,1785394322688,8938,
serial:COM8/motor_raw,1635666,1785394322690,8935,
serial:COM8/motor_raw,1635668,1785394322692,8937,
serial:COM8/motor_raw,1635670,1785394322694,8937,
serial:COM8/motor_raw,1635672,1785394322696,8937,
serial:COM8/motor_raw,1635674,1785394322698,8938,
serial:COM8/motor_raw,1635676,1785394322700,8938,
serial:COM8/motor_raw,1635678,1785394322702,8937,
serial:COM8/motor_raw,1635680,1785394322704,8936,
serial:COM8/motor_raw,1635682,1785394322706,8936,
serial:COM8/motor_raw,1635684,1785394322708,8939,
serial:COM8/motor_raw,1635686,1785394322710,8937,
serial:COM8/motor_raw,1635688,1785394322712,8936,
serial:COM8/motor_raw,1635690,1785394322714,8939,
serial:COM8/motor_raw,1635692,1785394322716,8936,
serial:COM8/motor_raw,1635694,1785394322718,8938,
serial:COM8/motor_raw,1635696,1785394322720,8939,
serial:COM8/motor_raw,1635698,1785394322722,8936,
serial:COM8/motor_raw,1635700,1785394322724,8938,
serial:COM8/motor_raw,1635702,1785394322726,8937,
serial:COM8/motor_raw,1635704,1785394322728,8936,
serial:COM8/motor_raw,1635706,1785394322730,8935,
serial:COM8/motor_raw,1635708,1785394322732,8936,
serial:COM8/motor_raw,1635710,1785394322734,8938,
serial:COM8/motor_raw,1635712,1785394322736,8937,
serial:COM8/motor_raw,1635714,1785394322738,8939,
serial:COM8/motor_raw,1635716,1785394322740,8935,
serial:COM8/motor_raw,1635718,1785394322742,8938,
serial:COM8/motor_raw,1635720,1785394322744,8936,
serial:COM8/motor_raw,1635722,1785394322746,8937,
serial:COM8/motor_raw,1635724,1785394322748,8936,
serial:COM8/motor_raw,1635726,1785394322750,8938,
serial:COM8/motor_raw,1635728,1785394322752,8935,
serial:COM8/motor_raw,1635730,1785394322754,8937,
serial:COM8/motor_raw,1635732,1785394322759,8935,
serial:COM8/motor_raw,1635734,1785394322759,8937,
serial:COM8/motor_raw,1635736,1785394322760,8935,
serial:COM8/motor_raw,1635738,1785394322762,8939,
serial:COM8/motor_raw,1635740,1785394322764,8934,
serial:COM8/motor_raw,1635742,1785394322766,8940,
serial:COM8/motor_raw,1635744,1785394322768,8936,
serial:COM8/motor_raw,1635746,1785394322770,8938,
serial:COM8/motor_raw,1635748,1785394322772,8938,
serial:COM8/motor_raw,1635750,1785394322774,8936,
serial:COM8/motor_raw,1635752,1785394322776,8940,
serial:COM8/motor_raw,1635754,1785394322778,8938,
serial:COM8/motor_raw,1635756,1785394322780,8936,
serial:COM8/motor_raw,1635758,1785394322782,8938,
serial:COM8/motor_raw,1635760,1785394322784,8938,
serial:COM8/motor_raw,1635762,1785394322786,8936,
serial:COM8/motor_raw,1635764,1785394322788,8939,
serial:COM8/motor_raw,1635766,1785394322790,8939,
serial:COM8/motor_raw,1635768,1785394322792,8937,
serial:COM8/motor_raw,1635770,1785394322794,8937,
serial:COM8/motor_raw,1635772,1785394322796,8937,
serial:COM8/motor_raw,1635774,1785394322798,8936,
serial:COM8/motor_raw,1635776,1785394322800,8938,
serial:COM8/motor_raw,1635778,1785394322802,8938,
serial:COM8/motor_raw,1635780,1785394322804,8937,
serial:COM8/motor_raw,1635782,1785394322806,8938,
serial:COM8/motor_raw,1635784,1785394322808,8937,
serial:COM8/motor_raw,1635786,1785394322810,8937,
serial:COM8/motor_raw,1635788,1785394322812,8936,
serial:COM8/motor_raw,1635790,1785394322814,8936,
serial:COM8/motor_raw,1635792,1785394322816,8935,
serial:COM8/motor_raw,1635794,1785394322818,8938,
serial:COM8/motor_raw,1635796,1785394322820,8938,
serial:COM8/motor_raw,1635798,1785394322822,8938,
serial:COM8/motor_raw,1635800,1785394322824,8937,
serial:COM8/motor_raw,1635802,1785394322826,8936,
serial:COM8/motor_raw,1635804,1785394322828,8939,
serial:COM8/motor_raw,1635806,1785394322830,8938,
serial:COM8/motor_raw,1635808,1785394322832,8937,
serial:COM8/motor_raw,1635810,1785394322834,8936,
serial:COM8/motor_raw,1635812,1785394322836,8936,
serial:COM8/motor_raw,1635814,1785394322838,8937,
serial:COM8/motor_raw,1635816,1785394322840,8937,
serial:COM8/motor_raw,1635818,1785394322842,8938,
serial:COM8/motor_raw,1635820,1785394322844,8937,
serial:COM8/motor_raw,1635822,1785394322846,8937,
serial:COM8/motor_raw,1635824,1785394322848,8935,
serial:COM8/motor_raw,1635826,1785394322850,8938,
serial:COM8/motor_raw,1635828,1785394322852,8937,
serial:COM8/motor_raw,1635830,1785394322854,8937,
serial:COM8/motor_raw,1635832,1785394322856,8936,
serial:COM8/motor_raw,1635834,1785394322858,8939,
serial:COM8/motor_raw,1635836,1785394322860,8939,
serial:COM8/motor_raw,1635838,1785394322862,8935,
serial:COM8/motor_raw,1635840,1785394322864,8937,
serial:COM8/motor_raw,1635842,1785394322866,8937,
serial:COM8/motor_raw,1635844,1785394322868,8935,
serial:COM8/motor_raw,1635846,1785394322870,8938,
serial:COM8/motor_raw,1635848,1785394322872,8936,
serial:COM8/motor_raw,1635850,1785394322874,8938,
serial:COM8/motor_raw,1635852,1785394322876,8936,
serial:COM8/motor_raw,1635854,1785394322878,8937,
serial:COM8/motor_raw,1635856,1785394322880,8936,
serial:COM8/motor_raw,1635858,1785394322882,8940,
serial:COM8/motor_raw,1635860,1785394322884,8936,
serial:COM8/motor_raw,1635862,1785394322886,8935,
serial:COM8/motor_raw,1635864,1785394322888,8936,
serial:COM8/motor_raw,1635866,1785394322890,8936,
serial:COM8/motor_raw,1635868,1785394322892,8936,
serial:COM8/motor_raw,1635870,1785394322894,8936,
serial:COM8/motor_raw,1635872,1785394322896,8937,
serial:COM8/motor_raw,1635874,1785394322898,8938,
serial:COM8/motor_raw,1635876,1785394322900,8935,
serial:COM8/motor_raw,1635878,1785394322902,8939,
serial:COM8/motor_raw,1635880,1785394322904,8937,
serial:COM8/motor_raw,1635882,1785394322906,8937,
serial:COM8/motor_raw,1635884,1785394322908,8936,
serial:COM8/motor_raw,1635886,1785394322910,8938,
serial:COM8/motor_raw,1635888,1785394322912,8937,
serial:COM8/motor_raw,1635890,1785394322914,8939,
serial:COM8/motor_raw,1635892,1785394322916,8939,
serial:COM8/motor_raw,1635894,1785394322918,8940,
serial:COM8/motor_raw,1635896,1785394322920,8940,
serial:COM8/motor_raw,1635898,1785394322922,8938,
serial:COM8/motor_raw,1635900,1785394322924,8940,
serial:COM8/motor_raw,1635902,1785394322926,8937,
serial:COM8/motor_raw,1635904,1785394322928,8937,
serial:COM8/motor_raw,1635906,1785394322930,8936,
serial:COM8/motor_raw,1635908,1785394322932,8935,
serial:COM8/motor_raw,1635910,1785394322934,8939,
serial:COM8/motor_raw,1635912,1785394322936,8938,
serial:COM8/motor_raw,1635914,1785394322938,8936,
serial:COM8/motor_raw,1635916,1785394322940,8937,
serial:COM8/motor_raw,1635918,1785394322942,8935,
serial:COM8/motor_raw,1635920,1785394322944,8937,
serial:COM8/motor_raw,1635922,1785394322946,8939,
serial:COM8/motor_raw,1635924,1785394322948,8939,
serial:COM8/motor_raw,1635926,1785394322950,8938,
serial:COM8/motor_raw,1635928,1785394322952,8935,
serial:COM8/motor_raw,1635930,1785394322954,8935,
serial:COM8/motor_raw,1635932,1785394322959,8937,
serial:COM8/motor_raw,1635934,1785394322959,8938,
serial:COM8/motor_raw,1635936,1785394322960,8939,
serial:COM8/motor_raw,1635938,1785394322962,8938,
serial:COM8/motor_raw,1635940,1785394322964,8938,
serial:COM8/motor_raw,1635942,1785394322966,8935,
serial:COM8/motor_raw,1635944,1785394322968,8936,
serial:COM8/motor_raw,1635946,1785394322970,8937,
serial:COM8/motor_raw,1635948,1785394322972,8936,
serial:COM8/motor_raw,1635950,1785394322974,8936,
serial:COM8/motor_raw,1635952,1785394322976,8938,
serial:COM8/motor_raw,1635954,1785394322978,8938,
serial:COM8/motor_raw,1635956,1785394322980,8936,
serial:COM8/motor_raw,1635958,1785394322982,8939,
serial:COM8/motor_raw,1635960,1785394322984,8937,
serial:COM8/motor_raw,1635962,1785394322986,8934,
serial:COM8/motor_raw,1635964,1785394322988,8937,
serial:COM8/motor_raw,1635966,1785394322990,8937,
serial:COM8/motor_raw,1635968,1785394322992,8937,
serial:COM8/motor_raw,1635970,1785394322994,8934,
serial:COM8/motor_raw,1635972,1785394322996,8937,
serial:COM8/motor_raw,1635974,1785394322998,8938,
serial:COM8/motor_raw,1635976,1785394323000,8938,
serial:COM8/motor_raw,1635978,1785394323002,8935,
serial:COM8/motor_raw,1635980,1785394323004,8937,
serial:COM8/motor_raw,1635982,1785394323006,8940,
serial:COM8/motor_raw,1635984,1785394323008,8938,
serial:COM8/motor_raw,1635986,1785394323010,8937,
serial:COM8/motor_raw,1635988,1785394323012,8939,
serial:COM8/motor_raw,1635990,1785394323014,8938,
serial:COM8/motor_raw,1635992,1785394323016,8936,
serial:COM8/motor_raw,1635994,1785394323018,8935,
serial:COM8/motor_raw,1635996,1785394323020,8940,
serial:COM8/motor_raw,1635998,1785394323022,8937,
serial:COM8/motor_raw,1636000,1785394323024,8937,
serial:COM8/motor_raw,1636002,1785394323026,8937,
serial:COM8/motor_raw,1636004,1785394323028,8937,
serial:COM8/motor_raw,1636006,1785394323030,8939,
serial:COM8/motor_raw,1636008,1785394323032,8940,
serial:COM8/motor_raw,1636010,1785394323034,8940,
serial:COM8/motor_raw,1636012,1785394323036,8939,
serial:COM8/motor_raw,1636014,1785394323038,8939,
serial:COM8/motor_raw,1636016,1785394323040,8934,
serial:COM8/motor_raw,1636018,1785394323042,8936,
serial:COM8/motor_raw,1636020,1785394323044,8936,
serial:COM8/motor_raw,1636022,1785394323046,8935,
serial:COM8/motor_raw,1636024,1785394323048,8936,
serial:COM8/motor_raw,1636026,1785394323050,8935,
serial:COM8/motor_raw,1636028,1785394323052,8935,
serial:COM8/motor_raw,1636030,1785394323054,8938,
serial:COM8/motor_raw,1636032,1785394323056,8937,
serial:COM8/motor_raw,1636034,1785394323058,8937,
serial:COM8/motor_raw,1636036,1785394323060,8938,
serial:COM8/motor_raw,1636038,1785394323062,8935,
serial:COM8/motor_raw,1636040,1785394323064,8936,
serial:COM8/motor_raw,1636042,1785394323066,8938,
serial:COM8/motor_raw,1636044,1785394323068,8936,
serial:COM8/motor_raw,1636046,1785394323070,8937,
serial:COM8/motor_raw,1636048,1785394323072,8939,
serial:COM8/motor_raw,1636050,1785394323074,8938,
serial:COM8/motor_raw,1636052,1785394323076,8939,
serial:COM8/motor_raw,1636054,1785394323078,8936,
serial:COM8/motor_raw,1636056,1785394323080,8934,
serial:COM8/motor_raw,1636058,1785394323082,8936,
serial:COM8/motor_raw,1636060,1785394323084,8936,
serial:COM8/motor_raw,1636062,1785394323086,8935,
serial:COM8/motor_raw,1636064,1785394323088,8939,
serial:COM8/motor_raw,1636066,1785394323090,8935,
serial:COM8/motor_raw,1636068,1785394323092,8937,
serial:COM8/motor_raw,1636070,1785394323094,8935,
serial:COM8/motor_raw,1636072,1785394323096,8937,
serial:COM8/motor_raw,1636074,1785394323098,8941,
serial:COM8/motor_raw,1636076,1785394323100,8936,
serial:COM8/motor_raw,1636078,1785394323102,8937,
serial:COM8/motor_raw,1636080,1785394323104,8936,
serial:COM8/motor_raw,1636082,1785394323106,8936,
serial:COM8/motor_raw,1636084,1785394323108,8936,
serial:COM8/motor_raw,1636086,1785394323110,8937,
serial:COM8/motor_raw,1636088,1785394323112,8940,
serial:COM8/motor_raw,1636090,1785394323114,8937,
serial:COM8/motor_raw,1636092,1785394323116,8936,
serial:COM8/motor_raw,1636094,1785394323118,8936,
serial:COM8/motor_raw,1636096,1785394323120,8938,
serial:COM8/motor_raw,1636098,1785394323122,8938,
serial:COM8/motor_raw,1636100,1785394323124,8937,
serial:COM8/motor_raw,1636102,1785394323126,8940,
serial:COM8/motor_raw,1636104,1785394323128,8938,
serial:COM8/motor_raw,1636106,1785394323130,8939,
serial:COM8/motor_raw,1636108,1785394323132,8938,
serial:COM8/motor_raw,1636110,1785394323134,8937,
serial:COM8/motor_raw,1636112,1785394323136,8939,
serial:COM8/motor_raw,1636114,1785394323138,8936,
serial:COM8/motor_raw,1636116,1785394323140,8935,
serial:COM8/motor_raw,1636118,1785394323142,8936,
serial:COM8/motor_raw,1636120,1785394323144,8937,
serial:COM8/motor_raw,1636122,1785394323146,8938,
serial:COM8/motor_raw,1636124,1785394323148,8934,
serial:COM8/motor_raw,1636126,1785394323150,8937,
serial:COM8/motor_raw,1636128,1785394323152,8940,
serial:COM8/motor_raw,1636130,1785394323154,8939,
serial:COM8/motor_raw,1636132,1785394323159,8935,
serial:COM8/motor_raw,1636134,1785394323159,8936,
serial:COM8/motor_raw,1636136,1785394323160,8936,
serial:COM8/motor_raw,1636138,1785394323162,8939,
serial:COM8/motor_raw,1636140,1785394323164,8939,
serial:COM8/motor_raw,1636142,1785394323166,8936,
serial:COM8/motor_raw,1636144,1785394323168,8939,
serial:COM8/motor_raw,1636146,1785394323170,8937,
serial:COM8/motor_raw,1636148,1785394323172,8940,
serial:COM8/motor_raw,1636150,1785394323174,8936,
serial:COM8/motor_raw,1636152,1785394323176,8936,
serial:COM8/motor_raw,1636154,1785394323178,8939,
serial:COM8/motor_raw,1636156,1785394323180,8938,
serial:COM8/motor_raw,1636158,1785394323182,8937,
serial:COM8/motor_raw,1636160,1785394323184,8938,
serial:COM8/motor_raw,1636162,1785394323186,8937,
serial:COM8/motor_raw,1636164,1785394323188,8937,
serial:COM8/motor_raw,1636166,1785394323190,8940,
serial:COM8/motor_raw,1636168,1785394323192,8937,
serial:COM8/motor_raw,1636170,1785394323194,8938,
serial:COM8/motor_raw,1636172,1785394323196,8937,
serial:COM8/motor_raw,1636174,1785394323198,8936,
serial:COM8/motor_raw,1636176,1785394323200,8940,
serial:COM8/motor_raw,1636178,1785394323202,8935,
serial:COM8/motor_raw,1636180,1785394323204,8939,
serial:COM8/motor_raw,1636182,1785394323206,8938,
serial:COM8/motor_raw,1636184,1785394323208,8938,
serial:COM8/motor_raw,1636186,1785394323210,8939,
serial:COM8/motor_raw,1636188,1785394323212,8939,
serial:COM8/motor_raw,1636190,1785394323214,8937,
serial:COM8/motor_raw,1636192,1785394323216,8937,
serial:COM8/motor_raw,1636194,1785394323218,8936,
serial:COM8/motor_raw,1636196,1785394323220,8939,
serial:COM8/motor_raw,1636198,1785394323222,8937,
serial:COM8/motor_raw,1636200,1785394323224,8937,
serial:COM8/motor_raw,1636202,1785394323226,8938,
serial:COM8/motor_raw,1636204,1785394323228,8939,
serial:COM8/motor_raw,1636206,1785394323230,8937,
serial:COM8/motor_raw,1636208,1785394323232,8936,
serial:COM8/motor_raw,1636210,1785394323234,8935,
serial:COM8/motor_raw,1636212,1785394323236,8937,
serial:COM8/motor_raw,1636214,1785394323238,8939,
serial:COM8/motor_raw,1636216,1785394323240,8936,
serial:COM8/motor_raw,1636218,1785394323242,8935,
serial:COM8/motor_raw,1636220,1785394323244,8936,
serial:COM8/motor_raw,1636222,1785394323246,8937,
serial:COM8/motor_raw,1636224,1785394323248,8939,
serial:COM8/motor_raw,1636226,1785394323250,8936,
serial:COM8/motor_raw,1636228,1785394323252,8933,
serial:COM8/motor_raw,1636230,1785394323254,8936,
serial:COM8/motor_raw,1636232,1785394323256,8938,
serial:COM8/motor_raw,1636234,1785394323258,8937,
serial:COM8/motor_raw,1636236,1785394323260,8935,
serial:COM8/motor_raw,1636238,1785394323262,8937,
serial:COM8/motor_raw,1636240,1785394323264,8936,
serial:COM8/motor_raw,1636242,1785394323266,8937,
serial:COM8/motor_raw,1636244,1785394323268,8938,
serial:COM8/motor_raw,1636246,1785394323270,8940,
serial:COM8/motor_raw,1636248,1785394323272,8936,
serial:COM8/motor_raw,1636250,1785394323274,8937,
serial:COM8/motor_raw,1636252,1785394323276,8938,
serial:COM8/motor_raw,1636254,1785394323278,8937,
serial:COM8/motor_raw,1636256,1785394323280,8933,
serial:COM8/motor_raw,1636258,1785394323282,8937,
serial:COM8/motor_raw,1636260,1785394323284,8940,
serial:COM8/motor_raw,1636262,1785394323286,8937,
serial:COM8/motor_raw,1636264,1785394323288,8935,
serial:COM8/motor_raw,1636266,1785394323290,8935,
serial:COM8/motor_raw,1636268,1785394323292,8937,
serial:COM8/motor_raw,1636270,1785394323294,8936,
serial:COM8/motor_raw,1636272,1785394323296,8936,
serial:COM8/motor_raw,1636274,1785394323298,8937,
serial:COM8/motor_raw,1636276,1785394323300,8937,
serial:COM8/motor_raw,1636278,1785394323302,8935,
serial:COM8/motor_raw,1636280,1785394323304,8939,
serial:COM8/motor_raw,1636282,1785394323306,8938,
serial:COM8/motor_raw,1636284,1785394323308,8937,
serial:COM8/motor_raw,1636286,1785394323310,8939,
serial:COM8/motor_raw,1636288,1785394323312,8938,
serial:COM8/motor_raw,1636290,1785394323314,8939,
serial:COM8/motor_raw,1636292,1785394323316,8938,
serial:COM8/motor_raw,1636294,1785394323318,8937,
serial:COM8/motor_raw,1636296,1785394323320,8940,
serial:COM8/motor_raw,1636298,1785394323322,8938,
serial:COM8/motor_raw,1636300,1785394323324,8937,
serial:COM8/motor_raw,1636302,1785394323326,8939,
serial:COM8/motor_raw,1636304,1785394323328,8939,
serial:COM8/motor_raw,1636306,1785394323330,8938,
serial:COM8/motor_raw,1636308,1785394323332,8937,
serial:COM8/motor_raw,1636310,1785394323334,8938,
serial:COM8/motor_raw,1636312,1785394323336,8937,
serial:COM8/motor_raw,1636314,1785394323338,8939,
serial:COM8/motor_raw,1636316,1785394323340,8936,
serial:COM8/motor_raw,1636318,1785394323342,8937,
serial:COM8/motor_raw,1636320,1785394323344,8933,
serial:COM8/motor_raw,1636322,1785394323346,8937,
serial:COM8/motor_raw,1636324,1785394323348,8938,
serial:COM8/motor_raw,1636326,1785394323350,8935,
serial:COM8/motor_raw,1636328,1785394323352,8938,
serial:COM8/motor_raw,1636330,1785394323354,8937,
serial:COM8/motor_raw,1636332,1785394323359,8936,
serial:COM8/motor_raw,1636334,1785394323359,8937,
serial:COM8/motor_raw,1636336,1785394323360,8935,
serial:COM8/motor_raw,1636338,1785394323362,8939,
serial:COM8/motor_raw,1636340,1785394323364,8941,
serial:COM8/motor_raw,1636342,1785394323366,8939,
serial:COM8/motor_raw,1636344,1785394323368,8937,
serial:COM8/motor_raw,1636346,1785394323370,8938,
serial:COM8/motor_raw,1636348,1785394323372,8939,
serial:COM8/motor_raw,1636350,1785394323374,8938,
serial:COM8/motor_raw,1636352,1785394323376,8938,
serial:COM8/motor_raw,1636354,1785394323378,8938,
serial:COM8/motor_raw,1636356,1785394323380,8936,
serial:COM8/motor_raw,1636358,1785394323382,8941,
serial:COM8/motor_raw,1636360,1785394323384,8936,
serial:COM8/motor_raw,1636362,1785394323386,8935,
serial:COM8/motor_raw,1636364,1785394323388,8936,
serial:COM8/motor_raw,1636366,1785394323390,8940,
serial:COM8/motor_raw,1636368,1785394323392,8936,
serial:COM8/motor_raw,1636370,1785394323394,8934,
serial:COM8/motor_raw,1636372,1785394323396,8934,
serial:COM8/motor_raw,1636374,1785394323398,8938,
serial:COM8/motor_raw,1636376,1785394323400,8939,
serial:COM8/motor_raw,1636378,1785394323402,8936,
serial:COM8/motor_raw,1636380,1785394323404,8938,
serial:COM8/motor_raw,1636382,1785394323406,8935,
serial:COM8/motor_raw,1636384,1785394323408,8939,
serial:COM8/motor_raw,1636386,1785394323410,8937,
serial:COM8/motor_raw,1636388,1785394323412,8939,
serial:COM8/motor_raw,1636390,1785394323414,8940,
serial:COM8/motor_raw,1636392,1785394323416,8934,
serial:COM8/motor_raw,1636394,1785394323418,8937,
serial:COM8/motor_raw,1636396,1785394323420,8938,
serial:COM8/motor_raw,1636398,1785394323422,8937,
serial:COM8/motor_raw,1636400,1785394323424,8938,
serial:COM8/motor_raw,1636402,1785394323426,8935,
serial:COM8/motor_raw,1636404,1785394323428,8938,
serial:COM8/motor_raw,1636406,1785394323430,8937,
serial:COM8/motor_raw,1636408,1785394323432,8939,
serial:COM8/motor_raw,1636410,1785394323434,8938,
serial:COM8/motor_raw,1636412,1785394323436,8936,
serial:COM8/motor_raw,1636414,1785394323438,8939,
serial:COM8/motor_raw,1636416,1785394323440,8935,
serial:COM8/motor_raw,1636418,1785394323442,8936,
serial:COM8/motor_raw,1636420,1785394323444,8937,
serial:COM8/motor_raw,1636422,1785394323446,8935,
serial:COM8/motor_raw,1636424,1785394323448,8939,
serial:COM8/motor_raw,1636426,1785394323450,8936,
serial:COM8/motor_raw,1636428,1785394323452,8938,
serial:COM8/motor_raw,1636430,1785394323454,8937,
serial:COM8/motor_raw,1636432,1785394323456,8937,
serial:COM8/motor_raw,1636434,1785394323458,8936,
serial:COM8/motor_raw,1636436,1785394323460,8937,
serial:COM8/motor_raw,1636438,1785394323462,8937,
serial:COM8/motor_raw,1636440,1785394323464,8938,
serial:COM8/motor_raw,1636442,1785394323466,8939,
serial:COM8/motor_raw,1636444,1785394323468,8937,
serial:COM8/motor_raw,1636446,1785394323470,8937,
serial:COM8/motor_raw,1636448,1785394323472,8937,
serial:COM8/motor_raw,1636450,1785394323474,8937,
serial:COM8/motor_raw,1636452,1785394323476,8937,
serial:COM8/motor_raw,1636454,1785394323478,8940,
serial:COM8/motor_raw,1636456,1785394323480,8938,
serial:COM8/motor_raw,1636458,1785394323482,8939,
serial:COM8/motor_raw,1636460,1785394323484,8935,
serial:COM8/motor_raw,1636462,1785394323486,8936,
serial:COM8/motor_raw,1636464,1785394323488,8938,
serial:COM8/motor_raw,1636466,1785394323490,8935,
serial:COM8/motor_raw,1636468,1785394323492,8937,
serial:COM8/motor_raw,1636470,1785394323494,8937,
serial:COM8/motor_raw,1636472,1785394323496,8938,
serial:COM8/motor_raw,1636474,1785394323498,8937,
serial:COM8/motor_raw,1636476,1785394323500,8936,
serial:COM8/motor_raw,1636478,1785394323502,8936,
serial:COM8/motor_raw,1636480,1785394323504,8938,
serial:COM8/motor_raw,1636482,1785394323506,8938,
serial:COM8/motor_raw,1636484,1785394323508,8938,
serial:COM8/motor_raw,1636486,1785394323510,8934,
serial:COM8/motor_raw,1636488,1785394323512,8935,
serial:COM8/motor_raw,1636490,1785394323514,8939,
serial:COM8/motor_raw,1636492,1785394323516,8939,
serial:COM8/motor_raw,1636494,1785394323518,8937,
serial:COM8/motor_raw,1636496,1785394323520,8938,
serial:COM8/motor_raw,1636498,1785394323522,8936,
serial:COM8/motor_raw,1636500,1785394323524,8937,
serial:COM8/motor_raw,1636502,1785394323526,8937,
serial:COM8/motor_raw,1636504,1785394323528,8934,
serial:COM8/motor_raw,1636506,1785394323530,8938,
serial:COM8/motor_raw,1636508,1785394323532,8939,
serial:COM8/motor_raw,1636510,1785394323534,8936,
serial:COM8/motor_raw,1636512,1785394323536,8938,
serial:COM8/motor_raw,1636514,1785394323538,8937,
serial:COM8/motor_raw,1636516,1785394323540,8939,
serial:COM8/motor_raw,1636518,1785394323542,8938,
serial:COM8/motor_raw,1636520,1785394323544,8938,
serial:COM8/motor_raw,1636522,1785394323546,8937,
serial:COM8/motor_raw,1636524,1785394323548,8937,
serial:COM8/motor_raw,1636526,1785394323550,8936,
serial:COM8/motor_raw,1636528,1785394323552,8938,
serial:COM8/motor_raw,1636530,1785394323554,8939,
serial:COM8/motor_raw,1636532,1785394323559,8935,
serial:COM8/motor_raw,1636534,1785394323559,8936,
serial:COM8/motor_raw,1636536,1785394323560,8936,
serial:COM8/motor_raw,1636538,1785394323562,8940,
serial:COM8/motor_raw,1636540,1785394323564,8938,
serial:COM8/motor_raw,1636542,1785394323566,8935,
serial:COM8/motor_raw,1636544,1785394323568,8937,
serial:COM8/motor_raw,1636546,1785394323570,8936,
serial:COM8/motor_raw,1636548,1785394323572,8940,
serial:COM8/motor_raw,1636550,1785394323574,8936,
serial:COM8/motor_raw,1636552,1785394323576,8938,
serial:COM8/motor_raw,1636554,1785394323578,8939,
serial:COM8/motor_raw,1636556,1785394323580,8935,
serial:COM8/motor_raw,1636558,1785394323582,8939,
serial:COM8/motor_raw,1636560,1785394323584,8938,
serial:COM8/motor_raw,1636562,1785394323586,8935,
serial:COM8/motor_raw,1636564,1785394323588,8936,
serial:COM8/motor_raw,1636566,1785394323590,8938,
serial:COM8/motor_raw,1636568,1785394323592,8937,
serial:COM8/motor_raw,1636570,1785394323594,8937,
serial:COM8/motor_raw,1636572,1785394323596,8939,
serial:COM8/motor_raw,1636574,1785394323598,8939,
serial:COM8/motor_raw,1636576,1785394323600,8935,
serial:COM8/motor_raw,1636578,1785394323602,8939,
serial:COM8/motor_raw,1636580,1785394323604,8938,
serial:COM8/motor_raw,1636582,1785394323606,8937,
serial:COM8/motor_raw,1636584,1785394323608,8938,
serial:COM8/motor_raw,1636586,1785394323610,8937,
serial:COM8/motor_raw,1636588,1785394323612,8938,
serial:COM8/motor_raw,1636590,1785394323614,8937,
serial:COM8/motor_raw,1636592,1785394323616,8937,
serial:COM8/motor_raw,1636594,1785394323618,8937,
serial:COM8/motor_raw,1636596,1785394323620,8938,
serial:COM8/motor_raw,1636598,1785394323622,8936,
serial:COM8/motor_raw,1636600,1785394323624,8937,
serial:COM8/motor_raw,1636602,1785394323626,8936,
serial:COM8/motor_raw,1636604,1785394323628,8937,
serial:COM8/motor_raw,1636606,1785394323630,8937,
serial:COM8/motor_raw,1636608,1785394323632,8937,
serial:COM8/motor_raw,1636610,1785394323634,8938,
serial:COM8/motor_raw,1636612,1785394323636,8939,
serial:COM8/motor_raw,1636614,1785394323638,8937,
serial:COM8/motor_raw,1636616,1785394323640,8935,
serial:COM8/motor_raw,1636618,1785394323642,8938,
serial:COM8/motor_raw,1636620,1785394323644,8933,
serial:COM8/motor_raw,1636622,1785394323646,8938,
serial:COM8/motor_raw,1636624,1785394323648,8938,
serial:COM8/motor_raw,1636626,1785394323650,8935,
serial:COM8/motor_raw,1636628,1785394323652,8935,
serial:COM8/motor_raw,1636630,1785394323654,8936,
serial:COM8/motor_raw,1636632,1785394323656,8939,
serial:COM8/motor_raw,1636634,1785394323658,8938,
serial:COM8/motor_raw,1636636,1785394323660,8937,
serial:COM8/motor_raw,1636638,1785394323662,8938,
serial:COM8/motor_raw,1636640,1785394323664,8938,
serial:COM8/motor_raw,1636642,1785394323666,8935,
serial:COM8/motor_raw,1636644,1785394323668,8939,
serial:COM8/motor_raw,1636646,1785394323670,8940,
serial:COM8/motor_raw,1636648,1785394323672,8942,
serial:COM8/motor_raw,1636650,1785394323674,8936,
serial:COM8/motor_raw,1636652,1785394323676,8936,
serial:COM8/motor_raw,1636654,1785394323678,8936,
serial:COM8/motor_raw,1636656,1785394323680,8938,
serial:COM8/motor_raw,1636658,1785394323682,8935,
serial:COM8/motor_raw,1636660,1785394323684,8941,
serial:COM8/motor_raw,1636662,1785394323686,8939,
serial:COM8/motor_raw,1636664,1785394323688,8937,
serial:COM8/motor_raw,1636666,1785394323690,8939,
serial:COM8/motor_raw,1636668,1785394323692,8935,
serial:COM8/motor_raw,1636670,1785394323694,8937,
serial:COM8/motor_raw,1636672,1785394323696,8937,
serial:COM8/motor_raw,1636674,1785394323698,8937,
serial:COM8/motor_raw,1636676,1785394323700,8936,
serial:COM8/motor_raw,1636678,1785394323702,8936,
serial:COM8/motor_raw,1636680,1785394323704,8938,
serial:COM8/motor_raw,1636682,1785394323706,8939,
serial:COM8/motor_raw,1636684,1785394323708,8936,
serial:COM8/motor_raw,1636686,1785394323710,8935,
serial:COM8/motor_raw,1636688,1785394323712,8935,
serial:COM8/motor_raw,1636690,1785394323714,8939,
serial:COM8/motor_raw,1636692,1785394323716,8936,
serial:COM8/motor_raw,1636694,1785394323718,8935,
serial:COM8/motor_raw,1636696,1785394323720,8937,
serial:COM8/motor_raw,1636698,1785394323722,8937,
serial:COM8/motor_raw,1636700,1785394323724,8935,
serial:COM8/motor_raw,1636702,1785394323726,8937,
serial:COM8/motor_raw,1636704,1785394323728,8938,
serial:COM8/motor_raw,1636706,1785394323730,8939,
serial:COM8/motor_raw,1636708,1785394323732,8936,
serial:COM8/motor_raw,1636710,1785394323734,8937,
serial:COM8/motor_raw,1636712,1785394323736,8937,
serial:COM8/motor_raw,1636714,1785394323738,8936,
serial:COM8/motor_raw,1636716,1785394323740,8937,
serial:COM8/motor_raw,1636718,1785394323742,8936,
serial:COM8/motor_raw,1636720,1785394323744,8939,
serial:COM8/motor_raw,1636722,1785394323746,8936,
serial:COM8/motor_raw,1636724,1785394323748,8936,
serial:COM8/motor_raw,1636726,1785394323750,8937,
serial:COM8/motor_raw,1636728,1785394323752,8936,
serial:COM8/motor_raw,1636730,1785394323754,8940,
serial:COM8/motor_raw,1636732,1785394323759,8942,
serial:COM8/motor_raw,1636734,1785394323759,8934,
serial:COM8/motor_raw,1636736,1785394323760,8941,
serial:COM8/motor_raw,1636738,1785394323762,8936,
serial:COM8/motor_raw,1636740,1785394323764,8938,
serial:COM8/motor_raw,1636742,1785394323766,8935,
serial:COM8/motor_raw,1636744,1785394323768,8939,
serial:COM8/motor_raw,1636746,1785394323770,8938,
serial:COM8/motor_raw,1636748,1785394323772,8934,
serial:COM8/motor_raw,1636750,1785394323774,8938,
serial:COM8/motor_raw,1636752,1785394323776,8936,
serial:COM8/motor_raw,1636754,1785394323778,8936,
serial:COM8/motor_raw,1636756,1785394323780,8938,
serial:COM8/motor_raw,1636758,1785394323782,8938,
serial:COM8/motor_raw,1636760,1785394323784,8936,
serial:COM8/motor_raw,1636762,1785394323786,8935,
serial:COM8/motor_raw,1636764,1785394323788,8937,
serial:COM8/motor_raw,1636766,1785394323790,8937,
serial:COM8/motor_raw,1636768,1785394323792,8936,
serial:COM8/motor_raw,1636770,1785394323794,8938,
serial:COM8/motor_raw,1636772,1785394323796,8936,
serial:COM8/motor_raw,1636774,1785394323798,8936,
serial:COM8/motor_raw,1636776,1785394323800,8938,
serial:COM8/motor_raw,1636778,1785394323802,8936,
serial:COM8/motor_raw,1636780,1785394323804,8941,
serial:COM8/motor_raw,1636782,1785394323806,8937,
serial:COM8/motor_raw,1636784,1785394323808,8942,
serial:COM8/motor_raw,1636786,1785394323810,8938,
serial:COM8/motor_raw,1636788,1785394323812,8940,
serial:COM8/motor_raw,1636790,1785394323814,8937,
serial:COM8/motor_raw,1636792,1785394323816,8938,
serial:COM8/motor_raw,1636794,1785394323818,8940,
serial:COM8/motor_raw,1636796,1785394323820,8939,
serial:COM8/motor_raw,1636798,1785394323822,8937,
serial:COM8/motor_raw,1636800,1785394323824,8938,
serial:COM8/motor_raw,1636802,1785394323826,8937,
serial:COM8/motor_raw,1636804,1785394323828,8937,
serial:COM8/motor_raw,1636806,1785394323830,8940,
serial:COM8/motor_raw,1636808,1785394323832,8937,
serial:COM8/motor_raw,1636810,1785394323834,8937,
serial:COM8/motor_raw,1636812,1785394323836,8937,
serial:COM8/motor_raw,1636814,1785394323838,8937,
serial:COM8/motor_raw,1636816,1785394323840,8939,
serial:COM8/motor_raw,1636818,1785394323842,8937,
serial:COM8/motor_raw,1636820,1785394323844,8936,
serial:COM8/motor_raw,1636822,1785394323846,8939,
serial:COM8/motor_raw,1636824,1785394323848,8937,
serial:COM8/motor_raw,1636826,1785394323850,8936,
serial:COM8/motor_raw,1636828,1785394323852,8936,
serial:COM8/motor_raw,1636830,1785394323854,8937,
serial:COM8/motor_raw,1636832,1785394323856,8939,
serial:COM8/motor_raw,1636834,1785394323858,8935,
serial:COM8/motor_raw,1636836,1785394323860,8938,
serial:COM8/motor_raw,1636838,1785394323862,8939,
serial:COM8/motor_raw,1636840,1785394323864,8940,
serial:COM8/motor_raw,1636842,1785394323866,8934,
serial:COM8/motor_raw,1636844,1785394323868,8937,
serial:COM8/motor_raw,1636846,1785394323870,8939,
serial:COM8/motor_raw,1636848,1785394323872,8939,
serial:COM8/motor_raw,1636850,1785394323874,8940,
serial:COM8/motor_raw,1636852,1785394323876,8935,
serial:COM8/motor_raw,1636854,1785394323878,8937,
serial:COM8/motor_raw,1636856,1785394323880,8940,
serial:COM8/motor_raw,1636858,1785394323882,8940,
serial:COM8/motor_raw,1636860,1785394323884,8939,
serial:COM8/motor_raw,1636862,1785394323886,8939,
serial:COM8/motor_raw,1636864,1785394323888,8937,
serial:COM8/motor_raw,1636866,1785394323890,8938,
serial:COM8/motor_raw,1636868,1785394323892,8937,
serial:COM8/motor_raw,1636870,1785394323894,8936,
serial:COM8/motor_raw,1636872,1785394323896,8937,
serial:COM8/motor_raw,1636874,1785394323898,8937,
serial:COM8/motor_raw,1636876,1785394323900,8938,
serial:COM8/motor_raw,1636878,1785394323902,8937,
serial:COM8/motor_raw,1636880,1785394323904,8940,
serial:COM8/motor_raw,1636882,1785394323906,8934,
serial:COM8/motor_raw,1636884,1785394323908,8936,
serial:COM8/motor_raw,1636886,1785394323910,8940,
serial:COM8/motor_raw,1636888,1785394323912,8936,
serial:COM8/motor_raw,1636890,1785394323914,8937,
serial:COM8/motor_raw,1636892,1785394323916,8938,
serial:COM8/motor_raw,1636894,1785394323918,8940,
serial:COM8/motor_raw,1636896,1785394323920,8938,
serial:COM8/motor_raw,1636898,1785394323922,8940,
serial:COM8/motor_raw,1636900,1785394323924,8941,
serial:COM8/motor_raw,1636902,1785394323926,8939,
serial:COM8/motor_raw,1636904,1785394323928,8936,
serial:COM8/motor_raw,1636906,1785394323930,8939,
serial:COM8/motor_raw,1636908,1785394323932,8940,
serial:COM8/motor_raw,1636910,1785394323934,8937,
serial:COM8/motor_raw,1636912,1785394323936,8938,
serial:COM8/motor_raw,1636914,1785394323938,8938,
serial:COM8/motor_raw,1636916,1785394323940,8939,
serial:COM8/motor_raw,1636918,1785394323942,8935,
serial:COM8/motor_raw,1636920,1785394323944,8938,
serial:COM8/motor_raw,1636922,1785394323946,8936,
serial:COM8/motor_raw,1636924,1785394323948,8939,
serial:COM8/motor_raw,1636926,1785394323950,8937,
serial:COM8/motor_raw,1636928,1785394323952,8938,
serial:COM8/motor_raw,1636930,1785394323954,8936,
serial:COM8/motor_raw,1636932,1785394323959,8939,
serial:COM8/motor_raw,1636934,1785394323959,8936,
serial:COM8/motor_raw,1636936,1785394323960,8936,
serial:COM8/motor_raw,1636938,1785394323962,8935,
serial:COM8/motor_raw,1636940,1785394323964,8935,
serial:COM8/motor_raw,1636942,1785394323966,8937,
serial:COM8/motor_raw,1636944,1785394323968,8935,
serial:COM8/motor_raw,1636946,1785394323970,8936,
serial:COM8/motor_raw,1636948,1785394323972,8935,
serial:COM8/motor_raw,1636950,1785394323974,8938,
serial:COM8/motor_raw,1636952,1785394323976,8935,
serial:COM8/motor_raw,1636954,1785394323978,8937,
serial:COM8/motor_raw,1636956,1785394323980,8934,
serial:COM8/motor_raw,1636958,1785394323982,8939,
serial:COM8/motor_raw,1636960,1785394323984,8937,
serial:COM8/motor_raw,1636962,1785394323986,8938,
serial:COM8/motor_raw,1636964,1785394323988,8936,
serial:COM8/motor_raw,1636966,1785394323990,8938,
serial:COM8/motor_raw,1636968,1785394323992,8935,
serial:COM8/motor_raw,1636970,1785394323994,8935,
serial:COM8/motor_raw,1636972,1785394323996,8939,
serial:COM8/motor_raw,1636974,1785394323998,8940,
serial:COM8/motor_raw,1636976,1785394324000,8938,
serial:COM8/motor_raw,1636978,1785394324002,8937,
serial:COM8/motor_raw,1636980,1785394324004,8939,
serial:COM8/motor_raw,1636982,1785394324006,8938,
serial:COM8/motor_raw,1636984,1785394324008,8937,
serial:COM8/motor_raw,1636986,1785394324010,8937,
serial:COM8/motor_raw,1636988,1785394324012,8938,
serial:COM8/motor_raw,1636990,1785394324014,8936,
serial:COM8/motor_raw,1636992,1785394324016,8935,
serial:COM8/motor_raw,1636994,1785394324018,8936,
serial:COM8/motor_raw,1636996,1785394324020,8942,
serial:COM8/motor_raw,1636998,1785394324022,8935,
serial:COM8/motor_raw,1637000,1785394324024,8937,
serial:COM8/motor_raw,1637002,1785394324026,8935,
serial:COM8/motor_raw,1637004,1785394324028,8935,
serial:COM8/motor_raw,1637006,1785394324030,8938,
serial:COM8/motor_raw,1637008,1785394324032,8938,
serial:COM8/motor_raw,1637010,1785394324034,8936,
serial:COM8/motor_raw,1637012,1785394324036,8937,
serial:COM8/motor_raw,1637014,1785394324038,8937,
serial:COM8/motor_raw,1637016,1785394324040,8938,
serial:COM8/motor_raw,1637018,1785394324042,8936,
serial:COM8/motor_raw,1637020,1785394324044,8939,
serial:COM8/motor_raw,1637022,1785394324046,8936,
serial:COM8/motor_raw,1637024,1785394324048,8937,
serial:COM8/motor_raw,1637026,1785394324050,8937,
serial:COM8/motor_raw,1637028,1785394324052,8939,
serial:COM8/motor_raw,1637030,1785394324054,8937,
serial:COM8/motor_raw,1637032,1785394324056,8936,
serial:COM8/motor_raw,1637034,1785394324058,8937,
serial:COM8/motor_raw,1637036,1785394324060,8938,
serial:COM8/motor_raw,1637038,1785394324062,8942,
serial:COM8/motor_raw,1637040,1785394324064,8938,
serial:COM8/motor_raw,1637042,1785394324066,8938,
serial:COM8/motor_raw,1637044,1785394324068,8938,
serial:COM8/motor_raw,1637046,1785394324070,8937,
serial:COM8/motor_raw,1637048,1785394324072,8936,
serial:COM8/motor_raw,1637050,1785394324074,8936,
serial:COM8/motor_raw,1637052,1785394324076,8936,
serial:COM8/motor_raw,1637054,1785394324078,8935,
serial:COM8/motor_raw,1637056,1785394324080,8939,
serial:COM8/motor_raw,1637058,1785394324082,8939,
serial:COM8/motor_raw,1637060,1785394324084,8938,
serial:COM8/motor_raw,1637062,1785394324086,8935,
serial:COM8/motor_raw,1637064,1785394324088,8937,
serial:COM8/motor_raw,1637066,1785394324090,8937,
serial:COM8/motor_raw,1637068,1785394324092,8935,
serial:COM8/motor_raw,1637070,1785394324094,8937,
serial:COM8/motor_raw,1637072,1785394324096,8940,
serial:COM8/motor_raw,1637074,1785394324098,8935,
serial:COM8/motor_raw,1637076,1785394324100,8935,
serial:COM8/motor_raw,1637078,1785394324102,8937,
serial:COM8/motor_raw,1637080,1785394324104,8941,
serial:COM8/motor_raw,1637082,1785394324106,8937,
serial:COM8/motor_raw,1637084,1785394324108,8939,
serial:COM8/motor_raw,1637086,1785394324110,8938,
serial:COM8/motor_raw,1637088,1785394324112,8935,
serial:COM8/motor_raw,1637090,1785394324114,8940,
serial:COM8/motor_raw,1637092,1785394324116,8938,
serial:COM8/motor_raw,1637094,1785394324118,8936,
serial:COM8/motor_raw,1637096,1785394324120,8938,
serial:COM8/motor_raw,1637098,1785394324122,8938,
serial:COM8/motor_raw,1637100,1785394324124,8938,
serial:COM8/motor_raw,1637102,1785394324126,8937,
serial:COM8/motor_raw,1637104,1785394324128,8935,
serial:COM8/motor_raw,1637106,1785394324130,8937,
serial:COM8/motor_raw,1637108,1785394324132,8933,
serial:COM8/motor_raw,1637110,1785394324134,8938,
serial:COM8/motor_raw,1637112,1785394324136,8937,
serial:COM8/motor_raw,1637114,1785394324138,8939,
serial:COM8/motor_raw,1637116,1785394324140,8935,
serial:COM8/motor_raw,1637118,1785394324142,8936,
serial:COM8/motor_raw,1637120,1785394324144,8937,
serial:COM8/motor_raw,1637122,1785394324146,8937,
serial:COM8/motor_raw,1637124,1785394324148,8938,
serial:COM8/motor_raw,1637126,1785394324150,8939,
serial:COM8/motor_raw,1637128,1785394324152,8939,
serial:COM8/motor_raw,1637130,1785394324154,8935,
serial:COM8/motor_raw,1637132,1785394324159,8937,
serial:COM8/motor_raw,1637134,1785394324159,8937,
serial:COM8/motor_raw,1637136,1785394324160,8937,
serial:COM8/motor_raw,1637138,1785394324162,8937,
serial:COM8/motor_raw,1637140,1785394324164,8939,
serial:COM8/motor_raw,1637142,1785394324166,8941,
serial:COM8/motor_raw,1637144,1785394324168,8937,
serial:COM8/motor_raw,1637146,1785394324170,8938,
serial:COM8/motor_raw,1637148,1785394324172,8937,
serial:COM8/motor_raw,1637150,1785394324174,8938,
serial:COM8/motor_raw,1637152,1785394324176,8938,
serial:COM8/motor_raw,1637154,1785394324178,8937,
serial:COM8/motor_raw,1637156,1785394324180,8936,
serial:COM8/motor_raw,1637158,1785394324182,8937,
serial:COM8/motor_raw,1637160,1785394324184,8938,
serial:COM8/motor_raw,1637162,1785394324186,8935,
serial:COM8/motor_raw,1637164,1785394324188,8938,
serial:COM8/motor_raw,1637166,1785394324190,8939,
serial:COM8/motor_raw,1637168,1785394324192,8936,
serial:COM8/motor_raw,1637170,1785394324194,8937,
serial:COM8/motor_raw,1637172,1785394324196,8936,
serial:COM8/motor_raw,1637174,1785394324198,8935,
serial:COM8/motor_raw,1637176,1785394324200,8939,
serial:COM8/motor_raw,1637178,1785394324202,8937,
serial:COM8/motor_raw,1637180,1785394324204,8938,
serial:COM8/motor_raw,1637182,1785394324206,8940,
serial:COM8/motor_raw,1637184,1785394324208,8937,
serial:COM8/motor_raw,1637186,1785394324210,8936,
serial:COM8/motor_raw,1637188,1785394324212,8936,
serial:COM8/motor_raw,1637190,1785394324214,8936,
serial:COM8/motor_raw,1637192,1785394324216,8938,
serial:COM8/motor_raw,1637194,1785394324218,8938,
serial:COM8/motor_raw,1637196,1785394324220,8939,
serial:COM8/motor_raw,1637198,1785394324222,8937,
serial:COM8/motor_raw,1637200,1785394324224,8937,
serial:COM8/motor_raw,1637202,1785394324226,8938,
serial:COM8/motor_raw,1637204,1785394324228,8938,
serial:COM8/motor_raw,1637206,1785394324230,8938,
serial:COM8/motor_raw,1637208,1785394324232,8939,
serial:COM8/motor_raw,1637210,1785394324234,8938,
serial:COM8/motor_raw,1637212,1785394324236,8938,
serial:COM8/motor_raw,1637214,1785394324238,8937,
serial:COM8/motor_raw,1637216,1785394324240,8937,
serial:COM8/motor_raw,1637218,1785394324242,8935,
serial:COM8/motor_raw,1637220,1785394324244,8937,
serial:COM8/motor_raw,1637222,1785394324246,8939,
serial:COM8/motor_raw,1637224,1785394324248,8938,
serial:COM8/motor_raw,1637226,1785394324250,8938,
serial:COM8/motor_raw,1637228,1785394324252,8937,
serial:COM8/motor_raw,1637230,1785394324254,8937,
serial:COM8/motor_raw,1637232,1785394324256,8937,
serial:COM8/motor_raw,1637234,1785394324258,8937,
serial:COM8/motor_raw,1637236,1785394324260,8937,
serial:COM8/motor_raw,1637238,1785394324262,8939,
serial:COM8/motor_raw,1637240,1785394324264,8937,
serial:COM8/motor_raw,1637242,1785394324266,8934,
serial:COM8/motor_raw,1637244,1785394324268,8938,
serial:COM8/motor_raw,1637246,1785394324270,8937,
serial:COM8/motor_raw,1637248,1785394324272,8939,
serial:COM8/motor_raw,1637250,1785394324274,8937,
serial:COM8/motor_raw,1637252,1785394324276,8934,
serial:COM8/motor_raw,1637254,1785394324278,8938,
serial:COM8/motor_raw,1637256,1785394324280,8937,
serial:COM8/motor_raw,1637258,1785394324282,8937,
serial:COM8/motor_raw,1637260,1785394324284,8936,
serial:COM8/motor_raw,1637262,1785394324286,8940,
serial:COM8/motor_raw,1637264,1785394324288,8936,
serial:COM8/motor_raw,1637266,1785394324290,8935,
serial:COM8/motor_raw,1637268,1785394324292,8938,
serial:COM8/motor_raw,1637270,1785394324294,8935,
serial:COM8/motor_raw,1637272,1785394324296,8935,
serial:COM8/motor_raw,1637274,1785394324298,8937,
serial:COM8/motor_raw,1637276,1785394324300,8938,
serial:COM8/motor_raw,1637278,1785394324302,8937,
serial:COM8/motor_raw,1637280,1785394324304,8936,
serial:COM8/motor_raw,1637282,1785394324306,8938,
serial:COM8/motor_raw,1637284,1785394324308,8936,
serial:COM8/motor_raw,1637286,1785394324310,8933,
serial:COM8/motor_raw,1637288,1785394324312,8938,
serial:COM8/motor_raw,1637290,1785394324314,8935,
serial:COM8/motor_raw,1637292,1785394324316,8940,
serial:COM8/motor_raw,1637294,1785394324318,8938,
serial:COM8/motor_raw,1637296,1785394324320,8938,
serial:COM8/motor_raw,1637298,1785394324322,8938,
serial:COM8/motor_raw,1637300,1785394324324,8936,
serial:COM8/motor_raw,1637302,1785394324326,8940,
serial:COM8/motor_raw,1637304,1785394324328,8939,
serial:COM8/motor_raw,1637306,1785394324330,8940,
serial:COM8/motor_raw,1637308,1785394324332,8937,
serial:COM8/motor_raw,1637310,1785394324334,8936,
serial:COM8/motor_raw,1637312,1785394324336,8938,
serial:COM8/motor_raw,1637314,1785394324338,8940,
serial:COM8/motor_raw,1637316,1785394324340,8936,
serial:COM8/motor_raw,1637318,1785394324342,8939,
serial:COM8/motor_raw,1637320,1785394324344,8937,
serial:COM8/motor_raw,1637322,1785394324346,8938,
serial:COM8/motor_raw,1637324,1785394324348,8936,
serial:COM8/motor_raw,1637326,1785394324350,8936,
serial:COM8/motor_raw,1637328,1785394324352,8937,
serial:COM8/motor_raw,1637330,1785394324354,8939,
serial:COM8/motor_raw,1637332,1785394324359,8937,
serial:COM8/motor_raw,1637334,1785394324359,8933,
serial:COM8/motor_raw,1637336,1785394324360,8937,
serial:COM8/motor_raw,1637338,1785394324362,8936,
serial:COM8/motor_raw,1637340,1785394324364,8937,
serial:COM8/motor_raw,1637342,1785394324366,8939,
serial:COM8/motor_raw,1637344,1785394324368,8935,
serial:COM8/motor_raw,1637346,1785394324370,8937,
serial:COM8/motor_raw,1637348,1785394324372,8939,
serial:COM8/motor_raw,1637350,1785394324374,8937,
serial:COM8/motor_raw,1637352,1785394324376,8936,
serial:COM8/motor_raw,1637354,1785394324378,8938,
serial:COM8/motor_raw,1637356,1785394324380,8937,
serial:COM8/motor_raw,1637358,1785394324382,8941,
serial:COM8/motor_raw,1637360,1785394324384,8936,
serial:COM8/motor_raw,1637362,1785394324386,8939,
serial:COM8/motor_raw,1637364,1785394324388,8937,
serial:COM8/motor_raw,1637366,1785394324390,8937,
serial:COM8/motor_raw,1637368,1785394324392,8939,
serial:COM8/motor_raw,1637370,1785394324394,8937,
serial:COM8/motor_raw,1637372,1785394324396,8938,
serial:COM8/motor_raw,1637374,1785394324398,8936,
serial:COM8/motor_raw,1637376,1785394324400,8935,
serial:COM8/motor_raw,1637378,1785394324402,8937,
serial:COM8/motor_raw,1637380,1785394324404,8938,
serial:COM8/motor_raw,1637382,1785394324406,8937,
serial:COM8/motor_raw,1637384,1785394324408,8937,
serial:COM8/motor_raw,1637386,1785394324410,8942,
serial:COM8/motor_raw,1637388,1785394324412,8938,
serial:COM8/motor_raw,1637390,1785394324414,8938,
serial:COM8/motor_raw,1637392,1785394324416,8935,
serial:COM8/motor_raw,1637394,1785394324418,8935,
serial:COM8/motor_raw,1637396,1785394324420,8937,
serial:COM8/motor_raw,1637398,1785394324422,8939,
serial:COM8/motor_raw,1637400,1785394324424,8938,
serial:COM8/motor_raw,1637402,1785394324426,8938,
serial:COM8/motor_raw,1637404,1785394324428,8938,
serial:COM8/motor_raw,1637406,1785394324430,8938,
serial:COM8/motor_raw,1637408,1785394324432,8938,
serial:COM8/motor_raw,1637410,1785394324434,8938,
serial:COM8/motor_raw,1637412,1785394324436,8938,
serial:COM8/motor_raw,1637414,1785394324438,8936,
serial:COM8/motor_raw,1637416,1785394324440,8938,
serial:COM8/motor_raw,1637418,1785394324442,8938,
serial:COM8/motor_raw,1637420,1785394324444,8937,
serial:COM8/motor_raw,1637422,1785394324446,8935,
serial:COM8/motor_raw,1637424,1785394324448,8939,
serial:COM8/motor_raw,1637426,1785394324450,8938,
serial:COM8/motor_raw,1637428,1785394324452,8935,
serial:COM8/motor_raw,1637430,1785394324454,8938,
serial:COM8/motor_raw,1637432,1785394324456,8938,
serial:COM8/motor_raw,1637434,1785394324458,8936,
serial:COM8/motor_raw,1637436,1785394324460,8938,
serial:COM8/motor_raw,1637438,1785394324462,8937,
serial:COM8/motor_raw,1637440,1785394324464,8939,
serial:COM8/motor_raw,1637442,1785394324466,8936,
serial:COM8/motor_raw,1637444,1785394324468,8935,
serial:COM8/motor_raw,1637446,1785394324470,8938,
serial:COM8/motor_raw,1637448,1785394324472,8936,
serial:COM8/motor_raw,1637450,1785394324474,8938,
serial:COM8/motor_raw,1637452,1785394324476,8937,
serial:COM8/motor_raw,1637454,1785394324478,8941,
serial:COM8/motor_raw,1637456,1785394324480,8937,
serial:COM8/motor_raw,1637458,1785394324482,8938,
serial:COM8/motor_raw,1637460,1785394324484,8936,
serial:COM8/motor_raw,1637462,1785394324486,8937,
serial:COM8/motor_raw,1637464,1785394324488,8938,
serial:COM8/motor_raw,1637466,1785394324490,8938,
serial:COM8/motor_raw,1637468,1785394324492,8938,
serial:COM8/motor_raw,1637470,1785394324494,8937,
serial:COM8/motor_raw,1637472,1785394324496,8937,
serial:COM8/motor_raw,1637474,1785394324498,8936,
serial:COM8/motor_raw,1637476,1785394324500,8935,
serial:COM8/motor_raw,1637478,1785394324502,8939,
serial:COM8/motor_raw,1637480,1785394324504,8937,
serial:COM8/motor_raw,1637482,1785394324506,8935,
serial:COM8/motor_raw,1637484,1785394324508,8940,
serial:COM8/motor_raw,1637486,1785394324510,8938,
serial:COM8/motor_raw,1637488,1785394324512,8938,
serial:COM8/motor_raw,1637490,1785394324514,8939,
serial:COM8/motor_raw,1637492,1785394324516,8936,
serial:COM8/motor_raw,1637494,1785394324518,8937,
serial:COM8/motor_raw,1637496,1785394324520,8939,
serial:COM8/motor_raw,1637498,1785394324522,8938,
serial:COM8/motor_raw,1637500,1785394324524,8936,
serial:COM8/motor_raw,1637502,1785394324526,8937,
serial:COM8/motor_raw,1637504,1785394324528,8938,
serial:COM8/motor_raw,1637506,1785394324530,8937,
serial:COM8/motor_raw,1637508,1785394324532,8939,
serial:COM8/motor_raw,1637510,1785394324534,8938,
serial:COM8/motor_raw,1637512,1785394324536,8937,
serial:COM8/motor_raw,1637514,1785394324538,8937,
serial:COM8/motor_raw,1637516,1785394324540,8937,
serial:COM8/motor_raw,1637518,1785394324542,8937,
serial:COM8/motor_raw,1637520,1785394324544,8940,
serial:COM8/motor_raw,1637522,1785394324546,8938,
serial:COM8/motor_raw,1637524,1785394324548,8938,
serial:COM8/motor_raw,1637526,1785394324550,8937,
serial:COM8/motor_raw,1637528,1785394324552,8939,
serial:COM8/motor_raw,1637530,1785394324554,8938,
serial:COM8/motor_raw,1637532,1785394324559,8936,
serial:COM8/motor_raw,1637534,1785394324559,8937,
serial:COM8/motor_raw,1637536,1785394324560,8939,
serial:COM8/motor_raw,1637538,1785394324562,8939,
serial:COM8/motor_raw,1637540,1785394324564,8939,
serial:COM8/motor_raw,1637542,1785394324566,8937,
serial:COM8/motor_raw,1637544,1785394324568,8937,
serial:COM8/motor_raw,1637546,1785394324570,8938,
serial:COM8/motor_raw,1637548,1785394324572,8936,
serial:COM8/motor_raw,1637550,1785394324574,8939,
serial:COM8/motor_raw,1637552,1785394324576,8936,
serial:COM8/motor_raw,1637554,1785394324578,8937,
serial:COM8/motor_raw,1637556,1785394324580,8938,
serial:COM8/motor_raw,1637558,1785394324582,8936,
serial:COM8/motor_raw,1637560,1785394324584,8936,
serial:COM8/motor_raw,1637562,1785394324586,8936,
serial:COM8/motor_raw,1637564,1785394324588,8938,
serial:COM8/motor_raw,1637566,1785394324590,8935,
serial:COM8/motor_raw,1637568,1785394324592,8936,
serial:COM8/motor_raw,1637570,1785394324594,8936,
serial:COM8/motor_raw,1637572,1785394324596,8936,
serial:COM8/motor_raw,1637574,1785394324598,8935,
serial:COM8/motor_raw,1637576,1785394324600,8936,
serial:COM8/motor_raw,1637578,1785394324602,8935,
serial:COM8/motor_raw,1637580,1785394324604,8939,
serial:COM8/motor_raw,1637582,1785394324606,8936,
serial:COM8/motor_raw,1637584,1785394324608,8938,
serial:COM8/motor_raw,1637586,1785394324610,8937,
serial:COM8/motor_raw,1637588,1785394324612,8937,
serial:COM8/motor_raw,1637590,1785394324614,8935,
serial:COM8/motor_raw,1637592,1785394324616,8939,
serial:COM8/motor_raw,1637594,1785394324618,8938,
serial:COM8/motor_raw,1637596,1785394324620,8937,
serial:COM8/motor_raw,1637598,1785394324622,8939,
serial:COM8/motor_raw,1637600,1785394324624,8938,
serial:COM8/motor_raw,1637602,1785394324626,8934,
serial:COM8/motor_raw,1637604,1785394324628,8937,
serial:COM8/motor_raw,1637606,1785394324630,8936,
serial:COM8/motor_raw,1637608,1785394324632,8938,
serial:COM8/motor_raw,1637610,1785394324634,8935,
serial:COM8/motor_raw,1637612,1785394324636,8937,
serial:COM8/motor_raw,1637614,1785394324638,8940,
serial:COM8/motor_raw,1637616,1785394324640,8936,
serial:COM8/motor_raw,1637618,1785394324642,8936,
serial:COM8/motor_raw,1637620,1785394324644,8938,
serial:COM8/motor_raw,1637622,1785394324646,8935,
serial:COM8/motor_raw,1637624,1785394324648,8936,
serial:COM8/motor_raw,1637626,1785394324650,8937,
serial:COM8/motor_raw,1637628,1785394324652,8938,
serial:COM8/motor_raw,1637630,1785394324654,8940,
serial:COM8/motor_raw,1637632,1785394324656,8935,
serial:COM8/motor_raw,1637634,1785394324658,8935,
serial:COM8/motor_raw,1637636,1785394324660,8937,
serial:COM8/motor_raw,1637638,1785394324662,8937,
serial:COM8/motor_raw,1637640,1785394324664,8937,
serial:COM8/motor_raw,1637642,1785394324666,8936,
serial:COM8/motor_raw,1637644,1785394324668,8938,
serial:COM8/motor_raw,1637646,1785394324670,8938,
serial:COM8/motor_raw,1637648,1785394324672,8939,
serial:COM8/motor_raw,1637650,1785394324674,8938,
serial:COM8/motor_raw,1637652,1785394324676,8938,
serial:COM8/motor_raw,1637654,1785394324678,8937,
serial:COM8/motor_raw,1637656,1785394324680,8937,
serial:COM8/motor_raw,1637658,1785394324682,8939,
serial:COM8/motor_raw,1637660,1785394324684,8940,
serial:COM8/motor_raw,1637662,1785394324686,8937,
serial:COM8/motor_raw,1637664,1785394324688,8937,
serial:COM8/motor_raw,1637666,1785394324690,8936,
serial:COM8/motor_raw,1637668,1785394324692,8941,
serial:COM8/motor_raw,1637670,1785394324694,8940,
serial:COM8/motor_raw,1637672,1785394324696,8938,
serial:COM8/motor_raw,1637674,1785394324698,8937,
serial:COM8/motor_raw,1637676,1785394324700,8938,
serial:COM8/motor_raw,1637678,1785394324702,8935,
serial:COM8/motor_raw,1637680,1785394324704,8937,
serial:COM8/motor_raw,1637682,1785394324706,8937,
serial:COM8/motor_raw,1637684,1785394324708,8935,
serial:COM8/motor_raw,1637686,1785394324710,8939,
serial:COM8/motor_raw,1637688,1785394324712,8938,
serial:COM8/motor_raw,1637690,1785394324714,8938,
serial:COM8/motor_raw,1637692,1785394324716,8937,
serial:COM8/motor_raw,1637694,1785394324718,8936,
serial:COM8/motor_raw,1637696,1785394324720,8938,
serial:COM8/motor_raw,1637698,1785394324722,8935,
serial:COM8/motor_raw,1637700,1785394324724,8938,
serial:COM8/motor_raw,1637702,1785394324726,8937,
serial:COM8/motor_raw,1637704,1785394324728,8938,
serial:COM8/motor_raw,1637706,1785394324730,8935,
serial:COM8/motor_raw,1637708,1785394324732,8939,
serial:COM8/motor_raw,1637710,1785394324734,8938,
serial:COM8/motor_raw,1637712,1785394324736,8939,
serial:COM8/motor_raw,1637714,1785394324738,8937,
serial:COM8/motor_raw,1637716,1785394324740,8939,
serial:COM8/motor_raw,1637718,1785394324742,8935,
serial:COM8/motor_raw,1637720,1785394324744,8937,
serial:COM8/motor_raw,1637722,1785394324746,8938,
serial:COM8/motor_raw,1637724,1785394324748,8937,
serial:COM8/motor_raw,1637726,1785394324750,8939,
serial:COM8/motor_raw,1637728,1785394324752,8937,
serial:COM8/motor_raw,1637730,1785394324754,8940,
serial:COM8/motor_raw,1637732,1785394324759,8937,
serial:COM8/motor_raw,1637734,1785394324759,8938,
serial:COM8/motor_raw,1637736,1785394324760,8935,
serial:COM8/motor_raw,1637738,1785394324762,8939,
serial:COM8/motor_raw,1637740,1785394324764,8937,
serial:COM8/motor_raw,1637742,1785394324766,8939,
serial:COM8/motor_raw,1637744,1785394324768,8935,
serial:COM8/motor_raw,1637746,1785394324770,8940,
serial:COM8/motor_raw,1637748,1785394324772,8935,
serial:COM8/motor_raw,1637750,1785394324774,8938,
serial:COM8/motor_raw,1637752,1785394324776,8935,
serial:COM8/motor_raw,1637754,1785394324778,8937,
serial:COM8/motor_raw,1637756,1785394324780,8936,
serial:COM8/motor_raw,1637758,1785394324782,8937,
serial:COM8/motor_raw,1637760,1785394324784,8935,
serial:COM8/motor_raw,1637762,1785394324786,8938,
serial:COM8/motor_raw,1637764,1785394324788,8937,
serial:COM8/motor_raw,1637766,1785394324790,8937,
serial:COM8/motor_raw,1637768,1785394324792,8937,
serial:COM8/motor_raw,1637770,1785394324794,8936,
serial:COM8/motor_raw,1637772,1785394324796,8935,
serial:COM8/motor_raw,1637774,1785394324798,8939,
serial:COM8/motor_raw,1637776,1785394324800,8940,
serial:COM8/motor_raw,1637778,1785394324802,8938,
serial:COM8/motor_raw,1637780,1785394324804,8937,
serial:COM8/motor_raw,1637782,1785394324806,8937,
serial:COM8/motor_raw,1637784,1785394324808,8936,
serial:COM8/motor_raw,1637786,1785394324810,8938,
serial:COM8/motor_raw,1637788,1785394324812,8938,
serial:COM8/motor_raw,1637790,1785394324814,8938,
serial:COM8/motor_raw,1637792,1785394324816,8935,
serial:COM8/motor_raw,1637794,1785394324818,8937,
serial:COM8/motor_raw,1637796,1785394324820,8939,
serial:COM8/motor_raw,1637798,1785394324822,8938,
serial:COM8/motor_raw,1637800,1785394324824,8938,
serial:COM8/motor_raw,1637802,1785394324826,8939,
serial:COM8/motor_raw,1637804,1785394324828,8936,
serial:COM8/motor_raw,1637806,1785394324830,8938,
serial:COM8/motor_raw,1637808,1785394324832,8937,
serial:COM8/motor_raw,1637810,1785394324834,8935,
serial:COM8/motor_raw,1637812,1785394324836,8939,
serial:COM8/motor_raw,1637814,1785394324838,8939,
serial:COM8/motor_raw,1637816,1785394324840,8936,
serial:COM8/motor_raw,1637818,1785394324842,8937,
serial:COM8/motor_raw,1637820,1785394324844,8938,
serial:COM8/motor_raw,1637822,1785394324846,8936,
serial:COM8/motor_raw,1637824,1785394324848,8935,
serial:COM8/motor_raw,1637826,1785394324850,8936,
serial:COM8/motor_raw,1637828,1785394324852,8938,
serial:COM8/motor_raw,1637830,1785394324854,8937,
serial:COM8/motor_raw,1637832,1785394324856,8940,
serial:COM8/motor_raw,1637834,1785394324858,8940,
serial:COM8/motor_raw,1637836,1785394324860,8938,
serial:COM8/motor_raw,1637838,1785394324862,8935,
serial:COM8/motor_raw,1637840,1785394324864,8938,
serial:COM8/motor_raw,1637842,1785394324866,8937,
serial:COM8/motor_raw,1637844,1785394324868,8936,
serial:COM8/motor_raw,1637846,1785394324870,8936,
serial:COM8/motor_raw,1637848,1785394324872,8940,
serial:COM8/motor_raw,1637850,1785394324874,8938,
serial:COM8/motor_raw,1637852,1785394324876,8938,
serial:COM8/motor_raw,1637854,1785394324878,8938,
serial:COM8/motor_raw,1637856,1785394324880,8936,
serial:COM8/motor_raw,1637858,1785394324882,8935,
serial:COM8/motor_raw,1637860,1785394324884,8935,
serial:COM8/motor_raw,1637862,1785394324886,8936,
serial:COM8/motor_raw,1637864,1785394324888,8936,
serial:COM8/motor_raw,1637866,1785394324890,8937,
serial:COM8/motor_raw,1637868,1785394324892,8937,
serial:COM8/motor_raw,1637870,1785394324894,8935,
serial:COM8/motor_raw,1637872,1785394324896,8937,
serial:COM8/motor_raw,1637874,1785394324898,8940,
serial:COM8/motor_raw,1637876,1785394324900,8938,
serial:COM8/motor_raw,1637878,1785394324902,8938,
serial:COM8/motor_raw,1637880,1785394324904,8940,
serial:COM8/motor_raw,1637882,1785394324906,8941,
serial:COM8/motor_raw,1637884,1785394324908,8936,
serial:COM8/motor_raw,1637886,1785394324910,8936,
serial:COM8/motor_raw,1637888,1785394324912,8939,
serial:COM8/motor_raw,1637890,1785394324914,8936,
serial:COM8/motor_raw,1637892,1785394324916,8936,
serial:COM8/motor_raw,1637894,1785394324918,8936,
serial:COM8/motor_raw,1637896,1785394324920,8937,
serial:COM8/motor_raw,1637898,1785394324922,8937,
serial:COM8/motor_raw,1637900,1785394324924,8937,
serial:COM8/motor_raw,1637902,1785394324926,8936,
serial:COM8/motor_raw,1637904,1785394324928,8941,
serial:COM8/motor_raw,1637906,1785394324930,8939,
serial:COM8/motor_raw,1637908,1785394324932,8938,
serial:COM8/motor_raw,1637910,1785394324934,8939,
serial:COM8/motor_raw,1637912,1785394324936,8939,
serial:COM8/motor_raw,1637914,1785394324938,8936,
serial:COM8/motor_raw,1637916,1785394324940,8936,
serial:COM8/motor_raw,1637918,1785394324942,8936,
serial:COM8/motor_raw,1637920,1785394324944,8934,
serial:COM8/motor_raw,1637922,1785394324946,8937,
serial:COM8/motor_raw,1637924,1785394324948,8941,
serial:COM8/motor_raw,1637926,1785394324950,8937,
serial:COM8/motor_raw,1637928,1785394324952,8936,
serial:COM8/motor_raw,1637930,1785394324954,8938,
serial:COM8/motor_raw,1637932,1785394324959,8936,
serial:COM8/motor_raw,1637934,1785394324959,8938,
serial:COM8/motor_raw,1637936,1785394324960,8936,
serial:COM8/motor_raw,1637938,1785394324962,8936,
serial:COM8/motor_raw,1637940,1785394324964,8936,
serial:COM8/motor_raw,1637942,1785394324966,8938,
serial:COM8/motor_raw,1637944,1785394324968,8938,
serial:COM8/motor_raw,1637946,1785394324970,8935,
serial:COM8/motor_raw,1637948,1785394324972,8936,
serial:COM8/motor_raw,1637950,1785394324974,8937,
serial:COM8/motor_raw,1637952,1785394324976,8937,
serial:COM8/motor_raw,1637954,1785394324978,8937,
serial:COM8/motor_raw,1637956,1785394324980,8938,
serial:COM8/motor_raw,1637958,1785394324982,8937,
serial:COM8/motor_raw,1637960,1785394324984,8938,
serial:COM8/motor_raw,1637962,1785394324986,8939,
serial:COM8/motor_raw,1637964,1785394324988,8939,
serial:COM8/motor_raw,1637966,1785394324990,8938,
serial:COM8/motor_raw,1637968,1785394324992,8939,
serial:COM8/motor_raw,1637970,1785394324994,8937,
serial:COM8/motor_raw,1637972,1785394324996,8933,
serial:COM8/motor_raw,1637974,1785394324998,8937,
serial:COM8/motor_raw,1637976,1785394325000,8942,
serial:COM8/motor_raw,1637978,1785394325002,8939,
serial:COM8/motor_raw,1637980,1785394325004,8940,
serial:COM8/motor_raw,1637982,1785394325006,8936,
serial:COM8/motor_raw,1637984,1785394325008,8936,
serial:COM8/motor_raw,1637986,1785394325010,8939,
serial:COM8/motor_raw,1637988,1785394325012,8938,
serial:COM8/motor_raw,1637990,1785394325014,8937,
serial:COM8/motor_raw,1637992,1785394325016,8936,
serial:COM8/motor_raw,1637994,1785394325018,8936,
serial:COM8/motor_raw,1637996,1785394325020,8936,
serial:COM8/motor_raw,1637998,1785394325022,8937,
serial:COM8/motor_raw,1638000,1785394325024,8936,
serial:COM8/motor_raw,1638002,1785394325026,8940,
serial:COM8/motor_raw,1638004,1785394325028,8936,
serial:COM8/motor_raw,1638006,1785394325030,8935,
serial:COM8/motor_raw,1638008,1785394325032,8938,
serial:COM8/motor_raw,1638010,1785394325034,8937,
serial:COM8/motor_raw,1638012,1785394325036,8936,
serial:COM8/motor_raw,1638014,1785394325038,8937,
serial:COM8/motor_raw,1638016,1785394325040,8939,
serial:COM8/motor_raw,1638018,1785394325042,8936,
serial:COM8/motor_raw,1638020,1785394325044,8936,
serial:COM8/motor_raw,1638022,1785394325046,8938,
serial:COM8/motor_raw,1638024,1785394325048,8936,
serial:COM8/motor_raw,1638026,1785394325050,8938,
serial:COM8/motor_raw,1638028,1785394325052,8937,
serial:COM8/motor_raw,1638030,1785394325054,8940,
serial:COM8/motor_raw,1638032,1785394325056,8938,
serial:COM8/motor_raw,1638034,1785394325058,8937,
serial:COM8/motor_raw,1638036,1785394325060,8934,
serial:COM8/motor_raw,1638038,1785394325062,8937,
serial:COM8/motor_raw,1638040,1785394325064,8937,
serial:COM8/motor_raw,1638042,1785394325066,8938,
serial:COM8/motor_raw,1638044,1785394325068,8941,
serial:COM8/motor_raw,1638046,1785394325070,8938,
serial:COM8/motor_raw,1638048,1785394325072,8937,
serial:COM8/motor_raw,1638050,1785394325074,8936,
serial:COM8/motor_raw,1638052,1785394325076,8936,
serial:COM8/motor_raw,1638054,1785394325078,8938,
serial:COM8/motor_raw,1638056,1785394325080,8940,
serial:COM8/motor_raw,1638058,1785394325082,8937,
serial:COM8/motor_raw,1638060,1785394325084,8939,
serial:COM8/motor_raw,1638062,1785394325086,8938,
serial:COM8/motor_raw,1638064,1785394325088,8935,
serial:COM8/motor_raw,1638066,1785394325090,8938,
serial:COM8/motor_raw,1638068,1785394325092,8941,
serial:COM8/motor_raw,1638070,1785394325094,8934,
serial:COM8/motor_raw,1638072,1785394325096,8938,
serial:COM8/motor_raw,1638074,1785394325098,8935,
serial:COM8/motor_raw,1638076,1785394325100,8935,
serial:COM8/motor_raw,1638078,1785394325102,8937,
serial:COM8/motor_raw,1638080,1785394325104,8934,
serial:COM8/motor_raw,1638082,1785394325106,8940,
serial:COM8/motor_raw,1638084,1785394325108,8935,
serial:COM8/motor_raw,1638086,1785394325110,8934,
serial:COM8/motor_raw,1638088,1785394325112,8940,
serial:COM8/motor_raw,1638090,1785394325114,8939,
serial:COM8/motor_raw,1638092,1785394325116,8938,
serial:COM8/motor_raw,1638094,1785394325118,8938,
serial:COM8/motor_raw,1638096,1785394325120,8938,
serial:COM8/motor_raw,1638098,1785394325122,8937,
serial:COM8/motor_raw,1638100,1785394325124,8937,
serial:COM8/motor_raw,1638102,1785394325126,8937,
serial:COM8/motor_raw,1638104,1785394325128,8938,
serial:COM8/motor_raw,1638106,1785394325130,8939,
serial:COM8/motor_raw,1638108,1785394325132,8939,
serial:COM8/motor_raw,1638110,1785394325134,8939,
serial:COM8/motor_raw,1638112,1785394325136,8936,
serial:COM8/motor_raw,1638114,1785394325138,8939,
serial:COM8/motor_raw,1638116,1785394325140,8936,
serial:COM8/motor_raw,1638118,1785394325142,8937,
serial:COM8/motor_raw,1638120,1785394325144,8937,
serial:COM8/motor_raw,1638122,1785394325146,8937,
serial:COM8/motor_raw,1638124,1785394325148,8940,
serial:COM8/motor_raw,1638126,1785394325150,8938,
serial:COM8/motor_raw,1638128,1785394325152,8935,
serial:COM8/motor_raw,1638130,1785394325154,8938,
serial:COM8/motor_raw,1638132,1785394325159,8937,
serial:COM8/motor_raw,1638134,1785394325159,8939,
serial:COM8/motor_raw,1638136,1785394325160,8938,
serial:COM8/motor_raw,1638138,1785394325162,8937,
serial:COM8/motor_raw,1638140,1785394325164,8937,
serial:COM8/motor_raw,1638142,1785394325166,8938,
serial:COM8/motor_raw,1638144,1785394325168,8939,
serial:COM8/motor_raw,1638146,1785394325170,8936,
serial:COM8/motor_raw,1638148,1785394325172,8938,
serial:COM8/motor_raw,1638150,1785394325174,8936,
serial:COM8/motor_raw,1638152,1785394325176,8939,
serial:COM8/motor_raw,1638154,1785394325178,8937,
serial:COM8/motor_raw,1638156,1785394325180,8936,
serial:COM8/motor_raw,1638158,1785394325182,8937,
serial:COM8/motor_raw,1638160,1785394325184,8939,
serial:COM8/motor_raw,1638162,1785394325186,8938,
serial:COM8/motor_raw,1638164,1785394325188,8937,
serial:COM8/motor_raw,1638166,1785394325190,8936,
serial:COM8/motor_raw,1638168,1785394325192,8936,
serial:COM8/motor_raw,1638170,1785394325194,8937,
serial:COM8/motor_raw,1638172,1785394325196,8938,
serial:COM8/motor_raw,1638174,1785394325198,8936,
serial:COM8/motor_raw,1638176,1785394325200,8938,
serial:COM8/motor_raw,1638178,1785394325202,8937,
serial:COM8/motor_raw,1638180,1785394325204,8938,
serial:COM8/motor_raw,1638182,1785394325206,8939,
serial:COM8/motor_raw,1638184,1785394325208,8937,
serial:COM8/motor_raw,1638186,1785394325210,8937,
serial:COM8/motor_raw,1638188,1785394325212,8938,
serial:COM8/motor_raw,1638190,1785394325214,8936,
serial:COM8/motor_raw,1638192,1785394325216,8937,
serial:COM8/motor_raw,1638194,1785394325218,8937,
serial:COM8/motor_raw,1638196,1785394325220,8939,
serial:COM8/motor_raw,1638198,1785394325222,8936,
serial:COM8/motor_raw,1638200,1785394325224,8938,
serial:COM8/motor_raw,1638202,1785394325226,8937,
serial:COM8/motor_raw,1638204,1785394325228,8936,
serial:COM8/motor_raw,1638206,1785394325230,8935,
serial:COM8/motor_raw,1638208,1785394325232,8938,
serial:COM8/motor_raw,1638210,1785394325234,8935,
serial:COM8/motor_raw,1638212,1785394325236,8939,
serial:COM8/motor_raw,1638214,1785394325238,8938,
serial:COM8/motor_raw,1638216,1785394325240,8937,
serial:COM8/motor_raw,1638218,1785394325242,8936,
serial:COM8/motor_raw,1638220,1785394325244,8939,
serial:COM8/motor_raw,1638222,1785394325246,8937,
serial:COM8/motor_raw,1638224,1785394325248,8937,
serial:COM8/motor_raw,1638226,1785394325250,8938,
serial:COM8/motor_raw,1638228,1785394325252,8937,
serial:COM8/motor_raw,1638230,1785394325254,8936,
serial:COM8/motor_raw,1638232,1785394325256,8935,
serial:COM8/motor_raw,1638234,1785394325258,8936,
serial:COM8/motor_raw,1638236,1785394325260,8936,
serial:COM8/motor_raw,1638238,1785394325262,8935,
serial:COM8/motor_raw,1638240,1785394325264,8939,
serial:COM8/motor_raw,1638242,1785394325266,8938,
serial:COM8/motor_raw,1638244,1785394325268,8937,
serial:COM8/motor_raw,1638246,1785394325270,8936,
serial:COM8/motor_raw,1638248,1785394325272,8935,
serial:COM8/motor_raw,1638250,1785394325274,8936,
serial:COM8/motor_raw,1638252,1785394325276,8936,
serial:COM8/motor_raw,1638254,1785394325278,8937,
serial:COM8/motor_raw,1638256,1785394325280,8940,
serial:COM8/motor_raw,1638258,1785394325282,8936,
serial:COM8/motor_raw,1638260,1785394325284,8935,
serial:COM8/motor_raw,1638262,1785394325286,8937,
serial:COM8/motor_raw,1638264,1785394325288,8938,
serial:COM8/motor_raw,1638266,1785394325290,8936,
serial:COM8/motor_raw,1638268,1785394325292,8936,
serial:COM8/motor_raw,1638270,1785394325294,8938,
serial:COM8/motor_raw,1638272,1785394325296,8935,
serial:COM8/motor_raw,1638274,1785394325298,8935,
serial:COM8/motor_raw,1638276,1785394325300,8934,
serial:COM8/motor_raw,1638278,1785394325302,8937,
serial:COM8/motor_raw,1638280,1785394325304,8937,
serial:COM8/motor_raw,1638282,1785394325306,8937,
serial:COM8/motor_raw,1638284,1785394325308,8938,
serial:COM8/motor_raw,1638286,1785394325310,8937,
serial:COM8/motor_raw,1638288,1785394325312,8935,
serial:COM8/motor_raw,1638290,1785394325314,8936,
serial:COM8/motor_raw,1638292,1785394325316,8936,
serial:COM8/motor_raw,1638294,1785394325318,8938,
serial:COM8/motor_raw,1638296,1785394325320,8938,
serial:COM8/motor_raw,1638298,1785394325322,8935,
serial:COM8/motor_raw,1638300,1785394325324,8938,
serial:COM8/motor_raw,1638302,1785394325326,8937,
serial:COM8/motor_raw,1638304,1785394325328,8939,
serial:COM8/motor_raw,1638306,1785394325330,8939,
serial:COM8/motor_raw,1638308,1785394325332,8938,
serial:COM8/motor_raw,1638310,1785394325334,8940,
serial:COM8/motor_raw,1638312,1785394325336,8938,
serial:COM8/motor_raw,1638314,1785394325338,8937,
serial:COM8/motor_raw,1638316,1785394325340,8936,
serial:COM8/motor_raw,1638318,1785394325342,8936,
serial:COM8/motor_raw,1638320,1785394325344,8935,
serial:COM8/motor_raw,1638322,1785394325346,8938,
serial:COM8/motor_raw,1638324,1785394325348,8939,
serial:COM8/motor_raw,1638326,1785394325350,8938,
serial:COM8/motor_raw,1638328,1785394325352,8938,
serial:COM8/motor_raw,1638330,1785394325354,8936,
serial:COM8/motor_raw,1638332,1785394325359,8937,
serial:COM8/motor_raw,1638334,1785394325359,8934,
serial:COM8/motor_raw,1638336,1785394325360,8936,
serial:COM8/motor_raw,1638338,1785394325362,8937,
serial:COM8/motor_raw,1638340,1785394325364,8936,
serial:COM8/motor_raw,1638342,1785394325366,8940,
serial:COM8/motor_raw,1638344,1785394325368,8939,
serial:COM8/motor_raw,1638346,1785394325370,8938,
serial:COM8/motor_raw,1638348,1785394325372,8936,
serial:COM8/motor_raw,1638350,1785394325374,8938,
serial:COM8/motor_raw,1638352,1785394325376,8937,
serial:COM8/motor_raw,1638354,1785394325378,8935,
serial:COM8/motor_raw,1638356,1785394325380,8940,
serial:COM8/motor_raw,1638358,1785394325382,8936,
serial:COM8/motor_raw,1638360,1785394325384,8935,
serial:COM8/motor_raw,1638362,1785394325386,8936,
serial:COM8/motor_raw,1638364,1785394325388,8939,
serial:COM8/motor_raw,1638366,1785394325390,8936,
serial:COM8/motor_raw,1638368,1785394325392,8939,
serial:COM8/motor_raw,1638370,1785394325394,8933,
serial:COM8/motor_raw,1638372,1785394325396,8935,
serial:COM8/motor_raw,1638374,1785394325398,8937,
serial:COM8/motor_raw,1638376,1785394325400,8936,
serial:COM8/motor_raw,1638378,1785394325402,8935,
serial:COM8/motor_raw,1638380,1785394325404,8937,
serial:COM8/motor_raw,1638382,1785394325406,8937,
serial:COM8/motor_raw,1638384,1785394325408,8937,
serial:COM8/motor_raw,1638386,1785394325410,8939,
serial:COM8/motor_raw,1638388,1785394325412,8934,
serial:COM8/motor_raw,1638390,1785394325414,8937,
serial:COM8/motor_raw,1638392,1785394325416,8936,
serial:COM8/motor_raw,1638394,1785394325418,8939,
serial:COM8/motor_raw,1638396,1785394325420,8939,
serial:COM8/motor_raw,1638398,1785394325422,8939,
serial:COM8/motor_raw,1638400,1785394325424,8938,
serial:COM8/motor_raw,1638402,1785394325426,8938,
serial:COM8/motor_raw,1638404,1785394325428,8938,
serial:COM8/motor_raw,1638406,1785394325430,8937,
serial:COM8/motor_raw,1638408,1785394325432,8937,
serial:COM8/motor_raw,1638410,1785394325434,8937,
serial:COM8/motor_raw,1638412,1785394325436,8942,
serial:COM8/motor_raw,1638414,1785394325438,8939,
serial:COM8/motor_raw,1638416,1785394325440,8936,
serial:COM8/motor_raw,1638418,1785394325442,8938,
serial:COM8/motor_raw,1638420,1785394325444,8935,
serial:COM8/motor_raw,1638422,1785394325446,8936,
serial:COM8/motor_raw,1638424,1785394325448,8934,
serial:COM8/motor_raw,1638426,1785394325450,8937,
serial:COM8/motor_raw,1638428,1785394325452,8937,
serial:COM8/motor_raw,1638430,1785394325454,8938,
serial:COM8/motor_raw,1638432,1785394325456,8938,
serial:COM8/motor_raw,1638434,1785394325458,8937,
serial:COM8/motor_raw,1638436,1785394325460,8935,
serial:COM8/motor_raw,1638438,1785394325462,8935,
serial:COM8/motor_raw,1638440,1785394325464,8939,
serial:COM8/motor_raw,1638442,1785394325466,8941,
serial:COM8/motor_raw,1638444,1785394325468,8936,
serial:COM8/motor_raw,1638446,1785394325470,8935,
serial:COM8/motor_raw,1638448,1785394325472,8936,
serial:COM8/motor_raw,1638450,1785394325474,8940,
serial:COM8/motor_raw,1638452,1785394325476,8938,
serial:COM8/motor_raw,1638454,1785394325478,8936,
serial:COM8/motor_raw,1638456,1785394325480,8935,
serial:COM8/motor_raw,1638458,1785394325482,8936,
serial:COM8/motor_raw,1638460,1785394325484,8937,
serial:COM8/motor_raw,1638462,1785394325486,8938,
serial:COM8/motor_raw,1638464,1785394325488,8939,
serial:COM8/motor_raw,1638466,1785394325490,8938,
serial:COM8/motor_raw,1638468,1785394325492,8935,
serial:COM8/motor_raw,1638470,1785394325494,8936,
serial:COM8/motor_raw,1638472,1785394325496,8937,
serial:COM8/motor_raw,1638474,1785394325498,8937,
serial:COM8/motor_raw,1638476,1785394325500,8937,
serial:COM8/motor_raw,1638478,1785394325502,8936,
serial:COM8/motor_raw,1638480,1785394325504,8938,
serial:COM8/motor_raw,1638482,1785394325506,8939,
serial:COM8/motor_raw,1638484,1785394325508,8937,
serial:COM8/motor_raw,1638486,1785394325510,8936,
serial:COM8/motor_raw,1638488,1785394325512,8938,
serial:COM8/motor_raw,1638490,1785394325514,8940,
serial:COM8/motor_raw,1638492,1785394325516,8938,
serial:COM8/motor_raw,1638494,1785394325518,8936,
serial:COM8/motor_raw,1638496,1785394325520,8938,
serial:COM8/motor_raw,1638498,1785394325522,8937,
serial:COM8/motor_raw,1638500,1785394325524,8935,
serial:COM8/motor_raw,1638502,1785394325526,8937,
serial:COM8/motor_raw,1638504,1785394325528,8938,
serial:COM8/motor_raw,1638506,1785394325530,8938,
serial:COM8/motor_raw,1638508,1785394325532,8936,
serial:COM8/motor_raw,1638510,1785394325534,8939,
serial:COM8/motor_raw,1638512,1785394325536,8940,
serial:COM8/motor_raw,1638514,1785394325538,8936,
serial:COM8/motor_raw,1638516,1785394325540,8935,
serial:COM8/motor_raw,1638518,1785394325542,8938,
serial:COM8/motor_raw,1638520,1785394325544,8938,
serial:COM8/motor_raw,1638522,1785394325546,8935,
serial:COM8/motor_raw,1638524,1785394325548,8937,
serial:COM8/motor_raw,1638526,1785394325550,8939,
serial:COM8/motor_raw,1638528,1785394325552,8938,
serial:COM8/motor_raw,1638530,1785394325554,8940,
serial:COM8/motor_raw,1638532,1785394325559,8935,
serial:COM8/motor_raw,1638534,1785394325559,8937,
serial:COM8/motor_raw,1638536,1785394325560,8936,
serial:COM8/motor_raw,1638538,1785394325562,8936,
serial:COM8/motor_raw,1638540,1785394325564,8939,
serial:COM8/motor_raw,1638542,1785394325566,8937,
serial:COM8/motor_raw,1638544,1785394325568,8937,
serial:COM8/motor_raw,1638546,1785394325570,8938,
serial:COM8/motor_raw,1638548,1785394325572,8937,
serial:COM8/motor_raw,1638550,1785394325574,8936,
serial:COM8/motor_raw,1638552,1785394325576,8938,
serial:COM8/motor_raw,1638554,1785394325578,8935,
serial:COM8/motor_raw,1638556,1785394325580,8937,
serial:COM8/motor_raw,1638558,1785394325582,8938,
serial:COM8/motor_raw,1638560,1785394325584,8938,
serial:COM8/motor_raw,1638562,1785394325586,8938,
serial:COM8/motor_raw,1638564,1785394325588,8937,
serial:COM8/motor_raw,1638566,1785394325590,8937,
serial:COM8/motor_raw,1638568,1785394325592,8936,
serial:COM8/motor_raw,1638570,1785394325594,8938,
serial:COM8/motor_raw,1638572,1785394325596,8935,
serial:COM8/motor_raw,1638574,1785394325598,8939,
serial:COM8/motor_raw,1638576,1785394325600,8939,
serial:COM8/motor_raw,1638578,1785394325602,8937,
serial:COM8/motor_raw,1638580,1785394325604,8936,
serial:COM8/motor_raw,1638582,1785394325606,8936,
serial:COM8/motor_raw,1638584,1785394325608,8935,
serial:COM8/motor_raw,1638586,1785394325610,8939,
serial:COM8/motor_raw,1638588,1785394325612,8938,
serial:COM8/motor_raw,1638590,1785394325614,8935,
serial:COM8/motor_raw,1638592,1785394325616,8938,
serial:COM8/motor_raw,1638594,1785394325618,8937,
serial:COM8/motor_raw,1638596,1785394325620,8937,
serial:COM8/motor_raw,1638598,1785394325622,8936,
serial:COM8/motor_raw,1638600,1785394325624,8939,
serial:COM8/motor_raw,1638602,1785394325626,8938,
serial:COM8/motor_raw,1638604,1785394325628,8938,
serial:COM8/motor_raw,1638606,1785394325630,8938,
serial:COM8/motor_raw,1638608,1785394325632,8938,
serial:COM8/motor_raw,1638610,1785394325634,8937,
serial:COM8/motor_raw,1638612,1785394325636,8940,
serial:COM8/motor_raw,1638614,1785394325638,8937,
serial:COM8/motor_raw,1638616,1785394325640,8935,
serial:COM8/motor_raw,1638618,1785394325642,8937,
serial:COM8/motor_raw,1638620,1785394325644,8937,
serial:COM8/motor_raw,1638622,1785394325646,8937,
serial:COM8/motor_raw,1638624,1785394325648,8937,
serial:COM8/motor_raw,1638626,1785394325650,8936,
serial:COM8/motor_raw,1638628,1785394325652,8937,
serial:COM8/motor_raw,1638630,1785394325654,8936,
serial:COM8/motor_raw,1638632,1785394325656,8935,
serial:COM8/motor_raw,1638634,1785394325658,8939,
serial:COM8/motor_raw,1638636,1785394325660,8938,
serial:COM8/motor_raw,1638638,1785394325662,8937,
serial:COM8/motor_raw,1638640,1785394325664,8940,
serial:COM8/motor_raw,1638642,1785394325666,8937,
serial:COM8/motor_raw,1638644,1785394325668,8937,
serial:COM8/motor_raw,1638646,1785394325670,8937,
serial:COM8/motor_raw,1638648,1785394325672,8936,
serial:COM8/motor_raw,1638650,1785394325674,8935,
serial:COM8/motor_raw,1638652,1785394325676,8935,
serial:COM8/motor_raw,1638654,1785394325678,8936,
serial:COM8/motor_raw,1638656,1785394325680,8936,
serial:COM8/motor_raw,1638658,1785394325682,8939,
serial:COM8/motor_raw,1638660,1785394325684,8939,
serial:COM8/motor_raw,1638662,1785394325686,8940,
serial:COM8/motor_raw,1638664,1785394325688,8936,
serial:COM8/motor_raw,1638666,1785394325690,8937,
serial:COM8/motor_raw,1638668,1785394325692,8937,
serial:COM8/motor_raw,1638670,1785394325694,8937,
serial:COM8/motor_raw,1638672,1785394325696,8936,
serial:COM8/motor_raw,1638674,1785394325698,8939,
serial:COM8/motor_raw,1638676,1785394325700,8937,
serial:COM8/motor_raw,1638678,1785394325702,8937,
serial:COM8/motor_raw,1638680,1785394325704,8937,
serial:COM8/motor_raw,1638682,1785394325706,8935,
serial:COM8/motor_raw,1638684,1785394325708,8936,
serial:COM8/motor_raw,1638686,1785394325710,8938,
serial:COM8/motor_raw,1638688,1785394325712,8935,
serial:COM8/motor_raw,1638690,1785394325714,8941,
serial:COM8/motor_raw,1638692,1785394325716,8935,
serial:COM8/motor_raw,1638694,1785394325718,8939,
serial:COM8/motor_raw,1638696,1785394325720,8937,
serial:COM8/motor_raw,1638698,1785394325722,8935,
serial:COM8/motor_raw,1638700,1785394325724,8939,
serial:COM8/motor_raw,1638702,1785394325726,8937,
serial:COM8/motor_raw,1638704,1785394325728,8936,
serial:COM8/motor_raw,1638706,1785394325730,8935,
serial:COM8/motor_raw,1638708,1785394325732,8939,
serial:COM8/motor_raw,1638710,1785394325734,8937,
serial:COM8/motor_raw,1638712,1785394325736,8938,
serial:COM8/motor_raw,1638714,1785394325738,8936,
serial:COM8/motor_raw,1638716,1785394325740,8936,
serial:COM8/motor_raw,1638718,1785394325742,8939,
serial:COM8/motor_raw,1638720,1785394325744,8936,
serial:COM8/motor_raw,1638722,1785394325746,8938,
serial:COM8/motor_raw,1638724,1785394325748,8938,
serial:COM8/motor_raw,1638726,1785394325750,8936,
serial:COM8/motor_raw,1638728,1785394325752,8938,
serial:COM8/motor_raw,1638730,1785394325754,8938,
serial:COM8/motor_raw,1638732,1785394325759,8939,
serial:COM8/motor_raw,1638734,1785394325759,8939,
serial:COM8/motor_raw,1638736,1785394325760,8936,
serial:COM8/motor_raw,1638738,1785394325762,8937,
serial:COM8/motor_raw,1638740,1785394325764,8939,
serial:COM8/motor_raw,1638742,1785394325766,8937,
serial:COM8/motor_raw,1638744,1785394325768,8939,
serial:COM8/motor_raw,1638746,1785394325770,8938,
serial:COM8/motor_raw,1638748,1785394325772,8938,
serial:COM8/motor_raw,1638750,1785394325774,8937,
serial:COM8/motor_raw,1638752,1785394325776,8939,
serial:COM8/motor_raw,1638754,1785394325778,8937,
serial:COM8/motor_raw,1638756,1785394325780,8936,
serial:COM8/motor_raw,1638758,1785394325782,8938,
serial:COM8/motor_raw,1638760,1785394325784,8937,
serial:COM8/motor_raw,1638762,1785394325786,8937,
serial:COM8/motor_raw,1638764,1785394325788,8935,
serial:COM8/motor_raw,1638766,1785394325790,8936,
serial:COM8/motor_raw,1638768,1785394325792,8940,
serial:COM8/motor_raw,1638770,1785394325794,8935,
serial:COM8/motor_raw,1638772,1785394325796,8939,
serial:COM8/motor_raw,1638774,1785394325798,8940,
serial:COM8/motor_raw,1638776,1785394325800,8938,
serial:COM8/motor_raw,1638778,1785394325802,8938,
serial:COM8/motor_raw,1638780,1785394325804,8940,
serial:COM8/motor_raw,1638782,1785394325806,8938,
serial:COM8/motor_raw,1638784,1785394325808,8938,
serial:COM8/motor_raw,1638786,1785394325810,8938,
serial:COM8/motor_raw,1638788,1785394325812,8939,
serial:COM8/motor_raw,1638790,1785394325814,8937,
serial:COM8/motor_raw,1638792,1785394325816,8935,
serial:COM8/motor_raw,1638794,1785394325818,8935,
serial:COM8/motor_raw,1638796,1785394325820,8934,
serial:COM8/motor_raw,1638798,1785394325822,8939,
serial:COM8/motor_raw,1638800,1785394325824,8939,
serial:COM8/motor_raw,1638802,1785394325826,8938,
serial:COM8/motor_raw,1638804,1785394325828,8939,
serial:COM8/motor_raw,1638806,1785394325830,8938,
serial:COM8/motor_raw,1638808,1785394325832,8935,
serial:COM8/motor_raw,1638810,1785394325834,8934,
serial:COM8/motor_raw,1638812,1785394325836,8937,
serial:COM8/motor_raw,1638814,1785394325838,8938,
serial:COM8/motor_raw,1638816,1785394325840,8939,
serial:COM8/motor_raw,1638818,1785394325842,8937,
serial:COM8/motor_raw,1638820,1785394325844,8936,
serial:COM8/motor_raw,1638822,1785394325846,8937,
serial:COM8/motor_raw,1638824,1785394325848,8939,
serial:COM8/motor_raw,1638826,1785394325850,8937,
serial:COM8/motor_raw,1638828,1785394325852,8939,
serial:COM8/motor_raw,1638830,1785394325854,8937,
serial:COM8/motor_raw,1638832,1785394325856,8938,
serial:COM8/motor_raw,1638834,1785394325858,8934,
serial:COM8/motor_raw,1638836,1785394325860,8936,
serial:COM8/motor_raw,1638838,1785394325862,8938,
serial:COM8/motor_raw,1638840,1785394325864,8937,
serial:COM8/motor_raw,1638842,1785394325866,8939,
serial:COM8/motor_raw,1638844,1785394325868,8940,
serial:COM8/motor_raw,1638846,1785394325870,8935,
serial:COM8/motor_raw,1638848,1785394325872,8937,
serial:COM8/motor_raw,1638850,1785394325874,8936,
serial:COM8/motor_raw,1638852,1785394325876,8939,
serial:COM8/motor_raw,1638854,1785394325878,8935,
serial:COM8/motor_raw,1638856,1785394325880,8938,
serial:COM8/motor_raw,1638858,1785394325882,8938,
serial:COM8/motor_raw,1638860,1785394325884,8939,
serial:COM8/motor_raw,1638862,1785394325886,8938,
serial:COM8/motor_raw,1638864,1785394325888,8937,
serial:COM8/motor_raw,1638866,1785394325890,8935,
serial:COM8/motor_raw,1638868,1785394325892,8937,
serial:COM8/motor_raw,1638870,1785394325894,8937,
serial:COM8/motor_raw,1638872,1785394325896,8936,
serial:COM8/motor_raw,1638874,1785394325898,8936,
serial:COM8/motor_raw,1638876,1785394325900,8937,
serial:COM8/motor_raw,1638878,1785394325902,8934,
serial:COM8/motor_raw,1638880,1785394325904,8938,
serial:COM8/motor_raw,1638882,1785394325906,8936,
serial:COM8/motor_raw,1638884,1785394325908,8938,
serial:COM8/motor_raw,1638886,1785394325910,8937,
serial:COM8/motor_raw,1638888,1785394325912,8940,
serial:COM8/motor_raw,1638890,1785394325914,8939,
serial:COM8/motor_raw,1638892,1785394325916,8936,
serial:COM8/motor_raw,1638894,1785394325918,8935,
serial:COM8/motor_raw,1638896,1785394325920,8938,
serial:COM8/motor_raw,1638898,1785394325922,8937,
serial:COM8/motor_raw,1638900,1785394325924,8938,
serial:COM8/motor_raw,1638902,1785394325926,8936,
serial:COM8/motor_raw,1638904,1785394325928,8937,
serial:COM8/motor_raw,1638906,1785394325930,8937,
serial:COM8/motor_raw,1638908,1785394325932,8933,
serial:COM8/motor_raw,1638910,1785394325934,8938,
serial:COM8/motor_raw,1638912,1785394325936,8937,
serial:COM8/motor_raw,1638914,1785394325938,8935,
serial:COM8/motor_raw,1638916,1785394325940,8938,
serial:COM8/motor_raw,1638918,1785394325942,8936,
serial:COM8/motor_raw,1638920,1785394325944,8934,
serial:COM8/motor_raw,1638922,1785394325946,8937,
serial:COM8/motor_raw,1638924,1785394325948,8937,
serial:COM8/motor_raw,1638926,1785394325950,8936,
serial:COM8/motor_raw,1638928,1785394325952,8937,
serial:COM8/motor_raw,1638930,1785394325954,8938,
serial:COM8/motor_raw,1638932,1785394325959,8937,
serial:COM8/motor_raw,1638934,1785394325959,8938,
serial:COM8/motor_raw,1638936,1785394325960,8937,
serial:COM8/motor_raw,1638938,1785394325962,8936,
serial:COM8/motor_raw,1638940,1785394325964,8938,
serial:COM8/motor_raw,1638942,1785394325966,8939,
serial:COM8/motor_raw,1638944,1785394325968,8938,
serial:COM8/motor_raw,1638946,1785394325970,8939,
serial:COM8/motor_raw,1638948,1785394325972,8936,
serial:COM8/motor_raw,1638950,1785394325974,8938,
serial:COM8/motor_raw,1638952,1785394325976,8938,
serial:COM8/motor_raw,1638954,1785394325978,8936,
serial:COM8/motor_raw,1638956,1785394325980,8938,
serial:COM8/motor_raw,1638958,1785394325982,8939,
serial:COM8/motor_raw,1638960,1785394325984,8938,
serial:COM8/motor_raw,1638962,1785394325986,8936,
serial:COM8/motor_raw,1638964,1785394325988,8936,
serial:COM8/motor_raw,1638966,1785394325990,8937,
serial:COM8/motor_raw,1638968,1785394325992,8937,
serial:COM8/motor_raw,1638970,1785394325994,8939,
serial:COM8/motor_raw,1638972,1785394325996,8937,
serial:COM8/motor_raw,1638974,1785394325998,8935,
serial:COM8/motor_raw,1638976,1785394326000,8936,
serial:COM8/motor_raw,1638978,1785394326002,8936,
serial:COM8/motor_raw,1638980,1785394326004,8939,
serial:COM8/motor_raw,1638982,1785394326006,8938,
serial:COM8/motor_raw,1638984,1785394326008,8938,
serial:COM8/motor_raw,1638986,1785394326010,8938,
serial:COM8/motor_raw,1638988,1785394326012,8938,
serial:COM8/motor_raw,1638990,1785394326014,8938,
serial:COM8/motor_raw,1638992,1785394326016,8936,
serial:COM8/motor_raw,1638994,1785394326018,8938,
serial:COM8/motor_raw,1638996,1785394326020,8939,
serial:COM8/motor_raw,1638998,1785394326022,8936,
serial:COM8/motor_raw,1639000,1785394326024,8939,
serial:COM8/motor_raw,1639002,1785394326026,8939,
serial:COM8/motor_raw,1639004,1785394326028,8938,
serial:COM8/motor_raw,1639006,1785394326030,8939,
serial:COM8/motor_raw,1639008,1785394326032,8937,
serial:COM8/motor_raw,1639010,1785394326034,8940,
serial:COM8/motor_raw,1639012,1785394326036,8935,
serial:COM8/motor_raw,1639014,1785394326038,8936,
serial:COM8/motor_raw,1639016,1785394326040,8936,
serial:COM8/motor_raw,1639018,1785394326042,8936,
serial:COM8/motor_raw,1639020,1785394326044,8937,
serial:COM8/motor_raw,1639022,1785394326046,8934,
serial:COM8/motor_raw,1639024,1785394326048,8938,
serial:COM8/motor_raw,1639026,1785394326050,8934,
serial:COM8/motor_raw,1639028,1785394326052,8935,
serial:COM8/motor_raw,1639030,1785394326054,8932,
serial:COM8/motor_raw,1639032,1785394326056,8938,
serial:COM8/motor_raw,1639034,1785394326058,8935,
